imagepath,filename,disease_name,category,split,label
C:\Users\hamza\Downloads\CancerVsPneumonia\CancerVsPneumonia\train\Pneumonia\person383_bacteria_1751.jpeg,person383_bacteria_1751.jpeg,skin disease,Pneumonia,train,1
C:\Users\hamza\Downloads\CancerVsPneumonia\CancerVsPneumonia\train\Pneumonia\person383_bacteria_1752.jpeg,person383_bacteria_1752.jpeg,skin disease,Pneumonia,train,1
C:\Users\hamza\Downloads\CancerVsPneumonia\CancerVsPneumonia\train\Pneumonia\person383_bacteria_1753.jpeg,person383_bacteria_1753.jpeg,skin disease,Pneumonia,train,1
C:\Users\hamza\Downloads\CancerVsPneumonia\CancerVsPneumonia\train\Pneumonia\person383_bacteria_1754.jpeg,person383_bacteria_1754.jpeg,skin disease,Pneumonia,train,1
C:\Users\hamza\Downloads\CancerVsPneumonia\CancerVsPneumonia\train\Pneumonia\person384_bacteria_1755.jpeg,person384_bacteria_1755.jpeg,skin disease,Pneumonia,train,1
C:\Users\hamza\Downloads\CancerVsPneumonia\CancerVsPneumonia\train\Pneumonia\person385_bacteria_1765.jpeg,person385_bacteria_1765.jpeg,skin disease,Pneumonia,train,1
C:\Users\hamza\Downloads\CancerVsPneumonia\CancerVsPneumonia\train\Pneumonia\person385_bacteria_1766.jpeg,person385_bacteria_1766.jpeg,skin disease,Pneumonia,train,1
C:\Users\hamza\Downloads\CancerVsPneumonia\CancerVsPneumonia\train\Pneumonia\person387_bacteria_1769.jpeg,person387_bacteria_1769.jpeg,skin disease,Pneumonia,train,1
C:\Users\hamza\Downloads\CancerVsPneumonia\CancerVsPneumonia\train\Pneumonia\person387_bacteria_1770.jpeg,person387_bacteria_1770.jpeg,skin disease,Pneumonia,train,1
C:\Users\hamza\Downloads\CancerVsPneumonia\CancerVsPneumonia\train\Pneumonia\person387_bacteria_1772.jpeg,person387_bacteria_1772.jpeg,skin disease,Pneumonia,train,1
C:\Users\hamza\Downloads\CancerVsPneumonia\CancerVsPneumonia\train\Pneumonia\person412_bacteria_1827.jpeg,person412_bacteria_1827.jpeg,skin disease,Pneumonia,train,1
C:\Users\hamza\Downloads\CancerVsPneumonia\CancerVsPneumonia\train\Pneumonia\person413_bacteria_1828.jpeg,person413_bacteria_1828.jpeg,skin disease,Pneumonia,train,1
C:\Users\hamza\Downloads\CancerVsPneumonia\CancerVsPneumonia\train\Pneumonia\person413_bacteria_1829.jpeg,person413_bacteria_1829.jpeg,skin disease,Pneumonia,train,1
C:\Users\hamza\Downloads\CancerVsPneumonia\CancerVsPneumonia\train\Pneumonia\person413_bacteria_1830.jpeg,person413_bacteria_1830.jpeg,skin disease,Pneumonia,train,1
C:\Users\hamza\Downloads\CancerVsPneumonia\CancerVsPneumonia\train\Pneumonia\person413_bacteria_1831.jpeg,person413_bacteria_1831.jpeg,skin disease,Pneumonia,train,1
C:\Users\hamza\Downloads\CancerVsPneumonia\CancerVsPneumonia\train\Pneumonia\person413_bacteria_1832.jpeg,person413_bacteria_1832.jpeg,skin disease,Pneumonia,train,1
C:\Users\hamza\Downloads\CancerVsPneumonia\CancerVsPneumonia\train\Pneumonia\person413_bacteria_1833.jpeg,person413_bacteria_1833.jpeg,skin disease,Pneumonia,train,1
C:\Users\hamza\Downloads\CancerVsPneumonia\CancerVsPneumonia\train\Pneumonia\person413_bacteria_1834.jpeg,person413_bacteria_1834.jpeg,skin disease,Pneumonia,train,1
C:\Users\hamza\Downloads\CancerVsPneumonia\CancerVsPneumonia\train\Pneumonia\person414_bacteria_1835.jpeg,person414_bacteria_1835.jpeg,skin disease,Pneumonia,train,1
C:\Users\hamza\Downloads\CancerVsPneumonia\CancerVsPneumonia\train\Pneumonia\person415_bacteria_1837.jpeg,person415_bacteria_1837.jpeg,skin disease,Pneumonia,train,1
C:\Users\hamza\Downloads\CancerVsPneumonia\CancerVsPneumonia\train\Pneumonia\person415_bacteria_1838.jpeg,person415_bacteria_1838.jpeg,skin disease,Pneumonia,train,1
C:\Users\hamza\Downloads\CancerVsPneumonia\CancerVsPneumonia\train\Pneumonia\person415_bacteria_1839.jpeg,person415_bacteria_1839.jpeg,skin disease,Pneumonia,train,1
C:\Users\hamza\Downloads\CancerVsPneumonia\CancerVsPneumonia\train\Pneumonia\person416_bacteria_1840.jpeg,person416_bacteria_1840.jpeg,skin disease,Pneumonia,train,1
C:\Users\hamza\Downloads\CancerVsPneumonia\CancerVsPneumonia\train\Pneumonia\person417_bacteria_1841.jpeg,person417_bacteria_1841.jpeg,skin disease,Pneumonia,train,1
C:\Users\hamza\Downloads\CancerVsPneumonia\CancerVsPneumonia\train\Pneumonia\person417_bacteria_1842.jpeg,person417_bacteria_1842.jpeg,skin disease,Pneumonia,train,1
C:\Users\hamza\Downloads\CancerVsPneumonia\CancerVsPneumonia\train\Pneumonia\person418_bacteria_1843.jpeg,person418_bacteria_1843.jpeg,skin disease,Pneumonia,train,1
C:\Users\hamza\Downloads\CancerVsPneumonia\CancerVsPneumonia\train\Pneumonia\person419_bacteria_1844.jpeg,person419_bacteria_1844.jpeg,skin disease,Pneumonia,train,1
C:\Users\hamza\Downloads\CancerVsPneumonia\CancerVsPneumonia\train\Pneumonia\person419_bacteria_1845.jpeg,person419_bacteria_1845.jpeg,skin disease,Pneumonia,train,1
C:\Users\hamza\Downloads\CancerVsPneumonia\CancerVsPneumonia\train\Pneumonia\person420_bacteria_1847.jpeg,person420_bacteria_1847.jpeg,skin disease,Pneumonia,train,1
C:\Users\hamza\Downloads\CancerVsPneumonia\CancerVsPneumonia\train\Pneumonia\person420_bacteria_1848.jpeg,person420_bacteria_1848.jpeg,skin disease,Pneumonia,train,1
C:\Users\hamza\Downloads\CancerVsPneumonia\CancerVsPneumonia\train\Pneumonia\person420_bacteria_1849.jpeg,person420_bacteria_1849.jpeg,skin disease,Pneumonia,train,1
C:\Users\hamza\Downloads\CancerVsPneumonia\CancerVsPneumonia\train\Pneumonia\person420_bacteria_1850.jpeg,person420_bacteria_1850.jpeg,skin disease,Pneumonia,train,1
C:\Users\hamza\Downloads\CancerVsPneumonia\CancerVsPneumonia\train\Pneumonia\person420_bacteria_1851.jpeg,person420_bacteria_1851.jpeg,skin disease,Pneumonia,train,1
C:\Users\hamza\Downloads\CancerVsPneumonia\CancerVsPneumonia\train\Pneumonia\person421_bacteria_1852.jpeg,person421_bacteria_1852.jpeg,skin disease,Pneumonia,train,1
C:\Users\hamza\Downloads\CancerVsPneumonia\CancerVsPneumonia\train\Pneumonia\person422_bacteria_1853.jpeg,person422_bacteria_1853.jpeg,skin disease,Pneumonia,train,1
C:\Users\hamza\Downloads\CancerVsPneumonia\CancerVsPneumonia\train\Pneumonia\person423_bacteria_1854.jpeg,person423_bacteria_1854.jpeg,skin disease,Pneumonia,train,1
C:\Users\hamza\Downloads\CancerVsPneumonia\CancerVsPneumonia\train\Pneumonia\person427_bacteria_1866.jpeg,person427_bacteria_1866.jpeg,skin disease,Pneumonia,train,1
C:\Users\hamza\Downloads\CancerVsPneumonia\CancerVsPneumonia\train\Pneumonia\person427_bacteria_1867.jpeg,person427_bacteria_1867.jpeg,skin disease,Pneumonia,train,1
C:\Users\hamza\Downloads\CancerVsPneumonia\CancerVsPneumonia\train\Pneumonia\person427_bacteria_1868.jpeg,person427_bacteria_1868.jpeg,skin disease,Pneumonia,train,1
C:\Users\hamza\Downloads\CancerVsPneumonia\CancerVsPneumonia\train\Pneumonia\person428_bacteria_1869.jpeg,person428_bacteria_1869.jpeg,skin disease,Pneumonia,train,1
C:\Users\hamza\Downloads\CancerVsPneumonia\CancerVsPneumonia\train\Pneumonia\person429_bacteria_1870.jpeg,person429_bacteria_1870.jpeg,skin disease,Pneumonia,train,1
C:\Users\hamza\Downloads\CancerVsPneumonia\CancerVsPneumonia\train\Pneumonia\person430_bacteria_1871.jpeg,person430_bacteria_1871.jpeg,skin disease,Pneumonia,train,1
C:\Users\hamza\Downloads\CancerVsPneumonia\CancerVsPneumonia\train\Pneumonia\person431_bacteria_1872.jpeg,person431_bacteria_1872.jpeg,skin disease,Pneumonia,train,1
C:\Users\hamza\Downloads\CancerVsPneumonia\CancerVsPneumonia\train\Pneumonia\person433_bacteria_1874.jpeg,person433_bacteria_1874.jpeg,skin disease,Pneumonia,train,1
C:\Users\hamza\Downloads\CancerVsPneumonia\CancerVsPneumonia\train\Pneumonia\person433_bacteria_1875.jpeg,person433_bacteria_1875.jpeg,skin disease,Pneumonia,train,1
C:\Users\hamza\Downloads\CancerVsPneumonia\CancerVsPneumonia\train\Pneumonia\person433_bacteria_1876.jpeg,person433_bacteria_1876.jpeg,skin disease,Pneumonia,train,1
C:\Users\hamza\Downloads\CancerVsPneumonia\CancerVsPneumonia\train\Pneumonia\person434_bacteria_1877.jpeg,person434_bacteria_1877.jpeg,skin disease,Pneumonia,train,1
C:\Users\hamza\Downloads\CancerVsPneumonia\CancerVsPneumonia\train\Pneumonia\person435_bacteria_1879.jpeg,person435_bacteria_1879.jpeg,skin disease,Pneumonia,train,1
C:\Users\hamza\Downloads\CancerVsPneumonia\CancerVsPneumonia\train\Pneumonia\person436_bacteria_1883.jpeg,person436_bacteria_1883.jpeg,skin disease,Pneumonia,train,1
C:\Users\hamza\Downloads\CancerVsPneumonia\CancerVsPneumonia\train\Pneumonia\person437_bacteria_1884.jpeg,person437_bacteria_1884.jpeg,skin disease,Pneumonia,train,1
C:\Users\hamza\Downloads\CancerVsPneumonia\CancerVsPneumonia\train\Pneumonia\person437_bacteria_1885.jpeg,person437_bacteria_1885.jpeg,skin disease,Pneumonia,train,1
C:\Users\hamza\Downloads\CancerVsPneumonia\CancerVsPneumonia\train\Pneumonia\person437_bacteria_1886.jpeg,person437_bacteria_1886.jpeg,skin disease,Pneumonia,train,1
C:\Users\hamza\Downloads\CancerVsPneumonia\CancerVsPneumonia\train\Pneumonia\person437_bacteria_1887.jpeg,person437_bacteria_1887.jpeg,skin disease,Pneumonia,train,1
C:\Users\hamza\Downloads\CancerVsPneumonia\CancerVsPneumonia\train\Pneumonia\person437_bacteria_1888.jpeg,person437_bacteria_1888.jpeg,skin disease,Pneumonia,train,1
C:\Users\hamza\Downloads\CancerVsPneumonia\CancerVsPneumonia\train\Pneumonia\person438_bacteria_1889.jpeg,person438_bacteria_1889.jpeg,skin disease,Pneumonia,train,1
C:\Users\hamza\Downloads\CancerVsPneumonia\CancerVsPneumonia\train\Pneumonia\person438_bacteria_1890.jpeg,person438_bacteria_1890.jpeg,skin disease,Pneumonia,train,1
C:\Users\hamza\Downloads\CancerVsPneumonia\CancerVsPneumonia\train\Pneumonia\person438_bacteria_1891.jpeg,person438_bacteria_1891.jpeg,skin disease,Pneumonia,train,1
C:\Users\hamza\Downloads\CancerVsPneumonia\CancerVsPneumonia\train\Pneumonia\person438_bacteria_1892.jpeg,person438_bacteria_1892.jpeg,skin disease,Pneumonia,train,1
C:\Users\hamza\Downloads\CancerVsPneumonia\CancerVsPneumonia\train\Pneumonia\person438_bacteria_1893.jpeg,person438_bacteria_1893.jpeg,skin disease,Pneumonia,train,1
C:\Users\hamza\Downloads\CancerVsPneumonia\CancerVsPneumonia\train\Pneumonia\person439_bacteria_1895.jpeg,person439_bacteria_1895.jpeg,skin disease,Pneumonia,train,1
C:\Users\hamza\Downloads\CancerVsPneumonia\CancerVsPneumonia\train\Pneumonia\person440_bacteria_1897.jpeg,person440_bacteria_1897.jpeg,skin disease,Pneumonia,train,1
C:\Users\hamza\Downloads\CancerVsPneumonia\CancerVsPneumonia\train\Pneumonia\person440_bacteria_1898.jpeg,person440_bacteria_1898.jpeg,skin disease,Pneumonia,train,1
C:\Users\hamza\Downloads\CancerVsPneumonia\CancerVsPneumonia\train\Pneumonia\person441_bacteria_1900.jpeg,person441_bacteria_1900.jpeg,skin disease,Pneumonia,train,1
C:\Users\hamza\Downloads\CancerVsPneumonia\CancerVsPneumonia\train\Pneumonia\person441_bacteria_1902.jpeg,person441_bacteria_1902.jpeg,skin disease,Pneumonia,train,1
C:\Users\hamza\Downloads\CancerVsPneumonia\CancerVsPneumonia\train\Pneumonia\person441_bacteria_1903.jpeg,person441_bacteria_1903.jpeg,skin disease,Pneumonia,train,1
C:\Users\hamza\Downloads\CancerVsPneumonia\CancerVsPneumonia\train\Pneumonia\person441_bacteria_1904.jpeg,person441_bacteria_1904.jpeg,skin disease,Pneumonia,train,1
C:\Users\hamza\Downloads\CancerVsPneumonia\CancerVsPneumonia\train\Pneumonia\person441_bacteria_1905.jpeg,person441_bacteria_1905.jpeg,skin disease,Pneumonia,train,1
C:\Users\hamza\Downloads\CancerVsPneumonia\CancerVsPneumonia\train\Pneumonia\person441_bacteria_1907.jpeg,person441_bacteria_1907.jpeg,skin disease,Pneumonia,train,1
C:\Users\hamza\Downloads\CancerVsPneumonia\CancerVsPneumonia\train\Pneumonia\person441_bacteria_1910.jpeg,person441_bacteria_1910.jpeg,skin disease,Pneumonia,train,1
C:\Users\hamza\Downloads\CancerVsPneumonia\CancerVsPneumonia\train\Pneumonia\person441_bacteria_1911.jpeg,person441_bacteria_1911.jpeg,skin disease,Pneumonia,train,1
C:\Users\hamza\Downloads\CancerVsPneumonia\CancerVsPneumonia\train\Pneumonia\person441_bacteria_1912.jpeg,person441_bacteria_1912.jpeg,skin disease,Pneumonia,train,1
C:\Users\hamza\Downloads\CancerVsPneumonia\CancerVsPneumonia\train\Pneumonia\person441_bacteria_1914.jpeg,person441_bacteria_1914.jpeg,skin disease,Pneumonia,train,1
C:\Users\hamza\Downloads\CancerVsPneumonia\CancerVsPneumonia\train\Pneumonia\person441_bacteria_1915.jpeg,person441_bacteria_1915.jpeg,skin disease,Pneumonia,train,1
C:\Users\hamza\Downloads\CancerVsPneumonia\CancerVsPneumonia\train\Pneumonia\person441_bacteria_1916.jpeg,person441_bacteria_1916.jpeg,skin disease,Pneumonia,train,1
C:\Users\hamza\Downloads\CancerVsPneumonia\CancerVsPneumonia\train\Pneumonia\person441_bacteria_1917.jpeg,person441_bacteria_1917.jpeg,skin disease,Pneumonia,train,1
C:\Users\hamza\Downloads\CancerVsPneumonia\CancerVsPneumonia\train\Pneumonia\person441_bacteria_1918.jpeg,person441_bacteria_1918.jpeg,skin disease,Pneumonia,train,1
C:\Users\hamza\Downloads\CancerVsPneumonia\CancerVsPneumonia\train\Pneumonia\person443_bacteria_1923.jpeg,person443_bacteria_1923.jpeg,skin disease,Pneumonia,train,1
C:\Users\hamza\Downloads\CancerVsPneumonia\CancerVsPneumonia\train\Pneumonia\person443_bacteria_1924.jpeg,person443_bacteria_1924.jpeg,skin disease,Pneumonia,train,1
C:\Users\hamza\Downloads\CancerVsPneumonia\CancerVsPneumonia\train\Pneumonia\person443_bacteria_1926.jpeg,person443_bacteria_1926.jpeg,skin disease,Pneumonia,train,1
C:\Users\hamza\Downloads\CancerVsPneumonia\CancerVsPneumonia\train\Pneumonia\person444_bacteria_1927.jpeg,person444_bacteria_1927.jpeg,skin disease,Pneumonia,train,1
C:\Users\hamza\Downloads\CancerVsPneumonia\CancerVsPneumonia\train\Pneumonia\person445_bacteria_1928.jpeg,person445_bacteria_1928.jpeg,skin disease,Pneumonia,train,1
C:\Users\hamza\Downloads\CancerVsPneumonia\CancerVsPneumonia\train\Pneumonia\person445_bacteria_1929.jpeg,person445_bacteria_1929.jpeg,skin disease,Pneumonia,train,1
C:\Users\hamza\Downloads\CancerVsPneumonia\CancerVsPneumonia\train\Pneumonia\person445_bacteria_1930.jpeg,person445_bacteria_1930.jpeg,skin disease,Pneumonia,train,1
C:\Users\hamza\Downloads\CancerVsPneumonia\CancerVsPneumonia\train\Pneumonia\person446_bacteria_1931.jpeg,person446_bacteria_1931.jpeg,skin disease,Pneumonia,train,1
C:\Users\hamza\Downloads\CancerVsPneumonia\CancerVsPneumonia\train\Pneumonia\person447_bacteria_1932.jpeg,person447_bacteria_1932.jpeg,skin disease,Pneumonia,train,1
C:\Users\hamza\Downloads\CancerVsPneumonia\CancerVsPneumonia\train\Pneumonia\person448_bacteria_1933.jpeg,person448_bacteria_1933.jpeg,skin disease,Pneumonia,train,1
C:\Users\hamza\Downloads\CancerVsPneumonia\CancerVsPneumonia\train\Pneumonia\person448_bacteria_1934.jpeg,person448_bacteria_1934.jpeg,skin disease,Pneumonia,train,1
C:\Users\hamza\Downloads\CancerVsPneumonia\CancerVsPneumonia\train\Pneumonia\person448_bacteria_1935.jpeg,person448_bacteria_1935.jpeg,skin disease,Pneumonia,train,1
C:\Users\hamza\Downloads\CancerVsPneumonia\CancerVsPneumonia\train\Pneumonia\person448_bacteria_1936.jpeg,person448_bacteria_1936.jpeg,skin disease,Pneumonia,train,1
C:\Users\hamza\Downloads\CancerVsPneumonia\CancerVsPneumonia\train\Pneumonia\person448_bacteria_1937.jpeg,person448_bacteria_1937.jpeg,skin disease,Pneumonia,train,1
C:\Users\hamza\Downloads\CancerVsPneumonia\CancerVsPneumonia\train\Pneumonia\person449_bacteria_1938.jpeg,person449_bacteria_1938.jpeg,skin disease,Pneumonia,train,1
C:\Users\hamza\Downloads\CancerVsPneumonia\CancerVsPneumonia\train\Pneumonia\person449_bacteria_1939.jpeg,person449_bacteria_1939.jpeg,skin disease,Pneumonia,train,1
C:\Users\hamza\Downloads\CancerVsPneumonia\CancerVsPneumonia\train\Pneumonia\person449_bacteria_1940.jpeg,person449_bacteria_1940.jpeg,skin disease,Pneumonia,train,1
C:\Users\hamza\Downloads\CancerVsPneumonia\CancerVsPneumonia\train\Pneumonia\person450_bacteria_1941.jpeg,person450_bacteria_1941.jpeg,skin disease,Pneumonia,train,1
C:\Users\hamza\Downloads\CancerVsPneumonia\CancerVsPneumonia\train\Pneumonia\person451_bacteria_1942.jpeg,person451_bacteria_1942.jpeg,skin disease,Pneumonia,train,1
C:\Users\hamza\Downloads\CancerVsPneumonia\CancerVsPneumonia\train\Pneumonia\person452_bacteria_1943.jpeg,person452_bacteria_1943.jpeg,skin disease,Pneumonia,train,1
C:\Users\hamza\Downloads\CancerVsPneumonia\CancerVsPneumonia\train\Pneumonia\person454_bacteria_1945.jpeg,person454_bacteria_1945.jpeg,skin disease,Pneumonia,train,1
C:\Users\hamza\Downloads\CancerVsPneumonia\CancerVsPneumonia\train\Pneumonia\person455_bacteria_1947.jpeg,person455_bacteria_1947.jpeg,skin disease,Pneumonia,train,1
C:\Users\hamza\Downloads\CancerVsPneumonia\CancerVsPneumonia\train\Pneumonia\person456_bacteria_1948.jpeg,person456_bacteria_1948.jpeg,skin disease,Pneumonia,train,1
C:\Users\hamza\Downloads\CancerVsPneumonia\CancerVsPneumonia\train\Pneumonia\person457_bacteria_1949.jpeg,person457_bacteria_1949.jpeg,skin disease,Pneumonia,train,1
C:\Users\hamza\Downloads\CancerVsPneumonia\CancerVsPneumonia\train\Pneumonia\person458_bacteria_1950.jpeg,person458_bacteria_1950.jpeg,skin disease,Pneumonia,train,1
C:\Users\hamza\Downloads\CancerVsPneumonia\CancerVsPneumonia\train\Pneumonia\person458_bacteria_1951.jpeg,person458_bacteria_1951.jpeg,skin disease,Pneumonia,train,1
C:\Users\hamza\Downloads\CancerVsPneumonia\CancerVsPneumonia\train\Pneumonia\person458_bacteria_1952.jpeg,person458_bacteria_1952.jpeg,skin disease,Pneumonia,train,1
C:\Users\hamza\Downloads\CancerVsPneumonia\CancerVsPneumonia\train\Pneumonia\person458_bacteria_1953.jpeg,person458_bacteria_1953.jpeg,skin disease,Pneumonia,train,1
C:\Users\hamza\Downloads\CancerVsPneumonia\CancerVsPneumonia\train\Pneumonia\person458_bacteria_1954.jpeg,person458_bacteria_1954.jpeg,skin disease,Pneumonia,train,1
C:\Users\hamza\Downloads\CancerVsPneumonia\CancerVsPneumonia\train\Pneumonia\person458_bacteria_1955.jpeg,person458_bacteria_1955.jpeg,skin disease,Pneumonia,train,1
C:\Users\hamza\Downloads\CancerVsPneumonia\CancerVsPneumonia\train\Pneumonia\person459_bacteria_1956.jpeg,person459_bacteria_1956.jpeg,skin disease,Pneumonia,train,1
C:\Users\hamza\Downloads\CancerVsPneumonia\CancerVsPneumonia\train\Pneumonia\person459_bacteria_1957.jpeg,person459_bacteria_1957.jpeg,skin disease,Pneumonia,train,1
C:\Users\hamza\Downloads\CancerVsPneumonia\CancerVsPneumonia\train\Pneumonia\person460_bacteria_1958.jpeg,person460_bacteria_1958.jpeg,skin disease,Pneumonia,train,1
C:\Users\hamza\Downloads\CancerVsPneumonia\CancerVsPneumonia\train\Pneumonia\person461_bacteria_1960.jpeg,person461_bacteria_1960.jpeg,skin disease,Pneumonia,train,1
C:\Users\hamza\Downloads\CancerVsPneumonia\CancerVsPneumonia\train\Pneumonia\person462_bacteria_1961.jpeg,person462_bacteria_1961.jpeg,skin disease,Pneumonia,train,1
C:\Users\hamza\Downloads\CancerVsPneumonia\CancerVsPneumonia\train\Pneumonia\person462_bacteria_1963.jpeg,person462_bacteria_1963.jpeg,skin disease,Pneumonia,train,1
C:\Users\hamza\Downloads\CancerVsPneumonia\CancerVsPneumonia\train\Pneumonia\person462_bacteria_1967.jpeg,person462_bacteria_1967.jpeg,skin disease,Pneumonia,train,1
C:\Users\hamza\Downloads\CancerVsPneumonia\CancerVsPneumonia\train\Pneumonia\person462_bacteria_1968.jpeg,person462_bacteria_1968.jpeg,skin disease,Pneumonia,train,1
C:\Users\hamza\Downloads\CancerVsPneumonia\CancerVsPneumonia\train\Pneumonia\person463_bacteria_1971.jpeg,person463_bacteria_1971.jpeg,skin disease,Pneumonia,train,1
C:\Users\hamza\Downloads\CancerVsPneumonia\CancerVsPneumonia\train\Pneumonia\person464_bacteria_1974.jpeg,person464_bacteria_1974.jpeg,skin disease,Pneumonia,train,1
C:\Users\hamza\Downloads\CancerVsPneumonia\CancerVsPneumonia\train\Pneumonia\person464_bacteria_1975.jpeg,person464_bacteria_1975.jpeg,skin disease,Pneumonia,train,1
C:\Users\hamza\Downloads\CancerVsPneumonia\CancerVsPneumonia\train\Pneumonia\person465_bacteria_1976.jpeg,person465_bacteria_1976.jpeg,skin disease,Pneumonia,train,1
C:\Users\hamza\Downloads\CancerVsPneumonia\CancerVsPneumonia\train\Pneumonia\person465_bacteria_1977.jpeg,person465_bacteria_1977.jpeg,skin disease,Pneumonia,train,1
C:\Users\hamza\Downloads\CancerVsPneumonia\CancerVsPneumonia\train\Pneumonia\person465_bacteria_1979.jpeg,person465_bacteria_1979.jpeg,skin disease,Pneumonia,train,1
C:\Users\hamza\Downloads\CancerVsPneumonia\CancerVsPneumonia\train\Pneumonia\person465_bacteria_1980.jpeg,person465_bacteria_1980.jpeg,skin disease,Pneumonia,train,1
C:\Users\hamza\Downloads\CancerVsPneumonia\CancerVsPneumonia\train\Pneumonia\person465_bacteria_1981.jpeg,person465_bacteria_1981.jpeg,skin disease,Pneumonia,train,1
C:\Users\hamza\Downloads\CancerVsPneumonia\CancerVsPneumonia\train\Pneumonia\person465_bacteria_1982.jpeg,person465_bacteria_1982.jpeg,skin disease,Pneumonia,train,1
C:\Users\hamza\Downloads\CancerVsPneumonia\CancerVsPneumonia\train\Pneumonia\person466_bacteria_1983.jpeg,person466_bacteria_1983.jpeg,skin disease,Pneumonia,train,1
C:\Users\hamza\Downloads\CancerVsPneumonia\CancerVsPneumonia\train\Pneumonia\person466_bacteria_1984.jpeg,person466_bacteria_1984.jpeg,skin disease,Pneumonia,train,1
C:\Users\hamza\Downloads\CancerVsPneumonia\CancerVsPneumonia\train\Pneumonia\person466_bacteria_1986.jpeg,person466_bacteria_1986.jpeg,skin disease,Pneumonia,train,1
C:\Users\hamza\Downloads\CancerVsPneumonia\CancerVsPneumonia\train\Pneumonia\person466_bacteria_1987.jpeg,person466_bacteria_1987.jpeg,skin disease,Pneumonia,train,1
C:\Users\hamza\Downloads\CancerVsPneumonia\CancerVsPneumonia\train\Pneumonia\person467_bacteria_1988.jpeg,person467_bacteria_1988.jpeg,skin disease,Pneumonia,train,1
C:\Users\hamza\Downloads\CancerVsPneumonia\CancerVsPneumonia\train\Pneumonia\person467_bacteria_1989.jpeg,person467_bacteria_1989.jpeg,skin disease,Pneumonia,train,1
C:\Users\hamza\Downloads\CancerVsPneumonia\CancerVsPneumonia\train\Pneumonia\person468_bacteria_1990.jpeg,person468_bacteria_1990.jpeg,skin disease,Pneumonia,train,1
C:\Users\hamza\Downloads\CancerVsPneumonia\CancerVsPneumonia\train\Pneumonia\person468_bacteria_1991.jpeg,person468_bacteria_1991.jpeg,skin disease,Pneumonia,train,1
C:\Users\hamza\Downloads\CancerVsPneumonia\CancerVsPneumonia\train\Pneumonia\person469_bacteria_1992.jpeg,person469_bacteria_1992.jpeg,skin disease,Pneumonia,train,1
C:\Users\hamza\Downloads\CancerVsPneumonia\CancerVsPneumonia\train\Pneumonia\person469_bacteria_1993.jpeg,person469_bacteria_1993.jpeg,skin disease,Pneumonia,train,1
C:\Users\hamza\Downloads\CancerVsPneumonia\CancerVsPneumonia\train\Pneumonia\person469_bacteria_1994.jpeg,person469_bacteria_1994.jpeg,skin disease,Pneumonia,train,1
C:\Users\hamza\Downloads\CancerVsPneumonia\CancerVsPneumonia\train\Pneumonia\person469_bacteria_1995.jpeg,person469_bacteria_1995.jpeg,skin disease,Pneumonia,train,1
C:\Users\hamza\Downloads\CancerVsPneumonia\CancerVsPneumonia\train\Pneumonia\person470_bacteria_1996.jpeg,person470_bacteria_1996.jpeg,skin disease,Pneumonia,train,1
C:\Users\hamza\Downloads\CancerVsPneumonia\CancerVsPneumonia\train\Pneumonia\person470_bacteria_1998.jpeg,person470_bacteria_1998.jpeg,skin disease,Pneumonia,train,1
C:\Users\hamza\Downloads\CancerVsPneumonia\CancerVsPneumonia\train\Pneumonia\person470_bacteria_1999.jpeg,person470_bacteria_1999.jpeg,skin disease,Pneumonia,train,1
C:\Users\hamza\Downloads\CancerVsPneumonia\CancerVsPneumonia\train\Pneumonia\person470_bacteria_2000.jpeg,person470_bacteria_2000.jpeg,skin disease,Pneumonia,train,1
C:\Users\hamza\Downloads\CancerVsPneumonia\CancerVsPneumonia\train\Pneumonia\person470_bacteria_2001.jpeg,person470_bacteria_2001.jpeg,skin disease,Pneumonia,train,1
C:\Users\hamza\Downloads\CancerVsPneumonia\CancerVsPneumonia\train\Pneumonia\person470_bacteria_2002.jpeg,person470_bacteria_2002.jpeg,skin disease,Pneumonia,train,1
C:\Users\hamza\Downloads\CancerVsPneumonia\CancerVsPneumonia\train\Pneumonia\person470_bacteria_2003.jpeg,person470_bacteria_2003.jpeg,skin disease,Pneumonia,train,1
C:\Users\hamza\Downloads\CancerVsPneumonia\CancerVsPneumonia\train\Pneumonia\person471_bacteria_2004.jpeg,person471_bacteria_2004.jpeg,skin disease,Pneumonia,train,1
C:\Users\hamza\Downloads\CancerVsPneumonia\CancerVsPneumonia\train\Pneumonia\person471_bacteria_2005.jpeg,person471_bacteria_2005.jpeg,skin disease,Pneumonia,train,1
C:\Users\hamza\Downloads\CancerVsPneumonia\CancerVsPneumonia\train\Pneumonia\person471_bacteria_2006.jpeg,person471_bacteria_2006.jpeg,skin disease,Pneumonia,train,1
C:\Users\hamza\Downloads\CancerVsPneumonia\CancerVsPneumonia\train\Pneumonia\person472_bacteria_2007.jpeg,person472_bacteria_2007.jpeg,skin disease,Pneumonia,train,1
C:\Users\hamza\Downloads\CancerVsPneumonia\CancerVsPneumonia\train\Pneumonia\person472_bacteria_2008.jpeg,person472_bacteria_2008.jpeg,skin disease,Pneumonia,train,1
C:\Users\hamza\Downloads\CancerVsPneumonia\CancerVsPneumonia\train\Pneumonia\person472_bacteria_2010.jpeg,person472_bacteria_2010.jpeg,skin disease,Pneumonia,train,1
C:\Users\hamza\Downloads\CancerVsPneumonia\CancerVsPneumonia\train\Pneumonia\person472_bacteria_2014.jpeg,person472_bacteria_2014.jpeg,skin disease,Pneumonia,train,1
C:\Users\hamza\Downloads\CancerVsPneumonia\CancerVsPneumonia\train\Pneumonia\person472_bacteria_2015.jpeg,person472_bacteria_2015.jpeg,skin disease,Pneumonia,train,1
C:\Users\hamza\Downloads\CancerVsPneumonia\CancerVsPneumonia\train\Pneumonia\person473_bacteria_2018.jpeg,person473_bacteria_2018.jpeg,skin disease,Pneumonia,train,1
C:\Users\hamza\Downloads\CancerVsPneumonia\CancerVsPneumonia\train\Pneumonia\person475_bacteria_2020.jpeg,person475_bacteria_2020.jpeg,skin disease,Pneumonia,train,1
C:\Users\hamza\Downloads\CancerVsPneumonia\CancerVsPneumonia\train\Pneumonia\person475_bacteria_2021.jpeg,person475_bacteria_2021.jpeg,skin disease,Pneumonia,train,1
C:\Users\hamza\Downloads\CancerVsPneumonia\CancerVsPneumonia\train\Pneumonia\person475_bacteria_2022.jpeg,person475_bacteria_2022.jpeg,skin disease,Pneumonia,train,1
C:\Users\hamza\Downloads\CancerVsPneumonia\CancerVsPneumonia\train\Pneumonia\person475_bacteria_2023.jpeg,person475_bacteria_2023.jpeg,skin disease,Pneumonia,train,1
C:\Users\hamza\Downloads\CancerVsPneumonia\CancerVsPneumonia\train\Pneumonia\person475_bacteria_2024.jpeg,person475_bacteria_2024.jpeg,skin disease,Pneumonia,train,1
C:\Users\hamza\Downloads\CancerVsPneumonia\CancerVsPneumonia\train\Pneumonia\person475_bacteria_2025.jpeg,person475_bacteria_2025.jpeg,skin disease,Pneumonia,train,1
C:\Users\hamza\Downloads\CancerVsPneumonia\CancerVsPneumonia\train\Pneumonia\person476_bacteria_2026.jpeg,person476_bacteria_2026.jpeg,skin disease,Pneumonia,train,1
C:\Users\hamza\Downloads\CancerVsPneumonia\CancerVsPneumonia\train\Pneumonia\person477_bacteria_2028.jpeg,person477_bacteria_2028.jpeg,skin disease,Pneumonia,train,1
C:\Users\hamza\Downloads\CancerVsPneumonia\CancerVsPneumonia\train\Pneumonia\person477_bacteria_2029.jpeg,person477_bacteria_2029.jpeg,skin disease,Pneumonia,train,1
C:\Users\hamza\Downloads\CancerVsPneumonia\CancerVsPneumonia\train\Pneumonia\person477_bacteria_2030.jpeg,person477_bacteria_2030.jpeg,skin disease,Pneumonia,train,1
C:\Users\hamza\Downloads\CancerVsPneumonia\CancerVsPneumonia\train\Pneumonia\person477_bacteria_2031.jpeg,person477_bacteria_2031.jpeg,skin disease,Pneumonia,train,1
C:\Users\hamza\Downloads\CancerVsPneumonia\CancerVsPneumonia\train\Pneumonia\person478_bacteria_2032.jpeg,person478_bacteria_2032.jpeg,skin disease,Pneumonia,train,1
C:\Users\hamza\Downloads\CancerVsPneumonia\CancerVsPneumonia\train\Pneumonia\person478_bacteria_2035.jpeg,person478_bacteria_2035.jpeg,skin disease,Pneumonia,train,1
C:\Users\hamza\Downloads\CancerVsPneumonia\CancerVsPneumonia\train\Pneumonia\person480_bacteria_2038.jpeg,person480_bacteria_2038.jpeg,skin disease,Pneumonia,train,1
C:\Users\hamza\Downloads\CancerVsPneumonia\CancerVsPneumonia\train\Pneumonia\person480_bacteria_2039.jpeg,person480_bacteria_2039.jpeg,skin disease,Pneumonia,train,1
C:\Users\hamza\Downloads\CancerVsPneumonia\CancerVsPneumonia\train\Pneumonia\person480_bacteria_2040.jpeg,person480_bacteria_2040.jpeg,skin disease,Pneumonia,train,1
C:\Users\hamza\Downloads\CancerVsPneumonia\CancerVsPneumonia\train\Pneumonia\person481_bacteria_2041.jpeg,person481_bacteria_2041.jpeg,skin disease,Pneumonia,train,1
C:\Users\hamza\Downloads\CancerVsPneumonia\CancerVsPneumonia\train\Pneumonia\person481_bacteria_2042.jpeg,person481_bacteria_2042.jpeg,skin disease,Pneumonia,train,1
C:\Users\hamza\Downloads\CancerVsPneumonia\CancerVsPneumonia\train\Pneumonia\person482_bacteria_2043.jpeg,person482_bacteria_2043.jpeg,skin disease,Pneumonia,train,1
C:\Users\hamza\Downloads\CancerVsPneumonia\CancerVsPneumonia\train\Pneumonia\person482_bacteria_2044.jpeg,person482_bacteria_2044.jpeg,skin disease,Pneumonia,train,1
C:\Users\hamza\Downloads\CancerVsPneumonia\CancerVsPneumonia\train\Pneumonia\person482_bacteria_2045.jpeg,person482_bacteria_2045.jpeg,skin disease,Pneumonia,train,1
C:\Users\hamza\Downloads\CancerVsPneumonia\CancerVsPneumonia\train\Pneumonia\person483_bacteria_2046.jpeg,person483_bacteria_2046.jpeg,skin disease,Pneumonia,train,1
C:\Users\hamza\Downloads\CancerVsPneumonia\CancerVsPneumonia\train\Pneumonia\person485_bacteria_2049.jpeg,person485_bacteria_2049.jpeg,skin disease,Pneumonia,train,1
C:\Users\hamza\Downloads\CancerVsPneumonia\CancerVsPneumonia\train\Pneumonia\person486_bacteria_2051.jpeg,person486_bacteria_2051.jpeg,skin disease,Pneumonia,train,1
C:\Users\hamza\Downloads\CancerVsPneumonia\CancerVsPneumonia\train\Pneumonia\person486_bacteria_2052.jpeg,person486_bacteria_2052.jpeg,skin disease,Pneumonia,train,1
C:\Users\hamza\Downloads\CancerVsPneumonia\CancerVsPneumonia\train\Pneumonia\person486_bacteria_2053.jpeg,person486_bacteria_2053.jpeg,skin disease,Pneumonia,train,1
C:\Users\hamza\Downloads\CancerVsPneumonia\CancerVsPneumonia\train\Pneumonia\person486_bacteria_2054.jpeg,person486_bacteria_2054.jpeg,skin disease,Pneumonia,train,1
C:\Users\hamza\Downloads\CancerVsPneumonia\CancerVsPneumonia\train\Pneumonia\person487_bacteria_2055.jpeg,person487_bacteria_2055.jpeg,skin disease,Pneumonia,train,1
C:\Users\hamza\Downloads\CancerVsPneumonia\CancerVsPneumonia\train\Pneumonia\person487_bacteria_2056.jpeg,person487_bacteria_2056.jpeg,skin disease,Pneumonia,train,1
C:\Users\hamza\Downloads\CancerVsPneumonia\CancerVsPneumonia\train\Pneumonia\person487_bacteria_2057.jpeg,person487_bacteria_2057.jpeg,skin disease,Pneumonia,train,1
C:\Users\hamza\Downloads\CancerVsPneumonia\CancerVsPneumonia\train\Pneumonia\person487_bacteria_2058.jpeg,person487_bacteria_2058.jpeg,skin disease,Pneumonia,train,1
C:\Users\hamza\Downloads\CancerVsPneumonia\CancerVsPneumonia\train\Pneumonia\person487_bacteria_2059.jpeg,person487_bacteria_2059.jpeg,skin disease,Pneumonia,train,1
C:\Users\hamza\Downloads\CancerVsPneumonia\CancerVsPneumonia\train\Pneumonia\person487_bacteria_2060.jpeg,person487_bacteria_2060.jpeg,skin disease,Pneumonia,train,1
C:\Users\hamza\Downloads\CancerVsPneumonia\CancerVsPneumonia\train\Pneumonia\person488_bacteria_2061.jpeg,person488_bacteria_2061.jpeg,skin disease,Pneumonia,train,1
C:\Users\hamza\Downloads\CancerVsPneumonia\CancerVsPneumonia\train\Pneumonia\person488_bacteria_2062.jpeg,person488_bacteria_2062.jpeg,skin disease,Pneumonia,train,1
C:\Users\hamza\Downloads\CancerVsPneumonia\CancerVsPneumonia\train\Pneumonia\person489_bacteria_2063.jpeg,person489_bacteria_2063.jpeg,skin disease,Pneumonia,train,1
C:\Users\hamza\Downloads\CancerVsPneumonia\CancerVsPneumonia\train\Pneumonia\person489_bacteria_2064.jpeg,person489_bacteria_2064.jpeg,skin disease,Pneumonia,train,1
C:\Users\hamza\Downloads\CancerVsPneumonia\CancerVsPneumonia\train\Pneumonia\person489_bacteria_2065.jpeg,person489_bacteria_2065.jpeg,skin disease,Pneumonia,train,1
C:\Users\hamza\Downloads\CancerVsPneumonia\CancerVsPneumonia\train\Pneumonia\person489_bacteria_2066.jpeg,person489_bacteria_2066.jpeg,skin disease,Pneumonia,train,1
C:\Users\hamza\Downloads\CancerVsPneumonia\CancerVsPneumonia\train\Pneumonia\person489_bacteria_2067.jpeg,person489_bacteria_2067.jpeg,skin disease,Pneumonia,train,1
C:\Users\hamza\Downloads\CancerVsPneumonia\CancerVsPneumonia\train\Pneumonia\person490_bacteria_2068.jpeg,person490_bacteria_2068.jpeg,skin disease,Pneumonia,train,1
C:\Users\hamza\Downloads\CancerVsPneumonia\CancerVsPneumonia\train\Pneumonia\person490_bacteria_2069.jpeg,person490_bacteria_2069.jpeg,skin disease,Pneumonia,train,1
C:\Users\hamza\Downloads\CancerVsPneumonia\CancerVsPneumonia\train\Pneumonia\person490_bacteria_2070.jpeg,person490_bacteria_2070.jpeg,skin disease,Pneumonia,train,1
C:\Users\hamza\Downloads\CancerVsPneumonia\CancerVsPneumonia\train\Pneumonia\person491_bacteria_2071.jpeg,person491_bacteria_2071.jpeg,skin disease,Pneumonia,train,1
C:\Users\hamza\Downloads\CancerVsPneumonia\CancerVsPneumonia\train\Pneumonia\person491_bacteria_2073.jpeg,person491_bacteria_2073.jpeg,skin disease,Pneumonia,train,1
C:\Users\hamza\Downloads\CancerVsPneumonia\CancerVsPneumonia\train\Pneumonia\person491_bacteria_2075.jpeg,person491_bacteria_2075.jpeg,skin disease,Pneumonia,train,1
C:\Users\hamza\Downloads\CancerVsPneumonia\CancerVsPneumonia\train\Pneumonia\person491_bacteria_2080.jpeg,person491_bacteria_2080.jpeg,skin disease,Pneumonia,train,1
C:\Users\hamza\Downloads\CancerVsPneumonia\CancerVsPneumonia\train\Pneumonia\person491_bacteria_2081.jpeg,person491_bacteria_2081.jpeg,skin disease,Pneumonia,train,1
C:\Users\hamza\Downloads\CancerVsPneumonia\CancerVsPneumonia\train\Pneumonia\person491_bacteria_2082.jpeg,person491_bacteria_2082.jpeg,skin disease,Pneumonia,train,1
C:\Users\hamza\Downloads\CancerVsPneumonia\CancerVsPneumonia\train\Pneumonia\person492_bacteria_2083.jpeg,person492_bacteria_2083.jpeg,skin disease,Pneumonia,train,1
C:\Users\hamza\Downloads\CancerVsPneumonia\CancerVsPneumonia\train\Pneumonia\person492_bacteria_2084.jpeg,person492_bacteria_2084.jpeg,skin disease,Pneumonia,train,1
C:\Users\hamza\Downloads\CancerVsPneumonia\CancerVsPneumonia\train\Pneumonia\person492_bacteria_2085.jpeg,person492_bacteria_2085.jpeg,skin disease,Pneumonia,train,1
C:\Users\hamza\Downloads\CancerVsPneumonia\CancerVsPneumonia\train\Pneumonia\person493_bacteria_2086.jpeg,person493_bacteria_2086.jpeg,skin disease,Pneumonia,train,1
C:\Users\hamza\Downloads\CancerVsPneumonia\CancerVsPneumonia\train\Pneumonia\person493_bacteria_2087.jpeg,person493_bacteria_2087.jpeg,skin disease,Pneumonia,train,1
C:\Users\hamza\Downloads\CancerVsPneumonia\CancerVsPneumonia\train\Pneumonia\person494_bacteria_2088.jpeg,person494_bacteria_2088.jpeg,skin disease,Pneumonia,train,1
C:\Users\hamza\Downloads\CancerVsPneumonia\CancerVsPneumonia\train\Pneumonia\person494_bacteria_2089.jpeg,person494_bacteria_2089.jpeg,skin disease,Pneumonia,train,1
C:\Users\hamza\Downloads\CancerVsPneumonia\CancerVsPneumonia\train\Pneumonia\person494_bacteria_2090.jpeg,person494_bacteria_2090.jpeg,skin disease,Pneumonia,train,1
C:\Users\hamza\Downloads\CancerVsPneumonia\CancerVsPneumonia\train\Pneumonia\person495_bacteria_2094.jpeg,person495_bacteria_2094.jpeg,skin disease,Pneumonia,train,1
C:\Users\hamza\Downloads\CancerVsPneumonia\CancerVsPneumonia\train\Pneumonia\person496_bacteria_2095.jpeg,person496_bacteria_2095.jpeg,skin disease,Pneumonia,train,1
C:\Users\hamza\Downloads\CancerVsPneumonia\CancerVsPneumonia\train\Pneumonia\person498_bacteria_2100.jpeg,person498_bacteria_2100.jpeg,skin disease,Pneumonia,train,1
C:\Users\hamza\Downloads\CancerVsPneumonia\CancerVsPneumonia\train\Pneumonia\person498_bacteria_2101.jpeg,person498_bacteria_2101.jpeg,skin disease,Pneumonia,train,1
C:\Users\hamza\Downloads\CancerVsPneumonia\CancerVsPneumonia\train\Pneumonia\person498_bacteria_2102.jpeg,person498_bacteria_2102.jpeg,skin disease,Pneumonia,train,1
C:\Users\hamza\Downloads\CancerVsPneumonia\CancerVsPneumonia\train\Pneumonia\person499_bacteria_2103.jpeg,person499_bacteria_2103.jpeg,skin disease,Pneumonia,train,1
C:\Users\hamza\Downloads\CancerVsPneumonia\CancerVsPneumonia\train\Pneumonia\person499_bacteria_2104.jpeg,person499_bacteria_2104.jpeg,skin disease,Pneumonia,train,1
C:\Users\hamza\Downloads\CancerVsPneumonia\CancerVsPneumonia\train\Pneumonia\person500_bacteria_2105.jpeg,person500_bacteria_2105.jpeg,skin disease,Pneumonia,train,1
C:\Users\hamza\Downloads\CancerVsPneumonia\CancerVsPneumonia\train\Pneumonia\person500_bacteria_2106.jpeg,person500_bacteria_2106.jpeg,skin disease,Pneumonia,train,1
C:\Users\hamza\Downloads\CancerVsPneumonia\CancerVsPneumonia\train\Pneumonia\person500_bacteria_2107.jpeg,person500_bacteria_2107.jpeg,skin disease,Pneumonia,train,1
C:\Users\hamza\Downloads\CancerVsPneumonia\CancerVsPneumonia\train\Pneumonia\person500_bacteria_2108.jpeg,person500_bacteria_2108.jpeg,skin disease,Pneumonia,train,1
C:\Users\hamza\Downloads\CancerVsPneumonia\CancerVsPneumonia\train\Pneumonia\person500_bacteria_2109.jpeg,person500_bacteria_2109.jpeg,skin disease,Pneumonia,train,1
C:\Users\hamza\Downloads\CancerVsPneumonia\CancerVsPneumonia\train\Pneumonia\person500_bacteria_2110.jpeg,person500_bacteria_2110.jpeg,skin disease,Pneumonia,train,1
C:\Users\hamza\Downloads\CancerVsPneumonia\CancerVsPneumonia\train\Pneumonia\person500_bacteria_2111.jpeg,person500_bacteria_2111.jpeg,skin disease,Pneumonia,train,1
C:\Users\hamza\Downloads\CancerVsPneumonia\CancerVsPneumonia\train\Pneumonia\person501_bacteria_2112.jpeg,person501_bacteria_2112.jpeg,skin disease,Pneumonia,train,1
C:\Users\hamza\Downloads\CancerVsPneumonia\CancerVsPneumonia\train\Pneumonia\person501_bacteria_2113.jpeg,person501_bacteria_2113.jpeg,skin disease,Pneumonia,train,1
C:\Users\hamza\Downloads\CancerVsPneumonia\CancerVsPneumonia\train\Pneumonia\person501_bacteria_2114.jpeg,person501_bacteria_2114.jpeg,skin disease,Pneumonia,train,1
C:\Users\hamza\Downloads\CancerVsPneumonia\CancerVsPneumonia\train\Pneumonia\person501_bacteria_2115.jpeg,person501_bacteria_2115.jpeg,skin disease,Pneumonia,train,1
C:\Users\hamza\Downloads\CancerVsPneumonia\CancerVsPneumonia\train\Pneumonia\person501_bacteria_2116.jpeg,person501_bacteria_2116.jpeg,skin disease,Pneumonia,train,1
C:\Users\hamza\Downloads\CancerVsPneumonia\CancerVsPneumonia\train\Pneumonia\person502_bacteria_2117.jpeg,person502_bacteria_2117.jpeg,skin disease,Pneumonia,train,1
C:\Users\hamza\Downloads\CancerVsPneumonia\CancerVsPneumonia\train\Pneumonia\person502_bacteria_2118.jpeg,person502_bacteria_2118.jpeg,skin disease,Pneumonia,train,1
C:\Users\hamza\Downloads\CancerVsPneumonia\CancerVsPneumonia\train\Pneumonia\person502_bacteria_2119.jpeg,person502_bacteria_2119.jpeg,skin disease,Pneumonia,train,1
C:\Users\hamza\Downloads\CancerVsPneumonia\CancerVsPneumonia\train\Pneumonia\person502_bacteria_2120.jpeg,person502_bacteria_2120.jpeg,skin disease,Pneumonia,train,1
C:\Users\hamza\Downloads\CancerVsPneumonia\CancerVsPneumonia\train\Pneumonia\person502_bacteria_2121.jpeg,person502_bacteria_2121.jpeg,skin disease,Pneumonia,train,1
C:\Users\hamza\Downloads\CancerVsPneumonia\CancerVsPneumonia\train\Pneumonia\person502_bacteria_2122.jpeg,person502_bacteria_2122.jpeg,skin disease,Pneumonia,train,1
C:\Users\hamza\Downloads\CancerVsPneumonia\CancerVsPneumonia\train\Pneumonia\person502_bacteria_2123.jpeg,person502_bacteria_2123.jpeg,skin disease,Pneumonia,train,1
C:\Users\hamza\Downloads\CancerVsPneumonia\CancerVsPneumonia\train\Pneumonia\person503_bacteria_2125.jpeg,person503_bacteria_2125.jpeg,skin disease,Pneumonia,train,1
C:\Users\hamza\Downloads\CancerVsPneumonia\CancerVsPneumonia\train\Pneumonia\person503_bacteria_2126.jpeg,person503_bacteria_2126.jpeg,skin disease,Pneumonia,train,1
C:\Users\hamza\Downloads\CancerVsPneumonia\CancerVsPneumonia\train\Pneumonia\person504_bacteria_2127.jpeg,person504_bacteria_2127.jpeg,skin disease,Pneumonia,train,1
C:\Users\hamza\Downloads\CancerVsPneumonia\CancerVsPneumonia\train\Pneumonia\person504_bacteria_2129.jpeg,person504_bacteria_2129.jpeg,skin disease,Pneumonia,train,1
C:\Users\hamza\Downloads\CancerVsPneumonia\CancerVsPneumonia\train\Pneumonia\person504_bacteria_2130.jpeg,person504_bacteria_2130.jpeg,skin disease,Pneumonia,train,1
C:\Users\hamza\Downloads\CancerVsPneumonia\CancerVsPneumonia\train\Pneumonia\person504_bacteria_2132.jpeg,person504_bacteria_2132.jpeg,skin disease,Pneumonia,train,1
C:\Users\hamza\Downloads\CancerVsPneumonia\CancerVsPneumonia\train\Pneumonia\person504_bacteria_2133.jpeg,person504_bacteria_2133.jpeg,skin disease,Pneumonia,train,1
C:\Users\hamza\Downloads\CancerVsPneumonia\CancerVsPneumonia\train\Pneumonia\person505_bacteria_2135.jpeg,person505_bacteria_2135.jpeg,skin disease,Pneumonia,train,1
C:\Users\hamza\Downloads\CancerVsPneumonia\CancerVsPneumonia\train\Pneumonia\person506_bacteria_2136.jpeg,person506_bacteria_2136.jpeg,skin disease,Pneumonia,train,1
C:\Users\hamza\Downloads\CancerVsPneumonia\CancerVsPneumonia\train\Pneumonia\person506_bacteria_2138.jpeg,person506_bacteria_2138.jpeg,skin disease,Pneumonia,train,1
C:\Users\hamza\Downloads\CancerVsPneumonia\CancerVsPneumonia\train\Pneumonia\person507_bacteria_2139.jpeg,person507_bacteria_2139.jpeg,skin disease,Pneumonia,train,1
C:\Users\hamza\Downloads\CancerVsPneumonia\CancerVsPneumonia\train\Pneumonia\person507_bacteria_2140.jpeg,person507_bacteria_2140.jpeg,skin disease,Pneumonia,train,1
C:\Users\hamza\Downloads\CancerVsPneumonia\CancerVsPneumonia\train\Pneumonia\person507_bacteria_2141.jpeg,person507_bacteria_2141.jpeg,skin disease,Pneumonia,train,1
C:\Users\hamza\Downloads\CancerVsPneumonia\CancerVsPneumonia\train\Pneumonia\person508_bacteria_2142.jpeg,person508_bacteria_2142.jpeg,skin disease,Pneumonia,train,1
C:\Users\hamza\Downloads\CancerVsPneumonia\CancerVsPneumonia\train\Pneumonia\person508_bacteria_2143.jpeg,person508_bacteria_2143.jpeg,skin disease,Pneumonia,train,1
C:\Users\hamza\Downloads\CancerVsPneumonia\CancerVsPneumonia\train\Pneumonia\person508_bacteria_2144.jpeg,person508_bacteria_2144.jpeg,skin disease,Pneumonia,train,1
C:\Users\hamza\Downloads\CancerVsPneumonia\CancerVsPneumonia\train\Pneumonia\person509_bacteria_2145.jpeg,person509_bacteria_2145.jpeg,skin disease,Pneumonia,train,1
C:\Users\hamza\Downloads\CancerVsPneumonia\CancerVsPneumonia\train\Pneumonia\person509_bacteria_2146.jpeg,person509_bacteria_2146.jpeg,skin disease,Pneumonia,train,1
C:\Users\hamza\Downloads\CancerVsPneumonia\CancerVsPneumonia\train\Pneumonia\person510_bacteria_2147.jpeg,person510_bacteria_2147.jpeg,skin disease,Pneumonia,train,1
C:\Users\hamza\Downloads\CancerVsPneumonia\CancerVsPneumonia\train\Pneumonia\person510_bacteria_2148.jpeg,person510_bacteria_2148.jpeg,skin disease,Pneumonia,train,1
C:\Users\hamza\Downloads\CancerVsPneumonia\CancerVsPneumonia\train\Pneumonia\person510_bacteria_2149.jpeg,person510_bacteria_2149.jpeg,skin disease,Pneumonia,train,1
C:\Users\hamza\Downloads\CancerVsPneumonia\CancerVsPneumonia\train\Pneumonia\person510_bacteria_2150.jpeg,person510_bacteria_2150.jpeg,skin disease,Pneumonia,train,1
C:\Users\hamza\Downloads\CancerVsPneumonia\CancerVsPneumonia\train\Pneumonia\person511_bacteria_2152.jpeg,person511_bacteria_2152.jpeg,skin disease,Pneumonia,train,1
C:\Users\hamza\Downloads\CancerVsPneumonia\CancerVsPneumonia\train\Pneumonia\person511_bacteria_2153.jpeg,person511_bacteria_2153.jpeg,skin disease,Pneumonia,train,1
C:\Users\hamza\Downloads\CancerVsPneumonia\CancerVsPneumonia\train\Pneumonia\person512_bacteria_2154.jpeg,person512_bacteria_2154.jpeg,skin disease,Pneumonia,train,1
C:\Users\hamza\Downloads\CancerVsPneumonia\CancerVsPneumonia\train\Pneumonia\person512_bacteria_2155.jpeg,person512_bacteria_2155.jpeg,skin disease,Pneumonia,train,1
C:\Users\hamza\Downloads\CancerVsPneumonia\CancerVsPneumonia\train\Pneumonia\person514_bacteria_2184.jpeg,person514_bacteria_2184.jpeg,skin disease,Pneumonia,train,1
C:\Users\hamza\Downloads\CancerVsPneumonia\CancerVsPneumonia\train\Pneumonia\person515_bacteria_2185.jpeg,person515_bacteria_2185.jpeg,skin disease,Pneumonia,train,1
C:\Users\hamza\Downloads\CancerVsPneumonia\CancerVsPneumonia\train\Pneumonia\person515_bacteria_2186.jpeg,person515_bacteria_2186.jpeg,skin disease,Pneumonia,train,1
C:\Users\hamza\Downloads\CancerVsPneumonia\CancerVsPneumonia\train\Pneumonia\person515_bacteria_2187.jpeg,person515_bacteria_2187.jpeg,skin disease,Pneumonia,train,1
C:\Users\hamza\Downloads\CancerVsPneumonia\CancerVsPneumonia\train\Pneumonia\person515_bacteria_2188.jpeg,person515_bacteria_2188.jpeg,skin disease,Pneumonia,train,1
C:\Users\hamza\Downloads\CancerVsPneumonia\CancerVsPneumonia\train\Pneumonia\person515_bacteria_2189.jpeg,person515_bacteria_2189.jpeg,skin disease,Pneumonia,train,1
C:\Users\hamza\Downloads\CancerVsPneumonia\CancerVsPneumonia\train\Pneumonia\person515_bacteria_2190.jpeg,person515_bacteria_2190.jpeg,skin disease,Pneumonia,train,1
C:\Users\hamza\Downloads\CancerVsPneumonia\CancerVsPneumonia\train\Pneumonia\person516_bacteria_2191.jpeg,person516_bacteria_2191.jpeg,skin disease,Pneumonia,train,1
C:\Users\hamza\Downloads\CancerVsPneumonia\CancerVsPneumonia\train\Pneumonia\person516_bacteria_2192.jpeg,person516_bacteria_2192.jpeg,skin disease,Pneumonia,train,1
C:\Users\hamza\Downloads\CancerVsPneumonia\CancerVsPneumonia\train\Pneumonia\person517_bacteria_2196.jpeg,person517_bacteria_2196.jpeg,skin disease,Pneumonia,train,1
C:\Users\hamza\Downloads\CancerVsPneumonia\CancerVsPneumonia\train\Pneumonia\person518_bacteria_2197.jpeg,person518_bacteria_2197.jpeg,skin disease,Pneumonia,train,1
C:\Users\hamza\Downloads\CancerVsPneumonia\CancerVsPneumonia\train\Pneumonia\person518_bacteria_2198.jpeg,person518_bacteria_2198.jpeg,skin disease,Pneumonia,train,1
C:\Users\hamza\Downloads\CancerVsPneumonia\CancerVsPneumonia\train\Pneumonia\person518_bacteria_2199.jpeg,person518_bacteria_2199.jpeg,skin disease,Pneumonia,train,1
C:\Users\hamza\Downloads\CancerVsPneumonia\CancerVsPneumonia\train\Pneumonia\person518_bacteria_2200.jpeg,person518_bacteria_2200.jpeg,skin disease,Pneumonia,train,1
C:\Users\hamza\Downloads\CancerVsPneumonia\CancerVsPneumonia\train\Pneumonia\person520_bacteria_2203.jpeg,person520_bacteria_2203.jpeg,skin disease,Pneumonia,train,1
C:\Users\hamza\Downloads\CancerVsPneumonia\CancerVsPneumonia\train\Pneumonia\person520_bacteria_2204.jpeg,person520_bacteria_2204.jpeg,skin disease,Pneumonia,train,1
C:\Users\hamza\Downloads\CancerVsPneumonia\CancerVsPneumonia\train\Pneumonia\person520_bacteria_2205.jpeg,person520_bacteria_2205.jpeg,skin disease,Pneumonia,train,1
C:\Users\hamza\Downloads\CancerVsPneumonia\CancerVsPneumonia\train\Pneumonia\person522_bacteria_2210.jpeg,person522_bacteria_2210.jpeg,skin disease,Pneumonia,train,1
C:\Users\hamza\Downloads\CancerVsPneumonia\CancerVsPneumonia\train\Pneumonia\person522_bacteria_2211.jpeg,person522_bacteria_2211.jpeg,skin disease,Pneumonia,train,1
C:\Users\hamza\Downloads\CancerVsPneumonia\CancerVsPneumonia\train\Pneumonia\person525_bacteria_2216.jpeg,person525_bacteria_2216.jpeg,skin disease,Pneumonia,train,1
C:\Users\hamza\Downloads\CancerVsPneumonia\CancerVsPneumonia\train\Pneumonia\person525_bacteria_2217.jpeg,person525_bacteria_2217.jpeg,skin disease,Pneumonia,train,1
C:\Users\hamza\Downloads\CancerVsPneumonia\CancerVsPneumonia\train\Pneumonia\person525_bacteria_2218.jpeg,person525_bacteria_2218.jpeg,skin disease,Pneumonia,train,1
C:\Users\hamza\Downloads\CancerVsPneumonia\CancerVsPneumonia\train\Pneumonia\person525_bacteria_2220.jpeg,person525_bacteria_2220.jpeg,skin disease,Pneumonia,train,1
C:\Users\hamza\Downloads\CancerVsPneumonia\CancerVsPneumonia\train\Pneumonia\person526_bacteria_2221.jpeg,person526_bacteria_2221.jpeg,skin disease,Pneumonia,train,1
C:\Users\hamza\Downloads\CancerVsPneumonia\CancerVsPneumonia\train\Pneumonia\person527_bacteria_2225.jpeg,person527_bacteria_2225.jpeg,skin disease,Pneumonia,train,1
C:\Users\hamza\Downloads\CancerVsPneumonia\CancerVsPneumonia\train\Pneumonia\person527_bacteria_2226.jpeg,person527_bacteria_2226.jpeg,skin disease,Pneumonia,train,1
C:\Users\hamza\Downloads\CancerVsPneumonia\CancerVsPneumonia\train\Pneumonia\person528_bacteria_2227.jpeg,person528_bacteria_2227.jpeg,skin disease,Pneumonia,train,1
C:\Users\hamza\Downloads\CancerVsPneumonia\CancerVsPneumonia\train\Pneumonia\person529_bacteria_2228.jpeg,person529_bacteria_2228.jpeg,skin disease,Pneumonia,train,1
C:\Users\hamza\Downloads\CancerVsPneumonia\CancerVsPneumonia\train\Pneumonia\person529_bacteria_2229.jpeg,person529_bacteria_2229.jpeg,skin disease,Pneumonia,train,1
C:\Users\hamza\Downloads\CancerVsPneumonia\CancerVsPneumonia\train\Pneumonia\person529_bacteria_2230.jpeg,person529_bacteria_2230.jpeg,skin disease,Pneumonia,train,1
C:\Users\hamza\Downloads\CancerVsPneumonia\CancerVsPneumonia\train\Pneumonia\person530_bacteria_2231.jpeg,person530_bacteria_2231.jpeg,skin disease,Pneumonia,train,1
C:\Users\hamza\Downloads\CancerVsPneumonia\CancerVsPneumonia\train\Pneumonia\person530_bacteria_2233.jpeg,person530_bacteria_2233.jpeg,skin disease,Pneumonia,train,1
C:\Users\hamza\Downloads\CancerVsPneumonia\CancerVsPneumonia\train\Pneumonia\person531_bacteria_2235.jpeg,person531_bacteria_2235.jpeg,skin disease,Pneumonia,train,1
C:\Users\hamza\Downloads\CancerVsPneumonia\CancerVsPneumonia\train\Pneumonia\person531_bacteria_2236.jpeg,person531_bacteria_2236.jpeg,skin disease,Pneumonia,train,1
C:\Users\hamza\Downloads\CancerVsPneumonia\CancerVsPneumonia\train\Pneumonia\person531_bacteria_2237.jpeg,person531_bacteria_2237.jpeg,skin disease,Pneumonia,train,1
C:\Users\hamza\Downloads\CancerVsPneumonia\CancerVsPneumonia\train\Pneumonia\person531_bacteria_2238.jpeg,person531_bacteria_2238.jpeg,skin disease,Pneumonia,train,1
C:\Users\hamza\Downloads\CancerVsPneumonia\CancerVsPneumonia\train\Pneumonia\person531_bacteria_2239.jpeg,person531_bacteria_2239.jpeg,skin disease,Pneumonia,train,1
C:\Users\hamza\Downloads\CancerVsPneumonia\CancerVsPneumonia\train\Pneumonia\person531_bacteria_2240.jpeg,person531_bacteria_2240.jpeg,skin disease,Pneumonia,train,1
C:\Users\hamza\Downloads\CancerVsPneumonia\CancerVsPneumonia\train\Pneumonia\person531_bacteria_2241.jpeg,person531_bacteria_2241.jpeg,skin disease,Pneumonia,train,1
C:\Users\hamza\Downloads\CancerVsPneumonia\CancerVsPneumonia\train\Pneumonia\person531_bacteria_2242.jpeg,person531_bacteria_2242.jpeg,skin disease,Pneumonia,train,1
C:\Users\hamza\Downloads\CancerVsPneumonia\CancerVsPneumonia\train\Pneumonia\person533_bacteria_2245.jpeg,person533_bacteria_2245.jpeg,skin disease,Pneumonia,train,1
C:\Users\hamza\Downloads\CancerVsPneumonia\CancerVsPneumonia\train\Pneumonia\person533_bacteria_2250.jpeg,person533_bacteria_2250.jpeg,skin disease,Pneumonia,train,1
C:\Users\hamza\Downloads\CancerVsPneumonia\CancerVsPneumonia\train\Pneumonia\person534_bacteria_2251.jpeg,person534_bacteria_2251.jpeg,skin disease,Pneumonia,train,1
C:\Users\hamza\Downloads\CancerVsPneumonia\CancerVsPneumonia\train\Pneumonia\person534_bacteria_2252.jpeg,person534_bacteria_2252.jpeg,skin disease,Pneumonia,train,1
C:\Users\hamza\Downloads\CancerVsPneumonia\CancerVsPneumonia\train\Pneumonia\person534_bacteria_2253.jpeg,person534_bacteria_2253.jpeg,skin disease,Pneumonia,train,1
C:\Users\hamza\Downloads\CancerVsPneumonia\CancerVsPneumonia\train\Pneumonia\person534_bacteria_2254.jpeg,person534_bacteria_2254.jpeg,skin disease,Pneumonia,train,1
C:\Users\hamza\Downloads\CancerVsPneumonia\CancerVsPneumonia\train\Pneumonia\person535_bacteria_2255.jpeg,person535_bacteria_2255.jpeg,skin disease,Pneumonia,train,1
C:\Users\hamza\Downloads\CancerVsPneumonia\CancerVsPneumonia\train\Pneumonia\person535_bacteria_2256.jpeg,person535_bacteria_2256.jpeg,skin disease,Pneumonia,train,1
C:\Users\hamza\Downloads\CancerVsPneumonia\CancerVsPneumonia\train\Pneumonia\person536_bacteria_2257.jpeg,person536_bacteria_2257.jpeg,skin disease,Pneumonia,train,1
C:\Users\hamza\Downloads\CancerVsPneumonia\CancerVsPneumonia\train\Pneumonia\person536_bacteria_2258.jpeg,person536_bacteria_2258.jpeg,skin disease,Pneumonia,train,1
C:\Users\hamza\Downloads\CancerVsPneumonia\CancerVsPneumonia\train\Pneumonia\person536_bacteria_2259.jpeg,person536_bacteria_2259.jpeg,skin disease,Pneumonia,train,1
C:\Users\hamza\Downloads\CancerVsPneumonia\CancerVsPneumonia\train\Pneumonia\person536_bacteria_2260.jpeg,person536_bacteria_2260.jpeg,skin disease,Pneumonia,train,1
C:\Users\hamza\Downloads\CancerVsPneumonia\CancerVsPneumonia\train\Pneumonia\person537_bacteria_2261.jpeg,person537_bacteria_2261.jpeg,skin disease,Pneumonia,train,1
C:\Users\hamza\Downloads\CancerVsPneumonia\CancerVsPneumonia\train\Pneumonia\person537_bacteria_2262.jpeg,person537_bacteria_2262.jpeg,skin disease,Pneumonia,train,1
C:\Users\hamza\Downloads\CancerVsPneumonia\CancerVsPneumonia\train\Pneumonia\person537_bacteria_2263.jpeg,person537_bacteria_2263.jpeg,skin disease,Pneumonia,train,1
C:\Users\hamza\Downloads\CancerVsPneumonia\CancerVsPneumonia\train\Pneumonia\person537_bacteria_2264.jpeg,person537_bacteria_2264.jpeg,skin disease,Pneumonia,train,1
C:\Users\hamza\Downloads\CancerVsPneumonia\CancerVsPneumonia\train\Pneumonia\person537_bacteria_2265.jpeg,person537_bacteria_2265.jpeg,skin disease,Pneumonia,train,1
C:\Users\hamza\Downloads\CancerVsPneumonia\CancerVsPneumonia\train\Pneumonia\person537_bacteria_2266.jpeg,person537_bacteria_2266.jpeg,skin disease,Pneumonia,train,1
C:\Users\hamza\Downloads\CancerVsPneumonia\CancerVsPneumonia\train\Pneumonia\person538_bacteria_2268.jpeg,person538_bacteria_2268.jpeg,skin disease,Pneumonia,train,1
C:\Users\hamza\Downloads\CancerVsPneumonia\CancerVsPneumonia\train\Pneumonia\person539_bacteria_2269.jpeg,person539_bacteria_2269.jpeg,skin disease,Pneumonia,train,1
C:\Users\hamza\Downloads\CancerVsPneumonia\CancerVsPneumonia\train\Pneumonia\person539_bacteria_2270.jpeg,person539_bacteria_2270.jpeg,skin disease,Pneumonia,train,1
C:\Users\hamza\Downloads\CancerVsPneumonia\CancerVsPneumonia\train\Pneumonia\person540_bacteria_2271.jpeg,person540_bacteria_2271.jpeg,skin disease,Pneumonia,train,1
C:\Users\hamza\Downloads\CancerVsPneumonia\CancerVsPneumonia\train\Pneumonia\person540_bacteria_2272.jpeg,person540_bacteria_2272.jpeg,skin disease,Pneumonia,train,1
C:\Users\hamza\Downloads\CancerVsPneumonia\CancerVsPneumonia\train\Pneumonia\person540_bacteria_2273.jpeg,person540_bacteria_2273.jpeg,skin disease,Pneumonia,train,1
C:\Users\hamza\Downloads\CancerVsPneumonia\CancerVsPneumonia\train\Pneumonia\person541_bacteria_2274.jpeg,person541_bacteria_2274.jpeg,skin disease,Pneumonia,train,1
C:\Users\hamza\Downloads\CancerVsPneumonia\CancerVsPneumonia\train\Pneumonia\person541_bacteria_2275.jpeg,person541_bacteria_2275.jpeg,skin disease,Pneumonia,train,1
C:\Users\hamza\Downloads\CancerVsPneumonia\CancerVsPneumonia\train\Pneumonia\person542_bacteria_2276.jpeg,person542_bacteria_2276.jpeg,skin disease,Pneumonia,train,1
C:\Users\hamza\Downloads\CancerVsPneumonia\CancerVsPneumonia\train\Pneumonia\person543_bacteria_2279.jpeg,person543_bacteria_2279.jpeg,skin disease,Pneumonia,train,1
C:\Users\hamza\Downloads\CancerVsPneumonia\CancerVsPneumonia\train\Pneumonia\person543_bacteria_2280.jpeg,person543_bacteria_2280.jpeg,skin disease,Pneumonia,train,1
C:\Users\hamza\Downloads\CancerVsPneumonia\CancerVsPneumonia\train\Pneumonia\person543_bacteria_2281.jpeg,person543_bacteria_2281.jpeg,skin disease,Pneumonia,train,1
C:\Users\hamza\Downloads\CancerVsPneumonia\CancerVsPneumonia\train\Pneumonia\person543_bacteria_2282.jpeg,person543_bacteria_2282.jpeg,skin disease,Pneumonia,train,1
C:\Users\hamza\Downloads\CancerVsPneumonia\CancerVsPneumonia\train\Pneumonia\person543_bacteria_2283.jpeg,person543_bacteria_2283.jpeg,skin disease,Pneumonia,train,1
C:\Users\hamza\Downloads\CancerVsPneumonia\CancerVsPneumonia\train\Pneumonia\person543_bacteria_2284.jpeg,person543_bacteria_2284.jpeg,skin disease,Pneumonia,train,1
C:\Users\hamza\Downloads\CancerVsPneumonia\CancerVsPneumonia\train\Pneumonia\person544_bacteria_2286.jpeg,person544_bacteria_2286.jpeg,skin disease,Pneumonia,train,1
C:\Users\hamza\Downloads\CancerVsPneumonia\CancerVsPneumonia\train\Pneumonia\person545_bacteria_2287.jpeg,person545_bacteria_2287.jpeg,skin disease,Pneumonia,train,1
C:\Users\hamza\Downloads\CancerVsPneumonia\CancerVsPneumonia\train\Pneumonia\person545_bacteria_2288.jpeg,person545_bacteria_2288.jpeg,skin disease,Pneumonia,train,1
C:\Users\hamza\Downloads\CancerVsPneumonia\CancerVsPneumonia\train\Pneumonia\person545_bacteria_2289.jpeg,person545_bacteria_2289.jpeg,skin disease,Pneumonia,train,1
C:\Users\hamza\Downloads\CancerVsPneumonia\CancerVsPneumonia\train\Pneumonia\person545_bacteria_2290.jpeg,person545_bacteria_2290.jpeg,skin disease,Pneumonia,train,1
C:\Users\hamza\Downloads\CancerVsPneumonia\CancerVsPneumonia\train\Pneumonia\person547_bacteria_2292.jpeg,person547_bacteria_2292.jpeg,skin disease,Pneumonia,train,1
C:\Users\hamza\Downloads\CancerVsPneumonia\CancerVsPneumonia\train\Pneumonia\person547_bacteria_2294.jpeg,person547_bacteria_2294.jpeg,skin disease,Pneumonia,train,1
C:\Users\hamza\Downloads\CancerVsPneumonia\CancerVsPneumonia\train\Pneumonia\person547_bacteria_2296.jpeg,person547_bacteria_2296.jpeg,skin disease,Pneumonia,train,1
C:\Users\hamza\Downloads\CancerVsPneumonia\CancerVsPneumonia\train\Pneumonia\person548_bacteria_2297.jpeg,person548_bacteria_2297.jpeg,skin disease,Pneumonia,train,1
C:\Users\hamza\Downloads\CancerVsPneumonia\CancerVsPneumonia\train\Pneumonia\person548_bacteria_2298.jpeg,person548_bacteria_2298.jpeg,skin disease,Pneumonia,train,1
C:\Users\hamza\Downloads\CancerVsPneumonia\CancerVsPneumonia\train\Pneumonia\person548_bacteria_2299.jpeg,person548_bacteria_2299.jpeg,skin disease,Pneumonia,train,1
C:\Users\hamza\Downloads\CancerVsPneumonia\CancerVsPneumonia\train\Pneumonia\person548_bacteria_2300.jpeg,person548_bacteria_2300.jpeg,skin disease,Pneumonia,train,1
C:\Users\hamza\Downloads\CancerVsPneumonia\CancerVsPneumonia\train\Pneumonia\person548_bacteria_2301.jpeg,person548_bacteria_2301.jpeg,skin disease,Pneumonia,train,1
C:\Users\hamza\Downloads\CancerVsPneumonia\CancerVsPneumonia\train\Pneumonia\person548_bacteria_2302.jpeg,person548_bacteria_2302.jpeg,skin disease,Pneumonia,train,1
C:\Users\hamza\Downloads\CancerVsPneumonia\CancerVsPneumonia\train\Pneumonia\person549_bacteria_2303.jpeg,person549_bacteria_2303.jpeg,skin disease,Pneumonia,train,1
C:\Users\hamza\Downloads\CancerVsPneumonia\CancerVsPneumonia\train\Pneumonia\person549_bacteria_2304.jpeg,person549_bacteria_2304.jpeg,skin disease,Pneumonia,train,1
C:\Users\hamza\Downloads\CancerVsPneumonia\CancerVsPneumonia\train\Pneumonia\person549_bacteria_2305.jpeg,person549_bacteria_2305.jpeg,skin disease,Pneumonia,train,1
C:\Users\hamza\Downloads\CancerVsPneumonia\CancerVsPneumonia\train\Pneumonia\person549_bacteria_2306.jpeg,person549_bacteria_2306.jpeg,skin disease,Pneumonia,train,1
C:\Users\hamza\Downloads\CancerVsPneumonia\CancerVsPneumonia\train\Pneumonia\person549_bacteria_2307.jpeg,person549_bacteria_2307.jpeg,skin disease,Pneumonia,train,1
C:\Users\hamza\Downloads\CancerVsPneumonia\CancerVsPneumonia\train\Pneumonia\person550_bacteria_2308.jpeg,person550_bacteria_2308.jpeg,skin disease,Pneumonia,train,1
C:\Users\hamza\Downloads\CancerVsPneumonia\CancerVsPneumonia\train\Pneumonia\person550_bacteria_2309.jpeg,person550_bacteria_2309.jpeg,skin disease,Pneumonia,train,1
C:\Users\hamza\Downloads\CancerVsPneumonia\CancerVsPneumonia\train\Pneumonia\person551_bacteria_2310.jpeg,person551_bacteria_2310.jpeg,skin disease,Pneumonia,train,1
C:\Users\hamza\Downloads\CancerVsPneumonia\CancerVsPneumonia\train\Pneumonia\person551_bacteria_2311.jpeg,person551_bacteria_2311.jpeg,skin disease,Pneumonia,train,1
C:\Users\hamza\Downloads\CancerVsPneumonia\CancerVsPneumonia\train\Pneumonia\person552_bacteria_2313.jpeg,person552_bacteria_2313.jpeg,skin disease,Pneumonia,train,1
C:\Users\hamza\Downloads\CancerVsPneumonia\CancerVsPneumonia\train\Pneumonia\person552_bacteria_2315.jpeg,person552_bacteria_2315.jpeg,skin disease,Pneumonia,train,1
C:\Users\hamza\Downloads\CancerVsPneumonia\CancerVsPneumonia\train\Pneumonia\person553_bacteria_2316.jpeg,person553_bacteria_2316.jpeg,skin disease,Pneumonia,train,1
C:\Users\hamza\Downloads\CancerVsPneumonia\CancerVsPneumonia\train\Pneumonia\person553_bacteria_2317.jpeg,person553_bacteria_2317.jpeg,skin disease,Pneumonia,train,1
C:\Users\hamza\Downloads\CancerVsPneumonia\CancerVsPneumonia\train\Pneumonia\person554_bacteria_2320.jpeg,person554_bacteria_2320.jpeg,skin disease,Pneumonia,train,1
C:\Users\hamza\Downloads\CancerVsPneumonia\CancerVsPneumonia\train\Pneumonia\person554_bacteria_2321.jpeg,person554_bacteria_2321.jpeg,skin disease,Pneumonia,train,1
C:\Users\hamza\Downloads\CancerVsPneumonia\CancerVsPneumonia\train\Pneumonia\person554_bacteria_2322.jpeg,person554_bacteria_2322.jpeg,skin disease,Pneumonia,train,1
C:\Users\hamza\Downloads\CancerVsPneumonia\CancerVsPneumonia\train\Pneumonia\person554_bacteria_2323.jpeg,person554_bacteria_2323.jpeg,skin disease,Pneumonia,train,1
C:\Users\hamza\Downloads\CancerVsPneumonia\CancerVsPneumonia\train\Pneumonia\person555_bacteria_2325.jpeg,person555_bacteria_2325.jpeg,skin disease,Pneumonia,train,1
C:\Users\hamza\Downloads\CancerVsPneumonia\CancerVsPneumonia\train\Pneumonia\person556_bacteria_2326.jpeg,person556_bacteria_2326.jpeg,skin disease,Pneumonia,train,1
C:\Users\hamza\Downloads\CancerVsPneumonia\CancerVsPneumonia\train\Pneumonia\person557_bacteria_2327.jpeg,person557_bacteria_2327.jpeg,skin disease,Pneumonia,train,1
C:\Users\hamza\Downloads\CancerVsPneumonia\CancerVsPneumonia\train\Pneumonia\person558_bacteria_2328.jpeg,person558_bacteria_2328.jpeg,skin disease,Pneumonia,train,1
C:\Users\hamza\Downloads\CancerVsPneumonia\CancerVsPneumonia\train\Pneumonia\person559_bacteria_2329.jpeg,person559_bacteria_2329.jpeg,skin disease,Pneumonia,train,1
C:\Users\hamza\Downloads\CancerVsPneumonia\CancerVsPneumonia\train\Pneumonia\person560_bacteria_2330.jpeg,person560_bacteria_2330.jpeg,skin disease,Pneumonia,train,1
C:\Users\hamza\Downloads\CancerVsPneumonia\CancerVsPneumonia\train\Pneumonia\person561_bacteria_2331.jpeg,person561_bacteria_2331.jpeg,skin disease,Pneumonia,train,1
C:\Users\hamza\Downloads\CancerVsPneumonia\CancerVsPneumonia\train\Pneumonia\person562_bacteria_2332.jpeg,person562_bacteria_2332.jpeg,skin disease,Pneumonia,train,1
C:\Users\hamza\Downloads\CancerVsPneumonia\CancerVsPneumonia\train\Pneumonia\person563_bacteria_2333.jpeg,person563_bacteria_2333.jpeg,skin disease,Pneumonia,train,1
C:\Users\hamza\Downloads\CancerVsPneumonia\CancerVsPneumonia\train\Pneumonia\person563_bacteria_2334.jpeg,person563_bacteria_2334.jpeg,skin disease,Pneumonia,train,1
C:\Users\hamza\Downloads\CancerVsPneumonia\CancerVsPneumonia\train\Pneumonia\person563_bacteria_2335.jpeg,person563_bacteria_2335.jpeg,skin disease,Pneumonia,train,1
C:\Users\hamza\Downloads\CancerVsPneumonia\CancerVsPneumonia\train\Pneumonia\person563_bacteria_2336.jpeg,person563_bacteria_2336.jpeg,skin disease,Pneumonia,train,1
C:\Users\hamza\Downloads\CancerVsPneumonia\CancerVsPneumonia\train\Pneumonia\person563_bacteria_2337.jpeg,person563_bacteria_2337.jpeg,skin disease,Pneumonia,train,1
C:\Users\hamza\Downloads\CancerVsPneumonia\CancerVsPneumonia\train\Pneumonia\person563_bacteria_2338.jpeg,person563_bacteria_2338.jpeg,skin disease,Pneumonia,train,1
C:\Users\hamza\Downloads\CancerVsPneumonia\CancerVsPneumonia\train\Pneumonia\person563_bacteria_2339.jpeg,person563_bacteria_2339.jpeg,skin disease,Pneumonia,train,1
C:\Users\hamza\Downloads\CancerVsPneumonia\CancerVsPneumonia\train\Pneumonia\person563_bacteria_2340.jpeg,person563_bacteria_2340.jpeg,skin disease,Pneumonia,train,1
C:\Users\hamza\Downloads\CancerVsPneumonia\CancerVsPneumonia\train\Pneumonia\person564_bacteria_2342.jpeg,person564_bacteria_2342.jpeg,skin disease,Pneumonia,train,1
C:\Users\hamza\Downloads\CancerVsPneumonia\CancerVsPneumonia\train\Pneumonia\person564_bacteria_2343.jpeg,person564_bacteria_2343.jpeg,skin disease,Pneumonia,train,1
C:\Users\hamza\Downloads\CancerVsPneumonia\CancerVsPneumonia\train\Pneumonia\person564_bacteria_2344.jpeg,person564_bacteria_2344.jpeg,skin disease,Pneumonia,train,1
C:\Users\hamza\Downloads\CancerVsPneumonia\CancerVsPneumonia\train\Pneumonia\person564_bacteria_2345.jpeg,person564_bacteria_2345.jpeg,skin disease,Pneumonia,train,1
C:\Users\hamza\Downloads\CancerVsPneumonia\CancerVsPneumonia\train\Pneumonia\person564_bacteria_2346.jpeg,person564_bacteria_2346.jpeg,skin disease,Pneumonia,train,1
C:\Users\hamza\Downloads\CancerVsPneumonia\CancerVsPneumonia\train\Pneumonia\person564_bacteria_2347.jpeg,person564_bacteria_2347.jpeg,skin disease,Pneumonia,train,1
C:\Users\hamza\Downloads\CancerVsPneumonia\CancerVsPneumonia\train\Pneumonia\person565_bacteria_2348.jpeg,person565_bacteria_2348.jpeg,skin disease,Pneumonia,train,1
C:\Users\hamza\Downloads\CancerVsPneumonia\CancerVsPneumonia\train\Pneumonia\person566_bacteria_2351.jpeg,person566_bacteria_2351.jpeg,skin disease,Pneumonia,train,1
C:\Users\hamza\Downloads\CancerVsPneumonia\CancerVsPneumonia\train\Pneumonia\person567_bacteria_2352.jpeg,person567_bacteria_2352.jpeg,skin disease,Pneumonia,train,1
C:\Users\hamza\Downloads\CancerVsPneumonia\CancerVsPneumonia\train\Pneumonia\person567_bacteria_2353.jpeg,person567_bacteria_2353.jpeg,skin disease,Pneumonia,train,1
C:\Users\hamza\Downloads\CancerVsPneumonia\CancerVsPneumonia\train\Pneumonia\person567_bacteria_2354.jpeg,person567_bacteria_2354.jpeg,skin disease,Pneumonia,train,1
C:\Users\hamza\Downloads\CancerVsPneumonia\CancerVsPneumonia\train\Pneumonia\person568_bacteria_2358.jpeg,person568_bacteria_2358.jpeg,skin disease,Pneumonia,train,1
C:\Users\hamza\Downloads\CancerVsPneumonia\CancerVsPneumonia\train\Pneumonia\person568_bacteria_2359.jpeg,person568_bacteria_2359.jpeg,skin disease,Pneumonia,train,1
C:\Users\hamza\Downloads\CancerVsPneumonia\CancerVsPneumonia\train\Pneumonia\person569_bacteria_2360.jpeg,person569_bacteria_2360.jpeg,skin disease,Pneumonia,train,1
C:\Users\hamza\Downloads\CancerVsPneumonia\CancerVsPneumonia\train\Pneumonia\person569_bacteria_2362.jpeg,person569_bacteria_2362.jpeg,skin disease,Pneumonia,train,1
C:\Users\hamza\Downloads\CancerVsPneumonia\CancerVsPneumonia\train\Pneumonia\person569_bacteria_2363.jpeg,person569_bacteria_2363.jpeg,skin disease,Pneumonia,train,1
C:\Users\hamza\Downloads\CancerVsPneumonia\CancerVsPneumonia\train\Pneumonia\person569_bacteria_2364.jpeg,person569_bacteria_2364.jpeg,skin disease,Pneumonia,train,1
C:\Users\hamza\Downloads\CancerVsPneumonia\CancerVsPneumonia\train\Pneumonia\person570_bacteria_2365.jpeg,person570_bacteria_2365.jpeg,skin disease,Pneumonia,train,1
C:\Users\hamza\Downloads\CancerVsPneumonia\CancerVsPneumonia\train\Pneumonia\person571_bacteria_2367.jpeg,person571_bacteria_2367.jpeg,skin disease,Pneumonia,train,1
C:\Users\hamza\Downloads\CancerVsPneumonia\CancerVsPneumonia\train\Pneumonia\person572_bacteria_2368.jpeg,person572_bacteria_2368.jpeg,skin disease,Pneumonia,train,1
C:\Users\hamza\Downloads\CancerVsPneumonia\CancerVsPneumonia\train\Pneumonia\person573_bacteria_2369.jpeg,person573_bacteria_2369.jpeg,skin disease,Pneumonia,train,1
C:\Users\hamza\Downloads\CancerVsPneumonia\CancerVsPneumonia\train\Pneumonia\person574_bacteria_2370.jpeg,person574_bacteria_2370.jpeg,skin disease,Pneumonia,train,1
C:\Users\hamza\Downloads\CancerVsPneumonia\CancerVsPneumonia\train\Pneumonia\person574_bacteria_2371.jpeg,person574_bacteria_2371.jpeg,skin disease,Pneumonia,train,1
C:\Users\hamza\Downloads\CancerVsPneumonia\CancerVsPneumonia\train\Pneumonia\person574_bacteria_2372.jpeg,person574_bacteria_2372.jpeg,skin disease,Pneumonia,train,1
C:\Users\hamza\Downloads\CancerVsPneumonia\CancerVsPneumonia\train\Pneumonia\person574_bacteria_2373.jpeg,person574_bacteria_2373.jpeg,skin disease,Pneumonia,train,1
C:\Users\hamza\Downloads\CancerVsPneumonia\CancerVsPneumonia\train\Pneumonia\person575_bacteria_2374.jpeg,person575_bacteria_2374.jpeg,skin disease,Pneumonia,train,1
C:\Users\hamza\Downloads\CancerVsPneumonia\CancerVsPneumonia\train\Pneumonia\person576_bacteria_2375.jpeg,person576_bacteria_2375.jpeg,skin disease,Pneumonia,train,1
C:\Users\hamza\Downloads\CancerVsPneumonia\CancerVsPneumonia\train\Pneumonia\person576_bacteria_2376.jpeg,person576_bacteria_2376.jpeg,skin disease,Pneumonia,train,1
C:\Users\hamza\Downloads\CancerVsPneumonia\CancerVsPneumonia\train\Pneumonia\person577_bacteria_2378.jpeg,person577_bacteria_2378.jpeg,skin disease,Pneumonia,train,1
C:\Users\hamza\Downloads\CancerVsPneumonia\CancerVsPneumonia\train\Pneumonia\person578_bacteria_2379.jpeg,person578_bacteria_2379.jpeg,skin disease,Pneumonia,train,1
C:\Users\hamza\Downloads\CancerVsPneumonia\CancerVsPneumonia\train\Pneumonia\person579_bacteria_2381.jpeg,person579_bacteria_2381.jpeg,skin disease,Pneumonia,train,1
C:\Users\hamza\Downloads\CancerVsPneumonia\CancerVsPneumonia\train\Pneumonia\person579_bacteria_2382.jpeg,person579_bacteria_2382.jpeg,skin disease,Pneumonia,train,1
C:\Users\hamza\Downloads\CancerVsPneumonia\CancerVsPneumonia\train\Pneumonia\person579_bacteria_2383.jpeg,person579_bacteria_2383.jpeg,skin disease,Pneumonia,train,1
C:\Users\hamza\Downloads\CancerVsPneumonia\CancerVsPneumonia\train\Pneumonia\person579_bacteria_2384.jpeg,person579_bacteria_2384.jpeg,skin disease,Pneumonia,train,1
C:\Users\hamza\Downloads\CancerVsPneumonia\CancerVsPneumonia\train\Pneumonia\person579_bacteria_2386.jpeg,person579_bacteria_2386.jpeg,skin disease,Pneumonia,train,1
C:\Users\hamza\Downloads\CancerVsPneumonia\CancerVsPneumonia\train\Pneumonia\person580_bacteria_2387.jpeg,person580_bacteria_2387.jpeg,skin disease,Pneumonia,train,1
C:\Users\hamza\Downloads\CancerVsPneumonia\CancerVsPneumonia\train\Pneumonia\person580_bacteria_2388.jpeg,person580_bacteria_2388.jpeg,skin disease,Pneumonia,train,1
C:\Users\hamza\Downloads\CancerVsPneumonia\CancerVsPneumonia\train\Pneumonia\person580_bacteria_2389.jpeg,person580_bacteria_2389.jpeg,skin disease,Pneumonia,train,1
C:\Users\hamza\Downloads\CancerVsPneumonia\CancerVsPneumonia\train\Pneumonia\person581_bacteria_2390.jpeg,person581_bacteria_2390.jpeg,skin disease,Pneumonia,train,1
C:\Users\hamza\Downloads\CancerVsPneumonia\CancerVsPneumonia\train\Pneumonia\person581_bacteria_2392.jpeg,person581_bacteria_2392.jpeg,skin disease,Pneumonia,train,1
C:\Users\hamza\Downloads\CancerVsPneumonia\CancerVsPneumonia\train\Pneumonia\person581_bacteria_2393.jpeg,person581_bacteria_2393.jpeg,skin disease,Pneumonia,train,1
C:\Users\hamza\Downloads\CancerVsPneumonia\CancerVsPneumonia\train\Pneumonia\person581_bacteria_2394.jpeg,person581_bacteria_2394.jpeg,skin disease,Pneumonia,train,1
C:\Users\hamza\Downloads\CancerVsPneumonia\CancerVsPneumonia\train\Pneumonia\person581_bacteria_2395.jpeg,person581_bacteria_2395.jpeg,skin disease,Pneumonia,train,1
C:\Users\hamza\Downloads\CancerVsPneumonia\CancerVsPneumonia\train\Pneumonia\person581_bacteria_2400.jpeg,person581_bacteria_2400.jpeg,skin disease,Pneumonia,train,1
C:\Users\hamza\Downloads\CancerVsPneumonia\CancerVsPneumonia\train\Pneumonia\person582_bacteria_2403.jpeg,person582_bacteria_2403.jpeg,skin disease,Pneumonia,train,1
C:\Users\hamza\Downloads\CancerVsPneumonia\CancerVsPneumonia\train\Pneumonia\person582_bacteria_2404.jpeg,person582_bacteria_2404.jpeg,skin disease,Pneumonia,train,1
C:\Users\hamza\Downloads\CancerVsPneumonia\CancerVsPneumonia\train\Pneumonia\person582_bacteria_2405.jpeg,person582_bacteria_2405.jpeg,skin disease,Pneumonia,train,1
C:\Users\hamza\Downloads\CancerVsPneumonia\CancerVsPneumonia\train\Pneumonia\person583_bacteria_2406.jpeg,person583_bacteria_2406.jpeg,skin disease,Pneumonia,train,1
C:\Users\hamza\Downloads\CancerVsPneumonia\CancerVsPneumonia\train\Pneumonia\person583_bacteria_2408.jpeg,person583_bacteria_2408.jpeg,skin disease,Pneumonia,train,1
C:\Users\hamza\Downloads\CancerVsPneumonia\CancerVsPneumonia\train\Pneumonia\person583_bacteria_2409.jpeg,person583_bacteria_2409.jpeg,skin disease,Pneumonia,train,1
C:\Users\hamza\Downloads\CancerVsPneumonia\CancerVsPneumonia\train\Pneumonia\person585_bacteria_2411.jpeg,person585_bacteria_2411.jpeg,skin disease,Pneumonia,train,1
C:\Users\hamza\Downloads\CancerVsPneumonia\CancerVsPneumonia\train\Pneumonia\person585_bacteria_2412.jpeg,person585_bacteria_2412.jpeg,skin disease,Pneumonia,train,1
C:\Users\hamza\Downloads\CancerVsPneumonia\CancerVsPneumonia\train\Pneumonia\person585_bacteria_2413.jpeg,person585_bacteria_2413.jpeg,skin disease,Pneumonia,train,1
C:\Users\hamza\Downloads\CancerVsPneumonia\CancerVsPneumonia\train\Pneumonia\person585_bacteria_2414.jpeg,person585_bacteria_2414.jpeg,skin disease,Pneumonia,train,1
C:\Users\hamza\Downloads\CancerVsPneumonia\CancerVsPneumonia\train\Pneumonia\person585_bacteria_2415.jpeg,person585_bacteria_2415.jpeg,skin disease,Pneumonia,train,1
C:\Users\hamza\Downloads\CancerVsPneumonia\CancerVsPneumonia\train\Pneumonia\person585_bacteria_2416.jpeg,person585_bacteria_2416.jpeg,skin disease,Pneumonia,train,1
C:\Users\hamza\Downloads\CancerVsPneumonia\CancerVsPneumonia\train\Pneumonia\person586_bacteria_2417.jpeg,person586_bacteria_2417.jpeg,skin disease,Pneumonia,train,1
C:\Users\hamza\Downloads\CancerVsPneumonia\CancerVsPneumonia\train\Pneumonia\person586_bacteria_2418.jpeg,person586_bacteria_2418.jpeg,skin disease,Pneumonia,train,1
C:\Users\hamza\Downloads\CancerVsPneumonia\CancerVsPneumonia\train\Pneumonia\person586_bacteria_2420.jpeg,person586_bacteria_2420.jpeg,skin disease,Pneumonia,train,1
C:\Users\hamza\Downloads\CancerVsPneumonia\CancerVsPneumonia\train\Pneumonia\person587_bacteria_2421.jpeg,person587_bacteria_2421.jpeg,skin disease,Pneumonia,train,1
C:\Users\hamza\Downloads\CancerVsPneumonia\CancerVsPneumonia\train\Pneumonia\person588_bacteria_2422.jpeg,person588_bacteria_2422.jpeg,skin disease,Pneumonia,train,1
C:\Users\hamza\Downloads\CancerVsPneumonia\CancerVsPneumonia\train\Pneumonia\person588_bacteria_2423.jpeg,person588_bacteria_2423.jpeg,skin disease,Pneumonia,train,1
C:\Users\hamza\Downloads\CancerVsPneumonia\CancerVsPneumonia\train\Pneumonia\person589_bacteria_2424.jpeg,person589_bacteria_2424.jpeg,skin disease,Pneumonia,train,1
C:\Users\hamza\Downloads\CancerVsPneumonia\CancerVsPneumonia\train\Pneumonia\person589_bacteria_2425.jpeg,person589_bacteria_2425.jpeg,skin disease,Pneumonia,train,1
C:\Users\hamza\Downloads\CancerVsPneumonia\CancerVsPneumonia\train\Pneumonia\person590_bacteria_2428.jpeg,person590_bacteria_2428.jpeg,skin disease,Pneumonia,train,1
C:\Users\hamza\Downloads\CancerVsPneumonia\CancerVsPneumonia\train\Pneumonia\person591_bacteria_2429.jpeg,person591_bacteria_2429.jpeg,skin disease,Pneumonia,train,1
C:\Users\hamza\Downloads\CancerVsPneumonia\CancerVsPneumonia\train\Pneumonia\person592_bacteria_2431.jpeg,person592_bacteria_2431.jpeg,skin disease,Pneumonia,train,1
C:\Users\hamza\Downloads\CancerVsPneumonia\CancerVsPneumonia\train\Pneumonia\person592_bacteria_2434.jpeg,person592_bacteria_2434.jpeg,skin disease,Pneumonia,train,1
C:\Users\hamza\Downloads\CancerVsPneumonia\CancerVsPneumonia\train\Pneumonia\person593_bacteria_2435.jpeg,person593_bacteria_2435.jpeg,skin disease,Pneumonia,train,1
C:\Users\hamza\Downloads\CancerVsPneumonia\CancerVsPneumonia\train\Pneumonia\person594_bacteria_2436.jpeg,person594_bacteria_2436.jpeg,skin disease,Pneumonia,train,1
C:\Users\hamza\Downloads\CancerVsPneumonia\CancerVsPneumonia\train\Pneumonia\person595_bacteria_2438.jpeg,person595_bacteria_2438.jpeg,skin disease,Pneumonia,train,1
C:\Users\hamza\Downloads\CancerVsPneumonia\CancerVsPneumonia\train\Pneumonia\person596_bacteria_2440.jpeg,person596_bacteria_2440.jpeg,skin disease,Pneumonia,train,1
C:\Users\hamza\Downloads\CancerVsPneumonia\CancerVsPneumonia\train\Pneumonia\person596_bacteria_2441.jpeg,person596_bacteria_2441.jpeg,skin disease,Pneumonia,train,1
C:\Users\hamza\Downloads\CancerVsPneumonia\CancerVsPneumonia\train\Pneumonia\person596_bacteria_2443.jpeg,person596_bacteria_2443.jpeg,skin disease,Pneumonia,train,1
C:\Users\hamza\Downloads\CancerVsPneumonia\CancerVsPneumonia\train\Pneumonia\person596_bacteria_2444.jpeg,person596_bacteria_2444.jpeg,skin disease,Pneumonia,train,1
C:\Users\hamza\Downloads\CancerVsPneumonia\CancerVsPneumonia\train\Pneumonia\person596_bacteria_2445.jpeg,person596_bacteria_2445.jpeg,skin disease,Pneumonia,train,1
C:\Users\hamza\Downloads\CancerVsPneumonia\CancerVsPneumonia\train\Pneumonia\person596_bacteria_2446.jpeg,person596_bacteria_2446.jpeg,skin disease,Pneumonia,train,1
C:\Users\hamza\Downloads\CancerVsPneumonia\CancerVsPneumonia\train\Pneumonia\person596_bacteria_2447.jpeg,person596_bacteria_2447.jpeg,skin disease,Pneumonia,train,1
C:\Users\hamza\Downloads\CancerVsPneumonia\CancerVsPneumonia\train\Pneumonia\person596_bacteria_2449.jpeg,person596_bacteria_2449.jpeg,skin disease,Pneumonia,train,1
C:\Users\hamza\Downloads\CancerVsPneumonia\CancerVsPneumonia\train\Pneumonia\person597_bacteria_2450.jpeg,person597_bacteria_2450.jpeg,skin disease,Pneumonia,train,1
C:\Users\hamza\Downloads\CancerVsPneumonia\CancerVsPneumonia\train\Pneumonia\person597_bacteria_2451.jpeg,person597_bacteria_2451.jpeg,skin disease,Pneumonia,train,1
C:\Users\hamza\Downloads\CancerVsPneumonia\CancerVsPneumonia\train\Pneumonia\person598_bacteria_2453.jpeg,person598_bacteria_2453.jpeg,skin disease,Pneumonia,train,1
C:\Users\hamza\Downloads\CancerVsPneumonia\CancerVsPneumonia\train\Pneumonia\person598_bacteria_2454.jpeg,person598_bacteria_2454.jpeg,skin disease,Pneumonia,train,1
C:\Users\hamza\Downloads\CancerVsPneumonia\CancerVsPneumonia\train\Pneumonia\person599_bacteria_2455.jpeg,person599_bacteria_2455.jpeg,skin disease,Pneumonia,train,1
C:\Users\hamza\Downloads\CancerVsPneumonia\CancerVsPneumonia\train\Pneumonia\person600_bacteria_2456.jpeg,person600_bacteria_2456.jpeg,skin disease,Pneumonia,train,1
C:\Users\hamza\Downloads\CancerVsPneumonia\CancerVsPneumonia\train\Pneumonia\person600_bacteria_2457.jpeg,person600_bacteria_2457.jpeg,skin disease,Pneumonia,train,1
C:\Users\hamza\Downloads\CancerVsPneumonia\CancerVsPneumonia\train\Pneumonia\person600_bacteria_2458.jpeg,person600_bacteria_2458.jpeg,skin disease,Pneumonia,train,1
C:\Users\hamza\Downloads\CancerVsPneumonia\CancerVsPneumonia\train\Pneumonia\person601_bacteria_2459.jpeg,person601_bacteria_2459.jpeg,skin disease,Pneumonia,train,1
C:\Users\hamza\Downloads\CancerVsPneumonia\CancerVsPneumonia\train\Pneumonia\person602_bacteria_2460.jpeg,person602_bacteria_2460.jpeg,skin disease,Pneumonia,train,1
C:\Users\hamza\Downloads\CancerVsPneumonia\CancerVsPneumonia\train\Pneumonia\person603_bacteria_2461.jpeg,person603_bacteria_2461.jpeg,skin disease,Pneumonia,train,1
C:\Users\hamza\Downloads\CancerVsPneumonia\CancerVsPneumonia\train\Pneumonia\person604_bacteria_2462.jpeg,person604_bacteria_2462.jpeg,skin disease,Pneumonia,train,1
C:\Users\hamza\Downloads\CancerVsPneumonia\CancerVsPneumonia\train\Pneumonia\person604_bacteria_2463.jpeg,person604_bacteria_2463.jpeg,skin disease,Pneumonia,train,1
C:\Users\hamza\Downloads\CancerVsPneumonia\CancerVsPneumonia\train\Pneumonia\person605_bacteria_2464.jpeg,person605_bacteria_2464.jpeg,skin disease,Pneumonia,train,1
C:\Users\hamza\Downloads\CancerVsPneumonia\CancerVsPneumonia\train\Pneumonia\person605_bacteria_2465.jpeg,person605_bacteria_2465.jpeg,skin disease,Pneumonia,train,1
C:\Users\hamza\Downloads\CancerVsPneumonia\CancerVsPneumonia\train\Pneumonia\person605_bacteria_2466.jpeg,person605_bacteria_2466.jpeg,skin disease,Pneumonia,train,1
C:\Users\hamza\Downloads\CancerVsPneumonia\CancerVsPneumonia\train\Pneumonia\person605_bacteria_2467.jpeg,person605_bacteria_2467.jpeg,skin disease,Pneumonia,train,1
C:\Users\hamza\Downloads\CancerVsPneumonia\CancerVsPneumonia\train\Pneumonia\person605_bacteria_2468.jpeg,person605_bacteria_2468.jpeg,skin disease,Pneumonia,train,1
C:\Users\hamza\Downloads\CancerVsPneumonia\CancerVsPneumonia\train\Pneumonia\person606_bacteria_2469.jpeg,person606_bacteria_2469.jpeg,skin disease,Pneumonia,train,1
C:\Users\hamza\Downloads\CancerVsPneumonia\CancerVsPneumonia\train\Pneumonia\person607_bacteria_2470.jpeg,person607_bacteria_2470.jpeg,skin disease,Pneumonia,train,1
C:\Users\hamza\Downloads\CancerVsPneumonia\CancerVsPneumonia\train\Pneumonia\person608_bacteria_2471.jpeg,person608_bacteria_2471.jpeg,skin disease,Pneumonia,train,1
C:\Users\hamza\Downloads\CancerVsPneumonia\CancerVsPneumonia\train\Pneumonia\person608_bacteria_2472.jpeg,person608_bacteria_2472.jpeg,skin disease,Pneumonia,train,1
C:\Users\hamza\Downloads\CancerVsPneumonia\CancerVsPneumonia\train\Pneumonia\person608_bacteria_2473.jpeg,person608_bacteria_2473.jpeg,skin disease,Pneumonia,train,1
C:\Users\hamza\Downloads\CancerVsPneumonia\CancerVsPneumonia\train\Pneumonia\person609_bacteria_2474.jpeg,person609_bacteria_2474.jpeg,skin disease,Pneumonia,train,1
C:\Users\hamza\Downloads\CancerVsPneumonia\CancerVsPneumonia\train\Pneumonia\person610_bacteria_2475.jpeg,person610_bacteria_2475.jpeg,skin disease,Pneumonia,train,1
C:\Users\hamza\Downloads\CancerVsPneumonia\CancerVsPneumonia\train\Pneumonia\person611_bacteria_2476.jpeg,person611_bacteria_2476.jpeg,skin disease,Pneumonia,train,1
C:\Users\hamza\Downloads\CancerVsPneumonia\CancerVsPneumonia\train\Pneumonia\person612_bacteria_2477.jpeg,person612_bacteria_2477.jpeg,skin disease,Pneumonia,train,1
C:\Users\hamza\Downloads\CancerVsPneumonia\CancerVsPneumonia\train\Pneumonia\person612_bacteria_2478.jpeg,person612_bacteria_2478.jpeg,skin disease,Pneumonia,train,1
C:\Users\hamza\Downloads\CancerVsPneumonia\CancerVsPneumonia\train\Pneumonia\person613_bacteria_2479.jpeg,person613_bacteria_2479.jpeg,skin disease,Pneumonia,train,1
C:\Users\hamza\Downloads\CancerVsPneumonia\CancerVsPneumonia\train\Pneumonia\person614_bacteria_2480.jpeg,person614_bacteria_2480.jpeg,skin disease,Pneumonia,train,1
C:\Users\hamza\Downloads\CancerVsPneumonia\CancerVsPneumonia\train\Pneumonia\person614_bacteria_2481.jpeg,person614_bacteria_2481.jpeg,skin disease,Pneumonia,train,1
C:\Users\hamza\Downloads\CancerVsPneumonia\CancerVsPneumonia\train\Pneumonia\person614_bacteria_2483.jpeg,person614_bacteria_2483.jpeg,skin disease,Pneumonia,train,1
C:\Users\hamza\Downloads\CancerVsPneumonia\CancerVsPneumonia\train\Pneumonia\person616_bacteria_2487.jpeg,person616_bacteria_2487.jpeg,skin disease,Pneumonia,train,1
C:\Users\hamza\Downloads\CancerVsPneumonia\CancerVsPneumonia\train\Pneumonia\person617_bacteria_2488.jpeg,person617_bacteria_2488.jpeg,skin disease,Pneumonia,train,1
C:\Users\hamza\Downloads\CancerVsPneumonia\CancerVsPneumonia\train\Pneumonia\person618_bacteria_2489.jpeg,person618_bacteria_2489.jpeg,skin disease,Pneumonia,train,1
C:\Users\hamza\Downloads\CancerVsPneumonia\CancerVsPneumonia\train\Pneumonia\person619_bacteria_2490.jpeg,person619_bacteria_2490.jpeg,skin disease,Pneumonia,train,1
C:\Users\hamza\Downloads\CancerVsPneumonia\CancerVsPneumonia\train\Pneumonia\person619_bacteria_2491.jpeg,person619_bacteria_2491.jpeg,skin disease,Pneumonia,train,1
C:\Users\hamza\Downloads\CancerVsPneumonia\CancerVsPneumonia\train\Pneumonia\person620_bacteria_2492.jpeg,person620_bacteria_2492.jpeg,skin disease,Pneumonia,train,1
C:\Users\hamza\Downloads\CancerVsPneumonia\CancerVsPneumonia\train\Pneumonia\person622_bacteria_2494.jpeg,person622_bacteria_2494.jpeg,skin disease,Pneumonia,train,1
C:\Users\hamza\Downloads\CancerVsPneumonia\CancerVsPneumonia\train\Pneumonia\person623_bacteria_2495.jpeg,person623_bacteria_2495.jpeg,skin disease,Pneumonia,train,1
C:\Users\hamza\Downloads\CancerVsPneumonia\CancerVsPneumonia\train\Pneumonia\person623_bacteria_2496.jpeg,person623_bacteria_2496.jpeg,skin disease,Pneumonia,train,1
C:\Users\hamza\Downloads\CancerVsPneumonia\CancerVsPneumonia\train\Pneumonia\person624_bacteria_2497.jpeg,person624_bacteria_2497.jpeg,skin disease,Pneumonia,train,1
C:\Users\hamza\Downloads\CancerVsPneumonia\CancerVsPneumonia\train\Pneumonia\person625_bacteria_2499.jpeg,person625_bacteria_2499.jpeg,skin disease,Pneumonia,train,1
C:\Users\hamza\Downloads\CancerVsPneumonia\CancerVsPneumonia\train\Pneumonia\person625_bacteria_2500.jpeg,person625_bacteria_2500.jpeg,skin disease,Pneumonia,train,1
C:\Users\hamza\Downloads\CancerVsPneumonia\CancerVsPneumonia\train\Pneumonia\person626_bacteria_2502.jpeg,person626_bacteria_2502.jpeg,skin disease,Pneumonia,train,1
C:\Users\hamza\Downloads\CancerVsPneumonia\CancerVsPneumonia\train\Pneumonia\person628_bacteria_2505.jpeg,person628_bacteria_2505.jpeg,skin disease,Pneumonia,train,1
C:\Users\hamza\Downloads\CancerVsPneumonia\CancerVsPneumonia\train\Pneumonia\person629_bacteria_2506.jpeg,person629_bacteria_2506.jpeg,skin disease,Pneumonia,train,1
C:\Users\hamza\Downloads\CancerVsPneumonia\CancerVsPneumonia\train\Pneumonia\person629_bacteria_2507.jpeg,person629_bacteria_2507.jpeg,skin disease,Pneumonia,train,1
C:\Users\hamza\Downloads\CancerVsPneumonia\CancerVsPneumonia\train\Pneumonia\person629_bacteria_2508.jpeg,person629_bacteria_2508.jpeg,skin disease,Pneumonia,train,1
C:\Users\hamza\Downloads\CancerVsPneumonia\CancerVsPneumonia\train\Pneumonia\person629_bacteria_2509.jpeg,person629_bacteria_2509.jpeg,skin disease,Pneumonia,train,1
C:\Users\hamza\Downloads\CancerVsPneumonia\CancerVsPneumonia\train\Pneumonia\person629_bacteria_2510.jpeg,person629_bacteria_2510.jpeg,skin disease,Pneumonia,train,1
C:\Users\hamza\Downloads\CancerVsPneumonia\CancerVsPneumonia\train\Pneumonia\person630_bacteria_2512.jpeg,person630_bacteria_2512.jpeg,skin disease,Pneumonia,train,1
C:\Users\hamza\Downloads\CancerVsPneumonia\CancerVsPneumonia\train\Pneumonia\person630_bacteria_2513.jpeg,person630_bacteria_2513.jpeg,skin disease,Pneumonia,train,1
C:\Users\hamza\Downloads\CancerVsPneumonia\CancerVsPneumonia\train\Pneumonia\person630_bacteria_2514.jpeg,person630_bacteria_2514.jpeg,skin disease,Pneumonia,train,1
C:\Users\hamza\Downloads\CancerVsPneumonia\CancerVsPneumonia\train\Pneumonia\person630_bacteria_2515.jpeg,person630_bacteria_2515.jpeg,skin disease,Pneumonia,train,1
C:\Users\hamza\Downloads\CancerVsPneumonia\CancerVsPneumonia\train\Pneumonia\person630_bacteria_2516.jpeg,person630_bacteria_2516.jpeg,skin disease,Pneumonia,train,1
C:\Users\hamza\Downloads\CancerVsPneumonia\CancerVsPneumonia\train\Pneumonia\person632_bacteria_2520.jpeg,person632_bacteria_2520.jpeg,skin disease,Pneumonia,train,1
C:\Users\hamza\Downloads\CancerVsPneumonia\CancerVsPneumonia\train\Pneumonia\person632_bacteria_2521.jpeg,person632_bacteria_2521.jpeg,skin disease,Pneumonia,train,1
C:\Users\hamza\Downloads\CancerVsPneumonia\CancerVsPneumonia\train\Pneumonia\person633_bacteria_2522.jpeg,person633_bacteria_2522.jpeg,skin disease,Pneumonia,train,1
C:\Users\hamza\Downloads\CancerVsPneumonia\CancerVsPneumonia\train\Pneumonia\person634_bacteria_2525.jpeg,person634_bacteria_2525.jpeg,skin disease,Pneumonia,train,1
C:\Users\hamza\Downloads\CancerVsPneumonia\CancerVsPneumonia\train\Pneumonia\person635_bacteria_2526.jpeg,person635_bacteria_2526.jpeg,skin disease,Pneumonia,train,1
C:\Users\hamza\Downloads\CancerVsPneumonia\CancerVsPneumonia\train\Pneumonia\person636_bacteria_2527.jpeg,person636_bacteria_2527.jpeg,skin disease,Pneumonia,train,1
C:\Users\hamza\Downloads\CancerVsPneumonia\CancerVsPneumonia\train\Pneumonia\person637_bacteria_2528.jpeg,person637_bacteria_2528.jpeg,skin disease,Pneumonia,train,1
C:\Users\hamza\Downloads\CancerVsPneumonia\CancerVsPneumonia\train\Pneumonia\person637_bacteria_2529.jpeg,person637_bacteria_2529.jpeg,skin disease,Pneumonia,train,1
C:\Users\hamza\Downloads\CancerVsPneumonia\CancerVsPneumonia\train\Pneumonia\person640_bacteria_2532.jpeg,person640_bacteria_2532.jpeg,skin disease,Pneumonia,train,1
C:\Users\hamza\Downloads\CancerVsPneumonia\CancerVsPneumonia\train\Pneumonia\person641_bacteria_2533.jpeg,person641_bacteria_2533.jpeg,skin disease,Pneumonia,train,1
C:\Users\hamza\Downloads\CancerVsPneumonia\CancerVsPneumonia\train\Pneumonia\person643_bacteria_2534.jpeg,person643_bacteria_2534.jpeg,skin disease,Pneumonia,train,1
C:\Users\hamza\Downloads\CancerVsPneumonia\CancerVsPneumonia\train\Pneumonia\person644_bacteria_2536.jpeg,person644_bacteria_2536.jpeg,skin disease,Pneumonia,train,1
C:\Users\hamza\Downloads\CancerVsPneumonia\CancerVsPneumonia\train\Pneumonia\person645_bacteria_2537.jpeg,person645_bacteria_2537.jpeg,skin disease,Pneumonia,train,1
C:\Users\hamza\Downloads\CancerVsPneumonia\CancerVsPneumonia\train\Pneumonia\person646_bacteria_2538.jpeg,person646_bacteria_2538.jpeg,skin disease,Pneumonia,train,1
C:\Users\hamza\Downloads\CancerVsPneumonia\CancerVsPneumonia\train\Pneumonia\person647_bacteria_2539.jpeg,person647_bacteria_2539.jpeg,skin disease,Pneumonia,train,1
C:\Users\hamza\Downloads\CancerVsPneumonia\CancerVsPneumonia\train\Pneumonia\person648_bacteria_2540.jpeg,person648_bacteria_2540.jpeg,skin disease,Pneumonia,train,1
C:\Users\hamza\Downloads\CancerVsPneumonia\CancerVsPneumonia\train\Pneumonia\person649_bacteria_2541.jpeg,person649_bacteria_2541.jpeg,skin disease,Pneumonia,train,1
C:\Users\hamza\Downloads\CancerVsPneumonia\CancerVsPneumonia\train\Pneumonia\person650_bacteria_2542.jpeg,person650_bacteria_2542.jpeg,skin disease,Pneumonia,train,1
C:\Users\hamza\Downloads\CancerVsPneumonia\CancerVsPneumonia\train\Pneumonia\person651_bacteria_2543.jpeg,person651_bacteria_2543.jpeg,skin disease,Pneumonia,train,1
C:\Users\hamza\Downloads\CancerVsPneumonia\CancerVsPneumonia\train\Pneumonia\person652_bacteria_2544.jpeg,person652_bacteria_2544.jpeg,skin disease,Pneumonia,train,1
C:\Users\hamza\Downloads\CancerVsPneumonia\CancerVsPneumonia\train\Pneumonia\person653_bacteria_2545.jpeg,person653_bacteria_2545.jpeg,skin disease,Pneumonia,train,1
C:\Users\hamza\Downloads\CancerVsPneumonia\CancerVsPneumonia\train\Pneumonia\person654_bacteria_2546.jpeg,person654_bacteria_2546.jpeg,skin disease,Pneumonia,train,1
C:\Users\hamza\Downloads\CancerVsPneumonia\CancerVsPneumonia\train\Pneumonia\person655_bacteria_2547.jpeg,person655_bacteria_2547.jpeg,skin disease,Pneumonia,train,1
C:\Users\hamza\Downloads\CancerVsPneumonia\CancerVsPneumonia\train\Pneumonia\person656_bacteria_2548.jpeg,person656_bacteria_2548.jpeg,skin disease,Pneumonia,train,1
C:\Users\hamza\Downloads\CancerVsPneumonia\CancerVsPneumonia\train\Pneumonia\person657_bacteria_2549.jpeg,person657_bacteria_2549.jpeg,skin disease,Pneumonia,train,1
C:\Users\hamza\Downloads\CancerVsPneumonia\CancerVsPneumonia\train\Pneumonia\person658_bacteria_2550.jpeg,person658_bacteria_2550.jpeg,skin disease,Pneumonia,train,1
C:\Users\hamza\Downloads\CancerVsPneumonia\CancerVsPneumonia\train\Pneumonia\person659_bacteria_2551.jpeg,person659_bacteria_2551.jpeg,skin disease,Pneumonia,train,1
C:\Users\hamza\Downloads\CancerVsPneumonia\CancerVsPneumonia\train\Pneumonia\person660_bacteria_2552.jpeg,person660_bacteria_2552.jpeg,skin disease,Pneumonia,train,1
C:\Users\hamza\Downloads\CancerVsPneumonia\CancerVsPneumonia\train\Pneumonia\person661_bacteria_2553.jpeg,person661_bacteria_2553.jpeg,skin disease,Pneumonia,train,1
C:\Users\hamza\Downloads\CancerVsPneumonia\CancerVsPneumonia\train\Pneumonia\person662_bacteria_2554.jpeg,person662_bacteria_2554.jpeg,skin disease,Pneumonia,train,1
C:\Users\hamza\Downloads\CancerVsPneumonia\CancerVsPneumonia\train\Pneumonia\person663_bacteria_2555.jpeg,person663_bacteria_2555.jpeg,skin disease,Pneumonia,train,1
C:\Users\hamza\Downloads\CancerVsPneumonia\CancerVsPneumonia\train\Pneumonia\person665_bacteria_2557.jpeg,person665_bacteria_2557.jpeg,skin disease,Pneumonia,train,1
C:\Users\hamza\Downloads\CancerVsPneumonia\CancerVsPneumonia\train\Pneumonia\person666_bacteria_2558.jpeg,person666_bacteria_2558.jpeg,skin disease,Pneumonia,train,1
C:\Users\hamza\Downloads\CancerVsPneumonia\CancerVsPneumonia\train\Pneumonia\person669_bacteria_2561.jpeg,person669_bacteria_2561.jpeg,skin disease,Pneumonia,train,1
C:\Users\hamza\Downloads\CancerVsPneumonia\CancerVsPneumonia\train\Pneumonia\person669_bacteria_2562.jpeg,person669_bacteria_2562.jpeg,skin disease,Pneumonia,train,1
C:\Users\hamza\Downloads\CancerVsPneumonia\CancerVsPneumonia\train\Pneumonia\person670_bacteria_2563.jpeg,person670_bacteria_2563.jpeg,skin disease,Pneumonia,train,1
C:\Users\hamza\Downloads\CancerVsPneumonia\CancerVsPneumonia\train\Pneumonia\person671_bacteria_2564.jpeg,person671_bacteria_2564.jpeg,skin disease,Pneumonia,train,1
C:\Users\hamza\Downloads\CancerVsPneumonia\CancerVsPneumonia\train\Pneumonia\person672_bacteria_2565.jpeg,person672_bacteria_2565.jpeg,skin disease,Pneumonia,train,1
C:\Users\hamza\Downloads\CancerVsPneumonia\CancerVsPneumonia\train\Pneumonia\person673_bacteria_2566.jpeg,person673_bacteria_2566.jpeg,skin disease,Pneumonia,train,1
C:\Users\hamza\Downloads\CancerVsPneumonia\CancerVsPneumonia\train\Pneumonia\person674_bacteria_2568.jpeg,person674_bacteria_2568.jpeg,skin disease,Pneumonia,train,1
C:\Users\hamza\Downloads\CancerVsPneumonia\CancerVsPneumonia\train\Pneumonia\person675_bacteria_2569.jpeg,person675_bacteria_2569.jpeg,skin disease,Pneumonia,train,1
C:\Users\hamza\Downloads\CancerVsPneumonia\CancerVsPneumonia\train\Pneumonia\person677_bacteria_2571.jpeg,person677_bacteria_2571.jpeg,skin disease,Pneumonia,train,1
C:\Users\hamza\Downloads\CancerVsPneumonia\CancerVsPneumonia\train\Pneumonia\person678_bacteria_2572.jpeg,person678_bacteria_2572.jpeg,skin disease,Pneumonia,train,1
C:\Users\hamza\Downloads\CancerVsPneumonia\CancerVsPneumonia\train\Pneumonia\person680_bacteria_2575.jpeg,person680_bacteria_2575.jpeg,skin disease,Pneumonia,train,1
C:\Users\hamza\Downloads\CancerVsPneumonia\CancerVsPneumonia\train\Pneumonia\person681_bacteria_2576.jpeg,person681_bacteria_2576.jpeg,skin disease,Pneumonia,train,1
C:\Users\hamza\Downloads\CancerVsPneumonia\CancerVsPneumonia\train\Pneumonia\person683_bacteria_2578.jpeg,person683_bacteria_2578.jpeg,skin disease,Pneumonia,train,1
C:\Users\hamza\Downloads\CancerVsPneumonia\CancerVsPneumonia\train\Pneumonia\person684_bacteria_2580.jpeg,person684_bacteria_2580.jpeg,skin disease,Pneumonia,train,1
C:\Users\hamza\Downloads\CancerVsPneumonia\CancerVsPneumonia\train\Pneumonia\person685_bacteria_2581.jpeg,person685_bacteria_2581.jpeg,skin disease,Pneumonia,train,1
C:\Users\hamza\Downloads\CancerVsPneumonia\CancerVsPneumonia\train\Pneumonia\person687_bacteria_2583.jpeg,person687_bacteria_2583.jpeg,skin disease,Pneumonia,train,1
C:\Users\hamza\Downloads\CancerVsPneumonia\CancerVsPneumonia\train\Pneumonia\person688_bacteria_2584.jpeg,person688_bacteria_2584.jpeg,skin disease,Pneumonia,train,1
C:\Users\hamza\Downloads\CancerVsPneumonia\CancerVsPneumonia\train\Pneumonia\person689_bacteria_2585.jpeg,person689_bacteria_2585.jpeg,skin disease,Pneumonia,train,1
C:\Users\hamza\Downloads\CancerVsPneumonia\CancerVsPneumonia\train\Pneumonia\person689_bacteria_2586.jpeg,person689_bacteria_2586.jpeg,skin disease,Pneumonia,train,1
C:\Users\hamza\Downloads\CancerVsPneumonia\CancerVsPneumonia\train\Pneumonia\person690_bacteria_2587.jpeg,person690_bacteria_2587.jpeg,skin disease,Pneumonia,train,1
C:\Users\hamza\Downloads\CancerVsPneumonia\CancerVsPneumonia\train\Pneumonia\person691_bacteria_2588.jpeg,person691_bacteria_2588.jpeg,skin disease,Pneumonia,train,1
C:\Users\hamza\Downloads\CancerVsPneumonia\CancerVsPneumonia\train\Pneumonia\person692_bacteria_2589.jpeg,person692_bacteria_2589.jpeg,skin disease,Pneumonia,train,1
C:\Users\hamza\Downloads\CancerVsPneumonia\CancerVsPneumonia\train\Pneumonia\person693_bacteria_2590.jpeg,person693_bacteria_2590.jpeg,skin disease,Pneumonia,train,1
C:\Users\hamza\Downloads\CancerVsPneumonia\CancerVsPneumonia\train\Pneumonia\person696_bacteria_2594.jpeg,person696_bacteria_2594.jpeg,skin disease,Pneumonia,train,1
C:\Users\hamza\Downloads\CancerVsPneumonia\CancerVsPneumonia\train\Pneumonia\person699_bacteria_2598.jpeg,person699_bacteria_2598.jpeg,skin disease,Pneumonia,train,1
C:\Users\hamza\Downloads\CancerVsPneumonia\CancerVsPneumonia\train\Pneumonia\person700_bacteria_2599.jpeg,person700_bacteria_2599.jpeg,skin disease,Pneumonia,train,1
C:\Users\hamza\Downloads\CancerVsPneumonia\CancerVsPneumonia\train\Pneumonia\person701_bacteria_2600.jpeg,person701_bacteria_2600.jpeg,skin disease,Pneumonia,train,1
C:\Users\hamza\Downloads\CancerVsPneumonia\CancerVsPneumonia\train\Pneumonia\person702_bacteria_2601.jpeg,person702_bacteria_2601.jpeg,skin disease,Pneumonia,train,1
C:\Users\hamza\Downloads\CancerVsPneumonia\CancerVsPneumonia\train\Pneumonia\person703_bacteria_2602.jpeg,person703_bacteria_2602.jpeg,skin disease,Pneumonia,train,1
C:\Users\hamza\Downloads\CancerVsPneumonia\CancerVsPneumonia\train\Pneumonia\person704_bacteria_2603.jpeg,person704_bacteria_2603.jpeg,skin disease,Pneumonia,train,1
C:\Users\hamza\Downloads\CancerVsPneumonia\CancerVsPneumonia\train\Pneumonia\person707_bacteria_2606.jpeg,person707_bacteria_2606.jpeg,skin disease,Pneumonia,train,1
C:\Users\hamza\Downloads\CancerVsPneumonia\CancerVsPneumonia\train\Pneumonia\person709_bacteria_2608.jpeg,person709_bacteria_2608.jpeg,skin disease,Pneumonia,train,1
C:\Users\hamza\Downloads\CancerVsPneumonia\CancerVsPneumonia\train\Pneumonia\person710_bacteria_2611.jpeg,person710_bacteria_2611.jpeg,skin disease,Pneumonia,train,1
C:\Users\hamza\Downloads\CancerVsPneumonia\CancerVsPneumonia\train\Pneumonia\person711_bacteria_2612.jpeg,person711_bacteria_2612.jpeg,skin disease,Pneumonia,train,1
C:\Users\hamza\Downloads\CancerVsPneumonia\CancerVsPneumonia\train\Pneumonia\person712_bacteria_2613.jpeg,person712_bacteria_2613.jpeg,skin disease,Pneumonia,train,1
C:\Users\hamza\Downloads\CancerVsPneumonia\CancerVsPneumonia\train\Pneumonia\person713_bacteria_2614.jpeg,person713_bacteria_2614.jpeg,skin disease,Pneumonia,train,1
C:\Users\hamza\Downloads\CancerVsPneumonia\CancerVsPneumonia\train\Pneumonia\person714_bacteria_2615.jpeg,person714_bacteria_2615.jpeg,skin disease,Pneumonia,train,1
C:\Users\hamza\Downloads\CancerVsPneumonia\CancerVsPneumonia\train\Pneumonia\person716_bacteria_2617.jpeg,person716_bacteria_2617.jpeg,skin disease,Pneumonia,train,1
C:\Users\hamza\Downloads\CancerVsPneumonia\CancerVsPneumonia\train\Pneumonia\person717_bacteria_2618.jpeg,person717_bacteria_2618.jpeg,skin disease,Pneumonia,train,1
C:\Users\hamza\Downloads\CancerVsPneumonia\CancerVsPneumonia\train\Pneumonia\person718_bacteria_2620.jpeg,person718_bacteria_2620.jpeg,skin disease,Pneumonia,train,1
C:\Users\hamza\Downloads\CancerVsPneumonia\CancerVsPneumonia\train\Pneumonia\person719_bacteria_2621.jpeg,person719_bacteria_2621.jpeg,skin disease,Pneumonia,train,1
C:\Users\hamza\Downloads\CancerVsPneumonia\CancerVsPneumonia\train\Pneumonia\person720_bacteria_2622.jpeg,person720_bacteria_2622.jpeg,skin disease,Pneumonia,train,1
C:\Users\hamza\Downloads\CancerVsPneumonia\CancerVsPneumonia\train\Pneumonia\person721_bacteria_2623.jpeg,person721_bacteria_2623.jpeg,skin disease,Pneumonia,train,1
C:\Users\hamza\Downloads\CancerVsPneumonia\CancerVsPneumonia\train\Pneumonia\person723_bacteria_2625.jpeg,person723_bacteria_2625.jpeg,skin disease,Pneumonia,train,1
C:\Users\hamza\Downloads\CancerVsPneumonia\CancerVsPneumonia\train\Pneumonia\person724_bacteria_2626.jpeg,person724_bacteria_2626.jpeg,skin disease,Pneumonia,train,1
C:\Users\hamza\Downloads\CancerVsPneumonia\CancerVsPneumonia\train\Pneumonia\person725_bacteria_2627.jpeg,person725_bacteria_2627.jpeg,skin disease,Pneumonia,train,1
C:\Users\hamza\Downloads\CancerVsPneumonia\CancerVsPneumonia\train\Pneumonia\person726_bacteria_2628.jpeg,person726_bacteria_2628.jpeg,skin disease,Pneumonia,train,1
C:\Users\hamza\Downloads\CancerVsPneumonia\CancerVsPneumonia\train\Pneumonia\person727_bacteria_2629.jpeg,person727_bacteria_2629.jpeg,skin disease,Pneumonia,train,1
C:\Users\hamza\Downloads\CancerVsPneumonia\CancerVsPneumonia\train\Pneumonia\person728_bacteria_2630.jpeg,person728_bacteria_2630.jpeg,skin disease,Pneumonia,train,1
C:\Users\hamza\Downloads\CancerVsPneumonia\CancerVsPneumonia\train\Pneumonia\person730_bacteria_2632.jpeg,person730_bacteria_2632.jpeg,skin disease,Pneumonia,train,1
C:\Users\hamza\Downloads\CancerVsPneumonia\CancerVsPneumonia\train\Pneumonia\person731_bacteria_2633.jpeg,person731_bacteria_2633.jpeg,skin disease,Pneumonia,train,1
C:\Users\hamza\Downloads\CancerVsPneumonia\CancerVsPneumonia\train\Pneumonia\person732_bacteria_2634.jpeg,person732_bacteria_2634.jpeg,skin disease,Pneumonia,train,1
C:\Users\hamza\Downloads\CancerVsPneumonia\CancerVsPneumonia\train\Pneumonia\person733_bacteria_2635.jpeg,person733_bacteria_2635.jpeg,skin disease,Pneumonia,train,1
C:\Users\hamza\Downloads\CancerVsPneumonia\CancerVsPneumonia\train\Pneumonia\person734_bacteria_2637.jpeg,person734_bacteria_2637.jpeg,skin disease,Pneumonia,train,1
C:\Users\hamza\Downloads\CancerVsPneumonia\CancerVsPneumonia\train\Pneumonia\person735_bacteria_2638.jpeg,person735_bacteria_2638.jpeg,skin disease,Pneumonia,train,1
C:\Users\hamza\Downloads\CancerVsPneumonia\CancerVsPneumonia\train\Pneumonia\person736_bacteria_2639.jpeg,person736_bacteria_2639.jpeg,skin disease,Pneumonia,train,1
C:\Users\hamza\Downloads\CancerVsPneumonia\CancerVsPneumonia\train\Pneumonia\person737_bacteria_2640.jpeg,person737_bacteria_2640.jpeg,skin disease,Pneumonia,train,1
C:\Users\hamza\Downloads\CancerVsPneumonia\CancerVsPneumonia\train\Pneumonia\person738_bacteria_2641.jpeg,person738_bacteria_2641.jpeg,skin disease,Pneumonia,train,1
C:\Users\hamza\Downloads\CancerVsPneumonia\CancerVsPneumonia\train\Pneumonia\person739_bacteria_2642.jpeg,person739_bacteria_2642.jpeg,skin disease,Pneumonia,train,1
C:\Users\hamza\Downloads\CancerVsPneumonia\CancerVsPneumonia\train\Pneumonia\person740_bacteria_2643.jpeg,person740_bacteria_2643.jpeg,skin disease,Pneumonia,train,1
C:\Users\hamza\Downloads\CancerVsPneumonia\CancerVsPneumonia\train\Pneumonia\person741_bacteria_2644.jpeg,person741_bacteria_2644.jpeg,skin disease,Pneumonia,train,1
C:\Users\hamza\Downloads\CancerVsPneumonia\CancerVsPneumonia\train\Pneumonia\person743_bacteria_2646.jpeg,person743_bacteria_2646.jpeg,skin disease,Pneumonia,train,1
C:\Users\hamza\Downloads\CancerVsPneumonia\CancerVsPneumonia\train\Pneumonia\person744_bacteria_2647.jpeg,person744_bacteria_2647.jpeg,skin disease,Pneumonia,train,1
C:\Users\hamza\Downloads\CancerVsPneumonia\CancerVsPneumonia\train\Pneumonia\person745_bacteria_2648.jpeg,person745_bacteria_2648.jpeg,skin disease,Pneumonia,train,1
C:\Users\hamza\Downloads\CancerVsPneumonia\CancerVsPneumonia\train\Pneumonia\person746_bacteria_2649.jpeg,person746_bacteria_2649.jpeg,skin disease,Pneumonia,train,1
C:\Users\hamza\Downloads\CancerVsPneumonia\CancerVsPneumonia\train\Pneumonia\person747_bacteria_2650.jpeg,person747_bacteria_2650.jpeg,skin disease,Pneumonia,train,1
C:\Users\hamza\Downloads\CancerVsPneumonia\CancerVsPneumonia\train\Pneumonia\person749_bacteria_2652.jpeg,person749_bacteria_2652.jpeg,skin disease,Pneumonia,train,1
C:\Users\hamza\Downloads\CancerVsPneumonia\CancerVsPneumonia\train\Pneumonia\person750_bacteria_2653.jpeg,person750_bacteria_2653.jpeg,skin disease,Pneumonia,train,1
C:\Users\hamza\Downloads\CancerVsPneumonia\CancerVsPneumonia\train\Pneumonia\person751_bacteria_2654.jpeg,person751_bacteria_2654.jpeg,skin disease,Pneumonia,train,1
C:\Users\hamza\Downloads\CancerVsPneumonia\CancerVsPneumonia\train\Pneumonia\person753_bacteria_2656.jpeg,person753_bacteria_2656.jpeg,skin disease,Pneumonia,train,1
C:\Users\hamza\Downloads\CancerVsPneumonia\CancerVsPneumonia\train\Pneumonia\person755_bacteria_2659.jpeg,person755_bacteria_2659.jpeg,skin disease,Pneumonia,train,1
C:\Users\hamza\Downloads\CancerVsPneumonia\CancerVsPneumonia\train\Pneumonia\person756_bacteria_2660.jpeg,person756_bacteria_2660.jpeg,skin disease,Pneumonia,train,1
C:\Users\hamza\Downloads\CancerVsPneumonia\CancerVsPneumonia\train\Pneumonia\person757_bacteria_2661.jpeg,person757_bacteria_2661.jpeg,skin disease,Pneumonia,train,1
C:\Users\hamza\Downloads\CancerVsPneumonia\CancerVsPneumonia\train\Pneumonia\person758_bacteria_2662.jpeg,person758_bacteria_2662.jpeg,skin disease,Pneumonia,train,1
C:\Users\hamza\Downloads\CancerVsPneumonia\CancerVsPneumonia\train\Pneumonia\person759_bacteria_2663.jpeg,person759_bacteria_2663.jpeg,skin disease,Pneumonia,train,1
C:\Users\hamza\Downloads\CancerVsPneumonia\CancerVsPneumonia\train\Pneumonia\person760_bacteria_2664.jpeg,person760_bacteria_2664.jpeg,skin disease,Pneumonia,train,1
C:\Users\hamza\Downloads\CancerVsPneumonia\CancerVsPneumonia\train\Pneumonia\person761_bacteria_2665.jpeg,person761_bacteria_2665.jpeg,skin disease,Pneumonia,train,1
C:\Users\hamza\Downloads\CancerVsPneumonia\CancerVsPneumonia\train\Pneumonia\person763_bacteria_2667.jpeg,person763_bacteria_2667.jpeg,skin disease,Pneumonia,train,1
C:\Users\hamza\Downloads\CancerVsPneumonia\CancerVsPneumonia\train\Pneumonia\person764_bacteria_2668.jpeg,person764_bacteria_2668.jpeg,skin disease,Pneumonia,train,1
C:\Users\hamza\Downloads\CancerVsPneumonia\CancerVsPneumonia\train\Pneumonia\person765_bacteria_2669.jpeg,person765_bacteria_2669.jpeg,skin disease,Pneumonia,train,1
C:\Users\hamza\Downloads\CancerVsPneumonia\CancerVsPneumonia\train\Pneumonia\person766_bacteria_2670.jpeg,person766_bacteria_2670.jpeg,skin disease,Pneumonia,train,1
C:\Users\hamza\Downloads\CancerVsPneumonia\CancerVsPneumonia\train\Pneumonia\person767_bacteria_2671.jpeg,person767_bacteria_2671.jpeg,skin disease,Pneumonia,train,1
C:\Users\hamza\Downloads\CancerVsPneumonia\CancerVsPneumonia\train\Pneumonia\person768_bacteria_2672.jpeg,person768_bacteria_2672.jpeg,skin disease,Pneumonia,train,1
C:\Users\hamza\Downloads\CancerVsPneumonia\CancerVsPneumonia\train\Pneumonia\person769_bacteria_2673.jpeg,person769_bacteria_2673.jpeg,skin disease,Pneumonia,train,1
C:\Users\hamza\Downloads\CancerVsPneumonia\CancerVsPneumonia\train\Pneumonia\person770_bacteria_2674.jpeg,person770_bacteria_2674.jpeg,skin disease,Pneumonia,train,1
C:\Users\hamza\Downloads\CancerVsPneumonia\CancerVsPneumonia\train\Pneumonia\person771_bacteria_2675.jpeg,person771_bacteria_2675.jpeg,skin disease,Pneumonia,train,1
C:\Users\hamza\Downloads\CancerVsPneumonia\CancerVsPneumonia\train\Pneumonia\person774_bacteria_2678.jpeg,person774_bacteria_2678.jpeg,skin disease,Pneumonia,train,1
C:\Users\hamza\Downloads\CancerVsPneumonia\CancerVsPneumonia\train\Pneumonia\person775_bacteria_2679.jpeg,person775_bacteria_2679.jpeg,skin disease,Pneumonia,train,1
C:\Users\hamza\Downloads\CancerVsPneumonia\CancerVsPneumonia\train\Pneumonia\person776_bacteria_2680.jpeg,person776_bacteria_2680.jpeg,skin disease,Pneumonia,train,1
C:\Users\hamza\Downloads\CancerVsPneumonia\CancerVsPneumonia\train\Pneumonia\person778_bacteria_2682.jpeg,person778_bacteria_2682.jpeg,skin disease,Pneumonia,train,1
C:\Users\hamza\Downloads\CancerVsPneumonia\CancerVsPneumonia\train\Pneumonia\person779_bacteria_2683.jpeg,person779_bacteria_2683.jpeg,skin disease,Pneumonia,train,1
C:\Users\hamza\Downloads\CancerVsPneumonia\CancerVsPneumonia\train\Pneumonia\person780_bacteria_2684.jpeg,person780_bacteria_2684.jpeg,skin disease,Pneumonia,train,1
C:\Users\hamza\Downloads\CancerVsPneumonia\CancerVsPneumonia\train\Pneumonia\person782_bacteria_2686.jpeg,person782_bacteria_2686.jpeg,skin disease,Pneumonia,train,1
C:\Users\hamza\Downloads\CancerVsPneumonia\CancerVsPneumonia\train\Pneumonia\person783_bacteria_2687.jpeg,person783_bacteria_2687.jpeg,skin disease,Pneumonia,train,1
C:\Users\hamza\Downloads\CancerVsPneumonia\CancerVsPneumonia\train\Pneumonia\person785_bacteria_2689.jpeg,person785_bacteria_2689.jpeg,skin disease,Pneumonia,train,1
C:\Users\hamza\Downloads\CancerVsPneumonia\CancerVsPneumonia\train\Pneumonia\person786_bacteria_2690.jpeg,person786_bacteria_2690.jpeg,skin disease,Pneumonia,train,1
C:\Users\hamza\Downloads\CancerVsPneumonia\CancerVsPneumonia\train\Pneumonia\person787_bacteria_2691.jpeg,person787_bacteria_2691.jpeg,skin disease,Pneumonia,train,1
C:\Users\hamza\Downloads\CancerVsPneumonia\CancerVsPneumonia\train\Pneumonia\person789_bacteria_2694.jpeg,person789_bacteria_2694.jpeg,skin disease,Pneumonia,train,1
C:\Users\hamza\Downloads\CancerVsPneumonia\CancerVsPneumonia\train\Pneumonia\person794_bacteria_2700.jpeg,person794_bacteria_2700.jpeg,skin disease,Pneumonia,train,1
C:\Users\hamza\Downloads\CancerVsPneumonia\CancerVsPneumonia\train\Pneumonia\person796_bacteria_2702.jpeg,person796_bacteria_2702.jpeg,skin disease,Pneumonia,train,1
C:\Users\hamza\Downloads\CancerVsPneumonia\CancerVsPneumonia\train\Pneumonia\person799_bacteria_2705.jpeg,person799_bacteria_2705.jpeg,skin disease,Pneumonia,train,1
C:\Users\hamza\Downloads\CancerVsPneumonia\CancerVsPneumonia\train\Pneumonia\person800_bacteria_2706.jpeg,person800_bacteria_2706.jpeg,skin disease,Pneumonia,train,1
C:\Users\hamza\Downloads\CancerVsPneumonia\CancerVsPneumonia\train\Pneumonia\person802_bacteria_2708.jpeg,person802_bacteria_2708.jpeg,skin disease,Pneumonia,train,1
C:\Users\hamza\Downloads\CancerVsPneumonia\CancerVsPneumonia\train\Pneumonia\person803_bacteria_2710.jpeg,person803_bacteria_2710.jpeg,skin disease,Pneumonia,train,1
C:\Users\hamza\Downloads\CancerVsPneumonia\CancerVsPneumonia\train\Pneumonia\person804_bacteria_2711.jpeg,person804_bacteria_2711.jpeg,skin disease,Pneumonia,train,1
C:\Users\hamza\Downloads\CancerVsPneumonia\CancerVsPneumonia\train\Pneumonia\person805_bacteria_2712.jpeg,person805_bacteria_2712.jpeg,skin disease,Pneumonia,train,1
C:\Users\hamza\Downloads\CancerVsPneumonia\CancerVsPneumonia\train\Pneumonia\person808_bacteria_2716.jpeg,person808_bacteria_2716.jpeg,skin disease,Pneumonia,train,1
C:\Users\hamza\Downloads\CancerVsPneumonia\CancerVsPneumonia\train\Pneumonia\person809_bacteria_2717.jpeg,person809_bacteria_2717.jpeg,skin disease,Pneumonia,train,1
C:\Users\hamza\Downloads\CancerVsPneumonia\CancerVsPneumonia\train\Pneumonia\person809_bacteria_2718.jpeg,person809_bacteria_2718.jpeg,skin disease,Pneumonia,train,1
C:\Users\hamza\Downloads\CancerVsPneumonia\CancerVsPneumonia\train\Pneumonia\person810_bacteria_2719.jpeg,person810_bacteria_2719.jpeg,skin disease,Pneumonia,train,1
C:\Users\hamza\Downloads\CancerVsPneumonia\CancerVsPneumonia\train\Pneumonia\person811_bacteria_2721.jpeg,person811_bacteria_2721.jpeg,skin disease,Pneumonia,train,1
C:\Users\hamza\Downloads\CancerVsPneumonia\CancerVsPneumonia\train\Pneumonia\person813_bacteria_2723.jpeg,person813_bacteria_2723.jpeg,skin disease,Pneumonia,train,1
C:\Users\hamza\Downloads\CancerVsPneumonia\CancerVsPneumonia\train\Pneumonia\person813_bacteria_2724.jpeg,person813_bacteria_2724.jpeg,skin disease,Pneumonia,train,1
C:\Users\hamza\Downloads\CancerVsPneumonia\CancerVsPneumonia\train\Pneumonia\person814_bacteria_2725.jpeg,person814_bacteria_2725.jpeg,skin disease,Pneumonia,train,1
C:\Users\hamza\Downloads\CancerVsPneumonia\CancerVsPneumonia\train\Pneumonia\person815_bacteria_2726.jpeg,person815_bacteria_2726.jpeg,skin disease,Pneumonia,train,1
C:\Users\hamza\Downloads\CancerVsPneumonia\CancerVsPneumonia\train\Pneumonia\person816_bacteria_2727.jpeg,person816_bacteria_2727.jpeg,skin disease,Pneumonia,train,1
C:\Users\hamza\Downloads\CancerVsPneumonia\CancerVsPneumonia\train\Pneumonia\person817_bacteria_2728.jpeg,person817_bacteria_2728.jpeg,skin disease,Pneumonia,train,1
C:\Users\hamza\Downloads\CancerVsPneumonia\CancerVsPneumonia\train\Pneumonia\person818_bacteria_2729.jpeg,person818_bacteria_2729.jpeg,skin disease,Pneumonia,train,1
C:\Users\hamza\Downloads\CancerVsPneumonia\CancerVsPneumonia\train\Pneumonia\person819_bacteria_2730.jpeg,person819_bacteria_2730.jpeg,skin disease,Pneumonia,train,1
C:\Users\hamza\Downloads\CancerVsPneumonia\CancerVsPneumonia\train\Pneumonia\person820_bacteria_2731.jpeg,person820_bacteria_2731.jpeg,skin disease,Pneumonia,train,1
C:\Users\hamza\Downloads\CancerVsPneumonia\CancerVsPneumonia\train\Pneumonia\person825_bacteria_2736.jpeg,person825_bacteria_2736.jpeg,skin disease,Pneumonia,train,1
C:\Users\hamza\Downloads\CancerVsPneumonia\CancerVsPneumonia\train\Pneumonia\person826_bacteria_2737.jpeg,person826_bacteria_2737.jpeg,skin disease,Pneumonia,train,1
C:\Users\hamza\Downloads\CancerVsPneumonia\CancerVsPneumonia\train\Pneumonia\person827_bacteria_2738.jpeg,person827_bacteria_2738.jpeg,skin disease,Pneumonia,train,1
C:\Users\hamza\Downloads\CancerVsPneumonia\CancerVsPneumonia\train\Pneumonia\person829_bacteria_2740.jpeg,person829_bacteria_2740.jpeg,skin disease,Pneumonia,train,1
C:\Users\hamza\Downloads\CancerVsPneumonia\CancerVsPneumonia\train\Pneumonia\person830_bacteria_2741.jpeg,person830_bacteria_2741.jpeg,skin disease,Pneumonia,train,1
C:\Users\hamza\Downloads\CancerVsPneumonia\CancerVsPneumonia\train\Pneumonia\person831_bacteria_2742.jpeg,person831_bacteria_2742.jpeg,skin disease,Pneumonia,train,1
C:\Users\hamza\Downloads\CancerVsPneumonia\CancerVsPneumonia\train\Pneumonia\person832_bacteria_2743.jpeg,person832_bacteria_2743.jpeg,skin disease,Pneumonia,train,1
C:\Users\hamza\Downloads\CancerVsPneumonia\CancerVsPneumonia\train\Pneumonia\person834_bacteria_2747.jpeg,person834_bacteria_2747.jpeg,skin disease,Pneumonia,train,1
C:\Users\hamza\Downloads\CancerVsPneumonia\CancerVsPneumonia\train\Pneumonia\person834_bacteria_2748.jpeg,person834_bacteria_2748.jpeg,skin disease,Pneumonia,train,1
C:\Users\hamza\Downloads\CancerVsPneumonia\CancerVsPneumonia\train\Pneumonia\person835_bacteria_2749.jpeg,person835_bacteria_2749.jpeg,skin disease,Pneumonia,train,1
C:\Users\hamza\Downloads\CancerVsPneumonia\CancerVsPneumonia\train\Pneumonia\person835_bacteria_2750.jpeg,person835_bacteria_2750.jpeg,skin disease,Pneumonia,train,1
C:\Users\hamza\Downloads\CancerVsPneumonia\CancerVsPneumonia\train\Pneumonia\person836_bacteria_2752.jpeg,person836_bacteria_2752.jpeg,skin disease,Pneumonia,train,1
C:\Users\hamza\Downloads\CancerVsPneumonia\CancerVsPneumonia\train\Pneumonia\person837_bacteria_2753.jpeg,person837_bacteria_2753.jpeg,skin disease,Pneumonia,train,1
C:\Users\hamza\Downloads\CancerVsPneumonia\CancerVsPneumonia\train\Pneumonia\person837_bacteria_2754.jpeg,person837_bacteria_2754.jpeg,skin disease,Pneumonia,train,1
C:\Users\hamza\Downloads\CancerVsPneumonia\CancerVsPneumonia\train\Pneumonia\person839_bacteria_2757.jpeg,person839_bacteria_2757.jpeg,skin disease,Pneumonia,train,1
C:\Users\hamza\Downloads\CancerVsPneumonia\CancerVsPneumonia\train\Pneumonia\person840_bacteria_2758.jpeg,person840_bacteria_2758.jpeg,skin disease,Pneumonia,train,1
C:\Users\hamza\Downloads\CancerVsPneumonia\CancerVsPneumonia\train\Pneumonia\person840_bacteria_2759.jpeg,person840_bacteria_2759.jpeg,skin disease,Pneumonia,train,1
C:\Users\hamza\Downloads\CancerVsPneumonia\CancerVsPneumonia\train\Pneumonia\person841_bacteria_2760.jpeg,person841_bacteria_2760.jpeg,skin disease,Pneumonia,train,1
C:\Users\hamza\Downloads\CancerVsPneumonia\CancerVsPneumonia\train\Pneumonia\person841_bacteria_2761.jpeg,person841_bacteria_2761.jpeg,skin disease,Pneumonia,train,1
C:\Users\hamza\Downloads\CancerVsPneumonia\CancerVsPneumonia\train\Pneumonia\person842_bacteria_2762.jpeg,person842_bacteria_2762.jpeg,skin disease,Pneumonia,train,1
C:\Users\hamza\Downloads\CancerVsPneumonia\CancerVsPneumonia\train\Pneumonia\person843_bacteria_2763.jpeg,person843_bacteria_2763.jpeg,skin disease,Pneumonia,train,1
C:\Users\hamza\Downloads\CancerVsPneumonia\CancerVsPneumonia\train\Pneumonia\person846_bacteria_2766.jpeg,person846_bacteria_2766.jpeg,skin disease,Pneumonia,train,1
C:\Users\hamza\Downloads\CancerVsPneumonia\CancerVsPneumonia\train\Pneumonia\person847_bacteria_2767.jpeg,person847_bacteria_2767.jpeg,skin disease,Pneumonia,train,1
C:\Users\hamza\Downloads\CancerVsPneumonia\CancerVsPneumonia\train\Pneumonia\person848_bacteria_2769.jpeg,person848_bacteria_2769.jpeg,skin disease,Pneumonia,train,1
C:\Users\hamza\Downloads\CancerVsPneumonia\CancerVsPneumonia\train\Pneumonia\person849_bacteria_2770.jpeg,person849_bacteria_2770.jpeg,skin disease,Pneumonia,train,1
C:\Users\hamza\Downloads\CancerVsPneumonia\CancerVsPneumonia\train\Pneumonia\person850_bacteria_2771.jpeg,person850_bacteria_2771.jpeg,skin disease,Pneumonia,train,1
C:\Users\hamza\Downloads\CancerVsPneumonia\CancerVsPneumonia\train\Pneumonia\person853_bacteria_2774.jpeg,person853_bacteria_2774.jpeg,skin disease,Pneumonia,train,1
C:\Users\hamza\Downloads\CancerVsPneumonia\CancerVsPneumonia\train\Pneumonia\person853_bacteria_2775.jpeg,person853_bacteria_2775.jpeg,skin disease,Pneumonia,train,1
C:\Users\hamza\Downloads\CancerVsPneumonia\CancerVsPneumonia\train\Pneumonia\person854_bacteria_2776.jpeg,person854_bacteria_2776.jpeg,skin disease,Pneumonia,train,1
C:\Users\hamza\Downloads\CancerVsPneumonia\CancerVsPneumonia\train\Pneumonia\person855_bacteria_2777.jpeg,person855_bacteria_2777.jpeg,skin disease,Pneumonia,train,1
C:\Users\hamza\Downloads\CancerVsPneumonia\CancerVsPneumonia\train\Pneumonia\person858_bacteria_2780.jpeg,person858_bacteria_2780.jpeg,skin disease,Pneumonia,train,1
C:\Users\hamza\Downloads\CancerVsPneumonia\CancerVsPneumonia\train\Pneumonia\person862_bacteria_2784.jpeg,person862_bacteria_2784.jpeg,skin disease,Pneumonia,train,1
C:\Users\hamza\Downloads\CancerVsPneumonia\CancerVsPneumonia\train\Pneumonia\person863_bacteria_2785.jpeg,person863_bacteria_2785.jpeg,skin disease,Pneumonia,train,1
C:\Users\hamza\Downloads\CancerVsPneumonia\CancerVsPneumonia\train\Pneumonia\person866_bacteria_2788.jpeg,person866_bacteria_2788.jpeg,skin disease,Pneumonia,train,1
C:\Users\hamza\Downloads\CancerVsPneumonia\CancerVsPneumonia\train\Pneumonia\person867_bacteria_2789.jpeg,person867_bacteria_2789.jpeg,skin disease,Pneumonia,train,1
C:\Users\hamza\Downloads\CancerVsPneumonia\CancerVsPneumonia\train\Pneumonia\person870_bacteria_2792.jpeg,person870_bacteria_2792.jpeg,skin disease,Pneumonia,train,1
C:\Users\hamza\Downloads\CancerVsPneumonia\CancerVsPneumonia\train\Pneumonia\person871_bacteria_2793.jpeg,person871_bacteria_2793.jpeg,skin disease,Pneumonia,train,1
C:\Users\hamza\Downloads\CancerVsPneumonia\CancerVsPneumonia\train\Pneumonia\person872_bacteria_2795.jpeg,person872_bacteria_2795.jpeg,skin disease,Pneumonia,train,1
C:\Users\hamza\Downloads\CancerVsPneumonia\CancerVsPneumonia\train\Pneumonia\person873_bacteria_2796.jpeg,person873_bacteria_2796.jpeg,skin disease,Pneumonia,train,1
C:\Users\hamza\Downloads\CancerVsPneumonia\CancerVsPneumonia\train\Pneumonia\person874_bacteria_2797.jpeg,person874_bacteria_2797.jpeg,skin disease,Pneumonia,train,1
C:\Users\hamza\Downloads\CancerVsPneumonia\CancerVsPneumonia\train\Pneumonia\person875_bacteria_2798.jpeg,person875_bacteria_2798.jpeg,skin disease,Pneumonia,train,1
C:\Users\hamza\Downloads\CancerVsPneumonia\CancerVsPneumonia\train\Pneumonia\person876_bacteria_2799.jpeg,person876_bacteria_2799.jpeg,skin disease,Pneumonia,train,1
C:\Users\hamza\Downloads\CancerVsPneumonia\CancerVsPneumonia\train\Pneumonia\person877_bacteria_2800.jpeg,person877_bacteria_2800.jpeg,skin disease,Pneumonia,train,1
C:\Users\hamza\Downloads\CancerVsPneumonia\CancerVsPneumonia\train\Pneumonia\person878_bacteria_2801.jpeg,person878_bacteria_2801.jpeg,skin disease,Pneumonia,train,1
C:\Users\hamza\Downloads\CancerVsPneumonia\CancerVsPneumonia\train\Pneumonia\person880_bacteria_2804.jpeg,person880_bacteria_2804.jpeg,skin disease,Pneumonia,train,1
C:\Users\hamza\Downloads\CancerVsPneumonia\CancerVsPneumonia\train\Pneumonia\person881_bacteria_2805.jpeg,person881_bacteria_2805.jpeg,skin disease,Pneumonia,train,1
C:\Users\hamza\Downloads\CancerVsPneumonia\CancerVsPneumonia\train\Pneumonia\person882_bacteria_2806.jpeg,person882_bacteria_2806.jpeg,skin disease,Pneumonia,train,1
C:\Users\hamza\Downloads\CancerVsPneumonia\CancerVsPneumonia\train\Pneumonia\person883_bacteria_2807.jpeg,person883_bacteria_2807.jpeg,skin disease,Pneumonia,train,1
C:\Users\hamza\Downloads\CancerVsPneumonia\CancerVsPneumonia\train\Pneumonia\person884_bacteria_2808.jpeg,person884_bacteria_2808.jpeg,skin disease,Pneumonia,train,1
C:\Users\hamza\Downloads\CancerVsPneumonia\CancerVsPneumonia\train\Pneumonia\person885_bacteria_2809.jpeg,person885_bacteria_2809.jpeg,skin disease,Pneumonia,train,1
C:\Users\hamza\Downloads\CancerVsPneumonia\CancerVsPneumonia\train\Pneumonia\person886_bacteria_2810.jpeg,person886_bacteria_2810.jpeg,skin disease,Pneumonia,train,1
C:\Users\hamza\Downloads\CancerVsPneumonia\CancerVsPneumonia\train\Pneumonia\person887_bacteria_2811.jpeg,person887_bacteria_2811.jpeg,skin disease,Pneumonia,train,1
C:\Users\hamza\Downloads\CancerVsPneumonia\CancerVsPneumonia\train\Pneumonia\person888_bacteria_2812.jpeg,person888_bacteria_2812.jpeg,skin disease,Pneumonia,train,1
C:\Users\hamza\Downloads\CancerVsPneumonia\CancerVsPneumonia\train\Pneumonia\person889_bacteria_2813.jpeg,person889_bacteria_2813.jpeg,skin disease,Pneumonia,train,1
C:\Users\hamza\Downloads\CancerVsPneumonia\CancerVsPneumonia\train\Pneumonia\person890_bacteria_2814.jpeg,person890_bacteria_2814.jpeg,skin disease,Pneumonia,train,1
C:\Users\hamza\Downloads\CancerVsPneumonia\CancerVsPneumonia\train\Pneumonia\person892_bacteria_2817.jpeg,person892_bacteria_2817.jpeg,skin disease,Pneumonia,train,1
C:\Users\hamza\Downloads\CancerVsPneumonia\CancerVsPneumonia\train\Pneumonia\person893_bacteria_2818.jpeg,person893_bacteria_2818.jpeg,skin disease,Pneumonia,train,1
C:\Users\hamza\Downloads\CancerVsPneumonia\CancerVsPneumonia\train\Pneumonia\person894_bacteria_2819.jpeg,person894_bacteria_2819.jpeg,skin disease,Pneumonia,train,1
C:\Users\hamza\Downloads\CancerVsPneumonia\CancerVsPneumonia\train\Pneumonia\person895_bacteria_2820.jpeg,person895_bacteria_2820.jpeg,skin disease,Pneumonia,train,1
C:\Users\hamza\Downloads\CancerVsPneumonia\CancerVsPneumonia\train\Pneumonia\person896_bacteria_2821.jpeg,person896_bacteria_2821.jpeg,skin disease,Pneumonia,train,1
C:\Users\hamza\Downloads\CancerVsPneumonia\CancerVsPneumonia\train\Pneumonia\person897_bacteria_2822.jpeg,person897_bacteria_2822.jpeg,skin disease,Pneumonia,train,1
C:\Users\hamza\Downloads\CancerVsPneumonia\CancerVsPneumonia\train\Pneumonia\person898_bacteria_2823.jpeg,person898_bacteria_2823.jpeg,skin disease,Pneumonia,train,1
C:\Users\hamza\Downloads\CancerVsPneumonia\CancerVsPneumonia\train\Pneumonia\person902_bacteria_2827.jpeg,person902_bacteria_2827.jpeg,skin disease,Pneumonia,train,1
C:\Users\hamza\Downloads\CancerVsPneumonia\CancerVsPneumonia\train\Pneumonia\person903_bacteria_2828.jpeg,person903_bacteria_2828.jpeg,skin disease,Pneumonia,train,1
C:\Users\hamza\Downloads\CancerVsPneumonia\CancerVsPneumonia\train\Pneumonia\person904_bacteria_2829.jpeg,person904_bacteria_2829.jpeg,skin disease,Pneumonia,train,1
C:\Users\hamza\Downloads\CancerVsPneumonia\CancerVsPneumonia\train\Pneumonia\person905_bacteria_2830.jpeg,person905_bacteria_2830.jpeg,skin disease,Pneumonia,train,1
C:\Users\hamza\Downloads\CancerVsPneumonia\CancerVsPneumonia\train\Pneumonia\person906_bacteria_2831.jpeg,person906_bacteria_2831.jpeg,skin disease,Pneumonia,train,1
C:\Users\hamza\Downloads\CancerVsPneumonia\CancerVsPneumonia\train\Pneumonia\person907_bacteria_2832.jpeg,person907_bacteria_2832.jpeg,skin disease,Pneumonia,train,1
C:\Users\hamza\Downloads\CancerVsPneumonia\CancerVsPneumonia\train\Pneumonia\person909_bacteria_2834.jpeg,person909_bacteria_2834.jpeg,skin disease,Pneumonia,train,1
C:\Users\hamza\Downloads\CancerVsPneumonia\CancerVsPneumonia\train\Pneumonia\person911_bacteria_2836.jpeg,person911_bacteria_2836.jpeg,skin disease,Pneumonia,train,1
C:\Users\hamza\Downloads\CancerVsPneumonia\CancerVsPneumonia\train\Pneumonia\person912_bacteria_2837.jpeg,person912_bacteria_2837.jpeg,skin disease,Pneumonia,train,1
C:\Users\hamza\Downloads\CancerVsPneumonia\CancerVsPneumonia\train\Pneumonia\person913_bacteria_2838.jpeg,person913_bacteria_2838.jpeg,skin disease,Pneumonia,train,1
C:\Users\hamza\Downloads\CancerVsPneumonia\CancerVsPneumonia\train\Pneumonia\person914_bacteria_2839.jpeg,person914_bacteria_2839.jpeg,skin disease,Pneumonia,train,1
C:\Users\hamza\Downloads\CancerVsPneumonia\CancerVsPneumonia\train\Pneumonia\person916_bacteria_2841.jpeg,person916_bacteria_2841.jpeg,skin disease,Pneumonia,train,1
C:\Users\hamza\Downloads\CancerVsPneumonia\CancerVsPneumonia\train\Pneumonia\person917_bacteria_2842.jpeg,person917_bacteria_2842.jpeg,skin disease,Pneumonia,train,1
C:\Users\hamza\Downloads\CancerVsPneumonia\CancerVsPneumonia\train\Pneumonia\person918_bacteria_2843.jpeg,person918_bacteria_2843.jpeg,skin disease,Pneumonia,train,1
C:\Users\hamza\Downloads\CancerVsPneumonia\CancerVsPneumonia\train\Pneumonia\person919_bacteria_2844.jpeg,person919_bacteria_2844.jpeg,skin disease,Pneumonia,train,1
C:\Users\hamza\Downloads\CancerVsPneumonia\CancerVsPneumonia\train\Pneumonia\person920_bacteria_2845.jpeg,person920_bacteria_2845.jpeg,skin disease,Pneumonia,train,1
C:\Users\hamza\Downloads\CancerVsPneumonia\CancerVsPneumonia\train\Pneumonia\person921_bacteria_2846.jpeg,person921_bacteria_2846.jpeg,skin disease,Pneumonia,train,1
C:\Users\hamza\Downloads\CancerVsPneumonia\CancerVsPneumonia\train\Pneumonia\person922_bacteria_2847.jpeg,person922_bacteria_2847.jpeg,skin disease,Pneumonia,train,1
C:\Users\hamza\Downloads\CancerVsPneumonia\CancerVsPneumonia\train\Pneumonia\person923_bacteria_2848.jpeg,person923_bacteria_2848.jpeg,skin disease,Pneumonia,train,1
C:\Users\hamza\Downloads\CancerVsPneumonia\CancerVsPneumonia\train\Pneumonia\person924_bacteria_2849.jpeg,person924_bacteria_2849.jpeg,skin disease,Pneumonia,train,1
C:\Users\hamza\Downloads\CancerVsPneumonia\CancerVsPneumonia\train\Pneumonia\person925_bacteria_2850.jpeg,person925_bacteria_2850.jpeg,skin disease,Pneumonia,train,1
C:\Users\hamza\Downloads\CancerVsPneumonia\CancerVsPneumonia\train\Pneumonia\person927_bacteria_2852.jpeg,person927_bacteria_2852.jpeg,skin disease,Pneumonia,train,1
C:\Users\hamza\Downloads\CancerVsPneumonia\CancerVsPneumonia\train\Pneumonia\person929_bacteria_2854.jpeg,person929_bacteria_2854.jpeg,skin disease,Pneumonia,train,1
C:\Users\hamza\Downloads\CancerVsPneumonia\CancerVsPneumonia\train\Pneumonia\person930_bacteria_2855.jpeg,person930_bacteria_2855.jpeg,skin disease,Pneumonia,train,1
C:\Users\hamza\Downloads\CancerVsPneumonia\CancerVsPneumonia\train\Pneumonia\person931_bacteria_2856.jpeg,person931_bacteria_2856.jpeg,skin disease,Pneumonia,train,1
C:\Users\hamza\Downloads\CancerVsPneumonia\CancerVsPneumonia\train\Pneumonia\person933_bacteria_2858.jpeg,person933_bacteria_2858.jpeg,skin disease,Pneumonia,train,1
C:\Users\hamza\Downloads\CancerVsPneumonia\CancerVsPneumonia\train\Pneumonia\person934_bacteria_2859.jpeg,person934_bacteria_2859.jpeg,skin disease,Pneumonia,train,1
C:\Users\hamza\Downloads\CancerVsPneumonia\CancerVsPneumonia\train\Pneumonia\person936_bacteria_2861.jpeg,person936_bacteria_2861.jpeg,skin disease,Pneumonia,train,1
C:\Users\hamza\Downloads\CancerVsPneumonia\CancerVsPneumonia\train\Pneumonia\person937_bacteria_2862.jpeg,person937_bacteria_2862.jpeg,skin disease,Pneumonia,train,1
C:\Users\hamza\Downloads\CancerVsPneumonia\CancerVsPneumonia\train\Pneumonia\person938_bacteria_2863.jpeg,person938_bacteria_2863.jpeg,skin disease,Pneumonia,train,1
C:\Users\hamza\Downloads\CancerVsPneumonia\CancerVsPneumonia\train\Pneumonia\person939_bacteria_2864.jpeg,person939_bacteria_2864.jpeg,skin disease,Pneumonia,train,1
C:\Users\hamza\Downloads\CancerVsPneumonia\CancerVsPneumonia\train\Pneumonia\person940_bacteria_2865.jpeg,person940_bacteria_2865.jpeg,skin disease,Pneumonia,train,1
C:\Users\hamza\Downloads\CancerVsPneumonia\CancerVsPneumonia\train\Pneumonia\person942_bacteria_2867.jpeg,person942_bacteria_2867.jpeg,skin disease,Pneumonia,train,1
C:\Users\hamza\Downloads\CancerVsPneumonia\CancerVsPneumonia\train\Pneumonia\person943_bacteria_2868.jpeg,person943_bacteria_2868.jpeg,skin disease,Pneumonia,train,1
C:\Users\hamza\Downloads\CancerVsPneumonia\CancerVsPneumonia\train\Pneumonia\person944_bacteria_2869.jpeg,person944_bacteria_2869.jpeg,skin disease,Pneumonia,train,1
C:\Users\hamza\Downloads\CancerVsPneumonia\CancerVsPneumonia\train\Pneumonia\person945_bacteria_2870.jpeg,person945_bacteria_2870.jpeg,skin disease,Pneumonia,train,1
C:\Users\hamza\Downloads\CancerVsPneumonia\CancerVsPneumonia\train\Pneumonia\person946_bacteria_2871.jpeg,person946_bacteria_2871.jpeg,skin disease,Pneumonia,train,1
C:\Users\hamza\Downloads\CancerVsPneumonia\CancerVsPneumonia\train\Pneumonia\person947_bacteria_2872.jpeg,person947_bacteria_2872.jpeg,skin disease,Pneumonia,train,1
C:\Users\hamza\Downloads\CancerVsPneumonia\CancerVsPneumonia\train\Pneumonia\person949_bacteria_2874.jpeg,person949_bacteria_2874.jpeg,skin disease,Pneumonia,train,1
C:\Users\hamza\Downloads\CancerVsPneumonia\CancerVsPneumonia\train\Pneumonia\person951_bacteria_2876.jpeg,person951_bacteria_2876.jpeg,skin disease,Pneumonia,train,1
C:\Users\hamza\Downloads\CancerVsPneumonia\CancerVsPneumonia\train\Pneumonia\person952_bacteria_2877.jpeg,person952_bacteria_2877.jpeg,skin disease,Pneumonia,train,1
C:\Users\hamza\Downloads\CancerVsPneumonia\CancerVsPneumonia\train\Pneumonia\person953_bacteria_2878.jpeg,person953_bacteria_2878.jpeg,skin disease,Pneumonia,train,1
C:\Users\hamza\Downloads\CancerVsPneumonia\CancerVsPneumonia\train\Pneumonia\person954_bacteria_2879.jpeg,person954_bacteria_2879.jpeg,skin disease,Pneumonia,train,1
C:\Users\hamza\Downloads\CancerVsPneumonia\CancerVsPneumonia\train\Pneumonia\person955_bacteria_2880.jpeg,person955_bacteria_2880.jpeg,skin disease,Pneumonia,train,1
C:\Users\hamza\Downloads\CancerVsPneumonia\CancerVsPneumonia\train\Pneumonia\person956_bacteria_2881.jpeg,person956_bacteria_2881.jpeg,skin disease,Pneumonia,train,1
C:\Users\hamza\Downloads\CancerVsPneumonia\CancerVsPneumonia\train\Pneumonia\person957_bacteria_2882.jpeg,person957_bacteria_2882.jpeg,skin disease,Pneumonia,train,1
C:\Users\hamza\Downloads\CancerVsPneumonia\CancerVsPneumonia\train\Pneumonia\person958_bacteria_2883.jpeg,person958_bacteria_2883.jpeg,skin disease,Pneumonia,train,1
C:\Users\hamza\Downloads\CancerVsPneumonia\CancerVsPneumonia\train\Pneumonia\person959_bacteria_2884.jpeg,person959_bacteria_2884.jpeg,skin disease,Pneumonia,train,1
C:\Users\hamza\Downloads\CancerVsPneumonia\CancerVsPneumonia\train\Pneumonia\person960_bacteria_2885.jpeg,person960_bacteria_2885.jpeg,skin disease,Pneumonia,train,1
C:\Users\hamza\Downloads\CancerVsPneumonia\CancerVsPneumonia\train\Pneumonia\person961_bacteria_2886.jpeg,person961_bacteria_2886.jpeg,skin disease,Pneumonia,train,1
C:\Users\hamza\Downloads\CancerVsPneumonia\CancerVsPneumonia\train\Pneumonia\person962_bacteria_2887.jpeg,person962_bacteria_2887.jpeg,skin disease,Pneumonia,train,1
C:\Users\hamza\Downloads\CancerVsPneumonia\CancerVsPneumonia\train\Pneumonia\person963_bacteria_2888.jpeg,person963_bacteria_2888.jpeg,skin disease,Pneumonia,train,1
C:\Users\hamza\Downloads\CancerVsPneumonia\CancerVsPneumonia\train\Pneumonia\person964_bacteria_2889.jpeg,person964_bacteria_2889.jpeg,skin disease,Pneumonia,train,1
C:\Users\hamza\Downloads\CancerVsPneumonia\CancerVsPneumonia\train\Pneumonia\person965_bacteria_2890.jpeg,person965_bacteria_2890.jpeg,skin disease,Pneumonia,train,1
C:\Users\hamza\Downloads\CancerVsPneumonia\CancerVsPneumonia\train\Pneumonia\person966_bacteria_2891.jpeg,person966_bacteria_2891.jpeg,skin disease,Pneumonia,train,1
C:\Users\hamza\Downloads\CancerVsPneumonia\CancerVsPneumonia\train\Pneumonia\person967_bacteria_2892.jpeg,person967_bacteria_2892.jpeg,skin disease,Pneumonia,train,1
C:\Users\hamza\Downloads\CancerVsPneumonia\CancerVsPneumonia\train\Pneumonia\person968_bacteria_2893.jpeg,person968_bacteria_2893.jpeg,skin disease,Pneumonia,train,1
C:\Users\hamza\Downloads\CancerVsPneumonia\CancerVsPneumonia\train\Pneumonia\person969_bacteria_2894.jpeg,person969_bacteria_2894.jpeg,skin disease,Pneumonia,train,1
C:\Users\hamza\Downloads\CancerVsPneumonia\CancerVsPneumonia\train\Pneumonia\person970_bacteria_2895.jpeg,person970_bacteria_2895.jpeg,skin disease,Pneumonia,train,1
C:\Users\hamza\Downloads\CancerVsPneumonia\CancerVsPneumonia\train\Pneumonia\person971_bacteria_2896.jpeg,person971_bacteria_2896.jpeg,skin disease,Pneumonia,train,1
C:\Users\hamza\Downloads\CancerVsPneumonia\CancerVsPneumonia\train\Pneumonia\person972_bacteria_2897.jpeg,person972_bacteria_2897.jpeg,skin disease,Pneumonia,train,1
C:\Users\hamza\Downloads\CancerVsPneumonia\CancerVsPneumonia\train\Pneumonia\person974_bacteria_2899.jpeg,person974_bacteria_2899.jpeg,skin disease,Pneumonia,train,1
C:\Users\hamza\Downloads\CancerVsPneumonia\CancerVsPneumonia\train\Pneumonia\person976_bacteria_2901.jpeg,person976_bacteria_2901.jpeg,skin disease,Pneumonia,train,1
C:\Users\hamza\Downloads\CancerVsPneumonia\CancerVsPneumonia\train\Pneumonia\person977_bacteria_2902.jpeg,person977_bacteria_2902.jpeg,skin disease,Pneumonia,train,1
C:\Users\hamza\Downloads\CancerVsPneumonia\CancerVsPneumonia\train\Pneumonia\person978_bacteria_2904.jpeg,person978_bacteria_2904.jpeg,skin disease,Pneumonia,train,1
C:\Users\hamza\Downloads\CancerVsPneumonia\CancerVsPneumonia\train\Pneumonia\person979_bacteria_2905.jpeg,person979_bacteria_2905.jpeg,skin disease,Pneumonia,train,1
C:\Users\hamza\Downloads\CancerVsPneumonia\CancerVsPneumonia\train\Pneumonia\person980_bacteria_2906.jpeg,person980_bacteria_2906.jpeg,skin disease,Pneumonia,train,1
C:\Users\hamza\Downloads\CancerVsPneumonia\CancerVsPneumonia\train\Pneumonia\person981_bacteria_2907.jpeg,person981_bacteria_2907.jpeg,skin disease,Pneumonia,train,1
C:\Users\hamza\Downloads\CancerVsPneumonia\CancerVsPneumonia\train\Pneumonia\person981_bacteria_2908.jpeg,person981_bacteria_2908.jpeg,skin disease,Pneumonia,train,1
C:\Users\hamza\Downloads\CancerVsPneumonia\CancerVsPneumonia\train\Pneumonia\person982_bacteria_2909.jpeg,person982_bacteria_2909.jpeg,skin disease,Pneumonia,train,1
C:\Users\hamza\Downloads\CancerVsPneumonia\CancerVsPneumonia\train\Pneumonia\person983_bacteria_2910.jpeg,person983_bacteria_2910.jpeg,skin disease,Pneumonia,train,1
C:\Users\hamza\Downloads\CancerVsPneumonia\CancerVsPneumonia\train\Pneumonia\person984_bacteria_2911.jpeg,person984_bacteria_2911.jpeg,skin disease,Pneumonia,train,1
C:\Users\hamza\Downloads\CancerVsPneumonia\CancerVsPneumonia\train\Pneumonia\person985_bacteria_2912.jpeg,person985_bacteria_2912.jpeg,skin disease,Pneumonia,train,1
C:\Users\hamza\Downloads\CancerVsPneumonia\CancerVsPneumonia\train\Pneumonia\person986_bacteria_2913.jpeg,person986_bacteria_2913.jpeg,skin disease,Pneumonia,train,1
C:\Users\hamza\Downloads\CancerVsPneumonia\CancerVsPneumonia\train\Pneumonia\person987_bacteria_2914.jpeg,person987_bacteria_2914.jpeg,skin disease,Pneumonia,train,1
C:\Users\hamza\Downloads\CancerVsPneumonia\CancerVsPneumonia\train\Pneumonia\person988_bacteria_2915.jpeg,person988_bacteria_2915.jpeg,skin disease,Pneumonia,train,1
C:\Users\hamza\Downloads\CancerVsPneumonia\CancerVsPneumonia\train\Pneumonia\person990_bacteria_2917.jpeg,person990_bacteria_2917.jpeg,skin disease,Pneumonia,train,1
C:\Users\hamza\Downloads\CancerVsPneumonia\CancerVsPneumonia\train\Pneumonia\person991_bacteria_2918.jpeg,person991_bacteria_2918.jpeg,skin disease,Pneumonia,train,1
C:\Users\hamza\Downloads\CancerVsPneumonia\CancerVsPneumonia\train\Pneumonia\person992_bacteria_2919.jpeg,person992_bacteria_2919.jpeg,skin disease,Pneumonia,train,1
C:\Users\hamza\Downloads\CancerVsPneumonia\CancerVsPneumonia\train\Pneumonia\person992_bacteria_2920.jpeg,person992_bacteria_2920.jpeg,skin disease,Pneumonia,train,1
C:\Users\hamza\Downloads\CancerVsPneumonia\CancerVsPneumonia\train\Pneumonia\person993_bacteria_2921.jpeg,person993_bacteria_2921.jpeg,skin disease,Pneumonia,train,1
C:\Users\hamza\Downloads\CancerVsPneumonia\CancerVsPneumonia\train\Pneumonia\person994_bacteria_2922.jpeg,person994_bacteria_2922.jpeg,skin disease,Pneumonia,train,1
C:\Users\hamza\Downloads\CancerVsPneumonia\CancerVsPneumonia\train\Pneumonia\person995_bacteria_2923.jpeg,person995_bacteria_2923.jpeg,skin disease,Pneumonia,train,1
C:\Users\hamza\Downloads\CancerVsPneumonia\CancerVsPneumonia\train\Pneumonia\person996_bacteria_2924.jpeg,person996_bacteria_2924.jpeg,skin disease,Pneumonia,train,1
C:\Users\hamza\Downloads\CancerVsPneumonia\CancerVsPneumonia\train\Pneumonia\person997_bacteria_2926.jpeg,person997_bacteria_2926.jpeg,skin disease,Pneumonia,train,1
C:\Users\hamza\Downloads\CancerVsPneumonia\CancerVsPneumonia\train\Pneumonia\person998_bacteria_2927.jpeg,person998_bacteria_2927.jpeg,skin disease,Pneumonia,train,1
C:\Users\hamza\Downloads\CancerVsPneumonia\CancerVsPneumonia\train\Pneumonia\person998_bacteria_2928.jpeg,person998_bacteria_2928.jpeg,skin disease,Pneumonia,train,1
C:\Users\hamza\Downloads\CancerVsPneumonia\CancerVsPneumonia\train\Lung Cancer\CANCER_POSITIVE_254.png,CANCER_POSITIVE_254.png,skin disease,Lung Cancer,train,0
C:\Users\hamza\Downloads\CancerVsPneumonia\CancerVsPneumonia\train\Lung Cancer\CANCER_POSITIVE_255.png,CANCER_POSITIVE_255.png,skin disease,Lung Cancer,train,0
C:\Users\hamza\Downloads\CancerVsPneumonia\CancerVsPneumonia\train\Lung Cancer\CANCER_POSITIVE_256.png,CANCER_POSITIVE_256.png,skin disease,Lung Cancer,train,0
C:\Users\hamza\Downloads\CancerVsPneumonia\CancerVsPneumonia\train\Lung Cancer\CANCER_POSITIVE_257.png,CANCER_POSITIVE_257.png,skin disease,Lung Cancer,train,0
C:\Users\hamza\Downloads\CancerVsPneumonia\CancerVsPneumonia\train\Lung Cancer\CANCER_POSITIVE_258.png,CANCER_POSITIVE_258.png,skin disease,Lung Cancer,train,0
C:\Users\hamza\Downloads\CancerVsPneumonia\CancerVsPneumonia\train\Lung Cancer\CANCER_POSITIVE_259.png,CANCER_POSITIVE_259.png,skin disease,Lung Cancer,train,0
C:\Users\hamza\Downloads\CancerVsPneumonia\CancerVsPneumonia\train\Lung Cancer\CANCER_POSITIVE_26.png,CANCER_POSITIVE_26.png,skin disease,Lung Cancer,train,0
C:\Users\hamza\Downloads\CancerVsPneumonia\CancerVsPneumonia\train\Lung Cancer\CANCER_POSITIVE_260.png,CANCER_POSITIVE_260.png,skin disease,Lung Cancer,train,0
C:\Users\hamza\Downloads\CancerVsPneumonia\CancerVsPneumonia\train\Lung Cancer\CANCER_POSITIVE_261.png,CANCER_POSITIVE_261.png,skin disease,Lung Cancer,train,0
C:\Users\hamza\Downloads\CancerVsPneumonia\CancerVsPneumonia\train\Lung Cancer\CANCER_POSITIVE_262.png,CANCER_POSITIVE_262.png,skin disease,Lung Cancer,train,0
C:\Users\hamza\Downloads\CancerVsPneumonia\CancerVsPneumonia\train\Lung Cancer\CANCER_POSITIVE_263.png,CANCER_POSITIVE_263.png,skin disease,Lung Cancer,train,0
C:\Users\hamza\Downloads\CancerVsPneumonia\CancerVsPneumonia\train\Lung Cancer\CANCER_POSITIVE_264.png,CANCER_POSITIVE_264.png,skin disease,Lung Cancer,train,0
C:\Users\hamza\Downloads\CancerVsPneumonia\CancerVsPneumonia\train\Lung Cancer\CANCER_POSITIVE_265.png,CANCER_POSITIVE_265.png,skin disease,Lung Cancer,train,0
C:\Users\hamza\Downloads\CancerVsPneumonia\CancerVsPneumonia\train\Lung Cancer\CANCER_POSITIVE_266.png,CANCER_POSITIVE_266.png,skin disease,Lung Cancer,train,0
C:\Users\hamza\Downloads\CancerVsPneumonia\CancerVsPneumonia\train\Lung Cancer\CANCER_POSITIVE_267.png,CANCER_POSITIVE_267.png,skin disease,Lung Cancer,train,0
C:\Users\hamza\Downloads\CancerVsPneumonia\CancerVsPneumonia\train\Lung Cancer\CANCER_POSITIVE_268.png,CANCER_POSITIVE_268.png,skin disease,Lung Cancer,train,0
C:\Users\hamza\Downloads\CancerVsPneumonia\CancerVsPneumonia\train\Lung Cancer\CANCER_POSITIVE_269.png,CANCER_POSITIVE_269.png,skin disease,Lung Cancer,train,0
C:\Users\hamza\Downloads\CancerVsPneumonia\CancerVsPneumonia\train\Lung Cancer\CANCER_POSITIVE_27.png,CANCER_POSITIVE_27.png,skin disease,Lung Cancer,train,0
C:\Users\hamza\Downloads\CancerVsPneumonia\CancerVsPneumonia\train\Lung Cancer\CANCER_POSITIVE_270.png,CANCER_POSITIVE_270.png,skin disease,Lung Cancer,train,0
C:\Users\hamza\Downloads\CancerVsPneumonia\CancerVsPneumonia\train\Lung Cancer\CANCER_POSITIVE_271.png,CANCER_POSITIVE_271.png,skin disease,Lung Cancer,train,0
C:\Users\hamza\Downloads\CancerVsPneumonia\CancerVsPneumonia\train\Lung Cancer\CANCER_POSITIVE_272.png,CANCER_POSITIVE_272.png,skin disease,Lung Cancer,train,0
C:\Users\hamza\Downloads\CancerVsPneumonia\CancerVsPneumonia\train\Lung Cancer\CANCER_POSITIVE_273.png,CANCER_POSITIVE_273.png,skin disease,Lung Cancer,train,0
C:\Users\hamza\Downloads\CancerVsPneumonia\CancerVsPneumonia\train\Lung Cancer\CANCER_POSITIVE_274.png,CANCER_POSITIVE_274.png,skin disease,Lung Cancer,train,0
C:\Users\hamza\Downloads\CancerVsPneumonia\CancerVsPneumonia\train\Lung Cancer\CANCER_POSITIVE_275.png,CANCER_POSITIVE_275.png,skin disease,Lung Cancer,train,0
C:\Users\hamza\Downloads\CancerVsPneumonia\CancerVsPneumonia\train\Lung Cancer\CANCER_POSITIVE_276.png,CANCER_POSITIVE_276.png,skin disease,Lung Cancer,train,0
C:\Users\hamza\Downloads\CancerVsPneumonia\CancerVsPneumonia\train\Lung Cancer\CANCER_POSITIVE_277.png,CANCER_POSITIVE_277.png,skin disease,Lung Cancer,train,0
C:\Users\hamza\Downloads\CancerVsPneumonia\CancerVsPneumonia\train\Lung Cancer\CANCER_POSITIVE_278.png,CANCER_POSITIVE_278.png,skin disease,Lung Cancer,train,0
C:\Users\hamza\Downloads\CancerVsPneumonia\CancerVsPneumonia\train\Lung Cancer\CANCER_POSITIVE_279.png,CANCER_POSITIVE_279.png,skin disease,Lung Cancer,train,0
C:\Users\hamza\Downloads\CancerVsPneumonia\CancerVsPneumonia\train\Lung Cancer\CANCER_POSITIVE_28.png,CANCER_POSITIVE_28.png,skin disease,Lung Cancer,train,0
C:\Users\hamza\Downloads\CancerVsPneumonia\CancerVsPneumonia\train\Lung Cancer\CANCER_POSITIVE_280.png,CANCER_POSITIVE_280.png,skin disease,Lung Cancer,train,0
C:\Users\hamza\Downloads\CancerVsPneumonia\CancerVsPneumonia\train\Lung Cancer\CANCER_POSITIVE_281.png,CANCER_POSITIVE_281.png,skin disease,Lung Cancer,train,0
C:\Users\hamza\Downloads\CancerVsPneumonia\CancerVsPneumonia\train\Lung Cancer\CANCER_POSITIVE_282.png,CANCER_POSITIVE_282.png,skin disease,Lung Cancer,train,0
C:\Users\hamza\Downloads\CancerVsPneumonia\CancerVsPneumonia\train\Lung Cancer\CANCER_POSITIVE_283.png,CANCER_POSITIVE_283.png,skin disease,Lung Cancer,train,0
C:\Users\hamza\Downloads\CancerVsPneumonia\CancerVsPneumonia\train\Lung Cancer\CANCER_POSITIVE_284.png,CANCER_POSITIVE_284.png,skin disease,Lung Cancer,train,0
C:\Users\hamza\Downloads\CancerVsPneumonia\CancerVsPneumonia\train\Lung Cancer\CANCER_POSITIVE_285.png,CANCER_POSITIVE_285.png,skin disease,Lung Cancer,train,0
C:\Users\hamza\Downloads\CancerVsPneumonia\CancerVsPneumonia\train\Lung Cancer\CANCER_POSITIVE_286.png,CANCER_POSITIVE_286.png,skin disease,Lung Cancer,train,0
C:\Users\hamza\Downloads\CancerVsPneumonia\CancerVsPneumonia\train\Lung Cancer\CANCER_POSITIVE_287.png,CANCER_POSITIVE_287.png,skin disease,Lung Cancer,train,0
C:\Users\hamza\Downloads\CancerVsPneumonia\CancerVsPneumonia\train\Lung Cancer\CANCER_POSITIVE_288.png,CANCER_POSITIVE_288.png,skin disease,Lung Cancer,train,0
C:\Users\hamza\Downloads\CancerVsPneumonia\CancerVsPneumonia\train\Lung Cancer\CANCER_POSITIVE_29.png,CANCER_POSITIVE_29.png,skin disease,Lung Cancer,train,0
C:\Users\hamza\Downloads\CancerVsPneumonia\CancerVsPneumonia\train\Lung Cancer\CANCER_POSITIVE_299.png,CANCER_POSITIVE_299.png,skin disease,Lung Cancer,train,0
C:\Users\hamza\Downloads\CancerVsPneumonia\CancerVsPneumonia\train\Lung Cancer\CANCER_POSITIVE_3.png,CANCER_POSITIVE_3.png,skin disease,Lung Cancer,train,0
C:\Users\hamza\Downloads\CancerVsPneumonia\CancerVsPneumonia\train\Lung Cancer\CANCER_POSITIVE_30.png,CANCER_POSITIVE_30.png,skin disease,Lung Cancer,train,0
C:\Users\hamza\Downloads\CancerVsPneumonia\CancerVsPneumonia\train\Lung Cancer\CANCER_POSITIVE_300.png,CANCER_POSITIVE_300.png,skin disease,Lung Cancer,train,0
C:\Users\hamza\Downloads\CancerVsPneumonia\CancerVsPneumonia\train\Lung Cancer\CANCER_POSITIVE_301.png,CANCER_POSITIVE_301.png,skin disease,Lung Cancer,train,0
C:\Users\hamza\Downloads\CancerVsPneumonia\CancerVsPneumonia\train\Lung Cancer\CANCER_POSITIVE_302.png,CANCER_POSITIVE_302.png,skin disease,Lung Cancer,train,0
C:\Users\hamza\Downloads\CancerVsPneumonia\CancerVsPneumonia\train\Lung Cancer\CANCER_POSITIVE_303.png,CANCER_POSITIVE_303.png,skin disease,Lung Cancer,train,0
C:\Users\hamza\Downloads\CancerVsPneumonia\CancerVsPneumonia\train\Lung Cancer\CANCER_POSITIVE_304.png,CANCER_POSITIVE_304.png,skin disease,Lung Cancer,train,0
C:\Users\hamza\Downloads\CancerVsPneumonia\CancerVsPneumonia\train\Lung Cancer\CANCER_POSITIVE_305.png,CANCER_POSITIVE_305.png,skin disease,Lung Cancer,train,0
C:\Users\hamza\Downloads\CancerVsPneumonia\CancerVsPneumonia\train\Lung Cancer\CANCER_POSITIVE_306.png,CANCER_POSITIVE_306.png,skin disease,Lung Cancer,train,0
C:\Users\hamza\Downloads\CancerVsPneumonia\CancerVsPneumonia\train\Lung Cancer\CANCER_POSITIVE_307.png,CANCER_POSITIVE_307.png,skin disease,Lung Cancer,train,0
C:\Users\hamza\Downloads\CancerVsPneumonia\CancerVsPneumonia\train\Lung Cancer\CANCER_POSITIVE_308.png,CANCER_POSITIVE_308.png,skin disease,Lung Cancer,train,0
C:\Users\hamza\Downloads\CancerVsPneumonia\CancerVsPneumonia\train\Lung Cancer\CANCER_POSITIVE_309.png,CANCER_POSITIVE_309.png,skin disease,Lung Cancer,train,0
C:\Users\hamza\Downloads\CancerVsPneumonia\CancerVsPneumonia\train\Lung Cancer\CANCER_POSITIVE_31.png,CANCER_POSITIVE_31.png,skin disease,Lung Cancer,train,0
C:\Users\hamza\Downloads\CancerVsPneumonia\CancerVsPneumonia\train\Lung Cancer\CANCER_POSITIVE_310.png,CANCER_POSITIVE_310.png,skin disease,Lung Cancer,train,0
C:\Users\hamza\Downloads\CancerVsPneumonia\CancerVsPneumonia\train\Lung Cancer\CANCER_POSITIVE_311.png,CANCER_POSITIVE_311.png,skin disease,Lung Cancer,train,0
C:\Users\hamza\Downloads\CancerVsPneumonia\CancerVsPneumonia\train\Lung Cancer\CANCER_POSITIVE_312.png,CANCER_POSITIVE_312.png,skin disease,Lung Cancer,train,0
C:\Users\hamza\Downloads\CancerVsPneumonia\CancerVsPneumonia\train\Lung Cancer\CANCER_POSITIVE_313.png,CANCER_POSITIVE_313.png,skin disease,Lung Cancer,train,0
C:\Users\hamza\Downloads\CancerVsPneumonia\CancerVsPneumonia\train\Lung Cancer\CANCER_POSITIVE_314.png,CANCER_POSITIVE_314.png,skin disease,Lung Cancer,train,0
C:\Users\hamza\Downloads\CancerVsPneumonia\CancerVsPneumonia\train\Lung Cancer\CANCER_POSITIVE_315.png,CANCER_POSITIVE_315.png,skin disease,Lung Cancer,train,0
C:\Users\hamza\Downloads\CancerVsPneumonia\CancerVsPneumonia\train\Lung Cancer\CANCER_POSITIVE_316.png,CANCER_POSITIVE_316.png,skin disease,Lung Cancer,train,0
C:\Users\hamza\Downloads\CancerVsPneumonia\CancerVsPneumonia\train\Lung Cancer\CANCER_POSITIVE_317.png,CANCER_POSITIVE_317.png,skin disease,Lung Cancer,train,0
C:\Users\hamza\Downloads\CancerVsPneumonia\CancerVsPneumonia\train\Lung Cancer\CANCER_POSITIVE_318.png,CANCER_POSITIVE_318.png,skin disease,Lung Cancer,train,0
C:\Users\hamza\Downloads\CancerVsPneumonia\CancerVsPneumonia\train\Lung Cancer\CANCER_POSITIVE_319.png,CANCER_POSITIVE_319.png,skin disease,Lung Cancer,train,0
C:\Users\hamza\Downloads\CancerVsPneumonia\CancerVsPneumonia\train\Lung Cancer\CANCER_POSITIVE_32.png,CANCER_POSITIVE_32.png,skin disease,Lung Cancer,train,0
C:\Users\hamza\Downloads\CancerVsPneumonia\CancerVsPneumonia\train\Lung Cancer\CANCER_POSITIVE_320.png,CANCER_POSITIVE_320.png,skin disease,Lung Cancer,train,0
C:\Users\hamza\Downloads\CancerVsPneumonia\CancerVsPneumonia\train\Lung Cancer\CANCER_POSITIVE_321.png,CANCER_POSITIVE_321.png,skin disease,Lung Cancer,train,0
C:\Users\hamza\Downloads\CancerVsPneumonia\CancerVsPneumonia\train\Lung Cancer\CANCER_POSITIVE_322.png,CANCER_POSITIVE_322.png,skin disease,Lung Cancer,train,0
C:\Users\hamza\Downloads\CancerVsPneumonia\CancerVsPneumonia\train\Lung Cancer\CANCER_POSITIVE_323.png,CANCER_POSITIVE_323.png,skin disease,Lung Cancer,train,0
C:\Users\hamza\Downloads\CancerVsPneumonia\CancerVsPneumonia\train\Lung Cancer\CANCER_POSITIVE_324.png,CANCER_POSITIVE_324.png,skin disease,Lung Cancer,train,0
C:\Users\hamza\Downloads\CancerVsPneumonia\CancerVsPneumonia\train\Lung Cancer\CANCER_POSITIVE_325.png,CANCER_POSITIVE_325.png,skin disease,Lung Cancer,train,0
C:\Users\hamza\Downloads\CancerVsPneumonia\CancerVsPneumonia\train\Lung Cancer\CANCER_POSITIVE_326.png,CANCER_POSITIVE_326.png,skin disease,Lung Cancer,train,0
C:\Users\hamza\Downloads\CancerVsPneumonia\CancerVsPneumonia\train\Lung Cancer\CANCER_POSITIVE_327.png,CANCER_POSITIVE_327.png,skin disease,Lung Cancer,train,0
C:\Users\hamza\Downloads\CancerVsPneumonia\CancerVsPneumonia\train\Lung Cancer\CANCER_POSITIVE_328.png,CANCER_POSITIVE_328.png,skin disease,Lung Cancer,train,0
C:\Users\hamza\Downloads\CancerVsPneumonia\CancerVsPneumonia\train\Lung Cancer\CANCER_POSITIVE_329.png,CANCER_POSITIVE_329.png,skin disease,Lung Cancer,train,0
C:\Users\hamza\Downloads\CancerVsPneumonia\CancerVsPneumonia\train\Lung Cancer\CANCER_POSITIVE_33.png,CANCER_POSITIVE_33.png,skin disease,Lung Cancer,train,0
C:\Users\hamza\Downloads\CancerVsPneumonia\CancerVsPneumonia\train\Lung Cancer\CANCER_POSITIVE_330.png,CANCER_POSITIVE_330.png,skin disease,Lung Cancer,train,0
C:\Users\hamza\Downloads\CancerVsPneumonia\CancerVsPneumonia\train\Lung Cancer\CANCER_POSITIVE_331.png,CANCER_POSITIVE_331.png,skin disease,Lung Cancer,train,0
C:\Users\hamza\Downloads\CancerVsPneumonia\CancerVsPneumonia\train\Lung Cancer\CANCER_POSITIVE_332.png,CANCER_POSITIVE_332.png,skin disease,Lung Cancer,train,0
C:\Users\hamza\Downloads\CancerVsPneumonia\CancerVsPneumonia\train\Lung Cancer\CANCER_POSITIVE_333.png,CANCER_POSITIVE_333.png,skin disease,Lung Cancer,train,0
C:\Users\hamza\Downloads\CancerVsPneumonia\CancerVsPneumonia\train\Lung Cancer\CANCER_POSITIVE_334.png,CANCER_POSITIVE_334.png,skin disease,Lung Cancer,train,0
C:\Users\hamza\Downloads\CancerVsPneumonia\CancerVsPneumonia\train\Lung Cancer\CANCER_POSITIVE_335.png,CANCER_POSITIVE_335.png,skin disease,Lung Cancer,train,0
C:\Users\hamza\Downloads\CancerVsPneumonia\CancerVsPneumonia\train\Lung Cancer\CANCER_POSITIVE_336.png,CANCER_POSITIVE_336.png,skin disease,Lung Cancer,train,0
C:\Users\hamza\Downloads\CancerVsPneumonia\CancerVsPneumonia\train\Lung Cancer\CANCER_POSITIVE_337.png,CANCER_POSITIVE_337.png,skin disease,Lung Cancer,train,0
C:\Users\hamza\Downloads\CancerVsPneumonia\CancerVsPneumonia\train\Lung Cancer\CANCER_POSITIVE_338.png,CANCER_POSITIVE_338.png,skin disease,Lung Cancer,train,0
C:\Users\hamza\Downloads\CancerVsPneumonia\CancerVsPneumonia\train\Lung Cancer\CANCER_POSITIVE_339.png,CANCER_POSITIVE_339.png,skin disease,Lung Cancer,train,0
C:\Users\hamza\Downloads\CancerVsPneumonia\CancerVsPneumonia\train\Lung Cancer\CANCER_POSITIVE_34.png,CANCER_POSITIVE_34.png,skin disease,Lung Cancer,train,0
C:\Users\hamza\Downloads\CancerVsPneumonia\CancerVsPneumonia\train\Lung Cancer\CANCER_POSITIVE_340.png,CANCER_POSITIVE_340.png,skin disease,Lung Cancer,train,0
C:\Users\hamza\Downloads\CancerVsPneumonia\CancerVsPneumonia\train\Lung Cancer\CANCER_POSITIVE_341.png,CANCER_POSITIVE_341.png,skin disease,Lung Cancer,train,0
C:\Users\hamza\Downloads\CancerVsPneumonia\CancerVsPneumonia\train\Lung Cancer\CANCER_POSITIVE_342.png,CANCER_POSITIVE_342.png,skin disease,Lung Cancer,train,0
C:\Users\hamza\Downloads\CancerVsPneumonia\CancerVsPneumonia\train\Lung Cancer\CANCER_POSITIVE_343.png,CANCER_POSITIVE_343.png,skin disease,Lung Cancer,train,0
C:\Users\hamza\Downloads\CancerVsPneumonia\CancerVsPneumonia\train\Lung Cancer\CANCER_POSITIVE_344.png,CANCER_POSITIVE_344.png,skin disease,Lung Cancer,train,0
C:\Users\hamza\Downloads\CancerVsPneumonia\CancerVsPneumonia\train\Lung Cancer\CANCER_POSITIVE_345.png,CANCER_POSITIVE_345.png,skin disease,Lung Cancer,train,0
C:\Users\hamza\Downloads\CancerVsPneumonia\CancerVsPneumonia\train\Lung Cancer\CANCER_POSITIVE_346.png,CANCER_POSITIVE_346.png,skin disease,Lung Cancer,train,0
C:\Users\hamza\Downloads\CancerVsPneumonia\CancerVsPneumonia\train\Lung Cancer\CANCER_POSITIVE_347.png,CANCER_POSITIVE_347.png,skin disease,Lung Cancer,train,0
C:\Users\hamza\Downloads\CancerVsPneumonia\CancerVsPneumonia\train\Lung Cancer\CANCER_POSITIVE_348.png,CANCER_POSITIVE_348.png,skin disease,Lung Cancer,train,0
C:\Users\hamza\Downloads\CancerVsPneumonia\CancerVsPneumonia\train\Lung Cancer\CANCER_POSITIVE_349.png,CANCER_POSITIVE_349.png,skin disease,Lung Cancer,train,0
C:\Users\hamza\Downloads\CancerVsPneumonia\CancerVsPneumonia\train\Lung Cancer\CANCER_POSITIVE_35.png,CANCER_POSITIVE_35.png,skin disease,Lung Cancer,train,0
C:\Users\hamza\Downloads\CancerVsPneumonia\CancerVsPneumonia\train\Lung Cancer\CANCER_POSITIVE_350.png,CANCER_POSITIVE_350.png,skin disease,Lung Cancer,train,0
C:\Users\hamza\Downloads\CancerVsPneumonia\CancerVsPneumonia\train\Lung Cancer\CANCER_POSITIVE_351.png,CANCER_POSITIVE_351.png,skin disease,Lung Cancer,train,0
C:\Users\hamza\Downloads\CancerVsPneumonia\CancerVsPneumonia\train\Lung Cancer\CANCER_POSITIVE_352.png,CANCER_POSITIVE_352.png,skin disease,Lung Cancer,train,0
C:\Users\hamza\Downloads\CancerVsPneumonia\CancerVsPneumonia\train\Lung Cancer\CANCER_POSITIVE_353.png,CANCER_POSITIVE_353.png,skin disease,Lung Cancer,train,0
C:\Users\hamza\Downloads\CancerVsPneumonia\CancerVsPneumonia\train\Lung Cancer\CANCER_POSITIVE_354.png,CANCER_POSITIVE_354.png,skin disease,Lung Cancer,train,0
C:\Users\hamza\Downloads\CancerVsPneumonia\CancerVsPneumonia\train\Lung Cancer\CANCER_POSITIVE_355.png,CANCER_POSITIVE_355.png,skin disease,Lung Cancer,train,0
C:\Users\hamza\Downloads\CancerVsPneumonia\CancerVsPneumonia\train\Lung Cancer\CANCER_POSITIVE_356.png,CANCER_POSITIVE_356.png,skin disease,Lung Cancer,train,0
C:\Users\hamza\Downloads\CancerVsPneumonia\CancerVsPneumonia\train\Lung Cancer\CANCER_POSITIVE_357.png,CANCER_POSITIVE_357.png,skin disease,Lung Cancer,train,0
C:\Users\hamza\Downloads\CancerVsPneumonia\CancerVsPneumonia\train\Lung Cancer\CANCER_POSITIVE_358.png,CANCER_POSITIVE_358.png,skin disease,Lung Cancer,train,0
C:\Users\hamza\Downloads\CancerVsPneumonia\CancerVsPneumonia\train\Lung Cancer\CANCER_POSITIVE_359.png,CANCER_POSITIVE_359.png,skin disease,Lung Cancer,train,0
C:\Users\hamza\Downloads\CancerVsPneumonia\CancerVsPneumonia\train\Lung Cancer\CANCER_POSITIVE_36.png,CANCER_POSITIVE_36.png,skin disease,Lung Cancer,train,0
C:\Users\hamza\Downloads\CancerVsPneumonia\CancerVsPneumonia\train\Lung Cancer\CANCER_POSITIVE_360.png,CANCER_POSITIVE_360.png,skin disease,Lung Cancer,train,0
C:\Users\hamza\Downloads\CancerVsPneumonia\CancerVsPneumonia\train\Lung Cancer\CANCER_POSITIVE_361.png,CANCER_POSITIVE_361.png,skin disease,Lung Cancer,train,0
C:\Users\hamza\Downloads\CancerVsPneumonia\CancerVsPneumonia\train\Lung Cancer\CANCER_POSITIVE_362.png,CANCER_POSITIVE_362.png,skin disease,Lung Cancer,train,0
C:\Users\hamza\Downloads\CancerVsPneumonia\CancerVsPneumonia\train\Lung Cancer\CANCER_POSITIVE_363.png,CANCER_POSITIVE_363.png,skin disease,Lung Cancer,train,0
C:\Users\hamza\Downloads\CancerVsPneumonia\CancerVsPneumonia\train\Lung Cancer\CANCER_POSITIVE_364.png,CANCER_POSITIVE_364.png,skin disease,Lung Cancer,train,0
C:\Users\hamza\Downloads\CancerVsPneumonia\CancerVsPneumonia\train\Lung Cancer\CANCER_POSITIVE_365.png,CANCER_POSITIVE_365.png,skin disease,Lung Cancer,train,0
C:\Users\hamza\Downloads\CancerVsPneumonia\CancerVsPneumonia\train\Lung Cancer\CANCER_POSITIVE_366.png,CANCER_POSITIVE_366.png,skin disease,Lung Cancer,train,0
C:\Users\hamza\Downloads\CancerVsPneumonia\CancerVsPneumonia\train\Lung Cancer\CANCER_POSITIVE_367.png,CANCER_POSITIVE_367.png,skin disease,Lung Cancer,train,0
C:\Users\hamza\Downloads\CancerVsPneumonia\CancerVsPneumonia\train\Lung Cancer\CANCER_POSITIVE_368.png,CANCER_POSITIVE_368.png,skin disease,Lung Cancer,train,0
C:\Users\hamza\Downloads\CancerVsPneumonia\CancerVsPneumonia\train\Lung Cancer\CANCER_POSITIVE_369.png,CANCER_POSITIVE_369.png,skin disease,Lung Cancer,train,0
C:\Users\hamza\Downloads\CancerVsPneumonia\CancerVsPneumonia\train\Lung Cancer\CANCER_POSITIVE_37.png,CANCER_POSITIVE_37.png,skin disease,Lung Cancer,train,0
C:\Users\hamza\Downloads\CancerVsPneumonia\CancerVsPneumonia\train\Lung Cancer\CANCER_POSITIVE_370.png,CANCER_POSITIVE_370.png,skin disease,Lung Cancer,train,0
C:\Users\hamza\Downloads\CancerVsPneumonia\CancerVsPneumonia\train\Lung Cancer\CANCER_POSITIVE_371.png,CANCER_POSITIVE_371.png,skin disease,Lung Cancer,train,0
C:\Users\hamza\Downloads\CancerVsPneumonia\CancerVsPneumonia\train\Lung Cancer\CANCER_POSITIVE_372.png,CANCER_POSITIVE_372.png,skin disease,Lung Cancer,train,0
C:\Users\hamza\Downloads\CancerVsPneumonia\CancerVsPneumonia\train\Lung Cancer\CANCER_POSITIVE_373.png,CANCER_POSITIVE_373.png,skin disease,Lung Cancer,train,0
C:\Users\hamza\Downloads\CancerVsPneumonia\CancerVsPneumonia\train\Lung Cancer\CANCER_POSITIVE_374.png,CANCER_POSITIVE_374.png,skin disease,Lung Cancer,train,0
C:\Users\hamza\Downloads\CancerVsPneumonia\CancerVsPneumonia\train\Lung Cancer\CANCER_POSITIVE_375.png,CANCER_POSITIVE_375.png,skin disease,Lung Cancer,train,0
C:\Users\hamza\Downloads\CancerVsPneumonia\CancerVsPneumonia\train\Lung Cancer\CANCER_POSITIVE_376.png,CANCER_POSITIVE_376.png,skin disease,Lung Cancer,train,0
C:\Users\hamza\Downloads\CancerVsPneumonia\CancerVsPneumonia\train\Lung Cancer\CANCER_POSITIVE_377.png,CANCER_POSITIVE_377.png,skin disease,Lung Cancer,train,0
C:\Users\hamza\Downloads\CancerVsPneumonia\CancerVsPneumonia\train\Lung Cancer\CANCER_POSITIVE_378.png,CANCER_POSITIVE_378.png,skin disease,Lung Cancer,train,0
C:\Users\hamza\Downloads\CancerVsPneumonia\CancerVsPneumonia\train\Lung Cancer\CANCER_POSITIVE_379.png,CANCER_POSITIVE_379.png,skin disease,Lung Cancer,train,0
C:\Users\hamza\Downloads\CancerVsPneumonia\CancerVsPneumonia\train\Lung Cancer\CANCER_POSITIVE_38.png,CANCER_POSITIVE_38.png,skin disease,Lung Cancer,train,0
C:\Users\hamza\Downloads\CancerVsPneumonia\CancerVsPneumonia\train\Lung Cancer\CANCER_POSITIVE_380.png,CANCER_POSITIVE_380.png,skin disease,Lung Cancer,train,0
C:\Users\hamza\Downloads\CancerVsPneumonia\CancerVsPneumonia\train\Lung Cancer\CANCER_POSITIVE_381.png,CANCER_POSITIVE_381.png,skin disease,Lung Cancer,train,0
C:\Users\hamza\Downloads\CancerVsPneumonia\CancerVsPneumonia\train\Lung Cancer\CANCER_POSITIVE_382.png,CANCER_POSITIVE_382.png,skin disease,Lung Cancer,train,0
C:\Users\hamza\Downloads\CancerVsPneumonia\CancerVsPneumonia\train\Lung Cancer\CANCER_POSITIVE_383.png,CANCER_POSITIVE_383.png,skin disease,Lung Cancer,train,0
C:\Users\hamza\Downloads\CancerVsPneumonia\CancerVsPneumonia\train\Lung Cancer\CANCER_POSITIVE_384.png,CANCER_POSITIVE_384.png,skin disease,Lung Cancer,train,0
C:\Users\hamza\Downloads\CancerVsPneumonia\CancerVsPneumonia\train\Lung Cancer\CANCER_POSITIVE_385.png,CANCER_POSITIVE_385.png,skin disease,Lung Cancer,train,0
C:\Users\hamza\Downloads\CancerVsPneumonia\CancerVsPneumonia\train\Lung Cancer\CANCER_POSITIVE_386.png,CANCER_POSITIVE_386.png,skin disease,Lung Cancer,train,0
C:\Users\hamza\Downloads\CancerVsPneumonia\CancerVsPneumonia\train\Lung Cancer\CANCER_POSITIVE_387.png,CANCER_POSITIVE_387.png,skin disease,Lung Cancer,train,0
C:\Users\hamza\Downloads\CancerVsPneumonia\CancerVsPneumonia\train\Lung Cancer\CANCER_POSITIVE_388.png,CANCER_POSITIVE_388.png,skin disease,Lung Cancer,train,0
C:\Users\hamza\Downloads\CancerVsPneumonia\CancerVsPneumonia\train\Lung Cancer\CANCER_POSITIVE_389.png,CANCER_POSITIVE_389.png,skin disease,Lung Cancer,train,0
C:\Users\hamza\Downloads\CancerVsPneumonia\CancerVsPneumonia\train\Lung Cancer\CANCER_POSITIVE_39.png,CANCER_POSITIVE_39.png,skin disease,Lung Cancer,train,0
C:\Users\hamza\Downloads\CancerVsPneumonia\CancerVsPneumonia\train\Lung Cancer\CANCER_POSITIVE_390.png,CANCER_POSITIVE_390.png,skin disease,Lung Cancer,train,0
C:\Users\hamza\Downloads\CancerVsPneumonia\CancerVsPneumonia\train\Lung Cancer\CANCER_POSITIVE_391.png,CANCER_POSITIVE_391.png,skin disease,Lung Cancer,train,0
C:\Users\hamza\Downloads\CancerVsPneumonia\CancerVsPneumonia\train\Lung Cancer\CANCER_POSITIVE_392.png,CANCER_POSITIVE_392.png,skin disease,Lung Cancer,train,0
C:\Users\hamza\Downloads\CancerVsPneumonia\CancerVsPneumonia\train\Lung Cancer\CANCER_POSITIVE_393.png,CANCER_POSITIVE_393.png,skin disease,Lung Cancer,train,0
C:\Users\hamza\Downloads\CancerVsPneumonia\CancerVsPneumonia\train\Lung Cancer\CANCER_POSITIVE_394.png,CANCER_POSITIVE_394.png,skin disease,Lung Cancer,train,0
C:\Users\hamza\Downloads\CancerVsPneumonia\CancerVsPneumonia\train\Lung Cancer\CANCER_POSITIVE_395.png,CANCER_POSITIVE_395.png,skin disease,Lung Cancer,train,0
C:\Users\hamza\Downloads\CancerVsPneumonia\CancerVsPneumonia\train\Lung Cancer\CANCER_POSITIVE_396.png,CANCER_POSITIVE_396.png,skin disease,Lung Cancer,train,0
C:\Users\hamza\Downloads\CancerVsPneumonia\CancerVsPneumonia\train\Lung Cancer\CANCER_POSITIVE_397.png,CANCER_POSITIVE_397.png,skin disease,Lung Cancer,train,0
C:\Users\hamza\Downloads\CancerVsPneumonia\CancerVsPneumonia\train\Lung Cancer\CANCER_POSITIVE_398.png,CANCER_POSITIVE_398.png,skin disease,Lung Cancer,train,0
C:\Users\hamza\Downloads\CancerVsPneumonia\CancerVsPneumonia\train\Lung Cancer\CANCER_POSITIVE_399.png,CANCER_POSITIVE_399.png,skin disease,Lung Cancer,train,0
C:\Users\hamza\Downloads\CancerVsPneumonia\CancerVsPneumonia\train\Lung Cancer\CANCER_POSITIVE_4.png,CANCER_POSITIVE_4.png,skin disease,Lung Cancer,train,0
C:\Users\hamza\Downloads\CancerVsPneumonia\CancerVsPneumonia\train\Lung Cancer\CANCER_POSITIVE_40.png,CANCER_POSITIVE_40.png,skin disease,Lung Cancer,train,0
C:\Users\hamza\Downloads\CancerVsPneumonia\CancerVsPneumonia\train\Lung Cancer\CANCER_POSITIVE_400.png,CANCER_POSITIVE_400.png,skin disease,Lung Cancer,train,0
C:\Users\hamza\Downloads\CancerVsPneumonia\CancerVsPneumonia\train\Lung Cancer\CANCER_POSITIVE_401.png,CANCER_POSITIVE_401.png,skin disease,Lung Cancer,train,0
C:\Users\hamza\Downloads\CancerVsPneumonia\CancerVsPneumonia\train\Lung Cancer\CANCER_POSITIVE_402.png,CANCER_POSITIVE_402.png,skin disease,Lung Cancer,train,0
C:\Users\hamza\Downloads\CancerVsPneumonia\CancerVsPneumonia\train\Lung Cancer\CANCER_POSITIVE_403.png,CANCER_POSITIVE_403.png,skin disease,Lung Cancer,train,0
C:\Users\hamza\Downloads\CancerVsPneumonia\CancerVsPneumonia\train\Lung Cancer\CANCER_POSITIVE_404.png,CANCER_POSITIVE_404.png,skin disease,Lung Cancer,train,0
C:\Users\hamza\Downloads\CancerVsPneumonia\CancerVsPneumonia\train\Lung Cancer\CANCER_POSITIVE_405.png,CANCER_POSITIVE_405.png,skin disease,Lung Cancer,train,0
C:\Users\hamza\Downloads\CancerVsPneumonia\CancerVsPneumonia\train\Lung Cancer\CANCER_POSITIVE_406.png,CANCER_POSITIVE_406.png,skin disease,Lung Cancer,train,0
C:\Users\hamza\Downloads\CancerVsPneumonia\CancerVsPneumonia\train\Lung Cancer\CANCER_POSITIVE_407.png,CANCER_POSITIVE_407.png,skin disease,Lung Cancer,train,0
C:\Users\hamza\Downloads\CancerVsPneumonia\CancerVsPneumonia\train\Lung Cancer\CANCER_POSITIVE_408.png,CANCER_POSITIVE_408.png,skin disease,Lung Cancer,train,0
C:\Users\hamza\Downloads\CancerVsPneumonia\CancerVsPneumonia\train\Lung Cancer\CANCER_POSITIVE_409.png,CANCER_POSITIVE_409.png,skin disease,Lung Cancer,train,0
C:\Users\hamza\Downloads\CancerVsPneumonia\CancerVsPneumonia\train\Lung Cancer\CANCER_POSITIVE_41.png,CANCER_POSITIVE_41.png,skin disease,Lung Cancer,train,0
C:\Users\hamza\Downloads\CancerVsPneumonia\CancerVsPneumonia\train\Lung Cancer\CANCER_POSITIVE_410.png,CANCER_POSITIVE_410.png,skin disease,Lung Cancer,train,0
C:\Users\hamza\Downloads\CancerVsPneumonia\CancerVsPneumonia\train\Lung Cancer\CANCER_POSITIVE_411.png,CANCER_POSITIVE_411.png,skin disease,Lung Cancer,train,0
C:\Users\hamza\Downloads\CancerVsPneumonia\CancerVsPneumonia\train\Lung Cancer\CANCER_POSITIVE_412.png,CANCER_POSITIVE_412.png,skin disease,Lung Cancer,train,0
C:\Users\hamza\Downloads\CancerVsPneumonia\CancerVsPneumonia\train\Lung Cancer\CANCER_POSITIVE_413.png,CANCER_POSITIVE_413.png,skin disease,Lung Cancer,train,0
C:\Users\hamza\Downloads\CancerVsPneumonia\CancerVsPneumonia\train\Lung Cancer\CANCER_POSITIVE_414.png,CANCER_POSITIVE_414.png,skin disease,Lung Cancer,train,0
C:\Users\hamza\Downloads\CancerVsPneumonia\CancerVsPneumonia\train\Lung Cancer\CANCER_POSITIVE_415.png,CANCER_POSITIVE_415.png,skin disease,Lung Cancer,train,0
C:\Users\hamza\Downloads\CancerVsPneumonia\CancerVsPneumonia\train\Lung Cancer\CANCER_POSITIVE_416.png,CANCER_POSITIVE_416.png,skin disease,Lung Cancer,train,0
C:\Users\hamza\Downloads\CancerVsPneumonia\CancerVsPneumonia\train\Lung Cancer\CANCER_POSITIVE_417.png,CANCER_POSITIVE_417.png,skin disease,Lung Cancer,train,0
C:\Users\hamza\Downloads\CancerVsPneumonia\CancerVsPneumonia\train\Lung Cancer\CANCER_POSITIVE_418.png,CANCER_POSITIVE_418.png,skin disease,Lung Cancer,train,0
C:\Users\hamza\Downloads\CancerVsPneumonia\CancerVsPneumonia\train\Lung Cancer\CANCER_POSITIVE_419.png,CANCER_POSITIVE_419.png,skin disease,Lung Cancer,train,0
C:\Users\hamza\Downloads\CancerVsPneumonia\CancerVsPneumonia\train\Lung Cancer\CANCER_POSITIVE_42.png,CANCER_POSITIVE_42.png,skin disease,Lung Cancer,train,0
C:\Users\hamza\Downloads\CancerVsPneumonia\CancerVsPneumonia\train\Lung Cancer\CANCER_POSITIVE_420.png,CANCER_POSITIVE_420.png,skin disease,Lung Cancer,train,0
C:\Users\hamza\Downloads\CancerVsPneumonia\CancerVsPneumonia\train\Lung Cancer\CANCER_POSITIVE_421.png,CANCER_POSITIVE_421.png,skin disease,Lung Cancer,train,0
C:\Users\hamza\Downloads\CancerVsPneumonia\CancerVsPneumonia\train\Lung Cancer\CANCER_POSITIVE_422.png,CANCER_POSITIVE_422.png,skin disease,Lung Cancer,train,0
C:\Users\hamza\Downloads\CancerVsPneumonia\CancerVsPneumonia\train\Lung Cancer\CANCER_POSITIVE_423.png,CANCER_POSITIVE_423.png,skin disease,Lung Cancer,train,0
C:\Users\hamza\Downloads\CancerVsPneumonia\CancerVsPneumonia\train\Lung Cancer\CANCER_POSITIVE_424.png,CANCER_POSITIVE_424.png,skin disease,Lung Cancer,train,0
C:\Users\hamza\Downloads\CancerVsPneumonia\CancerVsPneumonia\train\Lung Cancer\CANCER_POSITIVE_425.png,CANCER_POSITIVE_425.png,skin disease,Lung Cancer,train,0
C:\Users\hamza\Downloads\CancerVsPneumonia\CancerVsPneumonia\train\Lung Cancer\CANCER_POSITIVE_426.png,CANCER_POSITIVE_426.png,skin disease,Lung Cancer,train,0
C:\Users\hamza\Downloads\CancerVsPneumonia\CancerVsPneumonia\train\Lung Cancer\CANCER_POSITIVE_427.png,CANCER_POSITIVE_427.png,skin disease,Lung Cancer,train,0
C:\Users\hamza\Downloads\CancerVsPneumonia\CancerVsPneumonia\train\Lung Cancer\CANCER_POSITIVE_428.png,CANCER_POSITIVE_428.png,skin disease,Lung Cancer,train,0
C:\Users\hamza\Downloads\CancerVsPneumonia\CancerVsPneumonia\train\Lung Cancer\CANCER_POSITIVE_429.png,CANCER_POSITIVE_429.png,skin disease,Lung Cancer,train,0
C:\Users\hamza\Downloads\CancerVsPneumonia\CancerVsPneumonia\train\Lung Cancer\CANCER_POSITIVE_43.png,CANCER_POSITIVE_43.png,skin disease,Lung Cancer,train,0
C:\Users\hamza\Downloads\CancerVsPneumonia\CancerVsPneumonia\train\Lung Cancer\CANCER_POSITIVE_430.png,CANCER_POSITIVE_430.png,skin disease,Lung Cancer,train,0
C:\Users\hamza\Downloads\CancerVsPneumonia\CancerVsPneumonia\train\Lung Cancer\CANCER_POSITIVE_431.png,CANCER_POSITIVE_431.png,skin disease,Lung Cancer,train,0
C:\Users\hamza\Downloads\CancerVsPneumonia\CancerVsPneumonia\train\Lung Cancer\CANCER_POSITIVE_432.png,CANCER_POSITIVE_432.png,skin disease,Lung Cancer,train,0
C:\Users\hamza\Downloads\CancerVsPneumonia\CancerVsPneumonia\train\Lung Cancer\CANCER_POSITIVE_433.png,CANCER_POSITIVE_433.png,skin disease,Lung Cancer,train,0
C:\Users\hamza\Downloads\CancerVsPneumonia\CancerVsPneumonia\train\Lung Cancer\CANCER_POSITIVE_434.png,CANCER_POSITIVE_434.png,skin disease,Lung Cancer,train,0
C:\Users\hamza\Downloads\CancerVsPneumonia\CancerVsPneumonia\train\Lung Cancer\CANCER_POSITIVE_435.png,CANCER_POSITIVE_435.png,skin disease,Lung Cancer,train,0
C:\Users\hamza\Downloads\CancerVsPneumonia\CancerVsPneumonia\train\Lung Cancer\CANCER_POSITIVE_436.png,CANCER_POSITIVE_436.png,skin disease,Lung Cancer,train,0
C:\Users\hamza\Downloads\CancerVsPneumonia\CancerVsPneumonia\train\Lung Cancer\CANCER_POSITIVE_437.png,CANCER_POSITIVE_437.png,skin disease,Lung Cancer,train,0
C:\Users\hamza\Downloads\CancerVsPneumonia\CancerVsPneumonia\train\Lung Cancer\CANCER_POSITIVE_438.png,CANCER_POSITIVE_438.png,skin disease,Lung Cancer,train,0
C:\Users\hamza\Downloads\CancerVsPneumonia\CancerVsPneumonia\train\Lung Cancer\CANCER_POSITIVE_439.png,CANCER_POSITIVE_439.png,skin disease,Lung Cancer,train,0
C:\Users\hamza\Downloads\CancerVsPneumonia\CancerVsPneumonia\train\Lung Cancer\CANCER_POSITIVE_44.png,CANCER_POSITIVE_44.png,skin disease,Lung Cancer,train,0
C:\Users\hamza\Downloads\CancerVsPneumonia\CancerVsPneumonia\train\Lung Cancer\CANCER_POSITIVE_440.png,CANCER_POSITIVE_440.png,skin disease,Lung Cancer,train,0
C:\Users\hamza\Downloads\CancerVsPneumonia\CancerVsPneumonia\train\Lung Cancer\CANCER_POSITIVE_441.png,CANCER_POSITIVE_441.png,skin disease,Lung Cancer,train,0
C:\Users\hamza\Downloads\CancerVsPneumonia\CancerVsPneumonia\train\Lung Cancer\CANCER_POSITIVE_442.png,CANCER_POSITIVE_442.png,skin disease,Lung Cancer,train,0
C:\Users\hamza\Downloads\CancerVsPneumonia\CancerVsPneumonia\train\Lung Cancer\CANCER_POSITIVE_443.png,CANCER_POSITIVE_443.png,skin disease,Lung Cancer,train,0
C:\Users\hamza\Downloads\CancerVsPneumonia\CancerVsPneumonia\train\Lung Cancer\CANCER_POSITIVE_444.png,CANCER_POSITIVE_444.png,skin disease,Lung Cancer,train,0
C:\Users\hamza\Downloads\CancerVsPneumonia\CancerVsPneumonia\train\Lung Cancer\CANCER_POSITIVE_445.png,CANCER_POSITIVE_445.png,skin disease,Lung Cancer,train,0
C:\Users\hamza\Downloads\CancerVsPneumonia\CancerVsPneumonia\train\Lung Cancer\CANCER_POSITIVE_446.png,CANCER_POSITIVE_446.png,skin disease,Lung Cancer,train,0
C:\Users\hamza\Downloads\CancerVsPneumonia\CancerVsPneumonia\train\Lung Cancer\CANCER_POSITIVE_447.png,CANCER_POSITIVE_447.png,skin disease,Lung Cancer,train,0
C:\Users\hamza\Downloads\CancerVsPneumonia\CancerVsPneumonia\train\Lung Cancer\CANCER_POSITIVE_448.png,CANCER_POSITIVE_448.png,skin disease,Lung Cancer,train,0
C:\Users\hamza\Downloads\CancerVsPneumonia\CancerVsPneumonia\train\Lung Cancer\CANCER_POSITIVE_449.png,CANCER_POSITIVE_449.png,skin disease,Lung Cancer,train,0
C:\Users\hamza\Downloads\CancerVsPneumonia\CancerVsPneumonia\train\Lung Cancer\CANCER_POSITIVE_45.png,CANCER_POSITIVE_45.png,skin disease,Lung Cancer,train,0
C:\Users\hamza\Downloads\CancerVsPneumonia\CancerVsPneumonia\train\Lung Cancer\CANCER_POSITIVE_450.png,CANCER_POSITIVE_450.png,skin disease,Lung Cancer,train,0
C:\Users\hamza\Downloads\CancerVsPneumonia\CancerVsPneumonia\train\Lung Cancer\CANCER_POSITIVE_451.png,CANCER_POSITIVE_451.png,skin disease,Lung Cancer,train,0
C:\Users\hamza\Downloads\CancerVsPneumonia\CancerVsPneumonia\train\Lung Cancer\CANCER_POSITIVE_452.png,CANCER_POSITIVE_452.png,skin disease,Lung Cancer,train,0
C:\Users\hamza\Downloads\CancerVsPneumonia\CancerVsPneumonia\train\Lung Cancer\CANCER_POSITIVE_453.png,CANCER_POSITIVE_453.png,skin disease,Lung Cancer,train,0
C:\Users\hamza\Downloads\CancerVsPneumonia\CancerVsPneumonia\train\Lung Cancer\CANCER_POSITIVE_454.png,CANCER_POSITIVE_454.png,skin disease,Lung Cancer,train,0
C:\Users\hamza\Downloads\CancerVsPneumonia\CancerVsPneumonia\train\Lung Cancer\CANCER_POSITIVE_455.png,CANCER_POSITIVE_455.png,skin disease,Lung Cancer,train,0
C:\Users\hamza\Downloads\CancerVsPneumonia\CancerVsPneumonia\train\Lung Cancer\CANCER_POSITIVE_456.png,CANCER_POSITIVE_456.png,skin disease,Lung Cancer,train,0
C:\Users\hamza\Downloads\CancerVsPneumonia\CancerVsPneumonia\train\Lung Cancer\CANCER_POSITIVE_457.png,CANCER_POSITIVE_457.png,skin disease,Lung Cancer,train,0
C:\Users\hamza\Downloads\CancerVsPneumonia\CancerVsPneumonia\train\Lung Cancer\CANCER_POSITIVE_458.png,CANCER_POSITIVE_458.png,skin disease,Lung Cancer,train,0
C:\Users\hamza\Downloads\CancerVsPneumonia\CancerVsPneumonia\train\Lung Cancer\CANCER_POSITIVE_459.png,CANCER_POSITIVE_459.png,skin disease,Lung Cancer,train,0
C:\Users\hamza\Downloads\CancerVsPneumonia\CancerVsPneumonia\train\Lung Cancer\CANCER_POSITIVE_46.png,CANCER_POSITIVE_46.png,skin disease,Lung Cancer,train,0
C:\Users\hamza\Downloads\CancerVsPneumonia\CancerVsPneumonia\train\Lung Cancer\CANCER_POSITIVE_460.png,CANCER_POSITIVE_460.png,skin disease,Lung Cancer,train,0
C:\Users\hamza\Downloads\CancerVsPneumonia\CancerVsPneumonia\train\Lung Cancer\CANCER_POSITIVE_461.png,CANCER_POSITIVE_461.png,skin disease,Lung Cancer,train,0
C:\Users\hamza\Downloads\CancerVsPneumonia\CancerVsPneumonia\train\Lung Cancer\CANCER_POSITIVE_462.png,CANCER_POSITIVE_462.png,skin disease,Lung Cancer,train,0
C:\Users\hamza\Downloads\CancerVsPneumonia\CancerVsPneumonia\train\Lung Cancer\CANCER_POSITIVE_463.png,CANCER_POSITIVE_463.png,skin disease,Lung Cancer,train,0
C:\Users\hamza\Downloads\CancerVsPneumonia\CancerVsPneumonia\train\Lung Cancer\CANCER_POSITIVE_464.png,CANCER_POSITIVE_464.png,skin disease,Lung Cancer,train,0
C:\Users\hamza\Downloads\CancerVsPneumonia\CancerVsPneumonia\train\Lung Cancer\CANCER_POSITIVE_465.png,CANCER_POSITIVE_465.png,skin disease,Lung Cancer,train,0
C:\Users\hamza\Downloads\CancerVsPneumonia\CancerVsPneumonia\train\Lung Cancer\CANCER_POSITIVE_466.png,CANCER_POSITIVE_466.png,skin disease,Lung Cancer,train,0
C:\Users\hamza\Downloads\CancerVsPneumonia\CancerVsPneumonia\train\Lung Cancer\CANCER_POSITIVE_467.png,CANCER_POSITIVE_467.png,skin disease,Lung Cancer,train,0
C:\Users\hamza\Downloads\CancerVsPneumonia\CancerVsPneumonia\train\Lung Cancer\CANCER_POSITIVE_468.png,CANCER_POSITIVE_468.png,skin disease,Lung Cancer,train,0
C:\Users\hamza\Downloads\CancerVsPneumonia\CancerVsPneumonia\train\Lung Cancer\CANCER_POSITIVE_469.png,CANCER_POSITIVE_469.png,skin disease,Lung Cancer,train,0
C:\Users\hamza\Downloads\CancerVsPneumonia\CancerVsPneumonia\train\Lung Cancer\CANCER_POSITIVE_47.png,CANCER_POSITIVE_47.png,skin disease,Lung Cancer,train,0
C:\Users\hamza\Downloads\CancerVsPneumonia\CancerVsPneumonia\train\Lung Cancer\CANCER_POSITIVE_470.png,CANCER_POSITIVE_470.png,skin disease,Lung Cancer,train,0
C:\Users\hamza\Downloads\CancerVsPneumonia\CancerVsPneumonia\train\Lung Cancer\CANCER_POSITIVE_471.png,CANCER_POSITIVE_471.png,skin disease,Lung Cancer,train,0
C:\Users\hamza\Downloads\CancerVsPneumonia\CancerVsPneumonia\train\Lung Cancer\CANCER_POSITIVE_472.png,CANCER_POSITIVE_472.png,skin disease,Lung Cancer,train,0
C:\Users\hamza\Downloads\CancerVsPneumonia\CancerVsPneumonia\train\Lung Cancer\CANCER_POSITIVE_473.png,CANCER_POSITIVE_473.png,skin disease,Lung Cancer,train,0
C:\Users\hamza\Downloads\CancerVsPneumonia\CancerVsPneumonia\train\Lung Cancer\CANCER_POSITIVE_474.png,CANCER_POSITIVE_474.png,skin disease,Lung Cancer,train,0
C:\Users\hamza\Downloads\CancerVsPneumonia\CancerVsPneumonia\train\Lung Cancer\CANCER_POSITIVE_475.png,CANCER_POSITIVE_475.png,skin disease,Lung Cancer,train,0
C:\Users\hamza\Downloads\CancerVsPneumonia\CancerVsPneumonia\train\Lung Cancer\CANCER_POSITIVE_476.png,CANCER_POSITIVE_476.png,skin disease,Lung Cancer,train,0
C:\Users\hamza\Downloads\CancerVsPneumonia\CancerVsPneumonia\train\Lung Cancer\CANCER_POSITIVE_477.png,CANCER_POSITIVE_477.png,skin disease,Lung Cancer,train,0
C:\Users\hamza\Downloads\CancerVsPneumonia\CancerVsPneumonia\train\Lung Cancer\CANCER_POSITIVE_478.png,CANCER_POSITIVE_478.png,skin disease,Lung Cancer,train,0
C:\Users\hamza\Downloads\CancerVsPneumonia\CancerVsPneumonia\train\Lung Cancer\CANCER_POSITIVE_479.png,CANCER_POSITIVE_479.png,skin disease,Lung Cancer,train,0
C:\Users\hamza\Downloads\CancerVsPneumonia\CancerVsPneumonia\train\Lung Cancer\CANCER_POSITIVE_48.png,CANCER_POSITIVE_48.png,skin disease,Lung Cancer,train,0
C:\Users\hamza\Downloads\CancerVsPneumonia\CancerVsPneumonia\train\Lung Cancer\CANCER_POSITIVE_480.png,CANCER_POSITIVE_480.png,skin disease,Lung Cancer,train,0
C:\Users\hamza\Downloads\CancerVsPneumonia\CancerVsPneumonia\train\Lung Cancer\CANCER_POSITIVE_481.png,CANCER_POSITIVE_481.png,skin disease,Lung Cancer,train,0
C:\Users\hamza\Downloads\CancerVsPneumonia\CancerVsPneumonia\train\Lung Cancer\CANCER_POSITIVE_482.png,CANCER_POSITIVE_482.png,skin disease,Lung Cancer,train,0
C:\Users\hamza\Downloads\CancerVsPneumonia\CancerVsPneumonia\train\Lung Cancer\CANCER_POSITIVE_483.png,CANCER_POSITIVE_483.png,skin disease,Lung Cancer,train,0
C:\Users\hamza\Downloads\CancerVsPneumonia\CancerVsPneumonia\train\Lung Cancer\CANCER_POSITIVE_484.png,CANCER_POSITIVE_484.png,skin disease,Lung Cancer,train,0
C:\Users\hamza\Downloads\CancerVsPneumonia\CancerVsPneumonia\train\Lung Cancer\CANCER_POSITIVE_485.png,CANCER_POSITIVE_485.png,skin disease,Lung Cancer,train,0
C:\Users\hamza\Downloads\CancerVsPneumonia\CancerVsPneumonia\train\Lung Cancer\CANCER_POSITIVE_486.png,CANCER_POSITIVE_486.png,skin disease,Lung Cancer,train,0
C:\Users\hamza\Downloads\CancerVsPneumonia\CancerVsPneumonia\train\Lung Cancer\CANCER_POSITIVE_487.png,CANCER_POSITIVE_487.png,skin disease,Lung Cancer,train,0
C:\Users\hamza\Downloads\CancerVsPneumonia\CancerVsPneumonia\train\Lung Cancer\CANCER_POSITIVE_488.png,CANCER_POSITIVE_488.png,skin disease,Lung Cancer,train,0
C:\Users\hamza\Downloads\CancerVsPneumonia\CancerVsPneumonia\train\Lung Cancer\CANCER_POSITIVE_489.png,CANCER_POSITIVE_489.png,skin disease,Lung Cancer,train,0
C:\Users\hamza\Downloads\CancerVsPneumonia\CancerVsPneumonia\train\Lung Cancer\CANCER_POSITIVE_49.png,CANCER_POSITIVE_49.png,skin disease,Lung Cancer,train,0
C:\Users\hamza\Downloads\CancerVsPneumonia\CancerVsPneumonia\train\Lung Cancer\CANCER_POSITIVE_490.png,CANCER_POSITIVE_490.png,skin disease,Lung Cancer,train,0
C:\Users\hamza\Downloads\CancerVsPneumonia\CancerVsPneumonia\train\Lung Cancer\CANCER_POSITIVE_491.png,CANCER_POSITIVE_491.png,skin disease,Lung Cancer,train,0
C:\Users\hamza\Downloads\CancerVsPneumonia\CancerVsPneumonia\train\Lung Cancer\CANCER_POSITIVE_492.png,CANCER_POSITIVE_492.png,skin disease,Lung Cancer,train,0
C:\Users\hamza\Downloads\CancerVsPneumonia\CancerVsPneumonia\train\Lung Cancer\CANCER_POSITIVE_493.png,CANCER_POSITIVE_493.png,skin disease,Lung Cancer,train,0
C:\Users\hamza\Downloads\CancerVsPneumonia\CancerVsPneumonia\train\Lung Cancer\CANCER_POSITIVE_494.png,CANCER_POSITIVE_494.png,skin disease,Lung Cancer,train,0
C:\Users\hamza\Downloads\CancerVsPneumonia\CancerVsPneumonia\train\Lung Cancer\CANCER_POSITIVE_495.png,CANCER_POSITIVE_495.png,skin disease,Lung Cancer,train,0
C:\Users\hamza\Downloads\CancerVsPneumonia\CancerVsPneumonia\train\Lung Cancer\CANCER_POSITIVE_496.png,CANCER_POSITIVE_496.png,skin disease,Lung Cancer,train,0
C:\Users\hamza\Downloads\CancerVsPneumonia\CancerVsPneumonia\train\Lung Cancer\CANCER_POSITIVE_497.png,CANCER_POSITIVE_497.png,skin disease,Lung Cancer,train,0
C:\Users\hamza\Downloads\CancerVsPneumonia\CancerVsPneumonia\train\Lung Cancer\CANCER_POSITIVE_498.png,CANCER_POSITIVE_498.png,skin disease,Lung Cancer,train,0
C:\Users\hamza\Downloads\CancerVsPneumonia\CancerVsPneumonia\train\Lung Cancer\CANCER_POSITIVE_499.png,CANCER_POSITIVE_499.png,skin disease,Lung Cancer,train,0
C:\Users\hamza\Downloads\CancerVsPneumonia\CancerVsPneumonia\train\Lung Cancer\CANCER_POSITIVE_5.png,CANCER_POSITIVE_5.png,skin disease,Lung Cancer,train,0
C:\Users\hamza\Downloads\CancerVsPneumonia\CancerVsPneumonia\train\Lung Cancer\CANCER_POSITIVE_50.png,CANCER_POSITIVE_50.png,skin disease,Lung Cancer,train,0
C:\Users\hamza\Downloads\CancerVsPneumonia\CancerVsPneumonia\train\Lung Cancer\CANCER_POSITIVE_500.png,CANCER_POSITIVE_500.png,skin disease,Lung Cancer,train,0
C:\Users\hamza\Downloads\CancerVsPneumonia\CancerVsPneumonia\train\Lung Cancer\CANCER_POSITIVE_501.png,CANCER_POSITIVE_501.png,skin disease,Lung Cancer,train,0
C:\Users\hamza\Downloads\CancerVsPneumonia\CancerVsPneumonia\train\Lung Cancer\CANCER_POSITIVE_502.png,CANCER_POSITIVE_502.png,skin disease,Lung Cancer,train,0
C:\Users\hamza\Downloads\CancerVsPneumonia\CancerVsPneumonia\train\Lung Cancer\CANCER_POSITIVE_503.png,CANCER_POSITIVE_503.png,skin disease,Lung Cancer,train,0
C:\Users\hamza\Downloads\CancerVsPneumonia\CancerVsPneumonia\train\Lung Cancer\CANCER_POSITIVE_504.png,CANCER_POSITIVE_504.png,skin disease,Lung Cancer,train,0
C:\Users\hamza\Downloads\CancerVsPneumonia\CancerVsPneumonia\train\Lung Cancer\CANCER_POSITIVE_505.png,CANCER_POSITIVE_505.png,skin disease,Lung Cancer,train,0
C:\Users\hamza\Downloads\CancerVsPneumonia\CancerVsPneumonia\train\Lung Cancer\CANCER_POSITIVE_506.png,CANCER_POSITIVE_506.png,skin disease,Lung Cancer,train,0
C:\Users\hamza\Downloads\CancerVsPneumonia\CancerVsPneumonia\train\Lung Cancer\CANCER_POSITIVE_507.png,CANCER_POSITIVE_507.png,skin disease,Lung Cancer,train,0
C:\Users\hamza\Downloads\CancerVsPneumonia\CancerVsPneumonia\train\Lung Cancer\CANCER_POSITIVE_508.png,CANCER_POSITIVE_508.png,skin disease,Lung Cancer,train,0
C:\Users\hamza\Downloads\CancerVsPneumonia\CancerVsPneumonia\train\Lung Cancer\CANCER_POSITIVE_509.png,CANCER_POSITIVE_509.png,skin disease,Lung Cancer,train,0
C:\Users\hamza\Downloads\CancerVsPneumonia\CancerVsPneumonia\train\Lung Cancer\CANCER_POSITIVE_51.png,CANCER_POSITIVE_51.png,skin disease,Lung Cancer,train,0
C:\Users\hamza\Downloads\CancerVsPneumonia\CancerVsPneumonia\train\Lung Cancer\CANCER_POSITIVE_510.png,CANCER_POSITIVE_510.png,skin disease,Lung Cancer,train,0
C:\Users\hamza\Downloads\CancerVsPneumonia\CancerVsPneumonia\train\Lung Cancer\CANCER_POSITIVE_511.png,CANCER_POSITIVE_511.png,skin disease,Lung Cancer,train,0
C:\Users\hamza\Downloads\CancerVsPneumonia\CancerVsPneumonia\train\Lung Cancer\CANCER_POSITIVE_512.png,CANCER_POSITIVE_512.png,skin disease,Lung Cancer,train,0
C:\Users\hamza\Downloads\CancerVsPneumonia\CancerVsPneumonia\train\Lung Cancer\CANCER_POSITIVE_513.png,CANCER_POSITIVE_513.png,skin disease,Lung Cancer,train,0
C:\Users\hamza\Downloads\CancerVsPneumonia\CancerVsPneumonia\train\Lung Cancer\CANCER_POSITIVE_514.png,CANCER_POSITIVE_514.png,skin disease,Lung Cancer,train,0
C:\Users\hamza\Downloads\CancerVsPneumonia\CancerVsPneumonia\train\Lung Cancer\CANCER_POSITIVE_515.png,CANCER_POSITIVE_515.png,skin disease,Lung Cancer,train,0
C:\Users\hamza\Downloads\CancerVsPneumonia\CancerVsPneumonia\train\Lung Cancer\CANCER_POSITIVE_516.png,CANCER_POSITIVE_516.png,skin disease,Lung Cancer,train,0
C:\Users\hamza\Downloads\CancerVsPneumonia\CancerVsPneumonia\train\Lung Cancer\CANCER_POSITIVE_517.png,CANCER_POSITIVE_517.png,skin disease,Lung Cancer,train,0
C:\Users\hamza\Downloads\CancerVsPneumonia\CancerVsPneumonia\train\Lung Cancer\CANCER_POSITIVE_518.png,CANCER_POSITIVE_518.png,skin disease,Lung Cancer,train,0
C:\Users\hamza\Downloads\CancerVsPneumonia\CancerVsPneumonia\train\Lung Cancer\CANCER_POSITIVE_519.png,CANCER_POSITIVE_519.png,skin disease,Lung Cancer,train,0
C:\Users\hamza\Downloads\CancerVsPneumonia\CancerVsPneumonia\train\Lung Cancer\CANCER_POSITIVE_52.png,CANCER_POSITIVE_52.png,skin disease,Lung Cancer,train,0
C:\Users\hamza\Downloads\CancerVsPneumonia\CancerVsPneumonia\train\Lung Cancer\CANCER_POSITIVE_520.png,CANCER_POSITIVE_520.png,skin disease,Lung Cancer,train,0
C:\Users\hamza\Downloads\CancerVsPneumonia\CancerVsPneumonia\train\Lung Cancer\CANCER_POSITIVE_521.png,CANCER_POSITIVE_521.png,skin disease,Lung Cancer,train,0
C:\Users\hamza\Downloads\CancerVsPneumonia\CancerVsPneumonia\train\Lung Cancer\CANCER_POSITIVE_522.png,CANCER_POSITIVE_522.png,skin disease,Lung Cancer,train,0
C:\Users\hamza\Downloads\CancerVsPneumonia\CancerVsPneumonia\train\Lung Cancer\CANCER_POSITIVE_523.png,CANCER_POSITIVE_523.png,skin disease,Lung Cancer,train,0
C:\Users\hamza\Downloads\CancerVsPneumonia\CancerVsPneumonia\train\Lung Cancer\CANCER_POSITIVE_524.png,CANCER_POSITIVE_524.png,skin disease,Lung Cancer,train,0
C:\Users\hamza\Downloads\CancerVsPneumonia\CancerVsPneumonia\train\Lung Cancer\CANCER_POSITIVE_525.png,CANCER_POSITIVE_525.png,skin disease,Lung Cancer,train,0
C:\Users\hamza\Downloads\CancerVsPneumonia\CancerVsPneumonia\train\Lung Cancer\CANCER_POSITIVE_526.png,CANCER_POSITIVE_526.png,skin disease,Lung Cancer,train,0
C:\Users\hamza\Downloads\CancerVsPneumonia\CancerVsPneumonia\train\Lung Cancer\CANCER_POSITIVE_527.png,CANCER_POSITIVE_527.png,skin disease,Lung Cancer,train,0
C:\Users\hamza\Downloads\CancerVsPneumonia\CancerVsPneumonia\train\Lung Cancer\CANCER_POSITIVE_528.png,CANCER_POSITIVE_528.png,skin disease,Lung Cancer,train,0
C:\Users\hamza\Downloads\CancerVsPneumonia\CancerVsPneumonia\train\Lung Cancer\CANCER_POSITIVE_529.png,CANCER_POSITIVE_529.png,skin disease,Lung Cancer,train,0
C:\Users\hamza\Downloads\CancerVsPneumonia\CancerVsPneumonia\train\Lung Cancer\CANCER_POSITIVE_53.png,CANCER_POSITIVE_53.png,skin disease,Lung Cancer,train,0
C:\Users\hamza\Downloads\CancerVsPneumonia\CancerVsPneumonia\train\Lung Cancer\CANCER_POSITIVE_530.png,CANCER_POSITIVE_530.png,skin disease,Lung Cancer,train,0
C:\Users\hamza\Downloads\CancerVsPneumonia\CancerVsPneumonia\train\Lung Cancer\CANCER_POSITIVE_531.png,CANCER_POSITIVE_531.png,skin disease,Lung Cancer,train,0
C:\Users\hamza\Downloads\CancerVsPneumonia\CancerVsPneumonia\train\Lung Cancer\CANCER_POSITIVE_532.png,CANCER_POSITIVE_532.png,skin disease,Lung Cancer,train,0
C:\Users\hamza\Downloads\CancerVsPneumonia\CancerVsPneumonia\train\Lung Cancer\CANCER_POSITIVE_533.png,CANCER_POSITIVE_533.png,skin disease,Lung Cancer,train,0
C:\Users\hamza\Downloads\CancerVsPneumonia\CancerVsPneumonia\train\Lung Cancer\CANCER_POSITIVE_534.png,CANCER_POSITIVE_534.png,skin disease,Lung Cancer,train,0
C:\Users\hamza\Downloads\CancerVsPneumonia\CancerVsPneumonia\train\Lung Cancer\CANCER_POSITIVE_535.png,CANCER_POSITIVE_535.png,skin disease,Lung Cancer,train,0
C:\Users\hamza\Downloads\CancerVsPneumonia\CancerVsPneumonia\train\Lung Cancer\CANCER_POSITIVE_536.png,CANCER_POSITIVE_536.png,skin disease,Lung Cancer,train,0
C:\Users\hamza\Downloads\CancerVsPneumonia\CancerVsPneumonia\train\Lung Cancer\CANCER_POSITIVE_537.png,CANCER_POSITIVE_537.png,skin disease,Lung Cancer,train,0
C:\Users\hamza\Downloads\CancerVsPneumonia\CancerVsPneumonia\train\Lung Cancer\CANCER_POSITIVE_538.png,CANCER_POSITIVE_538.png,skin disease,Lung Cancer,train,0
C:\Users\hamza\Downloads\CancerVsPneumonia\CancerVsPneumonia\train\Lung Cancer\CANCER_POSITIVE_539.png,CANCER_POSITIVE_539.png,skin disease,Lung Cancer,train,0
C:\Users\hamza\Downloads\CancerVsPneumonia\CancerVsPneumonia\train\Lung Cancer\CANCER_POSITIVE_54.png,CANCER_POSITIVE_54.png,skin disease,Lung Cancer,train,0
C:\Users\hamza\Downloads\CancerVsPneumonia\CancerVsPneumonia\train\Lung Cancer\CANCER_POSITIVE_540.png,CANCER_POSITIVE_540.png,skin disease,Lung Cancer,train,0
C:\Users\hamza\Downloads\CancerVsPneumonia\CancerVsPneumonia\train\Lung Cancer\CANCER_POSITIVE_541.png,CANCER_POSITIVE_541.png,skin disease,Lung Cancer,train,0
C:\Users\hamza\Downloads\CancerVsPneumonia\CancerVsPneumonia\train\Lung Cancer\CANCER_POSITIVE_542.png,CANCER_POSITIVE_542.png,skin disease,Lung Cancer,train,0
C:\Users\hamza\Downloads\CancerVsPneumonia\CancerVsPneumonia\train\Lung Cancer\CANCER_POSITIVE_543.png,CANCER_POSITIVE_543.png,skin disease,Lung Cancer,train,0
C:\Users\hamza\Downloads\CancerVsPneumonia\CancerVsPneumonia\train\Lung Cancer\CANCER_POSITIVE_544.png,CANCER_POSITIVE_544.png,skin disease,Lung Cancer,train,0
C:\Users\hamza\Downloads\CancerVsPneumonia\CancerVsPneumonia\train\Lung Cancer\CANCER_POSITIVE_545.png,CANCER_POSITIVE_545.png,skin disease,Lung Cancer,train,0
C:\Users\hamza\Downloads\CancerVsPneumonia\CancerVsPneumonia\train\Lung Cancer\CANCER_POSITIVE_546.png,CANCER_POSITIVE_546.png,skin disease,Lung Cancer,train,0
C:\Users\hamza\Downloads\CancerVsPneumonia\CancerVsPneumonia\train\Lung Cancer\CANCER_POSITIVE_547.png,CANCER_POSITIVE_547.png,skin disease,Lung Cancer,train,0
C:\Users\hamza\Downloads\CancerVsPneumonia\CancerVsPneumonia\train\Lung Cancer\CANCER_POSITIVE_548.png,CANCER_POSITIVE_548.png,skin disease,Lung Cancer,train,0
C:\Users\hamza\Downloads\CancerVsPneumonia\CancerVsPneumonia\train\Lung Cancer\CANCER_POSITIVE_549.png,CANCER_POSITIVE_549.png,skin disease,Lung Cancer,train,0
C:\Users\hamza\Downloads\CancerVsPneumonia\CancerVsPneumonia\train\Lung Cancer\CANCER_POSITIVE_55.png,CANCER_POSITIVE_55.png,skin disease,Lung Cancer,train,0
C:\Users\hamza\Downloads\CancerVsPneumonia\CancerVsPneumonia\train\Lung Cancer\CANCER_POSITIVE_550.png,CANCER_POSITIVE_550.png,skin disease,Lung Cancer,train,0
C:\Users\hamza\Downloads\CancerVsPneumonia\CancerVsPneumonia\train\Lung Cancer\CANCER_POSITIVE_551.png,CANCER_POSITIVE_551.png,skin disease,Lung Cancer,train,0
C:\Users\hamza\Downloads\CancerVsPneumonia\CancerVsPneumonia\train\Lung Cancer\CANCER_POSITIVE_552.png,CANCER_POSITIVE_552.png,skin disease,Lung Cancer,train,0
C:\Users\hamza\Downloads\CancerVsPneumonia\CancerVsPneumonia\train\Lung Cancer\CANCER_POSITIVE_553.png,CANCER_POSITIVE_553.png,skin disease,Lung Cancer,train,0
C:\Users\hamza\Downloads\CancerVsPneumonia\CancerVsPneumonia\train\Lung Cancer\CANCER_POSITIVE_554.png,CANCER_POSITIVE_554.png,skin disease,Lung Cancer,train,0
C:\Users\hamza\Downloads\CancerVsPneumonia\CancerVsPneumonia\train\Lung Cancer\CANCER_POSITIVE_555.png,CANCER_POSITIVE_555.png,skin disease,Lung Cancer,train,0
C:\Users\hamza\Downloads\CancerVsPneumonia\CancerVsPneumonia\train\Lung Cancer\CANCER_POSITIVE_556.png,CANCER_POSITIVE_556.png,skin disease,Lung Cancer,train,0
C:\Users\hamza\Downloads\CancerVsPneumonia\CancerVsPneumonia\train\Lung Cancer\CANCER_POSITIVE_557.png,CANCER_POSITIVE_557.png,skin disease,Lung Cancer,train,0
C:\Users\hamza\Downloads\CancerVsPneumonia\CancerVsPneumonia\train\Lung Cancer\CANCER_POSITIVE_558.png,CANCER_POSITIVE_558.png,skin disease,Lung Cancer,train,0
C:\Users\hamza\Downloads\CancerVsPneumonia\CancerVsPneumonia\train\Lung Cancer\CANCER_POSITIVE_559.png,CANCER_POSITIVE_559.png,skin disease,Lung Cancer,train,0
C:\Users\hamza\Downloads\CancerVsPneumonia\CancerVsPneumonia\train\Lung Cancer\CANCER_POSITIVE_56.png,CANCER_POSITIVE_56.png,skin disease,Lung Cancer,train,0
C:\Users\hamza\Downloads\CancerVsPneumonia\CancerVsPneumonia\train\Lung Cancer\CANCER_POSITIVE_560.png,CANCER_POSITIVE_560.png,skin disease,Lung Cancer,train,0
C:\Users\hamza\Downloads\CancerVsPneumonia\CancerVsPneumonia\train\Lung Cancer\CANCER_POSITIVE_561.png,CANCER_POSITIVE_561.png,skin disease,Lung Cancer,train,0
C:\Users\hamza\Downloads\CancerVsPneumonia\CancerVsPneumonia\train\Lung Cancer\CANCER_POSITIVE_562.png,CANCER_POSITIVE_562.png,skin disease,Lung Cancer,train,0
C:\Users\hamza\Downloads\CancerVsPneumonia\CancerVsPneumonia\train\Lung Cancer\CANCER_POSITIVE_563.png,CANCER_POSITIVE_563.png,skin disease,Lung Cancer,train,0
C:\Users\hamza\Downloads\CancerVsPneumonia\CancerVsPneumonia\train\Lung Cancer\CANCER_POSITIVE_564.png,CANCER_POSITIVE_564.png,skin disease,Lung Cancer,train,0
C:\Users\hamza\Downloads\CancerVsPneumonia\CancerVsPneumonia\train\Lung Cancer\CANCER_POSITIVE_565.png,CANCER_POSITIVE_565.png,skin disease,Lung Cancer,train,0
C:\Users\hamza\Downloads\CancerVsPneumonia\CancerVsPneumonia\train\Lung Cancer\CANCER_POSITIVE_566.png,CANCER_POSITIVE_566.png,skin disease,Lung Cancer,train,0
C:\Users\hamza\Downloads\CancerVsPneumonia\CancerVsPneumonia\train\Lung Cancer\CANCER_POSITIVE_567.png,CANCER_POSITIVE_567.png,skin disease,Lung Cancer,train,0
C:\Users\hamza\Downloads\CancerVsPneumonia\CancerVsPneumonia\train\Lung Cancer\CANCER_POSITIVE_568.png,CANCER_POSITIVE_568.png,skin disease,Lung Cancer,train,0
C:\Users\hamza\Downloads\CancerVsPneumonia\CancerVsPneumonia\train\Lung Cancer\CANCER_POSITIVE_569.png,CANCER_POSITIVE_569.png,skin disease,Lung Cancer,train,0
C:\Users\hamza\Downloads\CancerVsPneumonia\CancerVsPneumonia\train\Lung Cancer\CANCER_POSITIVE_57.png,CANCER_POSITIVE_57.png,skin disease,Lung Cancer,train,0
C:\Users\hamza\Downloads\CancerVsPneumonia\CancerVsPneumonia\train\Lung Cancer\CANCER_POSITIVE_570.png,CANCER_POSITIVE_570.png,skin disease,Lung Cancer,train,0
C:\Users\hamza\Downloads\CancerVsPneumonia\CancerVsPneumonia\train\Lung Cancer\CANCER_POSITIVE_571.png,CANCER_POSITIVE_571.png,skin disease,Lung Cancer,train,0
C:\Users\hamza\Downloads\CancerVsPneumonia\CancerVsPneumonia\train\Lung Cancer\CANCER_POSITIVE_572.png,CANCER_POSITIVE_572.png,skin disease,Lung Cancer,train,0
C:\Users\hamza\Downloads\CancerVsPneumonia\CancerVsPneumonia\train\Lung Cancer\CANCER_POSITIVE_573.png,CANCER_POSITIVE_573.png,skin disease,Lung Cancer,train,0
C:\Users\hamza\Downloads\CancerVsPneumonia\CancerVsPneumonia\train\Lung Cancer\CANCER_POSITIVE_574.png,CANCER_POSITIVE_574.png,skin disease,Lung Cancer,train,0
C:\Users\hamza\Downloads\CancerVsPneumonia\CancerVsPneumonia\train\Lung Cancer\CANCER_POSITIVE_575.png,CANCER_POSITIVE_575.png,skin disease,Lung Cancer,train,0
C:\Users\hamza\Downloads\CancerVsPneumonia\CancerVsPneumonia\train\Lung Cancer\CANCER_POSITIVE_576.png,CANCER_POSITIVE_576.png,skin disease,Lung Cancer,train,0
C:\Users\hamza\Downloads\CancerVsPneumonia\CancerVsPneumonia\train\Lung Cancer\CANCER_POSITIVE_577.png,CANCER_POSITIVE_577.png,skin disease,Lung Cancer,train,0
C:\Users\hamza\Downloads\CancerVsPneumonia\CancerVsPneumonia\train\Lung Cancer\CANCER_POSITIVE_578.png,CANCER_POSITIVE_578.png,skin disease,Lung Cancer,train,0
C:\Users\hamza\Downloads\CancerVsPneumonia\CancerVsPneumonia\train\Lung Cancer\CANCER_POSITIVE_579.png,CANCER_POSITIVE_579.png,skin disease,Lung Cancer,train,0
C:\Users\hamza\Downloads\CancerVsPneumonia\CancerVsPneumonia\train\Lung Cancer\CANCER_POSITIVE_58.png,CANCER_POSITIVE_58.png,skin disease,Lung Cancer,train,0
C:\Users\hamza\Downloads\CancerVsPneumonia\CancerVsPneumonia\train\Lung Cancer\CANCER_POSITIVE_580.png,CANCER_POSITIVE_580.png,skin disease,Lung Cancer,train,0
C:\Users\hamza\Downloads\CancerVsPneumonia\CancerVsPneumonia\train\Lung Cancer\CANCER_POSITIVE_581.png,CANCER_POSITIVE_581.png,skin disease,Lung Cancer,train,0
C:\Users\hamza\Downloads\CancerVsPneumonia\CancerVsPneumonia\train\Lung Cancer\CANCER_POSITIVE_582.png,CANCER_POSITIVE_582.png,skin disease,Lung Cancer,train,0
C:\Users\hamza\Downloads\CancerVsPneumonia\CancerVsPneumonia\train\Lung Cancer\CANCER_POSITIVE_583.png,CANCER_POSITIVE_583.png,skin disease,Lung Cancer,train,0
C:\Users\hamza\Downloads\CancerVsPneumonia\CancerVsPneumonia\train\Lung Cancer\CANCER_POSITIVE_584.png,CANCER_POSITIVE_584.png,skin disease,Lung Cancer,train,0
C:\Users\hamza\Downloads\CancerVsPneumonia\CancerVsPneumonia\train\Lung Cancer\CANCER_POSITIVE_585.png,CANCER_POSITIVE_585.png,skin disease,Lung Cancer,train,0
C:\Users\hamza\Downloads\CancerVsPneumonia\CancerVsPneumonia\train\Lung Cancer\CANCER_POSITIVE_586.png,CANCER_POSITIVE_586.png,skin disease,Lung Cancer,train,0
C:\Users\hamza\Downloads\CancerVsPneumonia\CancerVsPneumonia\train\Lung Cancer\CANCER_POSITIVE_587.png,CANCER_POSITIVE_587.png,skin disease,Lung Cancer,train,0
C:\Users\hamza\Downloads\CancerVsPneumonia\CancerVsPneumonia\train\Lung Cancer\CANCER_POSITIVE_588.png,CANCER_POSITIVE_588.png,skin disease,Lung Cancer,train,0
C:\Users\hamza\Downloads\CancerVsPneumonia\CancerVsPneumonia\train\Lung Cancer\CANCER_POSITIVE_589.png,CANCER_POSITIVE_589.png,skin disease,Lung Cancer,train,0
C:\Users\hamza\Downloads\CancerVsPneumonia\CancerVsPneumonia\train\Lung Cancer\CANCER_POSITIVE_59.png,CANCER_POSITIVE_59.png,skin disease,Lung Cancer,train,0
C:\Users\hamza\Downloads\CancerVsPneumonia\CancerVsPneumonia\train\Lung Cancer\CANCER_POSITIVE_590.png,CANCER_POSITIVE_590.png,skin disease,Lung Cancer,train,0
C:\Users\hamza\Downloads\CancerVsPneumonia\CancerVsPneumonia\train\Lung Cancer\CANCER_POSITIVE_591.png,CANCER_POSITIVE_591.png,skin disease,Lung Cancer,train,0
C:\Users\hamza\Downloads\CancerVsPneumonia\CancerVsPneumonia\train\Lung Cancer\CANCER_POSITIVE_592.png,CANCER_POSITIVE_592.png,skin disease,Lung Cancer,train,0
C:\Users\hamza\Downloads\CancerVsPneumonia\CancerVsPneumonia\train\Lung Cancer\CANCER_POSITIVE_593.png,CANCER_POSITIVE_593.png,skin disease,Lung Cancer,train,0
C:\Users\hamza\Downloads\CancerVsPneumonia\CancerVsPneumonia\train\Lung Cancer\CANCER_POSITIVE_594.png,CANCER_POSITIVE_594.png,skin disease,Lung Cancer,train,0
C:\Users\hamza\Downloads\CancerVsPneumonia\CancerVsPneumonia\train\Lung Cancer\CANCER_POSITIVE_595.png,CANCER_POSITIVE_595.png,skin disease,Lung Cancer,train,0
C:\Users\hamza\Downloads\CancerVsPneumonia\CancerVsPneumonia\train\Lung Cancer\CANCER_POSITIVE_596.png,CANCER_POSITIVE_596.png,skin disease,Lung Cancer,train,0
C:\Users\hamza\Downloads\CancerVsPneumonia\CancerVsPneumonia\train\Lung Cancer\CANCER_POSITIVE_597.png,CANCER_POSITIVE_597.png,skin disease,Lung Cancer,train,0
C:\Users\hamza\Downloads\CancerVsPneumonia\CancerVsPneumonia\train\Lung Cancer\CANCER_POSITIVE_598.png,CANCER_POSITIVE_598.png,skin disease,Lung Cancer,train,0
C:\Users\hamza\Downloads\CancerVsPneumonia\CancerVsPneumonia\train\Lung Cancer\CANCER_POSITIVE_599.png,CANCER_POSITIVE_599.png,skin disease,Lung Cancer,train,0
C:\Users\hamza\Downloads\CancerVsPneumonia\CancerVsPneumonia\train\Lung Cancer\CANCER_POSITIVE_6.png,CANCER_POSITIVE_6.png,skin disease,Lung Cancer,train,0
C:\Users\hamza\Downloads\CancerVsPneumonia\CancerVsPneumonia\train\Lung Cancer\CANCER_POSITIVE_60.png,CANCER_POSITIVE_60.png,skin disease,Lung Cancer,train,0
C:\Users\hamza\Downloads\CancerVsPneumonia\CancerVsPneumonia\train\Lung Cancer\CANCER_POSITIVE_600.png,CANCER_POSITIVE_600.png,skin disease,Lung Cancer,train,0
C:\Users\hamza\Downloads\CancerVsPneumonia\CancerVsPneumonia\train\Lung Cancer\CANCER_POSITIVE_601.png,CANCER_POSITIVE_601.png,skin disease,Lung Cancer,train,0
C:\Users\hamza\Downloads\CancerVsPneumonia\CancerVsPneumonia\train\Lung Cancer\CANCER_POSITIVE_602.png,CANCER_POSITIVE_602.png,skin disease,Lung Cancer,train,0
C:\Users\hamza\Downloads\CancerVsPneumonia\CancerVsPneumonia\train\Lung Cancer\CANCER_POSITIVE_603.png,CANCER_POSITIVE_603.png,skin disease,Lung Cancer,train,0
C:\Users\hamza\Downloads\CancerVsPneumonia\CancerVsPneumonia\train\Lung Cancer\CANCER_POSITIVE_604.png,CANCER_POSITIVE_604.png,skin disease,Lung Cancer,train,0
C:\Users\hamza\Downloads\CancerVsPneumonia\CancerVsPneumonia\train\Lung Cancer\CANCER_POSITIVE_605.png,CANCER_POSITIVE_605.png,skin disease,Lung Cancer,train,0
C:\Users\hamza\Downloads\CancerVsPneumonia\CancerVsPneumonia\train\Lung Cancer\CANCER_POSITIVE_606.png,CANCER_POSITIVE_606.png,skin disease,Lung Cancer,train,0
C:\Users\hamza\Downloads\CancerVsPneumonia\CancerVsPneumonia\train\Lung Cancer\CANCER_POSITIVE_607.png,CANCER_POSITIVE_607.png,skin disease,Lung Cancer,train,0
C:\Users\hamza\Downloads\CancerVsPneumonia\CancerVsPneumonia\train\Lung Cancer\CANCER_POSITIVE_608.png,CANCER_POSITIVE_608.png,skin disease,Lung Cancer,train,0
C:\Users\hamza\Downloads\CancerVsPneumonia\CancerVsPneumonia\train\Lung Cancer\CANCER_POSITIVE_609.png,CANCER_POSITIVE_609.png,skin disease,Lung Cancer,train,0
C:\Users\hamza\Downloads\CancerVsPneumonia\CancerVsPneumonia\train\Lung Cancer\CANCER_POSITIVE_61.png,CANCER_POSITIVE_61.png,skin disease,Lung Cancer,train,0
C:\Users\hamza\Downloads\CancerVsPneumonia\CancerVsPneumonia\train\Lung Cancer\CANCER_POSITIVE_610.png,CANCER_POSITIVE_610.png,skin disease,Lung Cancer,train,0
C:\Users\hamza\Downloads\CancerVsPneumonia\CancerVsPneumonia\train\Lung Cancer\CANCER_POSITIVE_611.png,CANCER_POSITIVE_611.png,skin disease,Lung Cancer,train,0
C:\Users\hamza\Downloads\CancerVsPneumonia\CancerVsPneumonia\train\Lung Cancer\CANCER_POSITIVE_612.png,CANCER_POSITIVE_612.png,skin disease,Lung Cancer,train,0
C:\Users\hamza\Downloads\CancerVsPneumonia\CancerVsPneumonia\train\Lung Cancer\CANCER_POSITIVE_613.png,CANCER_POSITIVE_613.png,skin disease,Lung Cancer,train,0
C:\Users\hamza\Downloads\CancerVsPneumonia\CancerVsPneumonia\train\Lung Cancer\CANCER_POSITIVE_614.png,CANCER_POSITIVE_614.png,skin disease,Lung Cancer,train,0
C:\Users\hamza\Downloads\CancerVsPneumonia\CancerVsPneumonia\train\Lung Cancer\CANCER_POSITIVE_615.png,CANCER_POSITIVE_615.png,skin disease,Lung Cancer,train,0
C:\Users\hamza\Downloads\CancerVsPneumonia\CancerVsPneumonia\train\Lung Cancer\CANCER_POSITIVE_616.png,CANCER_POSITIVE_616.png,skin disease,Lung Cancer,train,0
C:\Users\hamza\Downloads\CancerVsPneumonia\CancerVsPneumonia\train\Lung Cancer\CANCER_POSITIVE_617.png,CANCER_POSITIVE_617.png,skin disease,Lung Cancer,train,0
C:\Users\hamza\Downloads\CancerVsPneumonia\CancerVsPneumonia\train\Lung Cancer\CANCER_POSITIVE_618.png,CANCER_POSITIVE_618.png,skin disease,Lung Cancer,train,0
C:\Users\hamza\Downloads\CancerVsPneumonia\CancerVsPneumonia\train\Lung Cancer\CANCER_POSITIVE_619.png,CANCER_POSITIVE_619.png,skin disease,Lung Cancer,train,0
C:\Users\hamza\Downloads\CancerVsPneumonia\CancerVsPneumonia\train\Lung Cancer\CANCER_POSITIVE_62.png,CANCER_POSITIVE_62.png,skin disease,Lung Cancer,train,0
C:\Users\hamza\Downloads\CancerVsPneumonia\CancerVsPneumonia\train\Lung Cancer\CANCER_POSITIVE_620.png,CANCER_POSITIVE_620.png,skin disease,Lung Cancer,train,0
C:\Users\hamza\Downloads\CancerVsPneumonia\CancerVsPneumonia\train\Lung Cancer\CANCER_POSITIVE_621.png,CANCER_POSITIVE_621.png,skin disease,Lung Cancer,train,0
C:\Users\hamza\Downloads\CancerVsPneumonia\CancerVsPneumonia\train\Lung Cancer\CANCER_POSITIVE_622.png,CANCER_POSITIVE_622.png,skin disease,Lung Cancer,train,0
C:\Users\hamza\Downloads\CancerVsPneumonia\CancerVsPneumonia\train\Lung Cancer\CANCER_POSITIVE_623.png,CANCER_POSITIVE_623.png,skin disease,Lung Cancer,train,0
C:\Users\hamza\Downloads\CancerVsPneumonia\CancerVsPneumonia\train\Lung Cancer\CANCER_POSITIVE_624.png,CANCER_POSITIVE_624.png,skin disease,Lung Cancer,train,0
C:\Users\hamza\Downloads\CancerVsPneumonia\CancerVsPneumonia\train\Lung Cancer\CANCER_POSITIVE_625.png,CANCER_POSITIVE_625.png,skin disease,Lung Cancer,train,0
C:\Users\hamza\Downloads\CancerVsPneumonia\CancerVsPneumonia\train\Lung Cancer\CANCER_POSITIVE_626.png,CANCER_POSITIVE_626.png,skin disease,Lung Cancer,train,0
C:\Users\hamza\Downloads\CancerVsPneumonia\CancerVsPneumonia\train\Lung Cancer\CANCER_POSITIVE_627.png,CANCER_POSITIVE_627.png,skin disease,Lung Cancer,train,0
C:\Users\hamza\Downloads\CancerVsPneumonia\CancerVsPneumonia\train\Lung Cancer\CANCER_POSITIVE_628.png,CANCER_POSITIVE_628.png,skin disease,Lung Cancer,train,0
C:\Users\hamza\Downloads\CancerVsPneumonia\CancerVsPneumonia\train\Lung Cancer\CANCER_POSITIVE_629.png,CANCER_POSITIVE_629.png,skin disease,Lung Cancer,train,0
C:\Users\hamza\Downloads\CancerVsPneumonia\CancerVsPneumonia\train\Lung Cancer\CANCER_POSITIVE_63.png,CANCER_POSITIVE_63.png,skin disease,Lung Cancer,train,0
C:\Users\hamza\Downloads\CancerVsPneumonia\CancerVsPneumonia\train\Lung Cancer\CANCER_POSITIVE_630.png,CANCER_POSITIVE_630.png,skin disease,Lung Cancer,train,0
C:\Users\hamza\Downloads\CancerVsPneumonia\CancerVsPneumonia\train\Lung Cancer\CANCER_POSITIVE_631.png,CANCER_POSITIVE_631.png,skin disease,Lung Cancer,train,0
C:\Users\hamza\Downloads\CancerVsPneumonia\CancerVsPneumonia\train\Lung Cancer\CANCER_POSITIVE_632.png,CANCER_POSITIVE_632.png,skin disease,Lung Cancer,train,0
C:\Users\hamza\Downloads\CancerVsPneumonia\CancerVsPneumonia\train\Lung Cancer\CANCER_POSITIVE_633.png,CANCER_POSITIVE_633.png,skin disease,Lung Cancer,train,0
C:\Users\hamza\Downloads\CancerVsPneumonia\CancerVsPneumonia\train\Lung Cancer\CANCER_POSITIVE_634.png,CANCER_POSITIVE_634.png,skin disease,Lung Cancer,train,0
C:\Users\hamza\Downloads\CancerVsPneumonia\CancerVsPneumonia\train\Lung Cancer\CANCER_POSITIVE_635.png,CANCER_POSITIVE_635.png,skin disease,Lung Cancer,train,0
C:\Users\hamza\Downloads\CancerVsPneumonia\CancerVsPneumonia\train\Lung Cancer\CANCER_POSITIVE_636.png,CANCER_POSITIVE_636.png,skin disease,Lung Cancer,train,0
C:\Users\hamza\Downloads\CancerVsPneumonia\CancerVsPneumonia\train\Lung Cancer\CANCER_POSITIVE_637.png,CANCER_POSITIVE_637.png,skin disease,Lung Cancer,train,0
C:\Users\hamza\Downloads\CancerVsPneumonia\CancerVsPneumonia\train\Lung Cancer\CANCER_POSITIVE_638.png,CANCER_POSITIVE_638.png,skin disease,Lung Cancer,train,0
C:\Users\hamza\Downloads\CancerVsPneumonia\CancerVsPneumonia\train\Lung Cancer\CANCER_POSITIVE_639.png,CANCER_POSITIVE_639.png,skin disease,Lung Cancer,train,0
C:\Users\hamza\Downloads\CancerVsPneumonia\CancerVsPneumonia\train\Lung Cancer\CANCER_POSITIVE_64.png,CANCER_POSITIVE_64.png,skin disease,Lung Cancer,train,0
C:\Users\hamza\Downloads\CancerVsPneumonia\CancerVsPneumonia\train\Lung Cancer\CANCER_POSITIVE_640.png,CANCER_POSITIVE_640.png,skin disease,Lung Cancer,train,0
C:\Users\hamza\Downloads\CancerVsPneumonia\CancerVsPneumonia\train\Lung Cancer\CANCER_POSITIVE_641.png,CANCER_POSITIVE_641.png,skin disease,Lung Cancer,train,0
C:\Users\hamza\Downloads\CancerVsPneumonia\CancerVsPneumonia\train\Lung Cancer\CANCER_POSITIVE_642.png,CANCER_POSITIVE_642.png,skin disease,Lung Cancer,train,0
C:\Users\hamza\Downloads\CancerVsPneumonia\CancerVsPneumonia\train\Lung Cancer\CANCER_POSITIVE_643.png,CANCER_POSITIVE_643.png,skin disease,Lung Cancer,train,0
C:\Users\hamza\Downloads\CancerVsPneumonia\CancerVsPneumonia\train\Lung Cancer\CANCER_POSITIVE_644.png,CANCER_POSITIVE_644.png,skin disease,Lung Cancer,train,0
C:\Users\hamza\Downloads\CancerVsPneumonia\CancerVsPneumonia\train\Lung Cancer\CANCER_POSITIVE_645.png,CANCER_POSITIVE_645.png,skin disease,Lung Cancer,train,0
C:\Users\hamza\Downloads\CancerVsPneumonia\CancerVsPneumonia\train\Lung Cancer\CANCER_POSITIVE_646.png,CANCER_POSITIVE_646.png,skin disease,Lung Cancer,train,0
C:\Users\hamza\Downloads\CancerVsPneumonia\CancerVsPneumonia\train\Lung Cancer\CANCER_POSITIVE_647.png,CANCER_POSITIVE_647.png,skin disease,Lung Cancer,train,0
C:\Users\hamza\Downloads\CancerVsPneumonia\CancerVsPneumonia\train\Lung Cancer\CANCER_POSITIVE_648.png,CANCER_POSITIVE_648.png,skin disease,Lung Cancer,train,0
C:\Users\hamza\Downloads\CancerVsPneumonia\CancerVsPneumonia\train\Lung Cancer\CANCER_POSITIVE_649.png,CANCER_POSITIVE_649.png,skin disease,Lung Cancer,train,0
C:\Users\hamza\Downloads\CancerVsPneumonia\CancerVsPneumonia\train\Lung Cancer\CANCER_POSITIVE_65.png,CANCER_POSITIVE_65.png,skin disease,Lung Cancer,train,0
C:\Users\hamza\Downloads\CancerVsPneumonia\CancerVsPneumonia\train\Lung Cancer\CANCER_POSITIVE_650.png,CANCER_POSITIVE_650.png,skin disease,Lung Cancer,train,0
C:\Users\hamza\Downloads\CancerVsPneumonia\CancerVsPneumonia\train\Lung Cancer\CANCER_POSITIVE_651.png,CANCER_POSITIVE_651.png,skin disease,Lung Cancer,train,0
C:\Users\hamza\Downloads\CancerVsPneumonia\CancerVsPneumonia\train\Lung Cancer\CANCER_POSITIVE_652.png,CANCER_POSITIVE_652.png,skin disease,Lung Cancer,train,0
C:\Users\hamza\Downloads\CancerVsPneumonia\CancerVsPneumonia\train\Lung Cancer\CANCER_POSITIVE_653.png,CANCER_POSITIVE_653.png,skin disease,Lung Cancer,train,0
C:\Users\hamza\Downloads\CancerVsPneumonia\CancerVsPneumonia\train\Lung Cancer\CANCER_POSITIVE_654.png,CANCER_POSITIVE_654.png,skin disease,Lung Cancer,train,0
C:\Users\hamza\Downloads\CancerVsPneumonia\CancerVsPneumonia\train\Lung Cancer\CANCER_POSITIVE_655.png,CANCER_POSITIVE_655.png,skin disease,Lung Cancer,train,0
C:\Users\hamza\Downloads\CancerVsPneumonia\CancerVsPneumonia\train\Lung Cancer\CANCER_POSITIVE_656.png,CANCER_POSITIVE_656.png,skin disease,Lung Cancer,train,0
C:\Users\hamza\Downloads\CancerVsPneumonia\CancerVsPneumonia\train\Lung Cancer\CANCER_POSITIVE_657.png,CANCER_POSITIVE_657.png,skin disease,Lung Cancer,train,0
C:\Users\hamza\Downloads\CancerVsPneumonia\CancerVsPneumonia\train\Lung Cancer\CANCER_POSITIVE_658.png,CANCER_POSITIVE_658.png,skin disease,Lung Cancer,train,0
C:\Users\hamza\Downloads\CancerVsPneumonia\CancerVsPneumonia\train\Lung Cancer\CANCER_POSITIVE_659.png,CANCER_POSITIVE_659.png,skin disease,Lung Cancer,train,0
C:\Users\hamza\Downloads\CancerVsPneumonia\CancerVsPneumonia\train\Lung Cancer\CANCER_POSITIVE_66.png,CANCER_POSITIVE_66.png,skin disease,Lung Cancer,train,0
C:\Users\hamza\Downloads\CancerVsPneumonia\CancerVsPneumonia\train\Lung Cancer\CANCER_POSITIVE_660.png,CANCER_POSITIVE_660.png,skin disease,Lung Cancer,train,0
C:\Users\hamza\Downloads\CancerVsPneumonia\CancerVsPneumonia\train\Lung Cancer\CANCER_POSITIVE_661.png,CANCER_POSITIVE_661.png,skin disease,Lung Cancer,train,0
C:\Users\hamza\Downloads\CancerVsPneumonia\CancerVsPneumonia\train\Lung Cancer\CANCER_POSITIVE_662.png,CANCER_POSITIVE_662.png,skin disease,Lung Cancer,train,0
C:\Users\hamza\Downloads\CancerVsPneumonia\CancerVsPneumonia\train\Lung Cancer\CANCER_POSITIVE_663.png,CANCER_POSITIVE_663.png,skin disease,Lung Cancer,train,0
C:\Users\hamza\Downloads\CancerVsPneumonia\CancerVsPneumonia\train\Lung Cancer\CANCER_POSITIVE_664.png,CANCER_POSITIVE_664.png,skin disease,Lung Cancer,train,0
C:\Users\hamza\Downloads\CancerVsPneumonia\CancerVsPneumonia\train\Lung Cancer\CANCER_POSITIVE_665.png,CANCER_POSITIVE_665.png,skin disease,Lung Cancer,train,0
C:\Users\hamza\Downloads\CancerVsPneumonia\CancerVsPneumonia\train\Lung Cancer\CANCER_POSITIVE_666.png,CANCER_POSITIVE_666.png,skin disease,Lung Cancer,train,0
C:\Users\hamza\Downloads\CancerVsPneumonia\CancerVsPneumonia\train\Lung Cancer\CANCER_POSITIVE_667.png,CANCER_POSITIVE_667.png,skin disease,Lung Cancer,train,0
C:\Users\hamza\Downloads\CancerVsPneumonia\CancerVsPneumonia\train\Lung Cancer\CANCER_POSITIVE_668.png,CANCER_POSITIVE_668.png,skin disease,Lung Cancer,train,0
C:\Users\hamza\Downloads\CancerVsPneumonia\CancerVsPneumonia\train\Lung Cancer\CANCER_POSITIVE_669.png,CANCER_POSITIVE_669.png,skin disease,Lung Cancer,train,0
C:\Users\hamza\Downloads\CancerVsPneumonia\CancerVsPneumonia\train\Lung Cancer\CANCER_POSITIVE_67.png,CANCER_POSITIVE_67.png,skin disease,Lung Cancer,train,0
C:\Users\hamza\Downloads\CancerVsPneumonia\CancerVsPneumonia\train\Lung Cancer\CANCER_POSITIVE_670.png,CANCER_POSITIVE_670.png,skin disease,Lung Cancer,train,0
C:\Users\hamza\Downloads\CancerVsPneumonia\CancerVsPneumonia\train\Lung Cancer\CANCER_POSITIVE_671.png,CANCER_POSITIVE_671.png,skin disease,Lung Cancer,train,0
C:\Users\hamza\Downloads\CancerVsPneumonia\CancerVsPneumonia\train\Lung Cancer\CANCER_POSITIVE_672.png,CANCER_POSITIVE_672.png,skin disease,Lung Cancer,train,0
C:\Users\hamza\Downloads\CancerVsPneumonia\CancerVsPneumonia\train\Lung Cancer\CANCER_POSITIVE_673.png,CANCER_POSITIVE_673.png,skin disease,Lung Cancer,train,0
C:\Users\hamza\Downloads\CancerVsPneumonia\CancerVsPneumonia\train\Lung Cancer\CANCER_POSITIVE_674.png,CANCER_POSITIVE_674.png,skin disease,Lung Cancer,train,0
C:\Users\hamza\Downloads\CancerVsPneumonia\CancerVsPneumonia\train\Lung Cancer\CANCER_POSITIVE_675.png,CANCER_POSITIVE_675.png,skin disease,Lung Cancer,train,0
C:\Users\hamza\Downloads\CancerVsPneumonia\CancerVsPneumonia\train\Lung Cancer\CANCER_POSITIVE_676.png,CANCER_POSITIVE_676.png,skin disease,Lung Cancer,train,0
C:\Users\hamza\Downloads\CancerVsPneumonia\CancerVsPneumonia\train\Lung Cancer\CANCER_POSITIVE_677.png,CANCER_POSITIVE_677.png,skin disease,Lung Cancer,train,0
C:\Users\hamza\Downloads\CancerVsPneumonia\CancerVsPneumonia\train\Lung Cancer\CANCER_POSITIVE_678.png,CANCER_POSITIVE_678.png,skin disease,Lung Cancer,train,0
C:\Users\hamza\Downloads\CancerVsPneumonia\CancerVsPneumonia\train\Lung Cancer\CANCER_POSITIVE_679.png,CANCER_POSITIVE_679.png,skin disease,Lung Cancer,train,0
C:\Users\hamza\Downloads\CancerVsPneumonia\CancerVsPneumonia\train\Lung Cancer\CANCER_POSITIVE_68.png,CANCER_POSITIVE_68.png,skin disease,Lung Cancer,train,0
C:\Users\hamza\Downloads\CancerVsPneumonia\CancerVsPneumonia\train\Lung Cancer\CANCER_POSITIVE_680.png,CANCER_POSITIVE_680.png,skin disease,Lung Cancer,train,0
C:\Users\hamza\Downloads\CancerVsPneumonia\CancerVsPneumonia\train\Lung Cancer\CANCER_POSITIVE_681.png,CANCER_POSITIVE_681.png,skin disease,Lung Cancer,train,0
C:\Users\hamza\Downloads\CancerVsPneumonia\CancerVsPneumonia\train\Lung Cancer\CANCER_POSITIVE_682.png,CANCER_POSITIVE_682.png,skin disease,Lung Cancer,train,0
C:\Users\hamza\Downloads\CancerVsPneumonia\CancerVsPneumonia\train\Lung Cancer\CANCER_POSITIVE_683.png,CANCER_POSITIVE_683.png,skin disease,Lung Cancer,train,0
C:\Users\hamza\Downloads\CancerVsPneumonia\CancerVsPneumonia\train\Lung Cancer\CANCER_POSITIVE_684.png,CANCER_POSITIVE_684.png,skin disease,Lung Cancer,train,0
C:\Users\hamza\Downloads\CancerVsPneumonia\CancerVsPneumonia\train\Lung Cancer\CANCER_POSITIVE_685.png,CANCER_POSITIVE_685.png,skin disease,Lung Cancer,train,0
C:\Users\hamza\Downloads\CancerVsPneumonia\CancerVsPneumonia\train\Lung Cancer\CANCER_POSITIVE_686.png,CANCER_POSITIVE_686.png,skin disease,Lung Cancer,train,0
C:\Users\hamza\Downloads\CancerVsPneumonia\CancerVsPneumonia\train\Lung Cancer\CANCER_POSITIVE_687.png,CANCER_POSITIVE_687.png,skin disease,Lung Cancer,train,0
C:\Users\hamza\Downloads\CancerVsPneumonia\CancerVsPneumonia\train\Lung Cancer\CANCER_POSITIVE_688.png,CANCER_POSITIVE_688.png,skin disease,Lung Cancer,train,0
C:\Users\hamza\Downloads\CancerVsPneumonia\CancerVsPneumonia\train\Lung Cancer\CANCER_POSITIVE_689.png,CANCER_POSITIVE_689.png,skin disease,Lung Cancer,train,0
C:\Users\hamza\Downloads\CancerVsPneumonia\CancerVsPneumonia\train\Lung Cancer\CANCER_POSITIVE_69.png,CANCER_POSITIVE_69.png,skin disease,Lung Cancer,train,0
C:\Users\hamza\Downloads\CancerVsPneumonia\CancerVsPneumonia\train\Lung Cancer\CANCER_POSITIVE_690.png,CANCER_POSITIVE_690.png,skin disease,Lung Cancer,train,0
C:\Users\hamza\Downloads\CancerVsPneumonia\CancerVsPneumonia\train\Lung Cancer\CANCER_POSITIVE_691.png,CANCER_POSITIVE_691.png,skin disease,Lung Cancer,train,0
C:\Users\hamza\Downloads\CancerVsPneumonia\CancerVsPneumonia\train\Lung Cancer\CANCER_POSITIVE_692.png,CANCER_POSITIVE_692.png,skin disease,Lung Cancer,train,0
C:\Users\hamza\Downloads\CancerVsPneumonia\CancerVsPneumonia\train\Lung Cancer\CANCER_POSITIVE_693.png,CANCER_POSITIVE_693.png,skin disease,Lung Cancer,train,0
C:\Users\hamza\Downloads\CancerVsPneumonia\CancerVsPneumonia\train\Lung Cancer\CANCER_POSITIVE_694.png,CANCER_POSITIVE_694.png,skin disease,Lung Cancer,train,0
C:\Users\hamza\Downloads\CancerVsPneumonia\CancerVsPneumonia\train\Lung Cancer\CANCER_POSITIVE_695.png,CANCER_POSITIVE_695.png,skin disease,Lung Cancer,train,0
C:\Users\hamza\Downloads\CancerVsPneumonia\CancerVsPneumonia\train\Lung Cancer\CANCER_POSITIVE_696.png,CANCER_POSITIVE_696.png,skin disease,Lung Cancer,train,0
C:\Users\hamza\Downloads\CancerVsPneumonia\CancerVsPneumonia\train\Lung Cancer\CANCER_POSITIVE_697.png,CANCER_POSITIVE_697.png,skin disease,Lung Cancer,train,0
C:\Users\hamza\Downloads\CancerVsPneumonia\CancerVsPneumonia\train\Lung Cancer\CANCER_POSITIVE_698.png,CANCER_POSITIVE_698.png,skin disease,Lung Cancer,train,0
C:\Users\hamza\Downloads\CancerVsPneumonia\CancerVsPneumonia\train\Lung Cancer\CANCER_POSITIVE_699.png,CANCER_POSITIVE_699.png,skin disease,Lung Cancer,train,0
C:\Users\hamza\Downloads\CancerVsPneumonia\CancerVsPneumonia\train\Lung Cancer\CANCER_POSITIVE_7.png,CANCER_POSITIVE_7.png,skin disease,Lung Cancer,train,0
C:\Users\hamza\Downloads\CancerVsPneumonia\CancerVsPneumonia\train\Lung Cancer\CANCER_POSITIVE_70.png,CANCER_POSITIVE_70.png,skin disease,Lung Cancer,train,0
C:\Users\hamza\Downloads\CancerVsPneumonia\CancerVsPneumonia\train\Lung Cancer\CANCER_POSITIVE_700.png,CANCER_POSITIVE_700.png,skin disease,Lung Cancer,train,0
C:\Users\hamza\Downloads\CancerVsPneumonia\CancerVsPneumonia\train\Lung Cancer\CANCER_POSITIVE_701.png,CANCER_POSITIVE_701.png,skin disease,Lung Cancer,train,0
C:\Users\hamza\Downloads\CancerVsPneumonia\CancerVsPneumonia\train\Lung Cancer\CANCER_POSITIVE_702.png,CANCER_POSITIVE_702.png,skin disease,Lung Cancer,train,0
C:\Users\hamza\Downloads\CancerVsPneumonia\CancerVsPneumonia\train\Lung Cancer\CANCER_POSITIVE_703.png,CANCER_POSITIVE_703.png,skin disease,Lung Cancer,train,0
C:\Users\hamza\Downloads\CancerVsPneumonia\CancerVsPneumonia\train\Lung Cancer\CANCER_POSITIVE_704.png,CANCER_POSITIVE_704.png,skin disease,Lung Cancer,train,0
C:\Users\hamza\Downloads\CancerVsPneumonia\CancerVsPneumonia\train\Lung Cancer\CANCER_POSITIVE_705.png,CANCER_POSITIVE_705.png,skin disease,Lung Cancer,train,0
C:\Users\hamza\Downloads\CancerVsPneumonia\CancerVsPneumonia\train\Lung Cancer\CANCER_POSITIVE_706.png,CANCER_POSITIVE_706.png,skin disease,Lung Cancer,train,0
C:\Users\hamza\Downloads\CancerVsPneumonia\CancerVsPneumonia\train\Lung Cancer\CANCER_POSITIVE_707.png,CANCER_POSITIVE_707.png,skin disease,Lung Cancer,train,0
C:\Users\hamza\Downloads\CancerVsPneumonia\CancerVsPneumonia\train\Lung Cancer\CANCER_POSITIVE_708.png,CANCER_POSITIVE_708.png,skin disease,Lung Cancer,train,0
C:\Users\hamza\Downloads\CancerVsPneumonia\CancerVsPneumonia\train\Lung Cancer\CANCER_POSITIVE_709.png,CANCER_POSITIVE_709.png,skin disease,Lung Cancer,train,0
C:\Users\hamza\Downloads\CancerVsPneumonia\CancerVsPneumonia\train\Lung Cancer\CANCER_POSITIVE_71.png,CANCER_POSITIVE_71.png,skin disease,Lung Cancer,train,0
C:\Users\hamza\Downloads\CancerVsPneumonia\CancerVsPneumonia\train\Lung Cancer\CANCER_POSITIVE_710.png,CANCER_POSITIVE_710.png,skin disease,Lung Cancer,train,0
C:\Users\hamza\Downloads\CancerVsPneumonia\CancerVsPneumonia\train\Lung Cancer\CANCER_POSITIVE_711.png,CANCER_POSITIVE_711.png,skin disease,Lung Cancer,train,0
C:\Users\hamza\Downloads\CancerVsPneumonia\CancerVsPneumonia\train\Lung Cancer\CANCER_POSITIVE_712.png,CANCER_POSITIVE_712.png,skin disease,Lung Cancer,train,0
C:\Users\hamza\Downloads\CancerVsPneumonia\CancerVsPneumonia\train\Lung Cancer\CANCER_POSITIVE_713.png,CANCER_POSITIVE_713.png,skin disease,Lung Cancer,train,0
C:\Users\hamza\Downloads\CancerVsPneumonia\CancerVsPneumonia\train\Lung Cancer\CANCER_POSITIVE_714.png,CANCER_POSITIVE_714.png,skin disease,Lung Cancer,train,0
C:\Users\hamza\Downloads\CancerVsPneumonia\CancerVsPneumonia\train\Lung Cancer\CANCER_POSITIVE_715.png,CANCER_POSITIVE_715.png,skin disease,Lung Cancer,train,0
C:\Users\hamza\Downloads\CancerVsPneumonia\CancerVsPneumonia\train\Lung Cancer\CANCER_POSITIVE_716.png,CANCER_POSITIVE_716.png,skin disease,Lung Cancer,train,0
C:\Users\hamza\Downloads\CancerVsPneumonia\CancerVsPneumonia\train\Lung Cancer\CANCER_POSITIVE_717.png,CANCER_POSITIVE_717.png,skin disease,Lung Cancer,train,0
C:\Users\hamza\Downloads\CancerVsPneumonia\CancerVsPneumonia\train\Lung Cancer\CANCER_POSITIVE_718.png,CANCER_POSITIVE_718.png,skin disease,Lung Cancer,train,0
C:\Users\hamza\Downloads\CancerVsPneumonia\CancerVsPneumonia\train\Lung Cancer\CANCER_POSITIVE_719.png,CANCER_POSITIVE_719.png,skin disease,Lung Cancer,train,0
C:\Users\hamza\Downloads\CancerVsPneumonia\CancerVsPneumonia\train\Lung Cancer\CANCER_POSITIVE_72.png,CANCER_POSITIVE_72.png,skin disease,Lung Cancer,train,0
C:\Users\hamza\Downloads\CancerVsPneumonia\CancerVsPneumonia\train\Lung Cancer\CANCER_POSITIVE_720.png,CANCER_POSITIVE_720.png,skin disease,Lung Cancer,train,0
C:\Users\hamza\Downloads\CancerVsPneumonia\CancerVsPneumonia\train\Lung Cancer\CANCER_POSITIVE_721.png,CANCER_POSITIVE_721.png,skin disease,Lung Cancer,train,0
C:\Users\hamza\Downloads\CancerVsPneumonia\CancerVsPneumonia\train\Lung Cancer\CANCER_POSITIVE_722.png,CANCER_POSITIVE_722.png,skin disease,Lung Cancer,train,0
C:\Users\hamza\Downloads\CancerVsPneumonia\CancerVsPneumonia\train\Lung Cancer\CANCER_POSITIVE_723.png,CANCER_POSITIVE_723.png,skin disease,Lung Cancer,train,0
C:\Users\hamza\Downloads\CancerVsPneumonia\CancerVsPneumonia\train\Lung Cancer\CANCER_POSITIVE_724.png,CANCER_POSITIVE_724.png,skin disease,Lung Cancer,train,0
C:\Users\hamza\Downloads\CancerVsPneumonia\CancerVsPneumonia\train\Lung Cancer\CANCER_POSITIVE_725.png,CANCER_POSITIVE_725.png,skin disease,Lung Cancer,train,0
C:\Users\hamza\Downloads\CancerVsPneumonia\CancerVsPneumonia\train\Lung Cancer\CANCER_POSITIVE_726.png,CANCER_POSITIVE_726.png,skin disease,Lung Cancer,train,0
C:\Users\hamza\Downloads\CancerVsPneumonia\CancerVsPneumonia\train\Lung Cancer\CANCER_POSITIVE_727.png,CANCER_POSITIVE_727.png,skin disease,Lung Cancer,train,0
C:\Users\hamza\Downloads\CancerVsPneumonia\CancerVsPneumonia\train\Lung Cancer\CANCER_POSITIVE_728.png,CANCER_POSITIVE_728.png,skin disease,Lung Cancer,train,0
C:\Users\hamza\Downloads\CancerVsPneumonia\CancerVsPneumonia\train\Lung Cancer\CANCER_POSITIVE_729.png,CANCER_POSITIVE_729.png,skin disease,Lung Cancer,train,0
C:\Users\hamza\Downloads\CancerVsPneumonia\CancerVsPneumonia\train\Lung Cancer\CANCER_POSITIVE_73.png,CANCER_POSITIVE_73.png,skin disease,Lung Cancer,train,0
C:\Users\hamza\Downloads\CancerVsPneumonia\CancerVsPneumonia\train\Lung Cancer\CANCER_POSITIVE_730.png,CANCER_POSITIVE_730.png,skin disease,Lung Cancer,train,0
C:\Users\hamza\Downloads\CancerVsPneumonia\CancerVsPneumonia\train\Lung Cancer\CANCER_POSITIVE_731.png,CANCER_POSITIVE_731.png,skin disease,Lung Cancer,train,0
C:\Users\hamza\Downloads\CancerVsPneumonia\CancerVsPneumonia\train\Lung Cancer\CANCER_POSITIVE_732.png,CANCER_POSITIVE_732.png,skin disease,Lung Cancer,train,0
C:\Users\hamza\Downloads\CancerVsPneumonia\CancerVsPneumonia\train\Lung Cancer\CANCER_POSITIVE_733.png,CANCER_POSITIVE_733.png,skin disease,Lung Cancer,train,0
C:\Users\hamza\Downloads\CancerVsPneumonia\CancerVsPneumonia\train\Lung Cancer\CANCER_POSITIVE_734.png,CANCER_POSITIVE_734.png,skin disease,Lung Cancer,train,0
C:\Users\hamza\Downloads\CancerVsPneumonia\CancerVsPneumonia\train\Lung Cancer\CANCER_POSITIVE_735.png,CANCER_POSITIVE_735.png,skin disease,Lung Cancer,train,0
C:\Users\hamza\Downloads\CancerVsPneumonia\CancerVsPneumonia\train\Lung Cancer\CANCER_POSITIVE_736.png,CANCER_POSITIVE_736.png,skin disease,Lung Cancer,train,0
C:\Users\hamza\Downloads\CancerVsPneumonia\CancerVsPneumonia\train\Lung Cancer\CANCER_POSITIVE_737.png,CANCER_POSITIVE_737.png,skin disease,Lung Cancer,train,0
C:\Users\hamza\Downloads\CancerVsPneumonia\CancerVsPneumonia\train\Lung Cancer\CANCER_POSITIVE_738.png,CANCER_POSITIVE_738.png,skin disease,Lung Cancer,train,0
C:\Users\hamza\Downloads\CancerVsPneumonia\CancerVsPneumonia\train\Lung Cancer\CANCER_POSITIVE_739.png,CANCER_POSITIVE_739.png,skin disease,Lung Cancer,train,0
C:\Users\hamza\Downloads\CancerVsPneumonia\CancerVsPneumonia\train\Lung Cancer\CANCER_POSITIVE_74.png,CANCER_POSITIVE_74.png,skin disease,Lung Cancer,train,0
C:\Users\hamza\Downloads\CancerVsPneumonia\CancerVsPneumonia\train\Lung Cancer\CANCER_POSITIVE_740.png,CANCER_POSITIVE_740.png,skin disease,Lung Cancer,train,0
C:\Users\hamza\Downloads\CancerVsPneumonia\CancerVsPneumonia\train\Lung Cancer\CANCER_POSITIVE_741.png,CANCER_POSITIVE_741.png,skin disease,Lung Cancer,train,0
C:\Users\hamza\Downloads\CancerVsPneumonia\CancerVsPneumonia\train\Lung Cancer\CANCER_POSITIVE_742.png,CANCER_POSITIVE_742.png,skin disease,Lung Cancer,train,0
C:\Users\hamza\Downloads\CancerVsPneumonia\CancerVsPneumonia\train\Lung Cancer\CANCER_POSITIVE_743.png,CANCER_POSITIVE_743.png,skin disease,Lung Cancer,train,0
C:\Users\hamza\Downloads\CancerVsPneumonia\CancerVsPneumonia\train\Lung Cancer\CANCER_POSITIVE_744.png,CANCER_POSITIVE_744.png,skin disease,Lung Cancer,train,0
C:\Users\hamza\Downloads\CancerVsPneumonia\CancerVsPneumonia\train\Lung Cancer\CANCER_POSITIVE_745.png,CANCER_POSITIVE_745.png,skin disease,Lung Cancer,train,0
C:\Users\hamza\Downloads\CancerVsPneumonia\CancerVsPneumonia\train\Lung Cancer\CANCER_POSITIVE_746.png,CANCER_POSITIVE_746.png,skin disease,Lung Cancer,train,0
C:\Users\hamza\Downloads\CancerVsPneumonia\CancerVsPneumonia\train\Lung Cancer\CANCER_POSITIVE_747.png,CANCER_POSITIVE_747.png,skin disease,Lung Cancer,train,0
C:\Users\hamza\Downloads\CancerVsPneumonia\CancerVsPneumonia\train\Lung Cancer\CANCER_POSITIVE_748.png,CANCER_POSITIVE_748.png,skin disease,Lung Cancer,train,0
C:\Users\hamza\Downloads\CancerVsPneumonia\CancerVsPneumonia\train\Lung Cancer\CANCER_POSITIVE_749.png,CANCER_POSITIVE_749.png,skin disease,Lung Cancer,train,0
C:\Users\hamza\Downloads\CancerVsPneumonia\CancerVsPneumonia\train\Lung Cancer\CANCER_POSITIVE_75.png,CANCER_POSITIVE_75.png,skin disease,Lung Cancer,train,0
C:\Users\hamza\Downloads\CancerVsPneumonia\CancerVsPneumonia\train\Lung Cancer\CANCER_POSITIVE_750.png,CANCER_POSITIVE_750.png,skin disease,Lung Cancer,train,0
C:\Users\hamza\Downloads\CancerVsPneumonia\CancerVsPneumonia\train\Lung Cancer\CANCER_POSITIVE_751.png,CANCER_POSITIVE_751.png,skin disease,Lung Cancer,train,0
C:\Users\hamza\Downloads\CancerVsPneumonia\CancerVsPneumonia\train\Lung Cancer\CANCER_POSITIVE_752.png,CANCER_POSITIVE_752.png,skin disease,Lung Cancer,train,0
C:\Users\hamza\Downloads\CancerVsPneumonia\CancerVsPneumonia\train\Lung Cancer\CANCER_POSITIVE_753.png,CANCER_POSITIVE_753.png,skin disease,Lung Cancer,train,0
C:\Users\hamza\Downloads\CancerVsPneumonia\CancerVsPneumonia\train\Lung Cancer\CANCER_POSITIVE_754.png,CANCER_POSITIVE_754.png,skin disease,Lung Cancer,train,0
C:\Users\hamza\Downloads\CancerVsPneumonia\CancerVsPneumonia\train\Lung Cancer\CANCER_POSITIVE_755.png,CANCER_POSITIVE_755.png,skin disease,Lung Cancer,train,0
C:\Users\hamza\Downloads\CancerVsPneumonia\CancerVsPneumonia\train\Lung Cancer\CANCER_POSITIVE_756.png,CANCER_POSITIVE_756.png,skin disease,Lung Cancer,train,0
C:\Users\hamza\Downloads\CancerVsPneumonia\CancerVsPneumonia\train\Lung Cancer\CANCER_POSITIVE_757.png,CANCER_POSITIVE_757.png,skin disease,Lung Cancer,train,0
C:\Users\hamza\Downloads\CancerVsPneumonia\CancerVsPneumonia\train\Lung Cancer\CANCER_POSITIVE_758.png,CANCER_POSITIVE_758.png,skin disease,Lung Cancer,train,0
C:\Users\hamza\Downloads\CancerVsPneumonia\CancerVsPneumonia\train\Lung Cancer\CANCER_POSITIVE_759.png,CANCER_POSITIVE_759.png,skin disease,Lung Cancer,train,0
C:\Users\hamza\Downloads\CancerVsPneumonia\CancerVsPneumonia\train\Lung Cancer\CANCER_POSITIVE_76.png,CANCER_POSITIVE_76.png,skin disease,Lung Cancer,train,0
C:\Users\hamza\Downloads\CancerVsPneumonia\CancerVsPneumonia\train\Lung Cancer\CANCER_POSITIVE_760.png,CANCER_POSITIVE_760.png,skin disease,Lung Cancer,train,0
C:\Users\hamza\Downloads\CancerVsPneumonia\CancerVsPneumonia\train\Lung Cancer\CANCER_POSITIVE_761.png,CANCER_POSITIVE_761.png,skin disease,Lung Cancer,train,0
C:\Users\hamza\Downloads\CancerVsPneumonia\CancerVsPneumonia\train\Lung Cancer\CANCER_POSITIVE_762.png,CANCER_POSITIVE_762.png,skin disease,Lung Cancer,train,0
C:\Users\hamza\Downloads\CancerVsPneumonia\CancerVsPneumonia\train\Lung Cancer\CANCER_POSITIVE_763.png,CANCER_POSITIVE_763.png,skin disease,Lung Cancer,train,0
C:\Users\hamza\Downloads\CancerVsPneumonia\CancerVsPneumonia\train\Lung Cancer\CANCER_POSITIVE_764.png,CANCER_POSITIVE_764.png,skin disease,Lung Cancer,train,0
C:\Users\hamza\Downloads\CancerVsPneumonia\CancerVsPneumonia\train\Lung Cancer\CANCER_POSITIVE_765.png,CANCER_POSITIVE_765.png,skin disease,Lung Cancer,train,0
C:\Users\hamza\Downloads\CancerVsPneumonia\CancerVsPneumonia\train\Lung Cancer\CANCER_POSITIVE_766.png,CANCER_POSITIVE_766.png,skin disease,Lung Cancer,train,0
C:\Users\hamza\Downloads\CancerVsPneumonia\CancerVsPneumonia\train\Lung Cancer\CANCER_POSITIVE_767.png,CANCER_POSITIVE_767.png,skin disease,Lung Cancer,train,0
C:\Users\hamza\Downloads\CancerVsPneumonia\CancerVsPneumonia\train\Lung Cancer\CANCER_POSITIVE_768.png,CANCER_POSITIVE_768.png,skin disease,Lung Cancer,train,0
C:\Users\hamza\Downloads\CancerVsPneumonia\CancerVsPneumonia\train\Lung Cancer\CANCER_POSITIVE_769.png,CANCER_POSITIVE_769.png,skin disease,Lung Cancer,train,0
C:\Users\hamza\Downloads\CancerVsPneumonia\CancerVsPneumonia\train\Lung Cancer\CANCER_POSITIVE_77.png,CANCER_POSITIVE_77.png,skin disease,Lung Cancer,train,0
C:\Users\hamza\Downloads\CancerVsPneumonia\CancerVsPneumonia\train\Lung Cancer\CANCER_POSITIVE_770.png,CANCER_POSITIVE_770.png,skin disease,Lung Cancer,train,0
C:\Users\hamza\Downloads\CancerVsPneumonia\CancerVsPneumonia\train\Lung Cancer\CANCER_POSITIVE_771.png,CANCER_POSITIVE_771.png,skin disease,Lung Cancer,train,0
C:\Users\hamza\Downloads\CancerVsPneumonia\CancerVsPneumonia\train\Lung Cancer\CANCER_POSITIVE_772.png,CANCER_POSITIVE_772.png,skin disease,Lung Cancer,train,0
C:\Users\hamza\Downloads\CancerVsPneumonia\CancerVsPneumonia\train\Lung Cancer\CANCER_POSITIVE_773.png,CANCER_POSITIVE_773.png,skin disease,Lung Cancer,train,0
C:\Users\hamza\Downloads\CancerVsPneumonia\CancerVsPneumonia\train\Lung Cancer\CANCER_POSITIVE_774.png,CANCER_POSITIVE_774.png,skin disease,Lung Cancer,train,0
C:\Users\hamza\Downloads\CancerVsPneumonia\CancerVsPneumonia\train\Lung Cancer\CANCER_POSITIVE_775.png,CANCER_POSITIVE_775.png,skin disease,Lung Cancer,train,0
C:\Users\hamza\Downloads\CancerVsPneumonia\CancerVsPneumonia\train\Lung Cancer\CANCER_POSITIVE_776.png,CANCER_POSITIVE_776.png,skin disease,Lung Cancer,train,0
C:\Users\hamza\Downloads\CancerVsPneumonia\CancerVsPneumonia\train\Lung Cancer\CANCER_POSITIVE_777.png,CANCER_POSITIVE_777.png,skin disease,Lung Cancer,train,0
C:\Users\hamza\Downloads\CancerVsPneumonia\CancerVsPneumonia\train\Lung Cancer\CANCER_POSITIVE_778.png,CANCER_POSITIVE_778.png,skin disease,Lung Cancer,train,0
C:\Users\hamza\Downloads\CancerVsPneumonia\CancerVsPneumonia\train\Lung Cancer\CANCER_POSITIVE_779.png,CANCER_POSITIVE_779.png,skin disease,Lung Cancer,train,0
C:\Users\hamza\Downloads\CancerVsPneumonia\CancerVsPneumonia\train\Lung Cancer\CANCER_POSITIVE_78.png,CANCER_POSITIVE_78.png,skin disease,Lung Cancer,train,0
C:\Users\hamza\Downloads\CancerVsPneumonia\CancerVsPneumonia\train\Lung Cancer\CANCER_POSITIVE_780.png,CANCER_POSITIVE_780.png,skin disease,Lung Cancer,train,0
C:\Users\hamza\Downloads\CancerVsPneumonia\CancerVsPneumonia\train\Lung Cancer\CANCER_POSITIVE_781.png,CANCER_POSITIVE_781.png,skin disease,Lung Cancer,train,0
C:\Users\hamza\Downloads\CancerVsPneumonia\CancerVsPneumonia\train\Lung Cancer\CANCER_POSITIVE_782.png,CANCER_POSITIVE_782.png,skin disease,Lung Cancer,train,0
C:\Users\hamza\Downloads\CancerVsPneumonia\CancerVsPneumonia\train\Lung Cancer\CANCER_POSITIVE_783.png,CANCER_POSITIVE_783.png,skin disease,Lung Cancer,train,0
C:\Users\hamza\Downloads\CancerVsPneumonia\CancerVsPneumonia\train\Lung Cancer\CANCER_POSITIVE_784.png,CANCER_POSITIVE_784.png,skin disease,Lung Cancer,train,0
C:\Users\hamza\Downloads\CancerVsPneumonia\CancerVsPneumonia\train\Lung Cancer\CANCER_POSITIVE_785.png,CANCER_POSITIVE_785.png,skin disease,Lung Cancer,train,0
C:\Users\hamza\Downloads\CancerVsPneumonia\CancerVsPneumonia\train\Lung Cancer\CANCER_POSITIVE_786.png,CANCER_POSITIVE_786.png,skin disease,Lung Cancer,train,0
C:\Users\hamza\Downloads\CancerVsPneumonia\CancerVsPneumonia\train\Lung Cancer\CANCER_POSITIVE_787.png,CANCER_POSITIVE_787.png,skin disease,Lung Cancer,train,0
C:\Users\hamza\Downloads\CancerVsPneumonia\CancerVsPneumonia\train\Lung Cancer\CANCER_POSITIVE_788.png,CANCER_POSITIVE_788.png,skin disease,Lung Cancer,train,0
C:\Users\hamza\Downloads\CancerVsPneumonia\CancerVsPneumonia\train\Lung Cancer\CANCER_POSITIVE_789.png,CANCER_POSITIVE_789.png,skin disease,Lung Cancer,train,0
C:\Users\hamza\Downloads\CancerVsPneumonia\CancerVsPneumonia\train\Lung Cancer\CANCER_POSITIVE_79.png,CANCER_POSITIVE_79.png,skin disease,Lung Cancer,train,0
C:\Users\hamza\Downloads\CancerVsPneumonia\CancerVsPneumonia\train\Lung Cancer\CANCER_POSITIVE_790.png,CANCER_POSITIVE_790.png,skin disease,Lung Cancer,train,0
C:\Users\hamza\Downloads\CancerVsPneumonia\CancerVsPneumonia\train\Lung Cancer\CANCER_POSITIVE_791.png,CANCER_POSITIVE_791.png,skin disease,Lung Cancer,train,0
C:\Users\hamza\Downloads\CancerVsPneumonia\CancerVsPneumonia\train\Lung Cancer\CANCER_POSITIVE_792.png,CANCER_POSITIVE_792.png,skin disease,Lung Cancer,train,0
C:\Users\hamza\Downloads\CancerVsPneumonia\CancerVsPneumonia\train\Lung Cancer\CANCER_POSITIVE_793.png,CANCER_POSITIVE_793.png,skin disease,Lung Cancer,train,0
C:\Users\hamza\Downloads\CancerVsPneumonia\CancerVsPneumonia\train\Lung Cancer\CANCER_POSITIVE_794.png,CANCER_POSITIVE_794.png,skin disease,Lung Cancer,train,0
C:\Users\hamza\Downloads\CancerVsPneumonia\CancerVsPneumonia\train\Lung Cancer\CANCER_POSITIVE_795.png,CANCER_POSITIVE_795.png,skin disease,Lung Cancer,train,0
C:\Users\hamza\Downloads\CancerVsPneumonia\CancerVsPneumonia\train\Lung Cancer\CANCER_POSITIVE_796.png,CANCER_POSITIVE_796.png,skin disease,Lung Cancer,train,0
C:\Users\hamza\Downloads\CancerVsPneumonia\CancerVsPneumonia\train\Lung Cancer\CANCER_POSITIVE_797.png,CANCER_POSITIVE_797.png,skin disease,Lung Cancer,train,0
C:\Users\hamza\Downloads\CancerVsPneumonia\CancerVsPneumonia\train\Lung Cancer\CANCER_POSITIVE_798.png,CANCER_POSITIVE_798.png,skin disease,Lung Cancer,train,0
C:\Users\hamza\Downloads\CancerVsPneumonia\CancerVsPneumonia\train\Lung Cancer\CANCER_POSITIVE_799.png,CANCER_POSITIVE_799.png,skin disease,Lung Cancer,train,0
C:\Users\hamza\Downloads\CancerVsPneumonia\CancerVsPneumonia\train\Lung Cancer\CANCER_POSITIVE_8.png,CANCER_POSITIVE_8.png,skin disease,Lung Cancer,train,0
C:\Users\hamza\Downloads\CancerVsPneumonia\CancerVsPneumonia\train\Lung Cancer\CANCER_POSITIVE_80.png,CANCER_POSITIVE_80.png,skin disease,Lung Cancer,train,0
C:\Users\hamza\Downloads\CancerVsPneumonia\CancerVsPneumonia\train\Lung Cancer\CANCER_POSITIVE_800.png,CANCER_POSITIVE_800.png,skin disease,Lung Cancer,train,0
C:\Users\hamza\Downloads\CancerVsPneumonia\CancerVsPneumonia\train\Lung Cancer\CANCER_POSITIVE_801.png,CANCER_POSITIVE_801.png,skin disease,Lung Cancer,train,0
C:\Users\hamza\Downloads\CancerVsPneumonia\CancerVsPneumonia\train\Lung Cancer\CANCER_POSITIVE_802.png,CANCER_POSITIVE_802.png,skin disease,Lung Cancer,train,0
C:\Users\hamza\Downloads\CancerVsPneumonia\CancerVsPneumonia\train\Lung Cancer\CANCER_POSITIVE_803.png,CANCER_POSITIVE_803.png,skin disease,Lung Cancer,train,0
C:\Users\hamza\Downloads\CancerVsPneumonia\CancerVsPneumonia\train\Lung Cancer\CANCER_POSITIVE_804.png,CANCER_POSITIVE_804.png,skin disease,Lung Cancer,train,0
C:\Users\hamza\Downloads\CancerVsPneumonia\CancerVsPneumonia\train\Lung Cancer\CANCER_POSITIVE_805.png,CANCER_POSITIVE_805.png,skin disease,Lung Cancer,train,0
C:\Users\hamza\Downloads\CancerVsPneumonia\CancerVsPneumonia\train\Lung Cancer\CANCER_POSITIVE_806.png,CANCER_POSITIVE_806.png,skin disease,Lung Cancer,train,0
C:\Users\hamza\Downloads\CancerVsPneumonia\CancerVsPneumonia\train\Lung Cancer\CANCER_POSITIVE_807.png,CANCER_POSITIVE_807.png,skin disease,Lung Cancer,train,0
C:\Users\hamza\Downloads\CancerVsPneumonia\CancerVsPneumonia\train\Lung Cancer\CANCER_POSITIVE_808.png,CANCER_POSITIVE_808.png,skin disease,Lung Cancer,train,0
C:\Users\hamza\Downloads\CancerVsPneumonia\CancerVsPneumonia\train\Lung Cancer\CANCER_POSITIVE_809.png,CANCER_POSITIVE_809.png,skin disease,Lung Cancer,train,0
C:\Users\hamza\Downloads\CancerVsPneumonia\CancerVsPneumonia\train\Lung Cancer\CANCER_POSITIVE_81.png,CANCER_POSITIVE_81.png,skin disease,Lung Cancer,train,0
C:\Users\hamza\Downloads\CancerVsPneumonia\CancerVsPneumonia\train\Lung Cancer\CANCER_POSITIVE_810.png,CANCER_POSITIVE_810.png,skin disease,Lung Cancer,train,0
C:\Users\hamza\Downloads\CancerVsPneumonia\CancerVsPneumonia\train\Lung Cancer\CANCER_POSITIVE_811.png,CANCER_POSITIVE_811.png,skin disease,Lung Cancer,train,0
C:\Users\hamza\Downloads\CancerVsPneumonia\CancerVsPneumonia\train\Lung Cancer\CANCER_POSITIVE_812.png,CANCER_POSITIVE_812.png,skin disease,Lung Cancer,train,0
C:\Users\hamza\Downloads\CancerVsPneumonia\CancerVsPneumonia\train\Lung Cancer\CANCER_POSITIVE_813.png,CANCER_POSITIVE_813.png,skin disease,Lung Cancer,train,0
C:\Users\hamza\Downloads\CancerVsPneumonia\CancerVsPneumonia\train\Lung Cancer\CANCER_POSITIVE_814.png,CANCER_POSITIVE_814.png,skin disease,Lung Cancer,train,0
C:\Users\hamza\Downloads\CancerVsPneumonia\CancerVsPneumonia\train\Lung Cancer\CANCER_POSITIVE_815.png,CANCER_POSITIVE_815.png,skin disease,Lung Cancer,train,0
C:\Users\hamza\Downloads\CancerVsPneumonia\CancerVsPneumonia\train\Lung Cancer\CANCER_POSITIVE_816.png,CANCER_POSITIVE_816.png,skin disease,Lung Cancer,train,0
C:\Users\hamza\Downloads\CancerVsPneumonia\CancerVsPneumonia\train\Lung Cancer\CANCER_POSITIVE_817.png,CANCER_POSITIVE_817.png,skin disease,Lung Cancer,train,0
C:\Users\hamza\Downloads\CancerVsPneumonia\CancerVsPneumonia\train\Lung Cancer\CANCER_POSITIVE_818.png,CANCER_POSITIVE_818.png,skin disease,Lung Cancer,train,0
C:\Users\hamza\Downloads\CancerVsPneumonia\CancerVsPneumonia\train\Lung Cancer\CANCER_POSITIVE_819.png,CANCER_POSITIVE_819.png,skin disease,Lung Cancer,train,0
C:\Users\hamza\Downloads\CancerVsPneumonia\CancerVsPneumonia\train\Lung Cancer\CANCER_POSITIVE_82.png,CANCER_POSITIVE_82.png,skin disease,Lung Cancer,train,0
C:\Users\hamza\Downloads\CancerVsPneumonia\CancerVsPneumonia\train\Lung Cancer\CANCER_POSITIVE_820.png,CANCER_POSITIVE_820.png,skin disease,Lung Cancer,train,0
C:\Users\hamza\Downloads\CancerVsPneumonia\CancerVsPneumonia\train\Lung Cancer\CANCER_POSITIVE_821.png,CANCER_POSITIVE_821.png,skin disease,Lung Cancer,train,0
C:\Users\hamza\Downloads\CancerVsPneumonia\CancerVsPneumonia\train\Lung Cancer\CANCER_POSITIVE_822.png,CANCER_POSITIVE_822.png,skin disease,Lung Cancer,train,0
C:\Users\hamza\Downloads\CancerVsPneumonia\CancerVsPneumonia\train\Lung Cancer\CANCER_POSITIVE_823.png,CANCER_POSITIVE_823.png,skin disease,Lung Cancer,train,0
C:\Users\hamza\Downloads\CancerVsPneumonia\CancerVsPneumonia\train\Lung Cancer\CANCER_POSITIVE_824.png,CANCER_POSITIVE_824.png,skin disease,Lung Cancer,train,0
C:\Users\hamza\Downloads\CancerVsPneumonia\CancerVsPneumonia\train\Lung Cancer\CANCER_POSITIVE_825.png,CANCER_POSITIVE_825.png,skin disease,Lung Cancer,train,0
C:\Users\hamza\Downloads\CancerVsPneumonia\CancerVsPneumonia\train\Lung Cancer\CANCER_POSITIVE_826.png,CANCER_POSITIVE_826.png,skin disease,Lung Cancer,train,0
C:\Users\hamza\Downloads\CancerVsPneumonia\CancerVsPneumonia\train\Lung Cancer\CANCER_POSITIVE_827.png,CANCER_POSITIVE_827.png,skin disease,Lung Cancer,train,0
C:\Users\hamza\Downloads\CancerVsPneumonia\CancerVsPneumonia\train\Lung Cancer\CANCER_POSITIVE_828.png,CANCER_POSITIVE_828.png,skin disease,Lung Cancer,train,0
C:\Users\hamza\Downloads\CancerVsPneumonia\CancerVsPneumonia\train\Lung Cancer\CANCER_POSITIVE_829.png,CANCER_POSITIVE_829.png,skin disease,Lung Cancer,train,0
C:\Users\hamza\Downloads\CancerVsPneumonia\CancerVsPneumonia\train\Lung Cancer\CANCER_POSITIVE_83.png,CANCER_POSITIVE_83.png,skin disease,Lung Cancer,train,0
C:\Users\hamza\Downloads\CancerVsPneumonia\CancerVsPneumonia\train\Lung Cancer\CANCER_POSITIVE_830.png,CANCER_POSITIVE_830.png,skin disease,Lung Cancer,train,0
C:\Users\hamza\Downloads\CancerVsPneumonia\CancerVsPneumonia\train\Lung Cancer\CANCER_POSITIVE_831.png,CANCER_POSITIVE_831.png,skin disease,Lung Cancer,train,0
C:\Users\hamza\Downloads\CancerVsPneumonia\CancerVsPneumonia\train\Lung Cancer\CANCER_POSITIVE_832.png,CANCER_POSITIVE_832.png,skin disease,Lung Cancer,train,0
C:\Users\hamza\Downloads\CancerVsPneumonia\CancerVsPneumonia\train\Lung Cancer\CANCER_POSITIVE_833.png,CANCER_POSITIVE_833.png,skin disease,Lung Cancer,train,0
C:\Users\hamza\Downloads\CancerVsPneumonia\CancerVsPneumonia\train\Lung Cancer\CANCER_POSITIVE_834.png,CANCER_POSITIVE_834.png,skin disease,Lung Cancer,train,0
C:\Users\hamza\Downloads\CancerVsPneumonia\CancerVsPneumonia\train\Lung Cancer\CANCER_POSITIVE_835.png,CANCER_POSITIVE_835.png,skin disease,Lung Cancer,train,0
C:\Users\hamza\Downloads\CancerVsPneumonia\CancerVsPneumonia\train\Lung Cancer\CANCER_POSITIVE_836.png,CANCER_POSITIVE_836.png,skin disease,Lung Cancer,train,0
C:\Users\hamza\Downloads\CancerVsPneumonia\CancerVsPneumonia\train\Lung Cancer\CANCER_POSITIVE_837.png,CANCER_POSITIVE_837.png,skin disease,Lung Cancer,train,0
C:\Users\hamza\Downloads\CancerVsPneumonia\CancerVsPneumonia\train\Lung Cancer\CANCER_POSITIVE_838.png,CANCER_POSITIVE_838.png,skin disease,Lung Cancer,train,0
C:\Users\hamza\Downloads\CancerVsPneumonia\CancerVsPneumonia\train\Lung Cancer\CANCER_POSITIVE_839.png,CANCER_POSITIVE_839.png,skin disease,Lung Cancer,train,0
C:\Users\hamza\Downloads\CancerVsPneumonia\CancerVsPneumonia\train\Lung Cancer\CANCER_POSITIVE_84.png,CANCER_POSITIVE_84.png,skin disease,Lung Cancer,train,0
C:\Users\hamza\Downloads\CancerVsPneumonia\CancerVsPneumonia\train\Lung Cancer\CANCER_POSITIVE_840.png,CANCER_POSITIVE_840.png,skin disease,Lung Cancer,train,0
C:\Users\hamza\Downloads\CancerVsPneumonia\CancerVsPneumonia\train\Lung Cancer\CANCER_POSITIVE_841.png,CANCER_POSITIVE_841.png,skin disease,Lung Cancer,train,0
C:\Users\hamza\Downloads\CancerVsPneumonia\CancerVsPneumonia\train\Lung Cancer\CANCER_POSITIVE_842.png,CANCER_POSITIVE_842.png,skin disease,Lung Cancer,train,0
C:\Users\hamza\Downloads\CancerVsPneumonia\CancerVsPneumonia\train\Lung Cancer\CANCER_POSITIVE_843.png,CANCER_POSITIVE_843.png,skin disease,Lung Cancer,train,0
C:\Users\hamza\Downloads\CancerVsPneumonia\CancerVsPneumonia\train\Lung Cancer\CANCER_POSITIVE_844.png,CANCER_POSITIVE_844.png,skin disease,Lung Cancer,train,0
C:\Users\hamza\Downloads\CancerVsPneumonia\CancerVsPneumonia\train\Lung Cancer\CANCER_POSITIVE_845.png,CANCER_POSITIVE_845.png,skin disease,Lung Cancer,train,0
C:\Users\hamza\Downloads\CancerVsPneumonia\CancerVsPneumonia\train\Lung Cancer\CANCER_POSITIVE_846.png,CANCER_POSITIVE_846.png,skin disease,Lung Cancer,train,0
C:\Users\hamza\Downloads\CancerVsPneumonia\CancerVsPneumonia\train\Lung Cancer\CANCER_POSITIVE_847.png,CANCER_POSITIVE_847.png,skin disease,Lung Cancer,train,0
C:\Users\hamza\Downloads\CancerVsPneumonia\CancerVsPneumonia\train\Lung Cancer\CANCER_POSITIVE_848.png,CANCER_POSITIVE_848.png,skin disease,Lung Cancer,train,0
C:\Users\hamza\Downloads\CancerVsPneumonia\CancerVsPneumonia\train\Lung Cancer\CANCER_POSITIVE_849.png,CANCER_POSITIVE_849.png,skin disease,Lung Cancer,train,0
C:\Users\hamza\Downloads\CancerVsPneumonia\CancerVsPneumonia\train\Lung Cancer\CANCER_POSITIVE_85.png,CANCER_POSITIVE_85.png,skin disease,Lung Cancer,train,0
C:\Users\hamza\Downloads\CancerVsPneumonia\CancerVsPneumonia\train\Lung Cancer\CANCER_POSITIVE_850.png,CANCER_POSITIVE_850.png,skin disease,Lung Cancer,train,0
C:\Users\hamza\Downloads\CancerVsPneumonia\CancerVsPneumonia\train\Lung Cancer\CANCER_POSITIVE_851.png,CANCER_POSITIVE_851.png,skin disease,Lung Cancer,train,0
C:\Users\hamza\Downloads\CancerVsPneumonia\CancerVsPneumonia\train\Lung Cancer\CANCER_POSITIVE_852.png,CANCER_POSITIVE_852.png,skin disease,Lung Cancer,train,0
C:\Users\hamza\Downloads\CancerVsPneumonia\CancerVsPneumonia\train\Lung Cancer\CANCER_POSITIVE_853.png,CANCER_POSITIVE_853.png,skin disease,Lung Cancer,train,0
C:\Users\hamza\Downloads\CancerVsPneumonia\CancerVsPneumonia\train\Lung Cancer\CANCER_POSITIVE_854.png,CANCER_POSITIVE_854.png,skin disease,Lung Cancer,train,0
C:\Users\hamza\Downloads\CancerVsPneumonia\CancerVsPneumonia\train\Lung Cancer\CANCER_POSITIVE_855.png,CANCER_POSITIVE_855.png,skin disease,Lung Cancer,train,0
C:\Users\hamza\Downloads\CancerVsPneumonia\CancerVsPneumonia\train\Lung Cancer\CANCER_POSITIVE_856.png,CANCER_POSITIVE_856.png,skin disease,Lung Cancer,train,0
C:\Users\hamza\Downloads\CancerVsPneumonia\CancerVsPneumonia\train\Lung Cancer\CANCER_POSITIVE_857.png,CANCER_POSITIVE_857.png,skin disease,Lung Cancer,train,0
C:\Users\hamza\Downloads\CancerVsPneumonia\CancerVsPneumonia\train\Lung Cancer\CANCER_POSITIVE_858.png,CANCER_POSITIVE_858.png,skin disease,Lung Cancer,train,0
C:\Users\hamza\Downloads\CancerVsPneumonia\CancerVsPneumonia\train\Lung Cancer\CANCER_POSITIVE_859.png,CANCER_POSITIVE_859.png,skin disease,Lung Cancer,train,0
C:\Users\hamza\Downloads\CancerVsPneumonia\CancerVsPneumonia\train\Lung Cancer\CANCER_POSITIVE_86.png,CANCER_POSITIVE_86.png,skin disease,Lung Cancer,train,0
C:\Users\hamza\Downloads\CancerVsPneumonia\CancerVsPneumonia\train\Lung Cancer\CANCER_POSITIVE_860.png,CANCER_POSITIVE_860.png,skin disease,Lung Cancer,train,0
C:\Users\hamza\Downloads\CancerVsPneumonia\CancerVsPneumonia\train\Lung Cancer\CANCER_POSITIVE_861.png,CANCER_POSITIVE_861.png,skin disease,Lung Cancer,train,0
C:\Users\hamza\Downloads\CancerVsPneumonia\CancerVsPneumonia\train\Lung Cancer\CANCER_POSITIVE_862.png,CANCER_POSITIVE_862.png,skin disease,Lung Cancer,train,0
C:\Users\hamza\Downloads\CancerVsPneumonia\CancerVsPneumonia\train\Lung Cancer\CANCER_POSITIVE_863.png,CANCER_POSITIVE_863.png,skin disease,Lung Cancer,train,0
C:\Users\hamza\Downloads\CancerVsPneumonia\CancerVsPneumonia\train\Lung Cancer\CANCER_POSITIVE_864.png,CANCER_POSITIVE_864.png,skin disease,Lung Cancer,train,0
C:\Users\hamza\Downloads\CancerVsPneumonia\CancerVsPneumonia\train\Lung Cancer\CANCER_POSITIVE_865.png,CANCER_POSITIVE_865.png,skin disease,Lung Cancer,train,0
C:\Users\hamza\Downloads\CancerVsPneumonia\CancerVsPneumonia\train\Lung Cancer\CANCER_POSITIVE_866.png,CANCER_POSITIVE_866.png,skin disease,Lung Cancer,train,0
C:\Users\hamza\Downloads\CancerVsPneumonia\CancerVsPneumonia\train\Lung Cancer\CANCER_POSITIVE_867.png,CANCER_POSITIVE_867.png,skin disease,Lung Cancer,train,0
C:\Users\hamza\Downloads\CancerVsPneumonia\CancerVsPneumonia\train\Lung Cancer\CANCER_POSITIVE_868.png,CANCER_POSITIVE_868.png,skin disease,Lung Cancer,train,0
C:\Users\hamza\Downloads\CancerVsPneumonia\CancerVsPneumonia\train\Lung Cancer\CANCER_POSITIVE_869.png,CANCER_POSITIVE_869.png,skin disease,Lung Cancer,train,0
C:\Users\hamza\Downloads\CancerVsPneumonia\CancerVsPneumonia\train\Lung Cancer\CANCER_POSITIVE_87.png,CANCER_POSITIVE_87.png,skin disease,Lung Cancer,train,0
C:\Users\hamza\Downloads\CancerVsPneumonia\CancerVsPneumonia\train\Lung Cancer\CANCER_POSITIVE_870.png,CANCER_POSITIVE_870.png,skin disease,Lung Cancer,train,0
C:\Users\hamza\Downloads\CancerVsPneumonia\CancerVsPneumonia\train\Lung Cancer\CANCER_POSITIVE_871.png,CANCER_POSITIVE_871.png,skin disease,Lung Cancer,train,0
C:\Users\hamza\Downloads\CancerVsPneumonia\CancerVsPneumonia\train\Lung Cancer\CANCER_POSITIVE_872.png,CANCER_POSITIVE_872.png,skin disease,Lung Cancer,train,0
C:\Users\hamza\Downloads\CancerVsPneumonia\CancerVsPneumonia\train\Lung Cancer\CANCER_POSITIVE_873.png,CANCER_POSITIVE_873.png,skin disease,Lung Cancer,train,0
C:\Users\hamza\Downloads\CancerVsPneumonia\CancerVsPneumonia\train\Lung Cancer\CANCER_POSITIVE_874.png,CANCER_POSITIVE_874.png,skin disease,Lung Cancer,train,0
C:\Users\hamza\Downloads\CancerVsPneumonia\CancerVsPneumonia\train\Lung Cancer\CANCER_POSITIVE_875.png,CANCER_POSITIVE_875.png,skin disease,Lung Cancer,train,0
C:\Users\hamza\Downloads\CancerVsPneumonia\CancerVsPneumonia\train\Lung Cancer\CANCER_POSITIVE_876.png,CANCER_POSITIVE_876.png,skin disease,Lung Cancer,train,0
C:\Users\hamza\Downloads\CancerVsPneumonia\CancerVsPneumonia\train\Lung Cancer\CANCER_POSITIVE_877.png,CANCER_POSITIVE_877.png,skin disease,Lung Cancer,train,0
C:\Users\hamza\Downloads\CancerVsPneumonia\CancerVsPneumonia\train\Lung Cancer\CANCER_POSITIVE_878.png,CANCER_POSITIVE_878.png,skin disease,Lung Cancer,train,0
C:\Users\hamza\Downloads\CancerVsPneumonia\CancerVsPneumonia\train\Lung Cancer\CANCER_POSITIVE_879.png,CANCER_POSITIVE_879.png,skin disease,Lung Cancer,train,0
C:\Users\hamza\Downloads\CancerVsPneumonia\CancerVsPneumonia\train\Lung Cancer\CANCER_POSITIVE_88.png,CANCER_POSITIVE_88.png,skin disease,Lung Cancer,train,0
C:\Users\hamza\Downloads\CancerVsPneumonia\CancerVsPneumonia\train\Lung Cancer\CANCER_POSITIVE_880.png,CANCER_POSITIVE_880.png,skin disease,Lung Cancer,train,0
C:\Users\hamza\Downloads\CancerVsPneumonia\CancerVsPneumonia\train\Lung Cancer\CANCER_POSITIVE_881.png,CANCER_POSITIVE_881.png,skin disease,Lung Cancer,train,0
C:\Users\hamza\Downloads\CancerVsPneumonia\CancerVsPneumonia\train\Lung Cancer\CANCER_POSITIVE_882.png,CANCER_POSITIVE_882.png,skin disease,Lung Cancer,train,0
C:\Users\hamza\Downloads\CancerVsPneumonia\CancerVsPneumonia\train\Lung Cancer\CANCER_POSITIVE_883.png,CANCER_POSITIVE_883.png,skin disease,Lung Cancer,train,0
C:\Users\hamza\Downloads\CancerVsPneumonia\CancerVsPneumonia\train\Lung Cancer\CANCER_POSITIVE_884.png,CANCER_POSITIVE_884.png,skin disease,Lung Cancer,train,0
C:\Users\hamza\Downloads\CancerVsPneumonia\CancerVsPneumonia\train\Lung Cancer\CANCER_POSITIVE_885.png,CANCER_POSITIVE_885.png,skin disease,Lung Cancer,train,0
C:\Users\hamza\Downloads\CancerVsPneumonia\CancerVsPneumonia\train\Lung Cancer\CANCER_POSITIVE_886.png,CANCER_POSITIVE_886.png,skin disease,Lung Cancer,train,0
C:\Users\hamza\Downloads\CancerVsPneumonia\CancerVsPneumonia\train\Lung Cancer\CANCER_POSITIVE_887.png,CANCER_POSITIVE_887.png,skin disease,Lung Cancer,train,0
C:\Users\hamza\Downloads\CancerVsPneumonia\CancerVsPneumonia\train\Lung Cancer\CANCER_POSITIVE_888.png,CANCER_POSITIVE_888.png,skin disease,Lung Cancer,train,0
C:\Users\hamza\Downloads\CancerVsPneumonia\CancerVsPneumonia\train\Lung Cancer\CANCER_POSITIVE_889.png,CANCER_POSITIVE_889.png,skin disease,Lung Cancer,train,0
C:\Users\hamza\Downloads\CancerVsPneumonia\CancerVsPneumonia\train\Lung Cancer\CANCER_POSITIVE_89.png,CANCER_POSITIVE_89.png,skin disease,Lung Cancer,train,0
C:\Users\hamza\Downloads\CancerVsPneumonia\CancerVsPneumonia\train\Lung Cancer\CANCER_POSITIVE_890.png,CANCER_POSITIVE_890.png,skin disease,Lung Cancer,train,0
C:\Users\hamza\Downloads\CancerVsPneumonia\CancerVsPneumonia\train\Lung Cancer\CANCER_POSITIVE_891.png,CANCER_POSITIVE_891.png,skin disease,Lung Cancer,train,0
C:\Users\hamza\Downloads\CancerVsPneumonia\CancerVsPneumonia\train\Lung Cancer\CANCER_POSITIVE_892.png,CANCER_POSITIVE_892.png,skin disease,Lung Cancer,train,0
C:\Users\hamza\Downloads\CancerVsPneumonia\CancerVsPneumonia\train\Lung Cancer\CANCER_POSITIVE_893.png,CANCER_POSITIVE_893.png,skin disease,Lung Cancer,train,0
C:\Users\hamza\Downloads\CancerVsPneumonia\CancerVsPneumonia\train\Lung Cancer\CANCER_POSITIVE_894.png,CANCER_POSITIVE_894.png,skin disease,Lung Cancer,train,0
C:\Users\hamza\Downloads\CancerVsPneumonia\CancerVsPneumonia\train\Lung Cancer\CANCER_POSITIVE_895.png,CANCER_POSITIVE_895.png,skin disease,Lung Cancer,train,0
C:\Users\hamza\Downloads\CancerVsPneumonia\CancerVsPneumonia\train\Lung Cancer\CANCER_POSITIVE_896.png,CANCER_POSITIVE_896.png,skin disease,Lung Cancer,train,0
C:\Users\hamza\Downloads\CancerVsPneumonia\CancerVsPneumonia\train\Lung Cancer\CANCER_POSITIVE_897.png,CANCER_POSITIVE_897.png,skin disease,Lung Cancer,train,0
C:\Users\hamza\Downloads\CancerVsPneumonia\CancerVsPneumonia\train\Lung Cancer\CANCER_POSITIVE_898.png,CANCER_POSITIVE_898.png,skin disease,Lung Cancer,train,0
C:\Users\hamza\Downloads\CancerVsPneumonia\CancerVsPneumonia\train\Lung Cancer\CANCER_POSITIVE_899.png,CANCER_POSITIVE_899.png,skin disease,Lung Cancer,train,0
C:\Users\hamza\Downloads\CancerVsPneumonia\CancerVsPneumonia\train\Lung Cancer\CANCER_POSITIVE_9.png,CANCER_POSITIVE_9.png,skin disease,Lung Cancer,train,0
C:\Users\hamza\Downloads\CancerVsPneumonia\CancerVsPneumonia\train\Lung Cancer\CANCER_POSITIVE_90.png,CANCER_POSITIVE_90.png,skin disease,Lung Cancer,train,0
C:\Users\hamza\Downloads\CancerVsPneumonia\CancerVsPneumonia\train\Lung Cancer\CANCER_POSITIVE_900.png,CANCER_POSITIVE_900.png,skin disease,Lung Cancer,train,0
C:\Users\hamza\Downloads\CancerVsPneumonia\CancerVsPneumonia\train\Lung Cancer\CANCER_POSITIVE_901.png,CANCER_POSITIVE_901.png,skin disease,Lung Cancer,train,0
C:\Users\hamza\Downloads\CancerVsPneumonia\CancerVsPneumonia\train\Lung Cancer\CANCER_POSITIVE_902.png,CANCER_POSITIVE_902.png,skin disease,Lung Cancer,train,0
C:\Users\hamza\Downloads\CancerVsPneumonia\CancerVsPneumonia\train\Lung Cancer\CANCER_POSITIVE_903.png,CANCER_POSITIVE_903.png,skin disease,Lung Cancer,train,0
C:\Users\hamza\Downloads\CancerVsPneumonia\CancerVsPneumonia\train\Lung Cancer\CANCER_POSITIVE_904.png,CANCER_POSITIVE_904.png,skin disease,Lung Cancer,train,0
C:\Users\hamza\Downloads\CancerVsPneumonia\CancerVsPneumonia\train\Lung Cancer\CANCER_POSITIVE_905.png,CANCER_POSITIVE_905.png,skin disease,Lung Cancer,train,0
C:\Users\hamza\Downloads\CancerVsPneumonia\CancerVsPneumonia\train\Lung Cancer\CANCER_POSITIVE_906.png,CANCER_POSITIVE_906.png,skin disease,Lung Cancer,train,0
C:\Users\hamza\Downloads\CancerVsPneumonia\CancerVsPneumonia\train\Lung Cancer\CANCER_POSITIVE_907.png,CANCER_POSITIVE_907.png,skin disease,Lung Cancer,train,0
C:\Users\hamza\Downloads\CancerVsPneumonia\CancerVsPneumonia\train\Lung Cancer\CANCER_POSITIVE_908.png,CANCER_POSITIVE_908.png,skin disease,Lung Cancer,train,0
C:\Users\hamza\Downloads\CancerVsPneumonia\CancerVsPneumonia\train\Lung Cancer\CANCER_POSITIVE_909.png,CANCER_POSITIVE_909.png,skin disease,Lung Cancer,train,0
C:\Users\hamza\Downloads\CancerVsPneumonia\CancerVsPneumonia\train\Lung Cancer\CANCER_POSITIVE_91.png,CANCER_POSITIVE_91.png,skin disease,Lung Cancer,train,0
C:\Users\hamza\Downloads\CancerVsPneumonia\CancerVsPneumonia\train\Lung Cancer\CANCER_POSITIVE_910.png,CANCER_POSITIVE_910.png,skin disease,Lung Cancer,train,0
C:\Users\hamza\Downloads\CancerVsPneumonia\CancerVsPneumonia\train\Lung Cancer\CANCER_POSITIVE_911.png,CANCER_POSITIVE_911.png,skin disease,Lung Cancer,train,0
C:\Users\hamza\Downloads\CancerVsPneumonia\CancerVsPneumonia\train\Lung Cancer\CANCER_POSITIVE_912.png,CANCER_POSITIVE_912.png,skin disease,Lung Cancer,train,0
C:\Users\hamza\Downloads\CancerVsPneumonia\CancerVsPneumonia\train\Lung Cancer\CANCER_POSITIVE_913.png,CANCER_POSITIVE_913.png,skin disease,Lung Cancer,train,0
C:\Users\hamza\Downloads\CancerVsPneumonia\CancerVsPneumonia\train\Lung Cancer\CANCER_POSITIVE_914.png,CANCER_POSITIVE_914.png,skin disease,Lung Cancer,train,0
C:\Users\hamza\Downloads\CancerVsPneumonia\CancerVsPneumonia\train\Lung Cancer\CANCER_POSITIVE_915.png,CANCER_POSITIVE_915.png,skin disease,Lung Cancer,train,0
C:\Users\hamza\Downloads\CancerVsPneumonia\CancerVsPneumonia\train\Lung Cancer\CANCER_POSITIVE_916.png,CANCER_POSITIVE_916.png,skin disease,Lung Cancer,train,0
C:\Users\hamza\Downloads\CancerVsPneumonia\CancerVsPneumonia\train\Lung Cancer\CANCER_POSITIVE_917.png,CANCER_POSITIVE_917.png,skin disease,Lung Cancer,train,0
C:\Users\hamza\Downloads\CancerVsPneumonia\CancerVsPneumonia\train\Lung Cancer\CANCER_POSITIVE_918.png,CANCER_POSITIVE_918.png,skin disease,Lung Cancer,train,0
C:\Users\hamza\Downloads\CancerVsPneumonia\CancerVsPneumonia\train\Lung Cancer\CANCER_POSITIVE_919.png,CANCER_POSITIVE_919.png,skin disease,Lung Cancer,train,0
C:\Users\hamza\Downloads\CancerVsPneumonia\CancerVsPneumonia\train\Lung Cancer\CANCER_POSITIVE_92.png,CANCER_POSITIVE_92.png,skin disease,Lung Cancer,train,0
C:\Users\hamza\Downloads\CancerVsPneumonia\CancerVsPneumonia\train\Lung Cancer\CANCER_POSITIVE_920.png,CANCER_POSITIVE_920.png,skin disease,Lung Cancer,train,0
C:\Users\hamza\Downloads\CancerVsPneumonia\CancerVsPneumonia\train\Lung Cancer\CANCER_POSITIVE_921.png,CANCER_POSITIVE_921.png,skin disease,Lung Cancer,train,0
C:\Users\hamza\Downloads\CancerVsPneumonia\CancerVsPneumonia\train\Lung Cancer\CANCER_POSITIVE_922.png,CANCER_POSITIVE_922.png,skin disease,Lung Cancer,train,0
C:\Users\hamza\Downloads\CancerVsPneumonia\CancerVsPneumonia\train\Lung Cancer\CANCER_POSITIVE_923.png,CANCER_POSITIVE_923.png,skin disease,Lung Cancer,train,0
C:\Users\hamza\Downloads\CancerVsPneumonia\CancerVsPneumonia\train\Lung Cancer\CANCER_POSITIVE_924.png,CANCER_POSITIVE_924.png,skin disease,Lung Cancer,train,0
C:\Users\hamza\Downloads\CancerVsPneumonia\CancerVsPneumonia\train\Lung Cancer\CANCER_POSITIVE_925.png,CANCER_POSITIVE_925.png,skin disease,Lung Cancer,train,0
C:\Users\hamza\Downloads\CancerVsPneumonia\CancerVsPneumonia\train\Lung Cancer\CANCER_POSITIVE_926.png,CANCER_POSITIVE_926.png,skin disease,Lung Cancer,train,0
C:\Users\hamza\Downloads\CancerVsPneumonia\CancerVsPneumonia\train\Lung Cancer\CANCER_POSITIVE_927.png,CANCER_POSITIVE_927.png,skin disease,Lung Cancer,train,0
C:\Users\hamza\Downloads\CancerVsPneumonia\CancerVsPneumonia\train\Lung Cancer\CANCER_POSITIVE_928.png,CANCER_POSITIVE_928.png,skin disease,Lung Cancer,train,0
C:\Users\hamza\Downloads\CancerVsPneumonia\CancerVsPneumonia\train\Lung Cancer\CANCER_POSITIVE_929.png,CANCER_POSITIVE_929.png,skin disease,Lung Cancer,train,0
C:\Users\hamza\Downloads\CancerVsPneumonia\CancerVsPneumonia\train\Lung Cancer\CANCER_POSITIVE_93.png,CANCER_POSITIVE_93.png,skin disease,Lung Cancer,train,0
C:\Users\hamza\Downloads\CancerVsPneumonia\CancerVsPneumonia\train\Lung Cancer\CANCER_POSITIVE_930.png,CANCER_POSITIVE_930.png,skin disease,Lung Cancer,train,0
C:\Users\hamza\Downloads\CancerVsPneumonia\CancerVsPneumonia\train\Lung Cancer\CANCER_POSITIVE_931.png,CANCER_POSITIVE_931.png,skin disease,Lung Cancer,train,0
C:\Users\hamza\Downloads\CancerVsPneumonia\CancerVsPneumonia\train\Lung Cancer\CANCER_POSITIVE_932.png,CANCER_POSITIVE_932.png,skin disease,Lung Cancer,train,0
C:\Users\hamza\Downloads\CancerVsPneumonia\CancerVsPneumonia\train\Lung Cancer\CANCER_POSITIVE_933.png,CANCER_POSITIVE_933.png,skin disease,Lung Cancer,train,0
C:\Users\hamza\Downloads\CancerVsPneumonia\CancerVsPneumonia\train\Lung Cancer\CANCER_POSITIVE_934.png,CANCER_POSITIVE_934.png,skin disease,Lung Cancer,train,0
C:\Users\hamza\Downloads\CancerVsPneumonia\CancerVsPneumonia\train\Lung Cancer\CANCER_POSITIVE_935.png,CANCER_POSITIVE_935.png,skin disease,Lung Cancer,train,0
C:\Users\hamza\Downloads\CancerVsPneumonia\CancerVsPneumonia\train\Lung Cancer\CANCER_POSITIVE_936.png,CANCER_POSITIVE_936.png,skin disease,Lung Cancer,train,0
C:\Users\hamza\Downloads\CancerVsPneumonia\CancerVsPneumonia\train\Lung Cancer\CANCER_POSITIVE_937.png,CANCER_POSITIVE_937.png,skin disease,Lung Cancer,train,0
C:\Users\hamza\Downloads\CancerVsPneumonia\CancerVsPneumonia\train\Lung Cancer\CANCER_POSITIVE_938.png,CANCER_POSITIVE_938.png,skin disease,Lung Cancer,train,0
C:\Users\hamza\Downloads\CancerVsPneumonia\CancerVsPneumonia\train\Lung Cancer\CANCER_POSITIVE_939.png,CANCER_POSITIVE_939.png,skin disease,Lung Cancer,train,0
C:\Users\hamza\Downloads\CancerVsPneumonia\CancerVsPneumonia\train\Lung Cancer\CANCER_POSITIVE_94.png,CANCER_POSITIVE_94.png,skin disease,Lung Cancer,train,0
C:\Users\hamza\Downloads\CancerVsPneumonia\CancerVsPneumonia\train\Lung Cancer\CANCER_POSITIVE_940.png,CANCER_POSITIVE_940.png,skin disease,Lung Cancer,train,0
C:\Users\hamza\Downloads\CancerVsPneumonia\CancerVsPneumonia\train\Lung Cancer\CANCER_POSITIVE_941.png,CANCER_POSITIVE_941.png,skin disease,Lung Cancer,train,0
C:\Users\hamza\Downloads\CancerVsPneumonia\CancerVsPneumonia\train\Lung Cancer\CANCER_POSITIVE_942.png,CANCER_POSITIVE_942.png,skin disease,Lung Cancer,train,0
C:\Users\hamza\Downloads\CancerVsPneumonia\CancerVsPneumonia\train\Lung Cancer\CANCER_POSITIVE_943.png,CANCER_POSITIVE_943.png,skin disease,Lung Cancer,train,0
C:\Users\hamza\Downloads\CancerVsPneumonia\CancerVsPneumonia\train\Lung Cancer\CANCER_POSITIVE_944.png,CANCER_POSITIVE_944.png,skin disease,Lung Cancer,train,0
C:\Users\hamza\Downloads\CancerVsPneumonia\CancerVsPneumonia\train\Lung Cancer\CANCER_POSITIVE_945.png,CANCER_POSITIVE_945.png,skin disease,Lung Cancer,train,0
C:\Users\hamza\Downloads\CancerVsPneumonia\CancerVsPneumonia\train\Lung Cancer\CANCER_POSITIVE_946.png,CANCER_POSITIVE_946.png,skin disease,Lung Cancer,train,0
C:\Users\hamza\Downloads\CancerVsPneumonia\CancerVsPneumonia\train\Lung Cancer\CANCER_POSITIVE_947.png,CANCER_POSITIVE_947.png,skin disease,Lung Cancer,train,0
C:\Users\hamza\Downloads\CancerVsPneumonia\CancerVsPneumonia\train\Lung Cancer\CANCER_POSITIVE_948.png,CANCER_POSITIVE_948.png,skin disease,Lung Cancer,train,0
C:\Users\hamza\Downloads\CancerVsPneumonia\CancerVsPneumonia\train\Lung Cancer\CANCER_POSITIVE_949.png,CANCER_POSITIVE_949.png,skin disease,Lung Cancer,train,0
C:\Users\hamza\Downloads\CancerVsPneumonia\CancerVsPneumonia\train\Lung Cancer\CANCER_POSITIVE_95.png,CANCER_POSITIVE_95.png,skin disease,Lung Cancer,train,0
C:\Users\hamza\Downloads\CancerVsPneumonia\CancerVsPneumonia\train\Lung Cancer\CANCER_POSITIVE_950.png,CANCER_POSITIVE_950.png,skin disease,Lung Cancer,train,0
C:\Users\hamza\Downloads\CancerVsPneumonia\CancerVsPneumonia\train\Lung Cancer\CANCER_POSITIVE_951.png,CANCER_POSITIVE_951.png,skin disease,Lung Cancer,train,0
C:\Users\hamza\Downloads\CancerVsPneumonia\CancerVsPneumonia\train\Lung Cancer\CANCER_POSITIVE_952.png,CANCER_POSITIVE_952.png,skin disease,Lung Cancer,train,0
C:\Users\hamza\Downloads\CancerVsPneumonia\CancerVsPneumonia\train\Lung Cancer\CANCER_POSITIVE_953.png,CANCER_POSITIVE_953.png,skin disease,Lung Cancer,train,0
C:\Users\hamza\Downloads\CancerVsPneumonia\CancerVsPneumonia\train\Lung Cancer\CANCER_POSITIVE_954.png,CANCER_POSITIVE_954.png,skin disease,Lung Cancer,train,0
C:\Users\hamza\Downloads\CancerVsPneumonia\CancerVsPneumonia\train\Lung Cancer\CANCER_POSITIVE_955.png,CANCER_POSITIVE_955.png,skin disease,Lung Cancer,train,0
C:\Users\hamza\Downloads\CancerVsPneumonia\CancerVsPneumonia\train\Lung Cancer\CANCER_POSITIVE_956.png,CANCER_POSITIVE_956.png,skin disease,Lung Cancer,train,0
C:\Users\hamza\Downloads\CancerVsPneumonia\CancerVsPneumonia\train\Lung Cancer\CANCER_POSITIVE_957.png,CANCER_POSITIVE_957.png,skin disease,Lung Cancer,train,0
C:\Users\hamza\Downloads\CancerVsPneumonia\CancerVsPneumonia\train\Lung Cancer\CANCER_POSITIVE_958.png,CANCER_POSITIVE_958.png,skin disease,Lung Cancer,train,0
C:\Users\hamza\Downloads\CancerVsPneumonia\CancerVsPneumonia\train\Lung Cancer\CANCER_POSITIVE_959.png,CANCER_POSITIVE_959.png,skin disease,Lung Cancer,train,0
C:\Users\hamza\Downloads\CancerVsPneumonia\CancerVsPneumonia\train\Lung Cancer\CANCER_POSITIVE_96.png,CANCER_POSITIVE_96.png,skin disease,Lung Cancer,train,0
C:\Users\hamza\Downloads\CancerVsPneumonia\CancerVsPneumonia\train\Lung Cancer\CANCER_POSITIVE_960.png,CANCER_POSITIVE_960.png,skin disease,Lung Cancer,train,0
C:\Users\hamza\Downloads\CancerVsPneumonia\CancerVsPneumonia\train\Lung Cancer\CANCER_POSITIVE_961.png,CANCER_POSITIVE_961.png,skin disease,Lung Cancer,train,0
C:\Users\hamza\Downloads\CancerVsPneumonia\CancerVsPneumonia\train\Lung Cancer\CANCER_POSITIVE_962.png,CANCER_POSITIVE_962.png,skin disease,Lung Cancer,train,0
C:\Users\hamza\Downloads\CancerVsPneumonia\CancerVsPneumonia\train\Lung Cancer\CANCER_POSITIVE_963.png,CANCER_POSITIVE_963.png,skin disease,Lung Cancer,train,0
C:\Users\hamza\Downloads\CancerVsPneumonia\CancerVsPneumonia\train\Lung Cancer\CANCER_POSITIVE_964.png,CANCER_POSITIVE_964.png,skin disease,Lung Cancer,train,0
C:\Users\hamza\Downloads\CancerVsPneumonia\CancerVsPneumonia\train\Lung Cancer\CANCER_POSITIVE_965.png,CANCER_POSITIVE_965.png,skin disease,Lung Cancer,train,0
C:\Users\hamza\Downloads\CancerVsPneumonia\CancerVsPneumonia\train\Lung Cancer\CANCER_POSITIVE_966.png,CANCER_POSITIVE_966.png,skin disease,Lung Cancer,train,0
C:\Users\hamza\Downloads\CancerVsPneumonia\CancerVsPneumonia\train\Lung Cancer\CANCER_POSITIVE_967.png,CANCER_POSITIVE_967.png,skin disease,Lung Cancer,train,0
C:\Users\hamza\Downloads\CancerVsPneumonia\CancerVsPneumonia\train\Lung Cancer\CANCER_POSITIVE_968.png,CANCER_POSITIVE_968.png,skin disease,Lung Cancer,train,0
C:\Users\hamza\Downloads\CancerVsPneumonia\CancerVsPneumonia\train\Lung Cancer\CANCER_POSITIVE_969.png,CANCER_POSITIVE_969.png,skin disease,Lung Cancer,train,0
C:\Users\hamza\Downloads\CancerVsPneumonia\CancerVsPneumonia\train\Lung Cancer\CANCER_POSITIVE_97.png,CANCER_POSITIVE_97.png,skin disease,Lung Cancer,train,0
C:\Users\hamza\Downloads\CancerVsPneumonia\CancerVsPneumonia\train\Lung Cancer\CANCER_POSITIVE_970.png,CANCER_POSITIVE_970.png,skin disease,Lung Cancer,train,0
C:\Users\hamza\Downloads\CancerVsPneumonia\CancerVsPneumonia\train\Lung Cancer\CANCER_POSITIVE_971.png,CANCER_POSITIVE_971.png,skin disease,Lung Cancer,train,0
C:\Users\hamza\Downloads\CancerVsPneumonia\CancerVsPneumonia\train\Lung Cancer\CANCER_POSITIVE_972.png,CANCER_POSITIVE_972.png,skin disease,Lung Cancer,train,0
C:\Users\hamza\Downloads\CancerVsPneumonia\CancerVsPneumonia\train\Lung Cancer\CANCER_POSITIVE_973.png,CANCER_POSITIVE_973.png,skin disease,Lung Cancer,train,0
C:\Users\hamza\Downloads\CancerVsPneumonia\CancerVsPneumonia\train\Lung Cancer\CANCER_POSITIVE_974.png,CANCER_POSITIVE_974.png,skin disease,Lung Cancer,train,0
C:\Users\hamza\Downloads\CancerVsPneumonia\CancerVsPneumonia\train\Lung Cancer\CANCER_POSITIVE_975.png,CANCER_POSITIVE_975.png,skin disease,Lung Cancer,train,0
C:\Users\hamza\Downloads\CancerVsPneumonia\CancerVsPneumonia\train\Lung Cancer\CANCER_POSITIVE_976.png,CANCER_POSITIVE_976.png,skin disease,Lung Cancer,train,0
C:\Users\hamza\Downloads\CancerVsPneumonia\CancerVsPneumonia\train\Lung Cancer\CANCER_POSITIVE_977.png,CANCER_POSITIVE_977.png,skin disease,Lung Cancer,train,0
C:\Users\hamza\Downloads\CancerVsPneumonia\CancerVsPneumonia\train\Lung Cancer\CANCER_POSITIVE_978.png,CANCER_POSITIVE_978.png,skin disease,Lung Cancer,train,0
C:\Users\hamza\Downloads\CancerVsPneumonia\CancerVsPneumonia\train\Lung Cancer\CANCER_POSITIVE_979.png,CANCER_POSITIVE_979.png,skin disease,Lung Cancer,train,0
C:\Users\hamza\Downloads\CancerVsPneumonia\CancerVsPneumonia\train\Lung Cancer\CANCER_POSITIVE_98.png,CANCER_POSITIVE_98.png,skin disease,Lung Cancer,train,0
C:\Users\hamza\Downloads\CancerVsPneumonia\CancerVsPneumonia\train\Lung Cancer\CANCER_POSITIVE_980.png,CANCER_POSITIVE_980.png,skin disease,Lung Cancer,train,0
C:\Users\hamza\Downloads\CancerVsPneumonia\CancerVsPneumonia\train\Lung Cancer\CANCER_POSITIVE_981.png,CANCER_POSITIVE_981.png,skin disease,Lung Cancer,train,0
C:\Users\hamza\Downloads\CancerVsPneumonia\CancerVsPneumonia\train\Lung Cancer\CANCER_POSITIVE_982.png,CANCER_POSITIVE_982.png,skin disease,Lung Cancer,train,0
C:\Users\hamza\Downloads\CancerVsPneumonia\CancerVsPneumonia\train\Lung Cancer\CANCER_POSITIVE_983.png,CANCER_POSITIVE_983.png,skin disease,Lung Cancer,train,0
C:\Users\hamza\Downloads\CancerVsPneumonia\CancerVsPneumonia\train\Lung Cancer\CANCER_POSITIVE_984.png,CANCER_POSITIVE_984.png,skin disease,Lung Cancer,train,0
C:\Users\hamza\Downloads\CancerVsPneumonia\CancerVsPneumonia\train\Lung Cancer\CANCER_POSITIVE_985.png,CANCER_POSITIVE_985.png,skin disease,Lung Cancer,train,0
C:\Users\hamza\Downloads\CancerVsPneumonia\CancerVsPneumonia\train\Lung Cancer\CANCER_POSITIVE_986.png,CANCER_POSITIVE_986.png,skin disease,Lung Cancer,train,0
C:\Users\hamza\Downloads\CancerVsPneumonia\CancerVsPneumonia\train\Lung Cancer\CANCER_POSITIVE_987.png,CANCER_POSITIVE_987.png,skin disease,Lung Cancer,train,0
C:\Users\hamza\Downloads\CancerVsPneumonia\CancerVsPneumonia\train\Lung Cancer\CANCER_POSITIVE_988.png,CANCER_POSITIVE_988.png,skin disease,Lung Cancer,train,0
C:\Users\hamza\Downloads\CancerVsPneumonia\CancerVsPneumonia\train\Lung Cancer\CANCER_POSITIVE_989.png,CANCER_POSITIVE_989.png,skin disease,Lung Cancer,train,0
C:\Users\hamza\Downloads\CancerVsPneumonia\CancerVsPneumonia\train\Lung Cancer\CANCER_POSITIVE_99.png,CANCER_POSITIVE_99.png,skin disease,Lung Cancer,train,0
C:\Users\hamza\Downloads\CancerVsPneumonia\CancerVsPneumonia\train\Lung Cancer\CANCER_POSITIVE_990.png,CANCER_POSITIVE_990.png,skin disease,Lung Cancer,train,0
C:\Users\hamza\Downloads\CancerVsPneumonia\CancerVsPneumonia\train\Lung Cancer\CANCER_POSITIVE_991.png,CANCER_POSITIVE_991.png,skin disease,Lung Cancer,train,0
C:\Users\hamza\Downloads\CancerVsPneumonia\CancerVsPneumonia\train\Lung Cancer\CANCER_POSITIVE_992.png,CANCER_POSITIVE_992.png,skin disease,Lung Cancer,train,0
C:\Users\hamza\Downloads\CancerVsPneumonia\CancerVsPneumonia\train\Lung Cancer\CANCER_POSITIVE_993.png,CANCER_POSITIVE_993.png,skin disease,Lung Cancer,train,0
C:\Users\hamza\Downloads\CancerVsPneumonia\CancerVsPneumonia\train\Lung Cancer\CANCER_POSITIVE_994.png,CANCER_POSITIVE_994.png,skin disease,Lung Cancer,train,0
C:\Users\hamza\Downloads\CancerVsPneumonia\CancerVsPneumonia\train\Lung Cancer\CANCER_POSITIVE_995.png,CANCER_POSITIVE_995.png,skin disease,Lung Cancer,train,0
C:\Users\hamza\Downloads\CancerVsPneumonia\CancerVsPneumonia\train\Lung Cancer\CANCER_POSITIVE_996.png,CANCER_POSITIVE_996.png,skin disease,Lung Cancer,train,0
C:\Users\hamza\Downloads\CancerVsPneumonia\CancerVsPneumonia\train\Lung Cancer\CANCER_POSITIVE_997.png,CANCER_POSITIVE_997.png,skin disease,Lung Cancer,train,0
C:\Users\hamza\Downloads\CancerVsPneumonia\CancerVsPneumonia\train\Lung Cancer\CANCER_POSITIVE_998.png,CANCER_POSITIVE_998.png,skin disease,Lung Cancer,train,0
C:\Users\hamza\Downloads\CancerVsPneumonia\CancerVsPneumonia\train\Lung Cancer\CANCER_POSITIVE_999.png,CANCER_POSITIVE_999.png,skin disease,Lung Cancer,train,0
C:\Users\hamza\Downloads\CancerVsPneumonia\CancerVsPneumonia\test\Pneumonia\person256_bacteria_1189.jpeg,person256_bacteria_1189.jpeg,skin disease,Pneumonia,test,1
C:\Users\hamza\Downloads\CancerVsPneumonia\CancerVsPneumonia\test\Pneumonia\person257_bacteria_1191.jpeg,person257_bacteria_1191.jpeg,skin disease,Pneumonia,test,1
C:\Users\hamza\Downloads\CancerVsPneumonia\CancerVsPneumonia\test\Pneumonia\person257_bacteria_1193.jpeg,person257_bacteria_1193.jpeg,skin disease,Pneumonia,test,1
C:\Users\hamza\Downloads\CancerVsPneumonia\CancerVsPneumonia\test\Pneumonia\person257_bacteria_1194.jpeg,person257_bacteria_1194.jpeg,skin disease,Pneumonia,test,1
C:\Users\hamza\Downloads\CancerVsPneumonia\CancerVsPneumonia\test\Pneumonia\person257_bacteria_1195.jpeg,person257_bacteria_1195.jpeg,skin disease,Pneumonia,test,1
C:\Users\hamza\Downloads\CancerVsPneumonia\CancerVsPneumonia\test\Pneumonia\person257_bacteria_1196.jpeg,person257_bacteria_1196.jpeg,skin disease,Pneumonia,test,1
C:\Users\hamza\Downloads\CancerVsPneumonia\CancerVsPneumonia\test\Pneumonia\person257_bacteria_1197.jpeg,person257_bacteria_1197.jpeg,skin disease,Pneumonia,test,1
C:\Users\hamza\Downloads\CancerVsPneumonia\CancerVsPneumonia\test\Pneumonia\person257_bacteria_1199.jpeg,person257_bacteria_1199.jpeg,skin disease,Pneumonia,test,1
C:\Users\hamza\Downloads\CancerVsPneumonia\CancerVsPneumonia\test\Pneumonia\person257_bacteria_1200.jpeg,person257_bacteria_1200.jpeg,skin disease,Pneumonia,test,1
C:\Users\hamza\Downloads\CancerVsPneumonia\CancerVsPneumonia\test\Pneumonia\person258_bacteria_1205.jpeg,person258_bacteria_1205.jpeg,skin disease,Pneumonia,test,1
C:\Users\hamza\Downloads\CancerVsPneumonia\CancerVsPneumonia\test\Pneumonia\person258_bacteria_1206.jpeg,person258_bacteria_1206.jpeg,skin disease,Pneumonia,test,1
C:\Users\hamza\Downloads\CancerVsPneumonia\CancerVsPneumonia\test\Pneumonia\person258_bacteria_1207.jpeg,person258_bacteria_1207.jpeg,skin disease,Pneumonia,test,1
C:\Users\hamza\Downloads\CancerVsPneumonia\CancerVsPneumonia\test\Pneumonia\person258_bacteria_1208.jpeg,person258_bacteria_1208.jpeg,skin disease,Pneumonia,test,1
C:\Users\hamza\Downloads\CancerVsPneumonia\CancerVsPneumonia\test\Pneumonia\person258_bacteria_1209.jpeg,person258_bacteria_1209.jpeg,skin disease,Pneumonia,test,1
C:\Users\hamza\Downloads\CancerVsPneumonia\CancerVsPneumonia\test\Pneumonia\person258_bacteria_1210.jpeg,person258_bacteria_1210.jpeg,skin disease,Pneumonia,test,1
C:\Users\hamza\Downloads\CancerVsPneumonia\CancerVsPneumonia\test\Pneumonia\person258_bacteria_1212.jpeg,person258_bacteria_1212.jpeg,skin disease,Pneumonia,test,1
C:\Users\hamza\Downloads\CancerVsPneumonia\CancerVsPneumonia\test\Pneumonia\person258_bacteria_1214.jpeg,person258_bacteria_1214.jpeg,skin disease,Pneumonia,test,1
C:\Users\hamza\Downloads\CancerVsPneumonia\CancerVsPneumonia\test\Pneumonia\person258_bacteria_1215.jpeg,person258_bacteria_1215.jpeg,skin disease,Pneumonia,test,1
C:\Users\hamza\Downloads\CancerVsPneumonia\CancerVsPneumonia\test\Pneumonia\person258_bacteria_1216.jpeg,person258_bacteria_1216.jpeg,skin disease,Pneumonia,test,1
C:\Users\hamza\Downloads\CancerVsPneumonia\CancerVsPneumonia\test\Pneumonia\person259_bacteria_1217.jpeg,person259_bacteria_1217.jpeg,skin disease,Pneumonia,test,1
C:\Users\hamza\Downloads\CancerVsPneumonia\CancerVsPneumonia\test\Pneumonia\person259_bacteria_1219.jpeg,person259_bacteria_1219.jpeg,skin disease,Pneumonia,test,1
C:\Users\hamza\Downloads\CancerVsPneumonia\CancerVsPneumonia\test\Pneumonia\person259_bacteria_1220.jpeg,person259_bacteria_1220.jpeg,skin disease,Pneumonia,test,1
C:\Users\hamza\Downloads\CancerVsPneumonia\CancerVsPneumonia\test\Pneumonia\person260_bacteria_1222.jpeg,person260_bacteria_1222.jpeg,skin disease,Pneumonia,test,1
C:\Users\hamza\Downloads\CancerVsPneumonia\CancerVsPneumonia\test\Pneumonia\person260_bacteria_1223.jpeg,person260_bacteria_1223.jpeg,skin disease,Pneumonia,test,1
C:\Users\hamza\Downloads\CancerVsPneumonia\CancerVsPneumonia\test\Pneumonia\person260_bacteria_1224.jpeg,person260_bacteria_1224.jpeg,skin disease,Pneumonia,test,1
C:\Users\hamza\Downloads\CancerVsPneumonia\CancerVsPneumonia\test\Pneumonia\person311_bacteria_1453.jpeg,person311_bacteria_1453.jpeg,skin disease,Pneumonia,test,1
C:\Users\hamza\Downloads\CancerVsPneumonia\CancerVsPneumonia\test\Pneumonia\person312_bacteria_1454.jpeg,person312_bacteria_1454.jpeg,skin disease,Pneumonia,test,1
C:\Users\hamza\Downloads\CancerVsPneumonia\CancerVsPneumonia\test\Pneumonia\person312_bacteria_1455.jpeg,person312_bacteria_1455.jpeg,skin disease,Pneumonia,test,1
C:\Users\hamza\Downloads\CancerVsPneumonia\CancerVsPneumonia\test\Pneumonia\person312_bacteria_1456.jpeg,person312_bacteria_1456.jpeg,skin disease,Pneumonia,test,1
C:\Users\hamza\Downloads\CancerVsPneumonia\CancerVsPneumonia\test\Pneumonia\person313_bacteria_1457.jpeg,person313_bacteria_1457.jpeg,skin disease,Pneumonia,test,1
C:\Users\hamza\Downloads\CancerVsPneumonia\CancerVsPneumonia\test\Pneumonia\person313_bacteria_1458.jpeg,person313_bacteria_1458.jpeg,skin disease,Pneumonia,test,1
C:\Users\hamza\Downloads\CancerVsPneumonia\CancerVsPneumonia\test\Pneumonia\person313_bacteria_1459.jpeg,person313_bacteria_1459.jpeg,skin disease,Pneumonia,test,1
C:\Users\hamza\Downloads\CancerVsPneumonia\CancerVsPneumonia\test\Pneumonia\person313_bacteria_1460.jpeg,person313_bacteria_1460.jpeg,skin disease,Pneumonia,test,1
C:\Users\hamza\Downloads\CancerVsPneumonia\CancerVsPneumonia\test\Pneumonia\person314_bacteria_1461.jpeg,person314_bacteria_1461.jpeg,skin disease,Pneumonia,test,1
C:\Users\hamza\Downloads\CancerVsPneumonia\CancerVsPneumonia\test\Pneumonia\person314_bacteria_1462.jpeg,person314_bacteria_1462.jpeg,skin disease,Pneumonia,test,1
C:\Users\hamza\Downloads\CancerVsPneumonia\CancerVsPneumonia\test\Pneumonia\person315_bacteria_1464.jpeg,person315_bacteria_1464.jpeg,skin disease,Pneumonia,test,1
C:\Users\hamza\Downloads\CancerVsPneumonia\CancerVsPneumonia\test\Pneumonia\person315_bacteria_1465.jpeg,person315_bacteria_1465.jpeg,skin disease,Pneumonia,test,1
C:\Users\hamza\Downloads\CancerVsPneumonia\CancerVsPneumonia\test\Pneumonia\person315_bacteria_1466.jpeg,person315_bacteria_1466.jpeg,skin disease,Pneumonia,test,1
C:\Users\hamza\Downloads\CancerVsPneumonia\CancerVsPneumonia\test\Pneumonia\person315_bacteria_1467.jpeg,person315_bacteria_1467.jpeg,skin disease,Pneumonia,test,1
C:\Users\hamza\Downloads\CancerVsPneumonia\CancerVsPneumonia\test\Pneumonia\person315_bacteria_1468.jpeg,person315_bacteria_1468.jpeg,skin disease,Pneumonia,test,1
C:\Users\hamza\Downloads\CancerVsPneumonia\CancerVsPneumonia\test\Pneumonia\person316_bacteria_1469.jpeg,person316_bacteria_1469.jpeg,skin disease,Pneumonia,test,1
C:\Users\hamza\Downloads\CancerVsPneumonia\CancerVsPneumonia\test\Pneumonia\person316_bacteria_1470.jpeg,person316_bacteria_1470.jpeg,skin disease,Pneumonia,test,1
C:\Users\hamza\Downloads\CancerVsPneumonia\CancerVsPneumonia\test\Pneumonia\person317_bacteria_1471.jpeg,person317_bacteria_1471.jpeg,skin disease,Pneumonia,test,1
C:\Users\hamza\Downloads\CancerVsPneumonia\CancerVsPneumonia\test\Pneumonia\person317_bacteria_1473.jpeg,person317_bacteria_1473.jpeg,skin disease,Pneumonia,test,1
C:\Users\hamza\Downloads\CancerVsPneumonia\CancerVsPneumonia\test\Pneumonia\person318_bacteria_1474.jpeg,person318_bacteria_1474.jpeg,skin disease,Pneumonia,test,1
C:\Users\hamza\Downloads\CancerVsPneumonia\CancerVsPneumonia\test\Pneumonia\person319_bacteria_1475.jpeg,person319_bacteria_1475.jpeg,skin disease,Pneumonia,test,1
C:\Users\hamza\Downloads\CancerVsPneumonia\CancerVsPneumonia\test\Pneumonia\person319_bacteria_1476.jpeg,person319_bacteria_1476.jpeg,skin disease,Pneumonia,test,1
C:\Users\hamza\Downloads\CancerVsPneumonia\CancerVsPneumonia\test\Pneumonia\person319_bacteria_1477.jpeg,person319_bacteria_1477.jpeg,skin disease,Pneumonia,test,1
C:\Users\hamza\Downloads\CancerVsPneumonia\CancerVsPneumonia\test\Pneumonia\person319_bacteria_1478.jpeg,person319_bacteria_1478.jpeg,skin disease,Pneumonia,test,1
C:\Users\hamza\Downloads\CancerVsPneumonia\CancerVsPneumonia\test\Pneumonia\person319_bacteria_1479.jpeg,person319_bacteria_1479.jpeg,skin disease,Pneumonia,test,1
C:\Users\hamza\Downloads\CancerVsPneumonia\CancerVsPneumonia\test\Pneumonia\person319_bacteria_1480.jpeg,person319_bacteria_1480.jpeg,skin disease,Pneumonia,test,1
C:\Users\hamza\Downloads\CancerVsPneumonia\CancerVsPneumonia\test\Pneumonia\person321_bacteria_1483.jpeg,person321_bacteria_1483.jpeg,skin disease,Pneumonia,test,1
C:\Users\hamza\Downloads\CancerVsPneumonia\CancerVsPneumonia\test\Pneumonia\person321_bacteria_1484.jpeg,person321_bacteria_1484.jpeg,skin disease,Pneumonia,test,1
C:\Users\hamza\Downloads\CancerVsPneumonia\CancerVsPneumonia\test\Pneumonia\person321_bacteria_1485.jpeg,person321_bacteria_1485.jpeg,skin disease,Pneumonia,test,1
C:\Users\hamza\Downloads\CancerVsPneumonia\CancerVsPneumonia\test\Pneumonia\person321_bacteria_1486.jpeg,person321_bacteria_1486.jpeg,skin disease,Pneumonia,test,1
C:\Users\hamza\Downloads\CancerVsPneumonia\CancerVsPneumonia\test\Pneumonia\person321_bacteria_1487.jpeg,person321_bacteria_1487.jpeg,skin disease,Pneumonia,test,1
C:\Users\hamza\Downloads\CancerVsPneumonia\CancerVsPneumonia\test\Pneumonia\person321_bacteria_1488.jpeg,person321_bacteria_1488.jpeg,skin disease,Pneumonia,test,1
C:\Users\hamza\Downloads\CancerVsPneumonia\CancerVsPneumonia\test\Pneumonia\person321_bacteria_1489.jpeg,person321_bacteria_1489.jpeg,skin disease,Pneumonia,test,1
C:\Users\hamza\Downloads\CancerVsPneumonia\CancerVsPneumonia\test\Pneumonia\person322_bacteria_1494.jpeg,person322_bacteria_1494.jpeg,skin disease,Pneumonia,test,1
C:\Users\hamza\Downloads\CancerVsPneumonia\CancerVsPneumonia\test\Pneumonia\person325_bacteria_1497.jpeg,person325_bacteria_1497.jpeg,skin disease,Pneumonia,test,1
C:\Users\hamza\Downloads\CancerVsPneumonia\CancerVsPneumonia\test\Pneumonia\person325_bacteria_1498.jpeg,person325_bacteria_1498.jpeg,skin disease,Pneumonia,test,1
C:\Users\hamza\Downloads\CancerVsPneumonia\CancerVsPneumonia\test\Pneumonia\person325_bacteria_1500.jpeg,person325_bacteria_1500.jpeg,skin disease,Pneumonia,test,1
C:\Users\hamza\Downloads\CancerVsPneumonia\CancerVsPneumonia\test\Pneumonia\person325_bacteria_1501.jpeg,person325_bacteria_1501.jpeg,skin disease,Pneumonia,test,1
C:\Users\hamza\Downloads\CancerVsPneumonia\CancerVsPneumonia\test\Pneumonia\person325_bacteria_1502.jpeg,person325_bacteria_1502.jpeg,skin disease,Pneumonia,test,1
C:\Users\hamza\Downloads\CancerVsPneumonia\CancerVsPneumonia\test\Pneumonia\person326_bacteria_1503.jpeg,person326_bacteria_1503.jpeg,skin disease,Pneumonia,test,1
C:\Users\hamza\Downloads\CancerVsPneumonia\CancerVsPneumonia\test\Pneumonia\person326_bacteria_1504.jpeg,person326_bacteria_1504.jpeg,skin disease,Pneumonia,test,1
C:\Users\hamza\Downloads\CancerVsPneumonia\CancerVsPneumonia\test\Pneumonia\person326_bacteria_1505.jpeg,person326_bacteria_1505.jpeg,skin disease,Pneumonia,test,1
C:\Users\hamza\Downloads\CancerVsPneumonia\CancerVsPneumonia\test\Pneumonia\person326_bacteria_1506.jpeg,person326_bacteria_1506.jpeg,skin disease,Pneumonia,test,1
C:\Users\hamza\Downloads\CancerVsPneumonia\CancerVsPneumonia\test\Pneumonia\person326_bacteria_1507.jpeg,person326_bacteria_1507.jpeg,skin disease,Pneumonia,test,1
C:\Users\hamza\Downloads\CancerVsPneumonia\CancerVsPneumonia\test\Pneumonia\person327_bacteria_1508.jpeg,person327_bacteria_1508.jpeg,skin disease,Pneumonia,test,1
C:\Users\hamza\Downloads\CancerVsPneumonia\CancerVsPneumonia\test\Pneumonia\person327_bacteria_1509.jpeg,person327_bacteria_1509.jpeg,skin disease,Pneumonia,test,1
C:\Users\hamza\Downloads\CancerVsPneumonia\CancerVsPneumonia\test\Pneumonia\person328_bacteria_1510.jpeg,person328_bacteria_1510.jpeg,skin disease,Pneumonia,test,1
C:\Users\hamza\Downloads\CancerVsPneumonia\CancerVsPneumonia\test\Pneumonia\person328_bacteria_1511.jpeg,person328_bacteria_1511.jpeg,skin disease,Pneumonia,test,1
C:\Users\hamza\Downloads\CancerVsPneumonia\CancerVsPneumonia\test\Pneumonia\person328_bacteria_1512.jpeg,person328_bacteria_1512.jpeg,skin disease,Pneumonia,test,1
C:\Users\hamza\Downloads\CancerVsPneumonia\CancerVsPneumonia\test\Pneumonia\person328_bacteria_1513.jpeg,person328_bacteria_1513.jpeg,skin disease,Pneumonia,test,1
C:\Users\hamza\Downloads\CancerVsPneumonia\CancerVsPneumonia\test\Pneumonia\person328_bacteria_1514.jpeg,person328_bacteria_1514.jpeg,skin disease,Pneumonia,test,1
C:\Users\hamza\Downloads\CancerVsPneumonia\CancerVsPneumonia\test\Pneumonia\person328_bacteria_1515.jpeg,person328_bacteria_1515.jpeg,skin disease,Pneumonia,test,1
C:\Users\hamza\Downloads\CancerVsPneumonia\CancerVsPneumonia\test\Pneumonia\person331_bacteria_1526.jpeg,person331_bacteria_1526.jpeg,skin disease,Pneumonia,test,1
C:\Users\hamza\Downloads\CancerVsPneumonia\CancerVsPneumonia\test\Pneumonia\person331_bacteria_1527.jpeg,person331_bacteria_1527.jpeg,skin disease,Pneumonia,test,1
C:\Users\hamza\Downloads\CancerVsPneumonia\CancerVsPneumonia\test\Pneumonia\person331_bacteria_1528.jpeg,person331_bacteria_1528.jpeg,skin disease,Pneumonia,test,1
C:\Users\hamza\Downloads\CancerVsPneumonia\CancerVsPneumonia\test\Pneumonia\person331_bacteria_1529.jpeg,person331_bacteria_1529.jpeg,skin disease,Pneumonia,test,1
C:\Users\hamza\Downloads\CancerVsPneumonia\CancerVsPneumonia\test\Pneumonia\person331_bacteria_1530.jpeg,person331_bacteria_1530.jpeg,skin disease,Pneumonia,test,1
C:\Users\hamza\Downloads\CancerVsPneumonia\CancerVsPneumonia\test\Pneumonia\person332_bacteria_1531.jpeg,person332_bacteria_1531.jpeg,skin disease,Pneumonia,test,1
C:\Users\hamza\Downloads\CancerVsPneumonia\CancerVsPneumonia\test\Pneumonia\person332_bacteria_1533.jpeg,person332_bacteria_1533.jpeg,skin disease,Pneumonia,test,1
C:\Users\hamza\Downloads\CancerVsPneumonia\CancerVsPneumonia\test\Pneumonia\person332_bacteria_1534.jpeg,person332_bacteria_1534.jpeg,skin disease,Pneumonia,test,1
C:\Users\hamza\Downloads\CancerVsPneumonia\CancerVsPneumonia\test\Pneumonia\person332_bacteria_1535.jpeg,person332_bacteria_1535.jpeg,skin disease,Pneumonia,test,1
C:\Users\hamza\Downloads\CancerVsPneumonia\CancerVsPneumonia\test\Pneumonia\person332_bacteria_1536.jpeg,person332_bacteria_1536.jpeg,skin disease,Pneumonia,test,1
C:\Users\hamza\Downloads\CancerVsPneumonia\CancerVsPneumonia\test\Pneumonia\person332_bacteria_1537.jpeg,person332_bacteria_1537.jpeg,skin disease,Pneumonia,test,1
C:\Users\hamza\Downloads\CancerVsPneumonia\CancerVsPneumonia\test\Pneumonia\person332_bacteria_1538.jpeg,person332_bacteria_1538.jpeg,skin disease,Pneumonia,test,1
C:\Users\hamza\Downloads\CancerVsPneumonia\CancerVsPneumonia\test\Pneumonia\person333_bacteria_1539.jpeg,person333_bacteria_1539.jpeg,skin disease,Pneumonia,test,1
C:\Users\hamza\Downloads\CancerVsPneumonia\CancerVsPneumonia\test\Pneumonia\person333_bacteria_1540.jpeg,person333_bacteria_1540.jpeg,skin disease,Pneumonia,test,1
C:\Users\hamza\Downloads\CancerVsPneumonia\CancerVsPneumonia\test\Pneumonia\person334_bacteria_1541.jpeg,person334_bacteria_1541.jpeg,skin disease,Pneumonia,test,1
C:\Users\hamza\Downloads\CancerVsPneumonia\CancerVsPneumonia\test\Pneumonia\person334_bacteria_1542.jpeg,person334_bacteria_1542.jpeg,skin disease,Pneumonia,test,1
C:\Users\hamza\Downloads\CancerVsPneumonia\CancerVsPneumonia\test\Pneumonia\person334_bacteria_1544.jpeg,person334_bacteria_1544.jpeg,skin disease,Pneumonia,test,1
C:\Users\hamza\Downloads\CancerVsPneumonia\CancerVsPneumonia\test\Pneumonia\person334_bacteria_1545.jpeg,person334_bacteria_1545.jpeg,skin disease,Pneumonia,test,1
C:\Users\hamza\Downloads\CancerVsPneumonia\CancerVsPneumonia\test\Pneumonia\person336_bacteria_1548.jpeg,person336_bacteria_1548.jpeg,skin disease,Pneumonia,test,1
C:\Users\hamza\Downloads\CancerVsPneumonia\CancerVsPneumonia\test\Pneumonia\person336_bacteria_1549.jpeg,person336_bacteria_1549.jpeg,skin disease,Pneumonia,test,1
C:\Users\hamza\Downloads\CancerVsPneumonia\CancerVsPneumonia\test\Pneumonia\person336_bacteria_1550.jpeg,person336_bacteria_1550.jpeg,skin disease,Pneumonia,test,1
C:\Users\hamza\Downloads\CancerVsPneumonia\CancerVsPneumonia\test\Pneumonia\person336_bacteria_1551.jpeg,person336_bacteria_1551.jpeg,skin disease,Pneumonia,test,1
C:\Users\hamza\Downloads\CancerVsPneumonia\CancerVsPneumonia\test\Pneumonia\person336_bacteria_1552.jpeg,person336_bacteria_1552.jpeg,skin disease,Pneumonia,test,1
C:\Users\hamza\Downloads\CancerVsPneumonia\CancerVsPneumonia\test\Pneumonia\person336_bacteria_1553.jpeg,person336_bacteria_1553.jpeg,skin disease,Pneumonia,test,1
C:\Users\hamza\Downloads\CancerVsPneumonia\CancerVsPneumonia\test\Pneumonia\person337_bacteria_1554.jpeg,person337_bacteria_1554.jpeg,skin disease,Pneumonia,test,1
C:\Users\hamza\Downloads\CancerVsPneumonia\CancerVsPneumonia\test\Pneumonia\person337_bacteria_1557.jpeg,person337_bacteria_1557.jpeg,skin disease,Pneumonia,test,1
C:\Users\hamza\Downloads\CancerVsPneumonia\CancerVsPneumonia\test\Pneumonia\person337_bacteria_1558.jpeg,person337_bacteria_1558.jpeg,skin disease,Pneumonia,test,1
C:\Users\hamza\Downloads\CancerVsPneumonia\CancerVsPneumonia\test\Pneumonia\person337_bacteria_1560.jpeg,person337_bacteria_1560.jpeg,skin disease,Pneumonia,test,1
C:\Users\hamza\Downloads\CancerVsPneumonia\CancerVsPneumonia\test\Pneumonia\person337_bacteria_1561.jpeg,person337_bacteria_1561.jpeg,skin disease,Pneumonia,test,1
C:\Users\hamza\Downloads\CancerVsPneumonia\CancerVsPneumonia\test\Pneumonia\person337_bacteria_1562.jpeg,person337_bacteria_1562.jpeg,skin disease,Pneumonia,test,1
C:\Users\hamza\Downloads\CancerVsPneumonia\CancerVsPneumonia\test\Pneumonia\person337_bacteria_1563.jpeg,person337_bacteria_1563.jpeg,skin disease,Pneumonia,test,1
C:\Users\hamza\Downloads\CancerVsPneumonia\CancerVsPneumonia\test\Pneumonia\person337_bacteria_1564.jpeg,person337_bacteria_1564.jpeg,skin disease,Pneumonia,test,1
C:\Users\hamza\Downloads\CancerVsPneumonia\CancerVsPneumonia\test\Pneumonia\person337_bacteria_1565.jpeg,person337_bacteria_1565.jpeg,skin disease,Pneumonia,test,1
C:\Users\hamza\Downloads\CancerVsPneumonia\CancerVsPneumonia\test\Pneumonia\person337_bacteria_1566.jpeg,person337_bacteria_1566.jpeg,skin disease,Pneumonia,test,1
C:\Users\hamza\Downloads\CancerVsPneumonia\CancerVsPneumonia\test\Pneumonia\person338_bacteria_1567.jpeg,person338_bacteria_1567.jpeg,skin disease,Pneumonia,test,1
C:\Users\hamza\Downloads\CancerVsPneumonia\CancerVsPneumonia\test\Pneumonia\person338_bacteria_1568.jpeg,person338_bacteria_1568.jpeg,skin disease,Pneumonia,test,1
C:\Users\hamza\Downloads\CancerVsPneumonia\CancerVsPneumonia\test\Pneumonia\person339_bacteria_1572.jpeg,person339_bacteria_1572.jpeg,skin disease,Pneumonia,test,1
C:\Users\hamza\Downloads\CancerVsPneumonia\CancerVsPneumonia\test\Pneumonia\person339_bacteria_1573.jpeg,person339_bacteria_1573.jpeg,skin disease,Pneumonia,test,1
C:\Users\hamza\Downloads\CancerVsPneumonia\CancerVsPneumonia\test\Pneumonia\person339_bacteria_1574.jpeg,person339_bacteria_1574.jpeg,skin disease,Pneumonia,test,1
C:\Users\hamza\Downloads\CancerVsPneumonia\CancerVsPneumonia\test\Pneumonia\person340_bacteria_1575.jpeg,person340_bacteria_1575.jpeg,skin disease,Pneumonia,test,1
C:\Users\hamza\Downloads\CancerVsPneumonia\CancerVsPneumonia\test\Pneumonia\person341_bacteria_1577.jpeg,person341_bacteria_1577.jpeg,skin disease,Pneumonia,test,1
C:\Users\hamza\Downloads\CancerVsPneumonia\CancerVsPneumonia\test\Pneumonia\person343_bacteria_1583.jpeg,person343_bacteria_1583.jpeg,skin disease,Pneumonia,test,1
C:\Users\hamza\Downloads\CancerVsPneumonia\CancerVsPneumonia\test\Pneumonia\person343_bacteria_1584.jpeg,person343_bacteria_1584.jpeg,skin disease,Pneumonia,test,1
C:\Users\hamza\Downloads\CancerVsPneumonia\CancerVsPneumonia\test\Pneumonia\person344_bacteria_1585.jpeg,person344_bacteria_1585.jpeg,skin disease,Pneumonia,test,1
C:\Users\hamza\Downloads\CancerVsPneumonia\CancerVsPneumonia\test\Pneumonia\person346_bacteria_1590.jpeg,person346_bacteria_1590.jpeg,skin disease,Pneumonia,test,1
C:\Users\hamza\Downloads\CancerVsPneumonia\CancerVsPneumonia\test\Pneumonia\person347_bacteria_1594.jpeg,person347_bacteria_1594.jpeg,skin disease,Pneumonia,test,1
C:\Users\hamza\Downloads\CancerVsPneumonia\CancerVsPneumonia\test\Pneumonia\person347_bacteria_1595.jpeg,person347_bacteria_1595.jpeg,skin disease,Pneumonia,test,1
C:\Users\hamza\Downloads\CancerVsPneumonia\CancerVsPneumonia\test\Pneumonia\person347_bacteria_1597.jpeg,person347_bacteria_1597.jpeg,skin disease,Pneumonia,test,1
C:\Users\hamza\Downloads\CancerVsPneumonia\CancerVsPneumonia\test\Pneumonia\person347_bacteria_1599.jpeg,person347_bacteria_1599.jpeg,skin disease,Pneumonia,test,1
C:\Users\hamza\Downloads\CancerVsPneumonia\CancerVsPneumonia\test\Pneumonia\person348_bacteria_1601.jpeg,person348_bacteria_1601.jpeg,skin disease,Pneumonia,test,1
C:\Users\hamza\Downloads\CancerVsPneumonia\CancerVsPneumonia\test\Pneumonia\person348_bacteria_1602.jpeg,person348_bacteria_1602.jpeg,skin disease,Pneumonia,test,1
C:\Users\hamza\Downloads\CancerVsPneumonia\CancerVsPneumonia\test\Pneumonia\person348_bacteria_1603.jpeg,person348_bacteria_1603.jpeg,skin disease,Pneumonia,test,1
C:\Users\hamza\Downloads\CancerVsPneumonia\CancerVsPneumonia\test\Pneumonia\person348_bacteria_1604.jpeg,person348_bacteria_1604.jpeg,skin disease,Pneumonia,test,1
C:\Users\hamza\Downloads\CancerVsPneumonia\CancerVsPneumonia\test\Pneumonia\person349_bacteria_1605.jpeg,person349_bacteria_1605.jpeg,skin disease,Pneumonia,test,1
C:\Users\hamza\Downloads\CancerVsPneumonia\CancerVsPneumonia\test\Pneumonia\person349_bacteria_1606.jpeg,person349_bacteria_1606.jpeg,skin disease,Pneumonia,test,1
C:\Users\hamza\Downloads\CancerVsPneumonia\CancerVsPneumonia\test\Pneumonia\person349_bacteria_1607.jpeg,person349_bacteria_1607.jpeg,skin disease,Pneumonia,test,1
C:\Users\hamza\Downloads\CancerVsPneumonia\CancerVsPneumonia\test\Pneumonia\person351_bacteria_1617.jpeg,person351_bacteria_1617.jpeg,skin disease,Pneumonia,test,1
C:\Users\hamza\Downloads\CancerVsPneumonia\CancerVsPneumonia\test\Pneumonia\person351_bacteria_1619.jpeg,person351_bacteria_1619.jpeg,skin disease,Pneumonia,test,1
C:\Users\hamza\Downloads\CancerVsPneumonia\CancerVsPneumonia\test\Pneumonia\person351_bacteria_1620.jpeg,person351_bacteria_1620.jpeg,skin disease,Pneumonia,test,1
C:\Users\hamza\Downloads\CancerVsPneumonia\CancerVsPneumonia\test\Pneumonia\person351_bacteria_1621.jpeg,person351_bacteria_1621.jpeg,skin disease,Pneumonia,test,1
C:\Users\hamza\Downloads\CancerVsPneumonia\CancerVsPneumonia\test\Pneumonia\person351_bacteria_1622.jpeg,person351_bacteria_1622.jpeg,skin disease,Pneumonia,test,1
C:\Users\hamza\Downloads\CancerVsPneumonia\CancerVsPneumonia\test\Pneumonia\person351_bacteria_1623.jpeg,person351_bacteria_1623.jpeg,skin disease,Pneumonia,test,1
C:\Users\hamza\Downloads\CancerVsPneumonia\CancerVsPneumonia\test\Pneumonia\person351_bacteria_1624.jpeg,person351_bacteria_1624.jpeg,skin disease,Pneumonia,test,1
C:\Users\hamza\Downloads\CancerVsPneumonia\CancerVsPneumonia\test\Pneumonia\person352_bacteria_1625.jpeg,person352_bacteria_1625.jpeg,skin disease,Pneumonia,test,1
C:\Users\hamza\Downloads\CancerVsPneumonia\CancerVsPneumonia\test\Pneumonia\person353_bacteria_1626.jpeg,person353_bacteria_1626.jpeg,skin disease,Pneumonia,test,1
C:\Users\hamza\Downloads\CancerVsPneumonia\CancerVsPneumonia\test\Pneumonia\person353_bacteria_1628.jpeg,person353_bacteria_1628.jpeg,skin disease,Pneumonia,test,1
C:\Users\hamza\Downloads\CancerVsPneumonia\CancerVsPneumonia\test\Pneumonia\person354_bacteria_1632.jpeg,person354_bacteria_1632.jpeg,skin disease,Pneumonia,test,1
C:\Users\hamza\Downloads\CancerVsPneumonia\CancerVsPneumonia\test\Pneumonia\person354_bacteria_1633.jpeg,person354_bacteria_1633.jpeg,skin disease,Pneumonia,test,1
C:\Users\hamza\Downloads\CancerVsPneumonia\CancerVsPneumonia\test\Pneumonia\person354_bacteria_1634.jpeg,person354_bacteria_1634.jpeg,skin disease,Pneumonia,test,1
C:\Users\hamza\Downloads\CancerVsPneumonia\CancerVsPneumonia\test\Pneumonia\person354_bacteria_1635.jpeg,person354_bacteria_1635.jpeg,skin disease,Pneumonia,test,1
C:\Users\hamza\Downloads\CancerVsPneumonia\CancerVsPneumonia\test\Pneumonia\person355_bacteria_1637.jpeg,person355_bacteria_1637.jpeg,skin disease,Pneumonia,test,1
C:\Users\hamza\Downloads\CancerVsPneumonia\CancerVsPneumonia\test\Pneumonia\person356_bacteria_1638.jpeg,person356_bacteria_1638.jpeg,skin disease,Pneumonia,test,1
C:\Users\hamza\Downloads\CancerVsPneumonia\CancerVsPneumonia\test\Pneumonia\person357_bacteria_1639.jpeg,person357_bacteria_1639.jpeg,skin disease,Pneumonia,test,1
C:\Users\hamza\Downloads\CancerVsPneumonia\CancerVsPneumonia\test\Pneumonia\person357_bacteria_1640.jpeg,person357_bacteria_1640.jpeg,skin disease,Pneumonia,test,1
C:\Users\hamza\Downloads\CancerVsPneumonia\CancerVsPneumonia\test\Pneumonia\person359_bacteria_1642.jpeg,person359_bacteria_1642.jpeg,skin disease,Pneumonia,test,1
C:\Users\hamza\Downloads\CancerVsPneumonia\CancerVsPneumonia\test\Pneumonia\person359_bacteria_1643.jpeg,person359_bacteria_1643.jpeg,skin disease,Pneumonia,test,1
C:\Users\hamza\Downloads\CancerVsPneumonia\CancerVsPneumonia\test\Pneumonia\person359_bacteria_1644.jpeg,person359_bacteria_1644.jpeg,skin disease,Pneumonia,test,1
C:\Users\hamza\Downloads\CancerVsPneumonia\CancerVsPneumonia\test\Pneumonia\person359_bacteria_1645.jpeg,person359_bacteria_1645.jpeg,skin disease,Pneumonia,test,1
C:\Users\hamza\Downloads\CancerVsPneumonia\CancerVsPneumonia\test\Pneumonia\person359_bacteria_1646.jpeg,person359_bacteria_1646.jpeg,skin disease,Pneumonia,test,1
C:\Users\hamza\Downloads\CancerVsPneumonia\CancerVsPneumonia\test\Pneumonia\person360_bacteria_1647.jpeg,person360_bacteria_1647.jpeg,skin disease,Pneumonia,test,1
C:\Users\hamza\Downloads\CancerVsPneumonia\CancerVsPneumonia\test\Pneumonia\person361_bacteria_1651.jpeg,person361_bacteria_1651.jpeg,skin disease,Pneumonia,test,1
C:\Users\hamza\Downloads\CancerVsPneumonia\CancerVsPneumonia\test\Pneumonia\person362_bacteria_1652.jpeg,person362_bacteria_1652.jpeg,skin disease,Pneumonia,test,1
C:\Users\hamza\Downloads\CancerVsPneumonia\CancerVsPneumonia\test\Pneumonia\person363_bacteria_1653.jpeg,person363_bacteria_1653.jpeg,skin disease,Pneumonia,test,1
C:\Users\hamza\Downloads\CancerVsPneumonia\CancerVsPneumonia\test\Pneumonia\person363_bacteria_1654.jpeg,person363_bacteria_1654.jpeg,skin disease,Pneumonia,test,1
C:\Users\hamza\Downloads\CancerVsPneumonia\CancerVsPneumonia\test\Pneumonia\person363_bacteria_1655.jpeg,person363_bacteria_1655.jpeg,skin disease,Pneumonia,test,1
C:\Users\hamza\Downloads\CancerVsPneumonia\CancerVsPneumonia\test\Pneumonia\person364_bacteria_1656.jpeg,person364_bacteria_1656.jpeg,skin disease,Pneumonia,test,1
C:\Users\hamza\Downloads\CancerVsPneumonia\CancerVsPneumonia\test\Pneumonia\person364_bacteria_1657.jpeg,person364_bacteria_1657.jpeg,skin disease,Pneumonia,test,1
C:\Users\hamza\Downloads\CancerVsPneumonia\CancerVsPneumonia\test\Pneumonia\person364_bacteria_1658.jpeg,person364_bacteria_1658.jpeg,skin disease,Pneumonia,test,1
C:\Users\hamza\Downloads\CancerVsPneumonia\CancerVsPneumonia\test\Pneumonia\person364_bacteria_1659.jpeg,person364_bacteria_1659.jpeg,skin disease,Pneumonia,test,1
C:\Users\hamza\Downloads\CancerVsPneumonia\CancerVsPneumonia\test\Pneumonia\person364_bacteria_1660.jpeg,person364_bacteria_1660.jpeg,skin disease,Pneumonia,test,1
C:\Users\hamza\Downloads\CancerVsPneumonia\CancerVsPneumonia\test\Pneumonia\person366_bacteria_1664.jpeg,person366_bacteria_1664.jpeg,skin disease,Pneumonia,test,1
C:\Users\hamza\Downloads\CancerVsPneumonia\CancerVsPneumonia\test\Pneumonia\person367_bacteria_1665.jpeg,person367_bacteria_1665.jpeg,skin disease,Pneumonia,test,1
C:\Users\hamza\Downloads\CancerVsPneumonia\CancerVsPneumonia\test\Pneumonia\person368_bacteria_1666.jpeg,person368_bacteria_1666.jpeg,skin disease,Pneumonia,test,1
C:\Users\hamza\Downloads\CancerVsPneumonia\CancerVsPneumonia\test\Pneumonia\person368_bacteria_1667.jpeg,person368_bacteria_1667.jpeg,skin disease,Pneumonia,test,1
C:\Users\hamza\Downloads\CancerVsPneumonia\CancerVsPneumonia\test\Pneumonia\person368_bacteria_1668.jpeg,person368_bacteria_1668.jpeg,skin disease,Pneumonia,test,1
C:\Users\hamza\Downloads\CancerVsPneumonia\CancerVsPneumonia\test\Pneumonia\person368_bacteria_1672.jpeg,person368_bacteria_1672.jpeg,skin disease,Pneumonia,test,1
C:\Users\hamza\Downloads\CancerVsPneumonia\CancerVsPneumonia\test\Pneumonia\person368_bacteria_1678.jpeg,person368_bacteria_1678.jpeg,skin disease,Pneumonia,test,1
C:\Users\hamza\Downloads\CancerVsPneumonia\CancerVsPneumonia\test\Pneumonia\person369_bacteria_1680.jpeg,person369_bacteria_1680.jpeg,skin disease,Pneumonia,test,1
C:\Users\hamza\Downloads\CancerVsPneumonia\CancerVsPneumonia\test\Lung Cancer\CANCER_POSITIVE_IMG_326.png,CANCER_POSITIVE_IMG_326.png,skin disease,Lung Cancer,test,0
C:\Users\hamza\Downloads\CancerVsPneumonia\CancerVsPneumonia\test\Lung Cancer\CANCER_POSITIVE_IMG_327.png,CANCER_POSITIVE_IMG_327.png,skin disease,Lung Cancer,test,0
C:\Users\hamza\Downloads\CancerVsPneumonia\CancerVsPneumonia\test\Lung Cancer\CANCER_POSITIVE_IMG_328.png,CANCER_POSITIVE_IMG_328.png,skin disease,Lung Cancer,test,0
C:\Users\hamza\Downloads\CancerVsPneumonia\CancerVsPneumonia\test\Lung Cancer\CANCER_POSITIVE_IMG_329.png,CANCER_POSITIVE_IMG_329.png,skin disease,Lung Cancer,test,0
C:\Users\hamza\Downloads\CancerVsPneumonia\CancerVsPneumonia\test\Lung Cancer\CANCER_POSITIVE_IMG_330.png,CANCER_POSITIVE_IMG_330.png,skin disease,Lung Cancer,test,0
C:\Users\hamza\Downloads\CancerVsPneumonia\CancerVsPneumonia\test\Lung Cancer\CANCER_POSITIVE_IMG_331.png,CANCER_POSITIVE_IMG_331.png,skin disease,Lung Cancer,test,0
C:\Users\hamza\Downloads\CancerVsPneumonia\CancerVsPneumonia\test\Lung Cancer\CANCER_POSITIVE_IMG_332.png,CANCER_POSITIVE_IMG_332.png,skin disease,Lung Cancer,test,0
C:\Users\hamza\Downloads\CancerVsPneumonia\CancerVsPneumonia\test\Lung Cancer\CANCER_POSITIVE_IMG_333.png,CANCER_POSITIVE_IMG_333.png,skin disease,Lung Cancer,test,0
C:\Users\hamza\Downloads\CancerVsPneumonia\CancerVsPneumonia\test\Lung Cancer\CANCER_POSITIVE_IMG_334.png,CANCER_POSITIVE_IMG_334.png,skin disease,Lung Cancer,test,0
C:\Users\hamza\Downloads\CancerVsPneumonia\CancerVsPneumonia\test\Lung Cancer\CANCER_POSITIVE_IMG_335.png,CANCER_POSITIVE_IMG_335.png,skin disease,Lung Cancer,test,0
C:\Users\hamza\Downloads\CancerVsPneumonia\CancerVsPneumonia\test\Lung Cancer\CANCER_POSITIVE_IMG_336.png,CANCER_POSITIVE_IMG_336.png,skin disease,Lung Cancer,test,0
C:\Users\hamza\Downloads\CancerVsPneumonia\CancerVsPneumonia\test\Lung Cancer\CANCER_POSITIVE_IMG_337.png,CANCER_POSITIVE_IMG_337.png,skin disease,Lung Cancer,test,0
C:\Users\hamza\Downloads\CancerVsPneumonia\CancerVsPneumonia\test\Lung Cancer\CANCER_POSITIVE_IMG_338.png,CANCER_POSITIVE_IMG_338.png,skin disease,Lung Cancer,test,0
C:\Users\hamza\Downloads\CancerVsPneumonia\CancerVsPneumonia\test\Lung Cancer\CANCER_POSITIVE_IMG_339.png,CANCER_POSITIVE_IMG_339.png,skin disease,Lung Cancer,test,0
C:\Users\hamza\Downloads\CancerVsPneumonia\CancerVsPneumonia\test\Lung Cancer\CANCER_POSITIVE_IMG_340.png,CANCER_POSITIVE_IMG_340.png,skin disease,Lung Cancer,test,0
C:\Users\hamza\Downloads\CancerVsPneumonia\CancerVsPneumonia\test\Lung Cancer\CANCER_POSITIVE_IMG_341.png,CANCER_POSITIVE_IMG_341.png,skin disease,Lung Cancer,test,0
C:\Users\hamza\Downloads\CancerVsPneumonia\CancerVsPneumonia\test\Lung Cancer\CANCER_POSITIVE_IMG_342.png,CANCER_POSITIVE_IMG_342.png,skin disease,Lung Cancer,test,0
C:\Users\hamza\Downloads\CancerVsPneumonia\CancerVsPneumonia\test\Lung Cancer\CANCER_POSITIVE_IMG_343.png,CANCER_POSITIVE_IMG_343.png,skin disease,Lung Cancer,test,0
C:\Users\hamza\Downloads\CancerVsPneumonia\CancerVsPneumonia\test\Lung Cancer\CANCER_POSITIVE_IMG_344.png,CANCER_POSITIVE_IMG_344.png,skin disease,Lung Cancer,test,0
C:\Users\hamza\Downloads\CancerVsPneumonia\CancerVsPneumonia\test\Lung Cancer\CANCER_POSITIVE_IMG_345.png,CANCER_POSITIVE_IMG_345.png,skin disease,Lung Cancer,test,0
C:\Users\hamza\Downloads\CancerVsPneumonia\CancerVsPneumonia\test\Lung Cancer\CANCER_POSITIVE_IMG_346.png,CANCER_POSITIVE_IMG_346.png,skin disease,Lung Cancer,test,0
C:\Users\hamza\Downloads\CancerVsPneumonia\CancerVsPneumonia\test\Lung Cancer\CANCER_POSITIVE_IMG_347.png,CANCER_POSITIVE_IMG_347.png,skin disease,Lung Cancer,test,0
C:\Users\hamza\Downloads\CancerVsPneumonia\CancerVsPneumonia\test\Lung Cancer\CANCER_POSITIVE_IMG_348.png,CANCER_POSITIVE_IMG_348.png,skin disease,Lung Cancer,test,0
C:\Users\hamza\Downloads\CancerVsPneumonia\CancerVsPneumonia\test\Lung Cancer\CANCER_POSITIVE_IMG_349.png,CANCER_POSITIVE_IMG_349.png,skin disease,Lung Cancer,test,0
C:\Users\hamza\Downloads\CancerVsPneumonia\CancerVsPneumonia\test\Lung Cancer\CANCER_POSITIVE_IMG_350.png,CANCER_POSITIVE_IMG_350.png,skin disease,Lung Cancer,test,0
C:\Users\hamza\Downloads\CancerVsPneumonia\CancerVsPneumonia\test\Lung Cancer\CANCER_POSITIVE_IMG_351.png,CANCER_POSITIVE_IMG_351.png,skin disease,Lung Cancer,test,0
C:\Users\hamza\Downloads\CancerVsPneumonia\CancerVsPneumonia\test\Lung Cancer\CANCER_POSITIVE_IMG_352.png,CANCER_POSITIVE_IMG_352.png,skin disease,Lung Cancer,test,0
C:\Users\hamza\Downloads\CancerVsPneumonia\CancerVsPneumonia\test\Lung Cancer\CANCER_POSITIVE_IMG_353.png,CANCER_POSITIVE_IMG_353.png,skin disease,Lung Cancer,test,0
C:\Users\hamza\Downloads\CancerVsPneumonia\CancerVsPneumonia\test\Lung Cancer\CANCER_POSITIVE_IMG_354.png,CANCER_POSITIVE_IMG_354.png,skin disease,Lung Cancer,test,0
C:\Users\hamza\Downloads\CancerVsPneumonia\CancerVsPneumonia\test\Lung Cancer\CANCER_POSITIVE_IMG_355.png,CANCER_POSITIVE_IMG_355.png,skin disease,Lung Cancer,test,0
C:\Users\hamza\Downloads\CancerVsPneumonia\CancerVsPneumonia\test\Lung Cancer\CANCER_POSITIVE_IMG_356.png,CANCER_POSITIVE_IMG_356.png,skin disease,Lung Cancer,test,0
C:\Users\hamza\Downloads\CancerVsPneumonia\CancerVsPneumonia\test\Lung Cancer\CANCER_POSITIVE_IMG_357.png,CANCER_POSITIVE_IMG_357.png,skin disease,Lung Cancer,test,0
C:\Users\hamza\Downloads\CancerVsPneumonia\CancerVsPneumonia\test\Lung Cancer\CANCER_POSITIVE_IMG_358.png,CANCER_POSITIVE_IMG_358.png,skin disease,Lung Cancer,test,0
C:\Users\hamza\Downloads\CancerVsPneumonia\CancerVsPneumonia\test\Lung Cancer\CANCER_POSITIVE_IMG_359.png,CANCER_POSITIVE_IMG_359.png,skin disease,Lung Cancer,test,0
C:\Users\hamza\Downloads\CancerVsPneumonia\CancerVsPneumonia\test\Lung Cancer\CANCER_POSITIVE_IMG_360.png,CANCER_POSITIVE_IMG_360.png,skin disease,Lung Cancer,test,0
C:\Users\hamza\Downloads\CancerVsPneumonia\CancerVsPneumonia\test\Lung Cancer\CANCER_POSITIVE_IMG_361.png,CANCER_POSITIVE_IMG_361.png,skin disease,Lung Cancer,test,0
C:\Users\hamza\Downloads\CancerVsPneumonia\CancerVsPneumonia\test\Lung Cancer\CANCER_POSITIVE_IMG_362.png,CANCER_POSITIVE_IMG_362.png,skin disease,Lung Cancer,test,0
C:\Users\hamza\Downloads\CancerVsPneumonia\CancerVsPneumonia\test\Lung Cancer\CANCER_POSITIVE_IMG_363.png,CANCER_POSITIVE_IMG_363.png,skin disease,Lung Cancer,test,0
C:\Users\hamza\Downloads\CancerVsPneumonia\CancerVsPneumonia\test\Lung Cancer\CANCER_POSITIVE_IMG_364.png,CANCER_POSITIVE_IMG_364.png,skin disease,Lung Cancer,test,0
C:\Users\hamza\Downloads\CancerVsPneumonia\CancerVsPneumonia\test\Lung Cancer\CANCER_POSITIVE_IMG_365.png,CANCER_POSITIVE_IMG_365.png,skin disease,Lung Cancer,test,0
C:\Users\hamza\Downloads\CancerVsPneumonia\CancerVsPneumonia\test\Lung Cancer\CANCER_POSITIVE_IMG_366.png,CANCER_POSITIVE_IMG_366.png,skin disease,Lung Cancer,test,0
C:\Users\hamza\Downloads\CancerVsPneumonia\CancerVsPneumonia\test\Lung Cancer\CANCER_POSITIVE_IMG_367.png,CANCER_POSITIVE_IMG_367.png,skin disease,Lung Cancer,test,0
C:\Users\hamza\Downloads\CancerVsPneumonia\CancerVsPneumonia\test\Lung Cancer\CANCER_POSITIVE_IMG_368.png,CANCER_POSITIVE_IMG_368.png,skin disease,Lung Cancer,test,0
C:\Users\hamza\Downloads\CancerVsPneumonia\CancerVsPneumonia\test\Lung Cancer\CANCER_POSITIVE_IMG_369.png,CANCER_POSITIVE_IMG_369.png,skin disease,Lung Cancer,test,0
C:\Users\hamza\Downloads\CancerVsPneumonia\CancerVsPneumonia\test\Lung Cancer\CANCER_POSITIVE_IMG_370.png,CANCER_POSITIVE_IMG_370.png,skin disease,Lung Cancer,test,0
C:\Users\hamza\Downloads\CancerVsPneumonia\CancerVsPneumonia\test\Lung Cancer\CANCER_POSITIVE_IMG_371.png,CANCER_POSITIVE_IMG_371.png,skin disease,Lung Cancer,test,0
C:\Users\hamza\Downloads\CancerVsPneumonia\CancerVsPneumonia\test\Lung Cancer\CANCER_POSITIVE_IMG_372.png,CANCER_POSITIVE_IMG_372.png,skin disease,Lung Cancer,test,0
C:\Users\hamza\Downloads\CancerVsPneumonia\CancerVsPneumonia\test\Lung Cancer\CANCER_POSITIVE_IMG_373.png,CANCER_POSITIVE_IMG_373.png,skin disease,Lung Cancer,test,0
C:\Users\hamza\Downloads\CancerVsPneumonia\CancerVsPneumonia\test\Lung Cancer\CANCER_POSITIVE_IMG_374.png,CANCER_POSITIVE_IMG_374.png,skin disease,Lung Cancer,test,0
C:\Users\hamza\Downloads\CancerVsPneumonia\CancerVsPneumonia\test\Lung Cancer\CANCER_POSITIVE_IMG_375.png,CANCER_POSITIVE_IMG_375.png,skin disease,Lung Cancer,test,0
C:\Users\hamza\Downloads\CancerVsPneumonia\CancerVsPneumonia\test\Lung Cancer\CANCER_POSITIVE_IMG_376.png,CANCER_POSITIVE_IMG_376.png,skin disease,Lung Cancer,test,0
C:\Users\hamza\Downloads\CancerVsPneumonia\CancerVsPneumonia\test\Lung Cancer\CANCER_POSITIVE_IMG_377.png,CANCER_POSITIVE_IMG_377.png,skin disease,Lung Cancer,test,0
C:\Users\hamza\Downloads\CancerVsPneumonia\CancerVsPneumonia\test\Lung Cancer\CANCER_POSITIVE_IMG_378.png,CANCER_POSITIVE_IMG_378.png,skin disease,Lung Cancer,test,0
C:\Users\hamza\Downloads\CancerVsPneumonia\CancerVsPneumonia\test\Lung Cancer\CANCER_POSITIVE_IMG_379.png,CANCER_POSITIVE_IMG_379.png,skin disease,Lung Cancer,test,0
C:\Users\hamza\Downloads\CancerVsPneumonia\CancerVsPneumonia\test\Lung Cancer\CANCER_POSITIVE_IMG_380.png,CANCER_POSITIVE_IMG_380.png,skin disease,Lung Cancer,test,0
C:\Users\hamza\Downloads\CancerVsPneumonia\CancerVsPneumonia\test\Lung Cancer\CANCER_POSITIVE_IMG_381.png,CANCER_POSITIVE_IMG_381.png,skin disease,Lung Cancer,test,0
C:\Users\hamza\Downloads\CancerVsPneumonia\CancerVsPneumonia\test\Lung Cancer\CANCER_POSITIVE_IMG_382.png,CANCER_POSITIVE_IMG_382.png,skin disease,Lung Cancer,test,0
C:\Users\hamza\Downloads\CancerVsPneumonia\CancerVsPneumonia\test\Lung Cancer\CANCER_POSITIVE_IMG_383.png,CANCER_POSITIVE_IMG_383.png,skin disease,Lung Cancer,test,0
C:\Users\hamza\Downloads\CancerVsPneumonia\CancerVsPneumonia\test\Lung Cancer\CANCER_POSITIVE_IMG_384.png,CANCER_POSITIVE_IMG_384.png,skin disease,Lung Cancer,test,0
C:\Users\hamza\Downloads\CancerVsPneumonia\CancerVsPneumonia\test\Lung Cancer\CANCER_POSITIVE_IMG_385.png,CANCER_POSITIVE_IMG_385.png,skin disease,Lung Cancer,test,0
C:\Users\hamza\Downloads\CancerVsPneumonia\CancerVsPneumonia\test\Lung Cancer\CANCER_POSITIVE_IMG_386.png,CANCER_POSITIVE_IMG_386.png,skin disease,Lung Cancer,test,0
C:\Users\hamza\Downloads\CancerVsPneumonia\CancerVsPneumonia\test\Lung Cancer\CANCER_POSITIVE_IMG_387.png,CANCER_POSITIVE_IMG_387.png,skin disease,Lung Cancer,test,0
C:\Users\hamza\Downloads\CancerVsPneumonia\CancerVsPneumonia\test\Lung Cancer\CANCER_POSITIVE_IMG_388.png,CANCER_POSITIVE_IMG_388.png,skin disease,Lung Cancer,test,0
C:\Users\hamza\Downloads\CancerVsPneumonia\CancerVsPneumonia\test\Lung Cancer\CANCER_POSITIVE_IMG_389.png,CANCER_POSITIVE_IMG_389.png,skin disease,Lung Cancer,test,0
C:\Users\hamza\Downloads\CancerVsPneumonia\CancerVsPneumonia\test\Lung Cancer\CANCER_POSITIVE_IMG_390.png,CANCER_POSITIVE_IMG_390.png,skin disease,Lung Cancer,test,0
C:\Users\hamza\Downloads\CancerVsPneumonia\CancerVsPneumonia\test\Lung Cancer\CANCER_POSITIVE_IMG_391.png,CANCER_POSITIVE_IMG_391.png,skin disease,Lung Cancer,test,0
C:\Users\hamza\Downloads\CancerVsPneumonia\CancerVsPneumonia\test\Lung Cancer\CANCER_POSITIVE_IMG_392.png,CANCER_POSITIVE_IMG_392.png,skin disease,Lung Cancer,test,0
C:\Users\hamza\Downloads\CancerVsPneumonia\CancerVsPneumonia\test\Lung Cancer\CANCER_POSITIVE_IMG_393.png,CANCER_POSITIVE_IMG_393.png,skin disease,Lung Cancer,test,0
C:\Users\hamza\Downloads\CancerVsPneumonia\CancerVsPneumonia\test\Lung Cancer\CANCER_POSITIVE_IMG_394.png,CANCER_POSITIVE_IMG_394.png,skin disease,Lung Cancer,test,0
C:\Users\hamza\Downloads\CancerVsPneumonia\CancerVsPneumonia\test\Lung Cancer\CANCER_POSITIVE_IMG_395.png,CANCER_POSITIVE_IMG_395.png,skin disease,Lung Cancer,test,0
C:\Users\hamza\Downloads\CancerVsPneumonia\CancerVsPneumonia\test\Lung Cancer\CANCER_POSITIVE_IMG_396.png,CANCER_POSITIVE_IMG_396.png,skin disease,Lung Cancer,test,0
C:\Users\hamza\Downloads\CancerVsPneumonia\CancerVsPneumonia\test\Lung Cancer\CANCER_POSITIVE_IMG_397.png,CANCER_POSITIVE_IMG_397.png,skin disease,Lung Cancer,test,0
C:\Users\hamza\Downloads\CancerVsPneumonia\CancerVsPneumonia\test\Lung Cancer\CANCER_POSITIVE_IMG_398.png,CANCER_POSITIVE_IMG_398.png,skin disease,Lung Cancer,test,0
C:\Users\hamza\Downloads\CancerVsPneumonia\CancerVsPneumonia\test\Lung Cancer\CANCER_POSITIVE_IMG_399.png,CANCER_POSITIVE_IMG_399.png,skin disease,Lung Cancer,test,0
C:\Users\hamza\Downloads\CancerVsPneumonia\CancerVsPneumonia\test\Lung Cancer\CANCER_POSITIVE_IMG_400.png,CANCER_POSITIVE_IMG_400.png,skin disease,Lung Cancer,test,0
C:\Users\hamza\Downloads\CancerVsPneumonia\CancerVsPneumonia\test\Lung Cancer\CANCER_POSITIVE_IMG_401.png,CANCER_POSITIVE_IMG_401.png,skin disease,Lung Cancer,test,0
C:\Users\hamza\Downloads\CancerVsPneumonia\CancerVsPneumonia\test\Lung Cancer\CANCER_POSITIVE_IMG_402.png,CANCER_POSITIVE_IMG_402.png,skin disease,Lung Cancer,test,0
C:\Users\hamza\Downloads\CancerVsPneumonia\CancerVsPneumonia\test\Lung Cancer\CANCER_POSITIVE_IMG_403.png,CANCER_POSITIVE_IMG_403.png,skin disease,Lung Cancer,test,0
C:\Users\hamza\Downloads\CancerVsPneumonia\CancerVsPneumonia\test\Lung Cancer\CANCER_POSITIVE_IMG_404.png,CANCER_POSITIVE_IMG_404.png,skin disease,Lung Cancer,test,0
C:\Users\hamza\Downloads\CancerVsPneumonia\CancerVsPneumonia\test\Lung Cancer\CANCER_POSITIVE_IMG_405.png,CANCER_POSITIVE_IMG_405.png,skin disease,Lung Cancer,test,0
C:\Users\hamza\Downloads\CancerVsPneumonia\CancerVsPneumonia\test\Lung Cancer\CANCER_POSITIVE_IMG_406.png,CANCER_POSITIVE_IMG_406.png,skin disease,Lung Cancer,test,0
C:\Users\hamza\Downloads\CancerVsPneumonia\CancerVsPneumonia\test\Lung Cancer\CANCER_POSITIVE_IMG_407.png,CANCER_POSITIVE_IMG_407.png,skin disease,Lung Cancer,test,0
C:\Users\hamza\Downloads\CancerVsPneumonia\CancerVsPneumonia\test\Lung Cancer\CANCER_POSITIVE_IMG_408.png,CANCER_POSITIVE_IMG_408.png,skin disease,Lung Cancer,test,0
C:\Users\hamza\Downloads\CancerVsPneumonia\CancerVsPneumonia\test\Lung Cancer\CANCER_POSITIVE_IMG_409.png,CANCER_POSITIVE_IMG_409.png,skin disease,Lung Cancer,test,0
C:\Users\hamza\Downloads\CancerVsPneumonia\CancerVsPneumonia\test\Lung Cancer\CANCER_POSITIVE_IMG_410.png,CANCER_POSITIVE_IMG_410.png,skin disease,Lung Cancer,test,0
C:\Users\hamza\Downloads\CancerVsPneumonia\CancerVsPneumonia\test\Lung Cancer\CANCER_POSITIVE_IMG_411.png,CANCER_POSITIVE_IMG_411.png,skin disease,Lung Cancer,test,0
C:\Users\hamza\Downloads\CancerVsPneumonia\CancerVsPneumonia\test\Lung Cancer\CANCER_POSITIVE_IMG_412.png,CANCER_POSITIVE_IMG_412.png,skin disease,Lung Cancer,test,0
C:\Users\hamza\Downloads\CancerVsPneumonia\CancerVsPneumonia\test\Lung Cancer\CANCER_POSITIVE_IMG_413.png,CANCER_POSITIVE_IMG_413.png,skin disease,Lung Cancer,test,0
C:\Users\hamza\Downloads\CancerVsPneumonia\CancerVsPneumonia\test\Lung Cancer\CANCER_POSITIVE_IMG_414.png,CANCER_POSITIVE_IMG_414.png,skin disease,Lung Cancer,test,0
C:\Users\hamza\Downloads\CancerVsPneumonia\CancerVsPneumonia\test\Lung Cancer\CANCER_POSITIVE_IMG_415.png,CANCER_POSITIVE_IMG_415.png,skin disease,Lung Cancer,test,0
C:\Users\hamza\Downloads\CancerVsPneumonia\CancerVsPneumonia\test\Lung Cancer\CANCER_POSITIVE_IMG_416.png,CANCER_POSITIVE_IMG_416.png,skin disease,Lung Cancer,test,0
C:\Users\hamza\Downloads\CancerVsPneumonia\CancerVsPneumonia\test\Lung Cancer\CANCER_POSITIVE_IMG_417.png,CANCER_POSITIVE_IMG_417.png,skin disease,Lung Cancer,test,0
C:\Users\hamza\Downloads\CancerVsPneumonia\CancerVsPneumonia\test\Lung Cancer\CANCER_POSITIVE_IMG_418.png,CANCER_POSITIVE_IMG_418.png,skin disease,Lung Cancer,test,0
C:\Users\hamza\Downloads\CancerVsPneumonia\CancerVsPneumonia\test\Lung Cancer\CANCER_POSITIVE_IMG_419.png,CANCER_POSITIVE_IMG_419.png,skin disease,Lung Cancer,test,0
C:\Users\hamza\Downloads\CancerVsPneumonia\CancerVsPneumonia\test\Lung Cancer\CANCER_POSITIVE_IMG_420.png,CANCER_POSITIVE_IMG_420.png,skin disease,Lung Cancer,test,0
C:\Users\hamza\Downloads\CancerVsPneumonia\CancerVsPneumonia\test\Lung Cancer\CANCER_POSITIVE_IMG_421.png,CANCER_POSITIVE_IMG_421.png,skin disease,Lung Cancer,test,0
C:\Users\hamza\Downloads\CancerVsPneumonia\CancerVsPneumonia\test\Lung Cancer\CANCER_POSITIVE_IMG_422.png,CANCER_POSITIVE_IMG_422.png,skin disease,Lung Cancer,test,0
C:\Users\hamza\Downloads\CancerVsPneumonia\CancerVsPneumonia\test\Lung Cancer\CANCER_POSITIVE_IMG_423.png,CANCER_POSITIVE_IMG_423.png,skin disease,Lung Cancer,test,0
C:\Users\hamza\Downloads\CancerVsPneumonia\CancerVsPneumonia\test\Lung Cancer\CANCER_POSITIVE_IMG_424.png,CANCER_POSITIVE_IMG_424.png,skin disease,Lung Cancer,test,0
C:\Users\hamza\Downloads\CancerVsPneumonia\CancerVsPneumonia\test\Lung Cancer\CANCER_POSITIVE_IMG_425.png,CANCER_POSITIVE_IMG_425.png,skin disease,Lung Cancer,test,0
C:\Users\hamza\Downloads\CancerVsPneumonia\CancerVsPneumonia\test\Lung Cancer\CANCER_POSITIVE_IMG_426.png,CANCER_POSITIVE_IMG_426.png,skin disease,Lung Cancer,test,0
C:\Users\hamza\Downloads\CancerVsPneumonia\CancerVsPneumonia\test\Lung Cancer\CANCER_POSITIVE_IMG_427.png,CANCER_POSITIVE_IMG_427.png,skin disease,Lung Cancer,test,0
C:\Users\hamza\Downloads\CancerVsPneumonia\CancerVsPneumonia\test\Lung Cancer\CANCER_POSITIVE_IMG_428.png,CANCER_POSITIVE_IMG_428.png,skin disease,Lung Cancer,test,0
C:\Users\hamza\Downloads\CancerVsPneumonia\CancerVsPneumonia\test\Lung Cancer\CANCER_POSITIVE_IMG_429.png,CANCER_POSITIVE_IMG_429.png,skin disease,Lung Cancer,test,0
C:\Users\hamza\Downloads\CancerVsPneumonia\CancerVsPneumonia\test\Lung Cancer\CANCER_POSITIVE_IMG_430.png,CANCER_POSITIVE_IMG_430.png,skin disease,Lung Cancer,test,0
C:\Users\hamza\Downloads\CancerVsPneumonia\CancerVsPneumonia\test\Lung Cancer\CANCER_POSITIVE_IMG_431.png,CANCER_POSITIVE_IMG_431.png,skin disease,Lung Cancer,test,0
C:\Users\hamza\Downloads\CancerVsPneumonia\CancerVsPneumonia\test\Lung Cancer\CANCER_POSITIVE_IMG_432.png,CANCER_POSITIVE_IMG_432.png,skin disease,Lung Cancer,test,0
C:\Users\hamza\Downloads\CancerVsPneumonia\CancerVsPneumonia\test\Lung Cancer\CANCER_POSITIVE_IMG_433.png,CANCER_POSITIVE_IMG_433.png,skin disease,Lung Cancer,test,0
C:\Users\hamza\Downloads\CancerVsPneumonia\CancerVsPneumonia\test\Lung Cancer\CANCER_POSITIVE_IMG_434.png,CANCER_POSITIVE_IMG_434.png,skin disease,Lung Cancer,test,0
C:\Users\hamza\Downloads\CancerVsPneumonia\CancerVsPneumonia\test\Lung Cancer\CANCER_POSITIVE_IMG_435.png,CANCER_POSITIVE_IMG_435.png,skin disease,Lung Cancer,test,0
C:\Users\hamza\Downloads\CancerVsPneumonia\CancerVsPneumonia\test\Lung Cancer\CANCER_POSITIVE_IMG_436.png,CANCER_POSITIVE_IMG_436.png,skin disease,Lung Cancer,test,0
C:\Users\hamza\Downloads\CancerVsPneumonia\CancerVsPneumonia\test\Lung Cancer\CANCER_POSITIVE_IMG_437.png,CANCER_POSITIVE_IMG_437.png,skin disease,Lung Cancer,test,0
C:\Users\hamza\Downloads\CancerVsPneumonia\CancerVsPneumonia\test\Lung Cancer\CANCER_POSITIVE_IMG_438.png,CANCER_POSITIVE_IMG_438.png,skin disease,Lung Cancer,test,0
C:\Users\hamza\Downloads\CancerVsPneumonia\CancerVsPneumonia\test\Lung Cancer\CANCER_POSITIVE_IMG_439.png,CANCER_POSITIVE_IMG_439.png,skin disease,Lung Cancer,test,0
C:\Users\hamza\Downloads\CancerVsPneumonia\CancerVsPneumonia\test\Lung Cancer\CANCER_POSITIVE_IMG_440.png,CANCER_POSITIVE_IMG_440.png,skin disease,Lung Cancer,test,0
C:\Users\hamza\Downloads\CancerVsPneumonia\CancerVsPneumonia\test\Lung Cancer\CANCER_POSITIVE_IMG_441.png,CANCER_POSITIVE_IMG_441.png,skin disease,Lung Cancer,test,0
C:\Users\hamza\Downloads\CancerVsPneumonia\CancerVsPneumonia\test\Lung Cancer\CANCER_POSITIVE_IMG_442.png,CANCER_POSITIVE_IMG_442.png,skin disease,Lung Cancer,test,0
C:\Users\hamza\Downloads\CancerVsPneumonia\CancerVsPneumonia\test\Lung Cancer\CANCER_POSITIVE_IMG_443.png,CANCER_POSITIVE_IMG_443.png,skin disease,Lung Cancer,test,0
C:\Users\hamza\Downloads\CancerVsPneumonia\CancerVsPneumonia\test\Lung Cancer\CANCER_POSITIVE_IMG_444.png,CANCER_POSITIVE_IMG_444.png,skin disease,Lung Cancer,test,0
C:\Users\hamza\Downloads\CancerVsPneumonia\CancerVsPneumonia\test\Lung Cancer\CANCER_POSITIVE_IMG_445.png,CANCER_POSITIVE_IMG_445.png,skin disease,Lung Cancer,test,0
C:\Users\hamza\Downloads\CancerVsPneumonia\CancerVsPneumonia\test\Lung Cancer\CANCER_POSITIVE_IMG_446.png,CANCER_POSITIVE_IMG_446.png,skin disease,Lung Cancer,test,0
C:\Users\hamza\Downloads\CancerVsPneumonia\CancerVsPneumonia\test\Lung Cancer\CANCER_POSITIVE_IMG_447.png,CANCER_POSITIVE_IMG_447.png,skin disease,Lung Cancer,test,0
C:\Users\hamza\Downloads\CancerVsPneumonia\CancerVsPneumonia\test\Lung Cancer\CANCER_POSITIVE_IMG_448.png,CANCER_POSITIVE_IMG_448.png,skin disease,Lung Cancer,test,0
C:\Users\hamza\Downloads\CancerVsPneumonia\CancerVsPneumonia\test\Lung Cancer\CANCER_POSITIVE_IMG_449.png,CANCER_POSITIVE_IMG_449.png,skin disease,Lung Cancer,test,0
C:\Users\hamza\Downloads\CancerVsPneumonia\CancerVsPneumonia\test\Lung Cancer\CANCER_POSITIVE_IMG_450.png,CANCER_POSITIVE_IMG_450.png,skin disease,Lung Cancer,test,0
C:\Users\hamza\Downloads\CancerVsPneumonia\CancerVsPneumonia\test\Lung Cancer\CANCER_POSITIVE_IMG_451.png,CANCER_POSITIVE_IMG_451.png,skin disease,Lung Cancer,test,0
C:\Users\hamza\Downloads\CancerVsPneumonia\CancerVsPneumonia\test\Lung Cancer\CANCER_POSITIVE_IMG_452.png,CANCER_POSITIVE_IMG_452.png,skin disease,Lung Cancer,test,0
C:\Users\hamza\Downloads\CancerVsPneumonia\CancerVsPneumonia\test\Lung Cancer\CANCER_POSITIVE_IMG_453.png,CANCER_POSITIVE_IMG_453.png,skin disease,Lung Cancer,test,0
C:\Users\hamza\Downloads\CancerVsPneumonia\CancerVsPneumonia\test\Lung Cancer\CANCER_POSITIVE_IMG_454.png,CANCER_POSITIVE_IMG_454.png,skin disease,Lung Cancer,test,0
C:\Users\hamza\Downloads\CancerVsPneumonia\CancerVsPneumonia\test\Lung Cancer\CANCER_POSITIVE_IMG_455.png,CANCER_POSITIVE_IMG_455.png,skin disease,Lung Cancer,test,0
C:\Users\hamza\Downloads\CancerVsPneumonia\CancerVsPneumonia\test\Lung Cancer\CANCER_POSITIVE_IMG_456.png,CANCER_POSITIVE_IMG_456.png,skin disease,Lung Cancer,test,0
C:\Users\hamza\Downloads\CancerVsPneumonia\CancerVsPneumonia\test\Lung Cancer\CANCER_POSITIVE_IMG_457.png,CANCER_POSITIVE_IMG_457.png,skin disease,Lung Cancer,test,0
C:\Users\hamza\Downloads\CancerVsPneumonia\CancerVsPneumonia\test\Lung Cancer\CANCER_POSITIVE_IMG_458.png,CANCER_POSITIVE_IMG_458.png,skin disease,Lung Cancer,test,0
C:\Users\hamza\Downloads\CancerVsPneumonia\CancerVsPneumonia\test\Lung Cancer\CANCER_POSITIVE_IMG_459.png,CANCER_POSITIVE_IMG_459.png,skin disease,Lung Cancer,test,0
C:\Users\hamza\Downloads\CancerVsPneumonia\CancerVsPneumonia\test\Lung Cancer\CANCER_POSITIVE_IMG_460.png,CANCER_POSITIVE_IMG_460.png,skin disease,Lung Cancer,test,0
C:\Users\hamza\Downloads\CancerVsPneumonia\CancerVsPneumonia\test\Lung Cancer\CANCER_POSITIVE_IMG_461.png,CANCER_POSITIVE_IMG_461.png,skin disease,Lung Cancer,test,0
C:\Users\hamza\Downloads\CancerVsPneumonia\CancerVsPneumonia\test\Lung Cancer\CANCER_POSITIVE_IMG_462.png,CANCER_POSITIVE_IMG_462.png,skin disease,Lung Cancer,test,0
C:\Users\hamza\Downloads\CancerVsPneumonia\CancerVsPneumonia\test\Lung Cancer\CANCER_POSITIVE_IMG_463.png,CANCER_POSITIVE_IMG_463.png,skin disease,Lung Cancer,test,0
C:\Users\hamza\Downloads\CancerVsPneumonia\CancerVsPneumonia\test\Lung Cancer\CANCER_POSITIVE_IMG_464.png,CANCER_POSITIVE_IMG_464.png,skin disease,Lung Cancer,test,0
C:\Users\hamza\Downloads\CancerVsPneumonia\CancerVsPneumonia\test\Lung Cancer\CANCER_POSITIVE_IMG_465.png,CANCER_POSITIVE_IMG_465.png,skin disease,Lung Cancer,test,0
C:\Users\hamza\Downloads\CancerVsPneumonia\CancerVsPneumonia\test\Lung Cancer\CANCER_POSITIVE_IMG_466.png,CANCER_POSITIVE_IMG_466.png,skin disease,Lung Cancer,test,0
C:\Users\hamza\Downloads\CancerVsPneumonia\CancerVsPneumonia\test\Lung Cancer\CANCER_POSITIVE_IMG_467.png,CANCER_POSITIVE_IMG_467.png,skin disease,Lung Cancer,test,0
C:\Users\hamza\Downloads\CancerVsPneumonia\CancerVsPneumonia\test\Lung Cancer\CANCER_POSITIVE_IMG_468.png,CANCER_POSITIVE_IMG_468.png,skin disease,Lung Cancer,test,0
C:\Users\hamza\Downloads\CancerVsPneumonia\CancerVsPneumonia\test\Lung Cancer\CANCER_POSITIVE_IMG_469.png,CANCER_POSITIVE_IMG_469.png,skin disease,Lung Cancer,test,0
C:\Users\hamza\Downloads\CancerVsPneumonia\CancerVsPneumonia\test\Lung Cancer\CANCER_POSITIVE_IMG_470.png,CANCER_POSITIVE_IMG_470.png,skin disease,Lung Cancer,test,0
C:\Users\hamza\Downloads\CancerVsPneumonia\CancerVsPneumonia\test\Lung Cancer\CANCER_POSITIVE_IMG_471.png,CANCER_POSITIVE_IMG_471.png,skin disease,Lung Cancer,test,0
C:\Users\hamza\Downloads\CancerVsPneumonia\CancerVsPneumonia\test\Lung Cancer\CANCER_POSITIVE_IMG_472.png,CANCER_POSITIVE_IMG_472.png,skin disease,Lung Cancer,test,0
C:\Users\hamza\Downloads\CancerVsPneumonia\CancerVsPneumonia\test\Lung Cancer\CANCER_POSITIVE_IMG_473.png,CANCER_POSITIVE_IMG_473.png,skin disease,Lung Cancer,test,0
C:\Users\hamza\Downloads\CancerVsPneumonia\CancerVsPneumonia\test\Lung Cancer\CANCER_POSITIVE_IMG_474.png,CANCER_POSITIVE_IMG_474.png,skin disease,Lung Cancer,test,0
C:\Users\hamza\Downloads\CancerVsPneumonia\CancerVsPneumonia\test\Lung Cancer\CANCER_POSITIVE_IMG_475.png,CANCER_POSITIVE_IMG_475.png,skin disease,Lung Cancer,test,0
C:\Users\hamza\Downloads\CancerVsPneumonia\CancerVsPneumonia\test\Lung Cancer\CANCER_POSITIVE_IMG_476.png,CANCER_POSITIVE_IMG_476.png,skin disease,Lung Cancer,test,0
C:\Users\hamza\Downloads\CancerVsPneumonia\CancerVsPneumonia\test\Lung Cancer\CANCER_POSITIVE_IMG_477.png,CANCER_POSITIVE_IMG_477.png,skin disease,Lung Cancer,test,0
C:\Users\hamza\Downloads\CancerVsPneumonia\CancerVsPneumonia\test\Lung Cancer\CANCER_POSITIVE_IMG_478.png,CANCER_POSITIVE_IMG_478.png,skin disease,Lung Cancer,test,0
C:\Users\hamza\Downloads\CancerVsPneumonia\CancerVsPneumonia\test\Lung Cancer\CANCER_POSITIVE_IMG_479.png,CANCER_POSITIVE_IMG_479.png,skin disease,Lung Cancer,test,0
C:\Users\hamza\Downloads\CancerVsPneumonia\CancerVsPneumonia\test\Lung Cancer\CANCER_POSITIVE_IMG_480.png,CANCER_POSITIVE_IMG_480.png,skin disease,Lung Cancer,test,0
C:\Users\hamza\Downloads\CancerVsPneumonia\CancerVsPneumonia\test\Lung Cancer\CANCER_POSITIVE_IMG_481.png,CANCER_POSITIVE_IMG_481.png,skin disease,Lung Cancer,test,0
C:\Users\hamza\Downloads\CancerVsPneumonia\CancerVsPneumonia\test\Lung Cancer\CANCER_POSITIVE_IMG_482.png,CANCER_POSITIVE_IMG_482.png,skin disease,Lung Cancer,test,0
C:\Users\hamza\Downloads\CancerVsPneumonia\CancerVsPneumonia\test\Lung Cancer\CANCER_POSITIVE_IMG_483.png,CANCER_POSITIVE_IMG_483.png,skin disease,Lung Cancer,test,0
C:\Users\hamza\Downloads\CancerVsPneumonia\CancerVsPneumonia\test\Lung Cancer\CANCER_POSITIVE_IMG_484.png,CANCER_POSITIVE_IMG_484.png,skin disease,Lung Cancer,test,0
C:\Users\hamza\Downloads\CancerVsPneumonia\CancerVsPneumonia\test\Lung Cancer\CANCER_POSITIVE_IMG_485.png,CANCER_POSITIVE_IMG_485.png,skin disease,Lung Cancer,test,0
C:\Users\hamza\Downloads\CancerVsPneumonia\CancerVsPneumonia\test\Lung Cancer\CANCER_POSITIVE_IMG_486.png,CANCER_POSITIVE_IMG_486.png,skin disease,Lung Cancer,test,0
C:\Users\hamza\Downloads\CancerVsPneumonia\CancerVsPneumonia\test\Lung Cancer\CANCER_POSITIVE_IMG_487.png,CANCER_POSITIVE_IMG_487.png,skin disease,Lung Cancer,test,0
C:\Users\hamza\Downloads\CancerVsPneumonia\CancerVsPneumonia\test\Lung Cancer\CANCER_POSITIVE_IMG_488.png,CANCER_POSITIVE_IMG_488.png,skin disease,Lung Cancer,test,0
C:\Users\hamza\Downloads\CancerVsPneumonia\CancerVsPneumonia\test\Lung Cancer\CANCER_POSITIVE_IMG_489.png,CANCER_POSITIVE_IMG_489.png,skin disease,Lung Cancer,test,0
C:\Users\hamza\Downloads\CancerVsPneumonia\CancerVsPneumonia\test\Lung Cancer\CANCER_POSITIVE_IMG_490.png,CANCER_POSITIVE_IMG_490.png,skin disease,Lung Cancer,test,0
C:\Users\hamza\Downloads\CancerVsPneumonia\CancerVsPneumonia\test\Lung Cancer\CANCER_POSITIVE_IMG_491.png,CANCER_POSITIVE_IMG_491.png,skin disease,Lung Cancer,test,0
C:\Users\hamza\Downloads\CancerVsPneumonia\CancerVsPneumonia\test\Lung Cancer\CANCER_POSITIVE_IMG_492.png,CANCER_POSITIVE_IMG_492.png,skin disease,Lung Cancer,test,0
C:\Users\hamza\Downloads\CancerVsPneumonia\CancerVsPneumonia\test\Lung Cancer\CANCER_POSITIVE_IMG_493.png,CANCER_POSITIVE_IMG_493.png,skin disease,Lung Cancer,test,0
C:\Users\hamza\Downloads\CancerVsPneumonia\CancerVsPneumonia\test\Lung Cancer\CANCER_POSITIVE_IMG_494.png,CANCER_POSITIVE_IMG_494.png,skin disease,Lung Cancer,test,0
C:\Users\hamza\Downloads\CancerVsPneumonia\CancerVsPneumonia\test\Lung Cancer\CANCER_POSITIVE_IMG_495.png,CANCER_POSITIVE_IMG_495.png,skin disease,Lung Cancer,test,0
C:\Users\hamza\Downloads\CancerVsPneumonia\CancerVsPneumonia\test\Lung Cancer\CANCER_POSITIVE_IMG_496.png,CANCER_POSITIVE_IMG_496.png,skin disease,Lung Cancer,test,0
C:\Users\hamza\Downloads\CancerVsPneumonia\CancerVsPneumonia\test\Lung Cancer\CANCER_POSITIVE_IMG_497.png,CANCER_POSITIVE_IMG_497.png,skin disease,Lung Cancer,test,0
C:\Users\hamza\Downloads\CancerVsPneumonia\CancerVsPneumonia\test\Lung Cancer\CANCER_POSITIVE_IMG_498.png,CANCER_POSITIVE_IMG_498.png,skin disease,Lung Cancer,test,0
C:\Users\hamza\Downloads\CancerVsPneumonia\CancerVsPneumonia\test\Lung Cancer\CANCER_POSITIVE_IMG_499.png,CANCER_POSITIVE_IMG_499.png,skin disease,Lung Cancer,test,0
C:\Users\hamza\Downloads\CancerVsPneumonia\CancerVsPneumonia\test\Lung Cancer\CANCER_POSITIVE_IMG_500.png,CANCER_POSITIVE_IMG_500.png,skin disease,Lung Cancer,test,0
C:\Users\hamza\Downloads\CancerVsPneumonia\CancerVsPneumonia\validation\Pneumonia\person10_bacteria_43.jpeg,person10_bacteria_43.jpeg,skin disease,Pneumonia,validation,1
C:\Users\hamza\Downloads\CancerVsPneumonia\CancerVsPneumonia\validation\Pneumonia\person11_bacteria_45.jpeg,person11_bacteria_45.jpeg,skin disease,Pneumonia,validation,1
C:\Users\hamza\Downloads\CancerVsPneumonia\CancerVsPneumonia\validation\Pneumonia\person12_bacteria_46.jpeg,person12_bacteria_46.jpeg,skin disease,Pneumonia,validation,1
C:\Users\hamza\Downloads\CancerVsPneumonia\CancerVsPneumonia\validation\Pneumonia\person12_bacteria_47.jpeg,person12_bacteria_47.jpeg,skin disease,Pneumonia,validation,1
C:\Users\hamza\Downloads\CancerVsPneumonia\CancerVsPneumonia\validation\Pneumonia\person12_bacteria_48.jpeg,person12_bacteria_48.jpeg,skin disease,Pneumonia,validation,1
C:\Users\hamza\Downloads\CancerVsPneumonia\CancerVsPneumonia\validation\Pneumonia\person13_bacteria_49.jpeg,person13_bacteria_49.jpeg,skin disease,Pneumonia,validation,1
C:\Users\hamza\Downloads\CancerVsPneumonia\CancerVsPneumonia\validation\Pneumonia\person13_bacteria_50.jpeg,person13_bacteria_50.jpeg,skin disease,Pneumonia,validation,1
C:\Users\hamza\Downloads\CancerVsPneumonia\CancerVsPneumonia\validation\Pneumonia\person14_bacteria_51.jpeg,person14_bacteria_51.jpeg,skin disease,Pneumonia,validation,1
C:\Users\hamza\Downloads\CancerVsPneumonia\CancerVsPneumonia\validation\Pneumonia\person15_bacteria_52.jpeg,person15_bacteria_52.jpeg,skin disease,Pneumonia,validation,1
C:\Users\hamza\Downloads\CancerVsPneumonia\CancerVsPneumonia\validation\Pneumonia\person16_bacteria_53.jpeg,person16_bacteria_53.jpeg,skin disease,Pneumonia,validation,1
C:\Users\hamza\Downloads\CancerVsPneumonia\CancerVsPneumonia\validation\Pneumonia\person16_bacteria_54.jpeg,person16_bacteria_54.jpeg,skin disease,Pneumonia,validation,1
C:\Users\hamza\Downloads\CancerVsPneumonia\CancerVsPneumonia\validation\Pneumonia\person16_bacteria_55.jpeg,person16_bacteria_55.jpeg,skin disease,Pneumonia,validation,1
C:\Users\hamza\Downloads\CancerVsPneumonia\CancerVsPneumonia\validation\Pneumonia\person17_bacteria_56.jpeg,person17_bacteria_56.jpeg,skin disease,Pneumonia,validation,1
C:\Users\hamza\Downloads\CancerVsPneumonia\CancerVsPneumonia\validation\Pneumonia\person18_bacteria_57.jpeg,person18_bacteria_57.jpeg,skin disease,Pneumonia,validation,1
C:\Users\hamza\Downloads\CancerVsPneumonia\CancerVsPneumonia\validation\Pneumonia\person19_bacteria_58.jpeg,person19_bacteria_58.jpeg,skin disease,Pneumonia,validation,1
C:\Users\hamza\Downloads\CancerVsPneumonia\CancerVsPneumonia\validation\Pneumonia\person19_bacteria_59.jpeg,person19_bacteria_59.jpeg,skin disease,Pneumonia,validation,1
C:\Users\hamza\Downloads\CancerVsPneumonia\CancerVsPneumonia\validation\Pneumonia\person19_bacteria_60.jpeg,person19_bacteria_60.jpeg,skin disease,Pneumonia,validation,1
C:\Users\hamza\Downloads\CancerVsPneumonia\CancerVsPneumonia\validation\Pneumonia\person19_bacteria_61.jpeg,person19_bacteria_61.jpeg,skin disease,Pneumonia,validation,1
C:\Users\hamza\Downloads\CancerVsPneumonia\CancerVsPneumonia\validation\Pneumonia\person19_bacteria_62.jpeg,person19_bacteria_62.jpeg,skin disease,Pneumonia,validation,1
C:\Users\hamza\Downloads\CancerVsPneumonia\CancerVsPneumonia\validation\Pneumonia\person19_bacteria_63.jpeg,person19_bacteria_63.jpeg,skin disease,Pneumonia,validation,1
C:\Users\hamza\Downloads\CancerVsPneumonia\CancerVsPneumonia\validation\Pneumonia\person1_bacteria_1.jpeg,person1_bacteria_1.jpeg,skin disease,Pneumonia,validation,1
C:\Users\hamza\Downloads\CancerVsPneumonia\CancerVsPneumonia\validation\Pneumonia\person1_bacteria_2.jpeg,person1_bacteria_2.jpeg,skin disease,Pneumonia,validation,1
C:\Users\hamza\Downloads\CancerVsPneumonia\CancerVsPneumonia\validation\Pneumonia\person20_bacteria_64.jpeg,person20_bacteria_64.jpeg,skin disease,Pneumonia,validation,1
C:\Users\hamza\Downloads\CancerVsPneumonia\CancerVsPneumonia\validation\Pneumonia\person20_bacteria_66.jpeg,person20_bacteria_66.jpeg,skin disease,Pneumonia,validation,1
C:\Users\hamza\Downloads\CancerVsPneumonia\CancerVsPneumonia\validation\Pneumonia\person20_bacteria_67.jpeg,person20_bacteria_67.jpeg,skin disease,Pneumonia,validation,1
C:\Users\hamza\Downloads\CancerVsPneumonia\CancerVsPneumonia\validation\Pneumonia\person20_bacteria_69.jpeg,person20_bacteria_69.jpeg,skin disease,Pneumonia,validation,1
C:\Users\hamza\Downloads\CancerVsPneumonia\CancerVsPneumonia\validation\Pneumonia\person20_bacteria_70.jpeg,person20_bacteria_70.jpeg,skin disease,Pneumonia,validation,1
C:\Users\hamza\Downloads\CancerVsPneumonia\CancerVsPneumonia\validation\Pneumonia\person21_bacteria_72.jpeg,person21_bacteria_72.jpeg,skin disease,Pneumonia,validation,1
C:\Users\hamza\Downloads\CancerVsPneumonia\CancerVsPneumonia\validation\Pneumonia\person21_bacteria_73.jpeg,person21_bacteria_73.jpeg,skin disease,Pneumonia,validation,1
C:\Users\hamza\Downloads\CancerVsPneumonia\CancerVsPneumonia\validation\Pneumonia\person22_bacteria_74.jpeg,person22_bacteria_74.jpeg,skin disease,Pneumonia,validation,1
C:\Users\hamza\Downloads\CancerVsPneumonia\CancerVsPneumonia\validation\Pneumonia\person22_bacteria_76.jpeg,person22_bacteria_76.jpeg,skin disease,Pneumonia,validation,1
C:\Users\hamza\Downloads\CancerVsPneumonia\CancerVsPneumonia\validation\Pneumonia\person22_bacteria_77.jpeg,person22_bacteria_77.jpeg,skin disease,Pneumonia,validation,1
C:\Users\hamza\Downloads\CancerVsPneumonia\CancerVsPneumonia\validation\Pneumonia\person23_bacteria_100.jpeg,person23_bacteria_100.jpeg,skin disease,Pneumonia,validation,1
C:\Users\hamza\Downloads\CancerVsPneumonia\CancerVsPneumonia\validation\Pneumonia\person23_bacteria_101.jpeg,person23_bacteria_101.jpeg,skin disease,Pneumonia,validation,1
C:\Users\hamza\Downloads\CancerVsPneumonia\CancerVsPneumonia\validation\Pneumonia\person23_bacteria_102.jpeg,person23_bacteria_102.jpeg,skin disease,Pneumonia,validation,1
C:\Users\hamza\Downloads\CancerVsPneumonia\CancerVsPneumonia\validation\Pneumonia\person23_bacteria_103.jpeg,person23_bacteria_103.jpeg,skin disease,Pneumonia,validation,1
C:\Users\hamza\Downloads\CancerVsPneumonia\CancerVsPneumonia\validation\Pneumonia\person23_bacteria_104.jpeg,person23_bacteria_104.jpeg,skin disease,Pneumonia,validation,1
C:\Users\hamza\Downloads\CancerVsPneumonia\CancerVsPneumonia\validation\Pneumonia\person23_bacteria_78.jpeg,person23_bacteria_78.jpeg,skin disease,Pneumonia,validation,1
C:\Users\hamza\Downloads\CancerVsPneumonia\CancerVsPneumonia\validation\Pneumonia\person23_bacteria_79.jpeg,person23_bacteria_79.jpeg,skin disease,Pneumonia,validation,1
C:\Users\hamza\Downloads\CancerVsPneumonia\CancerVsPneumonia\validation\Pneumonia\person23_bacteria_80.jpeg,person23_bacteria_80.jpeg,skin disease,Pneumonia,validation,1
C:\Users\hamza\Downloads\CancerVsPneumonia\CancerVsPneumonia\validation\Pneumonia\person23_bacteria_81.jpeg,person23_bacteria_81.jpeg,skin disease,Pneumonia,validation,1
C:\Users\hamza\Downloads\CancerVsPneumonia\CancerVsPneumonia\validation\Pneumonia\person23_bacteria_82.jpeg,person23_bacteria_82.jpeg,skin disease,Pneumonia,validation,1
C:\Users\hamza\Downloads\CancerVsPneumonia\CancerVsPneumonia\validation\Pneumonia\person23_bacteria_83.jpeg,person23_bacteria_83.jpeg,skin disease,Pneumonia,validation,1
C:\Users\hamza\Downloads\CancerVsPneumonia\CancerVsPneumonia\validation\Pneumonia\person23_bacteria_84.jpeg,person23_bacteria_84.jpeg,skin disease,Pneumonia,validation,1
C:\Users\hamza\Downloads\CancerVsPneumonia\CancerVsPneumonia\validation\Pneumonia\person23_bacteria_85.jpeg,person23_bacteria_85.jpeg,skin disease,Pneumonia,validation,1
C:\Users\hamza\Downloads\CancerVsPneumonia\CancerVsPneumonia\validation\Pneumonia\person23_bacteria_86.jpeg,person23_bacteria_86.jpeg,skin disease,Pneumonia,validation,1
C:\Users\hamza\Downloads\CancerVsPneumonia\CancerVsPneumonia\validation\Pneumonia\person23_bacteria_87.jpeg,person23_bacteria_87.jpeg,skin disease,Pneumonia,validation,1
C:\Users\hamza\Downloads\CancerVsPneumonia\CancerVsPneumonia\validation\Pneumonia\person23_bacteria_88.jpeg,person23_bacteria_88.jpeg,skin disease,Pneumonia,validation,1
C:\Users\hamza\Downloads\CancerVsPneumonia\CancerVsPneumonia\validation\Pneumonia\person23_bacteria_89.jpeg,person23_bacteria_89.jpeg,skin disease,Pneumonia,validation,1
C:\Users\hamza\Downloads\CancerVsPneumonia\CancerVsPneumonia\validation\Pneumonia\person23_bacteria_90.jpeg,person23_bacteria_90.jpeg,skin disease,Pneumonia,validation,1
C:\Users\hamza\Downloads\CancerVsPneumonia\CancerVsPneumonia\validation\Pneumonia\person23_bacteria_91.jpeg,person23_bacteria_91.jpeg,skin disease,Pneumonia,validation,1
C:\Users\hamza\Downloads\CancerVsPneumonia\CancerVsPneumonia\validation\Pneumonia\person23_bacteria_92.jpeg,person23_bacteria_92.jpeg,skin disease,Pneumonia,validation,1
C:\Users\hamza\Downloads\CancerVsPneumonia\CancerVsPneumonia\validation\Pneumonia\person23_bacteria_93.jpeg,person23_bacteria_93.jpeg,skin disease,Pneumonia,validation,1
C:\Users\hamza\Downloads\CancerVsPneumonia\CancerVsPneumonia\validation\Pneumonia\person23_bacteria_94.jpeg,person23_bacteria_94.jpeg,skin disease,Pneumonia,validation,1
C:\Users\hamza\Downloads\CancerVsPneumonia\CancerVsPneumonia\validation\Pneumonia\person23_bacteria_95.jpeg,person23_bacteria_95.jpeg,skin disease,Pneumonia,validation,1
C:\Users\hamza\Downloads\CancerVsPneumonia\CancerVsPneumonia\validation\Pneumonia\person23_bacteria_96.jpeg,person23_bacteria_96.jpeg,skin disease,Pneumonia,validation,1
C:\Users\hamza\Downloads\CancerVsPneumonia\CancerVsPneumonia\validation\Pneumonia\person23_bacteria_97.jpeg,person23_bacteria_97.jpeg,skin disease,Pneumonia,validation,1
C:\Users\hamza\Downloads\CancerVsPneumonia\CancerVsPneumonia\validation\Pneumonia\person23_bacteria_98.jpeg,person23_bacteria_98.jpeg,skin disease,Pneumonia,validation,1
C:\Users\hamza\Downloads\CancerVsPneumonia\CancerVsPneumonia\validation\Pneumonia\person23_bacteria_99.jpeg,person23_bacteria_99.jpeg,skin disease,Pneumonia,validation,1
C:\Users\hamza\Downloads\CancerVsPneumonia\CancerVsPneumonia\validation\Pneumonia\person261_bacteria_1225.jpeg,person261_bacteria_1225.jpeg,skin disease,Pneumonia,validation,1
C:\Users\hamza\Downloads\CancerVsPneumonia\CancerVsPneumonia\validation\Pneumonia\person262_bacteria_1226.jpeg,person262_bacteria_1226.jpeg,skin disease,Pneumonia,validation,1
C:\Users\hamza\Downloads\CancerVsPneumonia\CancerVsPneumonia\validation\Pneumonia\person263_bacteria_1227.jpeg,person263_bacteria_1227.jpeg,skin disease,Pneumonia,validation,1
C:\Users\hamza\Downloads\CancerVsPneumonia\CancerVsPneumonia\validation\Pneumonia\person264_bacteria_1228.jpeg,person264_bacteria_1228.jpeg,skin disease,Pneumonia,validation,1
C:\Users\hamza\Downloads\CancerVsPneumonia\CancerVsPneumonia\validation\Pneumonia\person264_bacteria_1229.jpeg,person264_bacteria_1229.jpeg,skin disease,Pneumonia,validation,1
C:\Users\hamza\Downloads\CancerVsPneumonia\CancerVsPneumonia\validation\Pneumonia\person264_bacteria_1230.jpeg,person264_bacteria_1230.jpeg,skin disease,Pneumonia,validation,1
C:\Users\hamza\Downloads\CancerVsPneumonia\CancerVsPneumonia\validation\Pneumonia\person264_bacteria_1231.jpeg,person264_bacteria_1231.jpeg,skin disease,Pneumonia,validation,1
C:\Users\hamza\Downloads\CancerVsPneumonia\CancerVsPneumonia\validation\Pneumonia\person264_bacteria_1232.jpeg,person264_bacteria_1232.jpeg,skin disease,Pneumonia,validation,1
C:\Users\hamza\Downloads\CancerVsPneumonia\CancerVsPneumonia\validation\Pneumonia\person264_bacteria_1233.jpeg,person264_bacteria_1233.jpeg,skin disease,Pneumonia,validation,1
C:\Users\hamza\Downloads\CancerVsPneumonia\CancerVsPneumonia\validation\Pneumonia\person264_bacteria_1234.jpeg,person264_bacteria_1234.jpeg,skin disease,Pneumonia,validation,1
C:\Users\hamza\Downloads\CancerVsPneumonia\CancerVsPneumonia\validation\Pneumonia\person265_bacteria_1235.jpeg,person265_bacteria_1235.jpeg,skin disease,Pneumonia,validation,1
C:\Users\hamza\Downloads\CancerVsPneumonia\CancerVsPneumonia\validation\Pneumonia\person265_bacteria_1236.jpeg,person265_bacteria_1236.jpeg,skin disease,Pneumonia,validation,1
C:\Users\hamza\Downloads\CancerVsPneumonia\CancerVsPneumonia\validation\Pneumonia\person266_bacteria_1237.jpeg,person266_bacteria_1237.jpeg,skin disease,Pneumonia,validation,1
C:\Users\hamza\Downloads\CancerVsPneumonia\CancerVsPneumonia\validation\Pneumonia\person266_bacteria_1238.jpeg,person266_bacteria_1238.jpeg,skin disease,Pneumonia,validation,1
C:\Users\hamza\Downloads\CancerVsPneumonia\CancerVsPneumonia\validation\Pneumonia\person266_bacteria_1239.jpeg,person266_bacteria_1239.jpeg,skin disease,Pneumonia,validation,1
C:\Users\hamza\Downloads\CancerVsPneumonia\CancerVsPneumonia\validation\Pneumonia\person266_bacteria_1240.jpeg,person266_bacteria_1240.jpeg,skin disease,Pneumonia,validation,1
C:\Users\hamza\Downloads\CancerVsPneumonia\CancerVsPneumonia\validation\Pneumonia\person266_bacteria_1241.jpeg,person266_bacteria_1241.jpeg,skin disease,Pneumonia,validation,1
C:\Users\hamza\Downloads\CancerVsPneumonia\CancerVsPneumonia\validation\Pneumonia\person266_bacteria_1242.jpeg,person266_bacteria_1242.jpeg,skin disease,Pneumonia,validation,1
C:\Users\hamza\Downloads\CancerVsPneumonia\CancerVsPneumonia\validation\Pneumonia\person26_bacteria_122.jpeg,person26_bacteria_122.jpeg,skin disease,Pneumonia,validation,1
C:\Users\hamza\Downloads\CancerVsPneumonia\CancerVsPneumonia\validation\Pneumonia\person26_bacteria_123.jpeg,person26_bacteria_123.jpeg,skin disease,Pneumonia,validation,1
C:\Users\hamza\Downloads\CancerVsPneumonia\CancerVsPneumonia\validation\Pneumonia\person26_bacteria_124.jpeg,person26_bacteria_124.jpeg,skin disease,Pneumonia,validation,1
C:\Users\hamza\Downloads\CancerVsPneumonia\CancerVsPneumonia\validation\Pneumonia\person26_bacteria_126.jpeg,person26_bacteria_126.jpeg,skin disease,Pneumonia,validation,1
C:\Users\hamza\Downloads\CancerVsPneumonia\CancerVsPneumonia\validation\Pneumonia\person26_bacteria_127.jpeg,person26_bacteria_127.jpeg,skin disease,Pneumonia,validation,1
C:\Users\hamza\Downloads\CancerVsPneumonia\CancerVsPneumonia\validation\Pneumonia\person26_bacteria_128.jpeg,person26_bacteria_128.jpeg,skin disease,Pneumonia,validation,1
C:\Users\hamza\Downloads\CancerVsPneumonia\CancerVsPneumonia\validation\Pneumonia\person26_bacteria_129.jpeg,person26_bacteria_129.jpeg,skin disease,Pneumonia,validation,1
C:\Users\hamza\Downloads\CancerVsPneumonia\CancerVsPneumonia\validation\Pneumonia\person26_bacteria_130.jpeg,person26_bacteria_130.jpeg,skin disease,Pneumonia,validation,1
C:\Users\hamza\Downloads\CancerVsPneumonia\CancerVsPneumonia\validation\Pneumonia\person26_bacteria_131.jpeg,person26_bacteria_131.jpeg,skin disease,Pneumonia,validation,1
C:\Users\hamza\Downloads\CancerVsPneumonia\CancerVsPneumonia\validation\Pneumonia\person26_bacteria_132.jpeg,person26_bacteria_132.jpeg,skin disease,Pneumonia,validation,1
C:\Users\hamza\Downloads\CancerVsPneumonia\CancerVsPneumonia\validation\Pneumonia\person26_bacteria_133.jpeg,person26_bacteria_133.jpeg,skin disease,Pneumonia,validation,1
C:\Users\hamza\Downloads\CancerVsPneumonia\CancerVsPneumonia\validation\Pneumonia\person27_bacteria_135.jpeg,person27_bacteria_135.jpeg,skin disease,Pneumonia,validation,1
C:\Users\hamza\Downloads\CancerVsPneumonia\CancerVsPneumonia\validation\Pneumonia\person27_bacteria_136.jpeg,person27_bacteria_136.jpeg,skin disease,Pneumonia,validation,1
C:\Users\hamza\Downloads\CancerVsPneumonia\CancerVsPneumonia\validation\Pneumonia\person27_bacteria_137.jpeg,person27_bacteria_137.jpeg,skin disease,Pneumonia,validation,1
C:\Users\hamza\Downloads\CancerVsPneumonia\CancerVsPneumonia\validation\Pneumonia\person27_bacteria_138.jpeg,person27_bacteria_138.jpeg,skin disease,Pneumonia,validation,1
C:\Users\hamza\Downloads\CancerVsPneumonia\CancerVsPneumonia\validation\Pneumonia\person28_bacteria_139.jpeg,person28_bacteria_139.jpeg,skin disease,Pneumonia,validation,1
C:\Users\hamza\Downloads\CancerVsPneumonia\CancerVsPneumonia\validation\Pneumonia\person28_bacteria_141.jpeg,person28_bacteria_141.jpeg,skin disease,Pneumonia,validation,1
C:\Users\hamza\Downloads\CancerVsPneumonia\CancerVsPneumonia\validation\Pneumonia\person28_bacteria_142.jpeg,person28_bacteria_142.jpeg,skin disease,Pneumonia,validation,1
C:\Users\hamza\Downloads\CancerVsPneumonia\CancerVsPneumonia\validation\Pneumonia\person28_bacteria_143.jpeg,person28_bacteria_143.jpeg,skin disease,Pneumonia,validation,1
C:\Users\hamza\Downloads\CancerVsPneumonia\CancerVsPneumonia\validation\Pneumonia\person29_bacteria_144.jpeg,person29_bacteria_144.jpeg,skin disease,Pneumonia,validation,1
C:\Users\hamza\Downloads\CancerVsPneumonia\CancerVsPneumonia\validation\Pneumonia\person2_bacteria_3.jpeg,person2_bacteria_3.jpeg,skin disease,Pneumonia,validation,1
C:\Users\hamza\Downloads\CancerVsPneumonia\CancerVsPneumonia\validation\Pneumonia\person2_bacteria_4.jpeg,person2_bacteria_4.jpeg,skin disease,Pneumonia,validation,1
C:\Users\hamza\Downloads\CancerVsPneumonia\CancerVsPneumonia\validation\Pneumonia\person30_bacteria_145.jpeg,person30_bacteria_145.jpeg,skin disease,Pneumonia,validation,1
C:\Users\hamza\Downloads\CancerVsPneumonia\CancerVsPneumonia\validation\Pneumonia\person30_bacteria_146.jpeg,person30_bacteria_146.jpeg,skin disease,Pneumonia,validation,1
C:\Users\hamza\Downloads\CancerVsPneumonia\CancerVsPneumonia\validation\Pneumonia\person30_bacteria_147.jpeg,person30_bacteria_147.jpeg,skin disease,Pneumonia,validation,1
C:\Users\hamza\Downloads\CancerVsPneumonia\CancerVsPneumonia\validation\Pneumonia\person30_bacteria_148.jpeg,person30_bacteria_148.jpeg,skin disease,Pneumonia,validation,1
C:\Users\hamza\Downloads\CancerVsPneumonia\CancerVsPneumonia\validation\Pneumonia\person30_bacteria_149.jpeg,person30_bacteria_149.jpeg,skin disease,Pneumonia,validation,1
C:\Users\hamza\Downloads\CancerVsPneumonia\CancerVsPneumonia\validation\Pneumonia\person30_bacteria_150.jpeg,person30_bacteria_150.jpeg,skin disease,Pneumonia,validation,1
C:\Users\hamza\Downloads\CancerVsPneumonia\CancerVsPneumonia\validation\Pneumonia\person30_bacteria_151.jpeg,person30_bacteria_151.jpeg,skin disease,Pneumonia,validation,1
C:\Users\hamza\Downloads\CancerVsPneumonia\CancerVsPneumonia\validation\Pneumonia\person30_bacteria_152.jpeg,person30_bacteria_152.jpeg,skin disease,Pneumonia,validation,1
C:\Users\hamza\Downloads\CancerVsPneumonia\CancerVsPneumonia\validation\Pneumonia\person30_bacteria_153.jpeg,person30_bacteria_153.jpeg,skin disease,Pneumonia,validation,1
C:\Users\hamza\Downloads\CancerVsPneumonia\CancerVsPneumonia\validation\Pneumonia\person30_bacteria_154.jpeg,person30_bacteria_154.jpeg,skin disease,Pneumonia,validation,1
C:\Users\hamza\Downloads\CancerVsPneumonia\CancerVsPneumonia\validation\Pneumonia\person30_bacteria_155.jpeg,person30_bacteria_155.jpeg,skin disease,Pneumonia,validation,1
C:\Users\hamza\Downloads\CancerVsPneumonia\CancerVsPneumonia\validation\Pneumonia\person30_bacteria_156.jpeg,person30_bacteria_156.jpeg,skin disease,Pneumonia,validation,1
C:\Users\hamza\Downloads\CancerVsPneumonia\CancerVsPneumonia\validation\Pneumonia\person30_bacteria_157.jpeg,person30_bacteria_157.jpeg,skin disease,Pneumonia,validation,1
C:\Users\hamza\Downloads\CancerVsPneumonia\CancerVsPneumonia\validation\Pneumonia\person30_bacteria_158.jpeg,person30_bacteria_158.jpeg,skin disease,Pneumonia,validation,1
C:\Users\hamza\Downloads\CancerVsPneumonia\CancerVsPneumonia\validation\Pneumonia\person31_bacteria_160.jpeg,person31_bacteria_160.jpeg,skin disease,Pneumonia,validation,1
C:\Users\hamza\Downloads\CancerVsPneumonia\CancerVsPneumonia\validation\Pneumonia\person31_bacteria_161.jpeg,person31_bacteria_161.jpeg,skin disease,Pneumonia,validation,1
C:\Users\hamza\Downloads\CancerVsPneumonia\CancerVsPneumonia\validation\Pneumonia\person31_bacteria_162.jpeg,person31_bacteria_162.jpeg,skin disease,Pneumonia,validation,1
C:\Users\hamza\Downloads\CancerVsPneumonia\CancerVsPneumonia\validation\Pneumonia\person31_bacteria_163.jpeg,person31_bacteria_163.jpeg,skin disease,Pneumonia,validation,1
C:\Users\hamza\Downloads\CancerVsPneumonia\CancerVsPneumonia\validation\Pneumonia\person31_bacteria_164.jpeg,person31_bacteria_164.jpeg,skin disease,Pneumonia,validation,1
C:\Users\hamza\Downloads\CancerVsPneumonia\CancerVsPneumonia\validation\Pneumonia\person32_bacteria_165.jpeg,person32_bacteria_165.jpeg,skin disease,Pneumonia,validation,1
C:\Users\hamza\Downloads\CancerVsPneumonia\CancerVsPneumonia\validation\Pneumonia\person32_bacteria_166.jpeg,person32_bacteria_166.jpeg,skin disease,Pneumonia,validation,1
C:\Users\hamza\Downloads\CancerVsPneumonia\CancerVsPneumonia\validation\Pneumonia\person33_bacteria_169.jpeg,person33_bacteria_169.jpeg,skin disease,Pneumonia,validation,1
C:\Users\hamza\Downloads\CancerVsPneumonia\CancerVsPneumonia\validation\Pneumonia\person33_bacteria_172.jpeg,person33_bacteria_172.jpeg,skin disease,Pneumonia,validation,1
C:\Users\hamza\Downloads\CancerVsPneumonia\CancerVsPneumonia\validation\Pneumonia\person33_bacteria_173.jpeg,person33_bacteria_173.jpeg,skin disease,Pneumonia,validation,1
C:\Users\hamza\Downloads\CancerVsPneumonia\CancerVsPneumonia\validation\Pneumonia\person33_bacteria_174.jpeg,person33_bacteria_174.jpeg,skin disease,Pneumonia,validation,1
C:\Users\hamza\Downloads\CancerVsPneumonia\CancerVsPneumonia\validation\Pneumonia\person33_bacteria_175.jpeg,person33_bacteria_175.jpeg,skin disease,Pneumonia,validation,1
C:\Users\hamza\Downloads\CancerVsPneumonia\CancerVsPneumonia\validation\Pneumonia\person34_bacteria_176.jpeg,person34_bacteria_176.jpeg,skin disease,Pneumonia,validation,1
C:\Users\hamza\Downloads\CancerVsPneumonia\CancerVsPneumonia\validation\Pneumonia\person35_bacteria_178.jpeg,person35_bacteria_178.jpeg,skin disease,Pneumonia,validation,1
C:\Users\hamza\Downloads\CancerVsPneumonia\CancerVsPneumonia\validation\Pneumonia\person35_bacteria_180.jpeg,person35_bacteria_180.jpeg,skin disease,Pneumonia,validation,1
C:\Users\hamza\Downloads\CancerVsPneumonia\CancerVsPneumonia\validation\Pneumonia\person35_bacteria_181.jpeg,person35_bacteria_181.jpeg,skin disease,Pneumonia,validation,1
C:\Users\hamza\Downloads\CancerVsPneumonia\CancerVsPneumonia\validation\Pneumonia\person36_bacteria_182.jpeg,person36_bacteria_182.jpeg,skin disease,Pneumonia,validation,1
C:\Users\hamza\Downloads\CancerVsPneumonia\CancerVsPneumonia\validation\Pneumonia\person36_bacteria_183.jpeg,person36_bacteria_183.jpeg,skin disease,Pneumonia,validation,1
C:\Users\hamza\Downloads\CancerVsPneumonia\CancerVsPneumonia\validation\Pneumonia\person36_bacteria_184.jpeg,person36_bacteria_184.jpeg,skin disease,Pneumonia,validation,1
C:\Users\hamza\Downloads\CancerVsPneumonia\CancerVsPneumonia\validation\Pneumonia\person36_bacteria_185.jpeg,person36_bacteria_185.jpeg,skin disease,Pneumonia,validation,1
C:\Users\hamza\Downloads\CancerVsPneumonia\CancerVsPneumonia\validation\Pneumonia\person37_bacteria_186.jpeg,person37_bacteria_186.jpeg,skin disease,Pneumonia,validation,1
C:\Users\hamza\Downloads\CancerVsPneumonia\CancerVsPneumonia\validation\Pneumonia\person37_bacteria_187.jpeg,person37_bacteria_187.jpeg,skin disease,Pneumonia,validation,1
C:\Users\hamza\Downloads\CancerVsPneumonia\CancerVsPneumonia\validation\Pneumonia\person37_bacteria_188.jpeg,person37_bacteria_188.jpeg,skin disease,Pneumonia,validation,1
C:\Users\hamza\Downloads\CancerVsPneumonia\CancerVsPneumonia\validation\Pneumonia\person37_bacteria_189.jpeg,person37_bacteria_189.jpeg,skin disease,Pneumonia,validation,1
C:\Users\hamza\Downloads\CancerVsPneumonia\CancerVsPneumonia\validation\Pneumonia\person38_bacteria_190.jpeg,person38_bacteria_190.jpeg,skin disease,Pneumonia,validation,1
C:\Users\hamza\Downloads\CancerVsPneumonia\CancerVsPneumonia\validation\Pneumonia\person38_bacteria_191.jpeg,person38_bacteria_191.jpeg,skin disease,Pneumonia,validation,1
C:\Users\hamza\Downloads\CancerVsPneumonia\CancerVsPneumonia\validation\Pneumonia\person38_bacteria_192.jpeg,person38_bacteria_192.jpeg,skin disease,Pneumonia,validation,1
C:\Users\hamza\Downloads\CancerVsPneumonia\CancerVsPneumonia\validation\Pneumonia\person38_bacteria_193.jpeg,person38_bacteria_193.jpeg,skin disease,Pneumonia,validation,1
C:\Users\hamza\Downloads\CancerVsPneumonia\CancerVsPneumonia\validation\Pneumonia\person38_bacteria_194.jpeg,person38_bacteria_194.jpeg,skin disease,Pneumonia,validation,1
C:\Users\hamza\Downloads\CancerVsPneumonia\CancerVsPneumonia\validation\Pneumonia\person38_bacteria_195.jpeg,person38_bacteria_195.jpeg,skin disease,Pneumonia,validation,1
C:\Users\hamza\Downloads\CancerVsPneumonia\CancerVsPneumonia\validation\Pneumonia\person38_bacteria_196.jpeg,person38_bacteria_196.jpeg,skin disease,Pneumonia,validation,1
C:\Users\hamza\Downloads\CancerVsPneumonia\CancerVsPneumonia\validation\Pneumonia\person39_bacteria_198.jpeg,person39_bacteria_198.jpeg,skin disease,Pneumonia,validation,1
C:\Users\hamza\Downloads\CancerVsPneumonia\CancerVsPneumonia\validation\Pneumonia\person39_bacteria_200.jpeg,person39_bacteria_200.jpeg,skin disease,Pneumonia,validation,1
C:\Users\hamza\Downloads\CancerVsPneumonia\CancerVsPneumonia\validation\Pneumonia\person3_bacteria_10.jpeg,person3_bacteria_10.jpeg,skin disease,Pneumonia,validation,1
C:\Users\hamza\Downloads\CancerVsPneumonia\CancerVsPneumonia\validation\Pneumonia\person3_bacteria_11.jpeg,person3_bacteria_11.jpeg,skin disease,Pneumonia,validation,1
C:\Users\hamza\Downloads\CancerVsPneumonia\CancerVsPneumonia\validation\Pneumonia\person3_bacteria_12.jpeg,person3_bacteria_12.jpeg,skin disease,Pneumonia,validation,1
C:\Users\hamza\Downloads\CancerVsPneumonia\CancerVsPneumonia\validation\Pneumonia\person3_bacteria_13.jpeg,person3_bacteria_13.jpeg,skin disease,Pneumonia,validation,1
C:\Users\hamza\Downloads\CancerVsPneumonia\CancerVsPneumonia\validation\Pneumonia\person40_bacteria_202.jpeg,person40_bacteria_202.jpeg,skin disease,Pneumonia,validation,1
C:\Users\hamza\Downloads\CancerVsPneumonia\CancerVsPneumonia\validation\Pneumonia\person40_bacteria_203.jpeg,person40_bacteria_203.jpeg,skin disease,Pneumonia,validation,1
C:\Users\hamza\Downloads\CancerVsPneumonia\CancerVsPneumonia\validation\Pneumonia\person40_bacteria_204.jpeg,person40_bacteria_204.jpeg,skin disease,Pneumonia,validation,1
C:\Users\hamza\Downloads\CancerVsPneumonia\CancerVsPneumonia\validation\Pneumonia\person40_bacteria_205.jpeg,person40_bacteria_205.jpeg,skin disease,Pneumonia,validation,1
C:\Users\hamza\Downloads\CancerVsPneumonia\CancerVsPneumonia\validation\Pneumonia\person41_bacteria_206.jpeg,person41_bacteria_206.jpeg,skin disease,Pneumonia,validation,1
C:\Users\hamza\Downloads\CancerVsPneumonia\CancerVsPneumonia\validation\Pneumonia\person41_bacteria_207.jpeg,person41_bacteria_207.jpeg,skin disease,Pneumonia,validation,1
C:\Users\hamza\Downloads\CancerVsPneumonia\CancerVsPneumonia\validation\Pneumonia\person41_bacteria_208.jpeg,person41_bacteria_208.jpeg,skin disease,Pneumonia,validation,1
C:\Users\hamza\Downloads\CancerVsPneumonia\CancerVsPneumonia\validation\Pneumonia\person41_bacteria_209.jpeg,person41_bacteria_209.jpeg,skin disease,Pneumonia,validation,1
C:\Users\hamza\Downloads\CancerVsPneumonia\CancerVsPneumonia\validation\Pneumonia\person41_bacteria_210.jpeg,person41_bacteria_210.jpeg,skin disease,Pneumonia,validation,1
C:\Users\hamza\Downloads\CancerVsPneumonia\CancerVsPneumonia\validation\Pneumonia\person41_bacteria_211.jpeg,person41_bacteria_211.jpeg,skin disease,Pneumonia,validation,1
C:\Users\hamza\Downloads\CancerVsPneumonia\CancerVsPneumonia\validation\Pneumonia\person43_bacteria_213.jpeg,person43_bacteria_213.jpeg,skin disease,Pneumonia,validation,1
C:\Users\hamza\Downloads\CancerVsPneumonia\CancerVsPneumonia\validation\Pneumonia\person43_bacteria_216.jpeg,person43_bacteria_216.jpeg,skin disease,Pneumonia,validation,1
C:\Users\hamza\Downloads\CancerVsPneumonia\CancerVsPneumonia\validation\Pneumonia\person51_bacteria_242.jpeg,person51_bacteria_242.jpeg,skin disease,Pneumonia,validation,1
C:\Users\hamza\Downloads\CancerVsPneumonia\CancerVsPneumonia\validation\Pneumonia\person51_bacteria_243.jpeg,person51_bacteria_243.jpeg,skin disease,Pneumonia,validation,1
C:\Users\hamza\Downloads\CancerVsPneumonia\CancerVsPneumonia\validation\Pneumonia\person51_bacteria_244.jpeg,person51_bacteria_244.jpeg,skin disease,Pneumonia,validation,1
C:\Users\hamza\Downloads\CancerVsPneumonia\CancerVsPneumonia\validation\Pneumonia\person51_bacteria_245.jpeg,person51_bacteria_245.jpeg,skin disease,Pneumonia,validation,1
C:\Users\hamza\Downloads\CancerVsPneumonia\CancerVsPneumonia\validation\Pneumonia\person51_bacteria_246.jpeg,person51_bacteria_246.jpeg,skin disease,Pneumonia,validation,1
C:\Users\hamza\Downloads\CancerVsPneumonia\CancerVsPneumonia\validation\Pneumonia\person51_bacteria_247.jpeg,person51_bacteria_247.jpeg,skin disease,Pneumonia,validation,1
C:\Users\hamza\Downloads\CancerVsPneumonia\CancerVsPneumonia\validation\Pneumonia\person51_bacteria_248.jpeg,person51_bacteria_248.jpeg,skin disease,Pneumonia,validation,1
C:\Users\hamza\Downloads\CancerVsPneumonia\CancerVsPneumonia\validation\Pneumonia\person52_bacteria_249.jpeg,person52_bacteria_249.jpeg,skin disease,Pneumonia,validation,1
C:\Users\hamza\Downloads\CancerVsPneumonia\CancerVsPneumonia\validation\Pneumonia\person52_bacteria_251.jpeg,person52_bacteria_251.jpeg,skin disease,Pneumonia,validation,1
C:\Users\hamza\Downloads\CancerVsPneumonia\CancerVsPneumonia\validation\Pneumonia\person53_bacteria_252.jpeg,person53_bacteria_252.jpeg,skin disease,Pneumonia,validation,1
C:\Users\hamza\Downloads\CancerVsPneumonia\CancerVsPneumonia\validation\Pneumonia\person53_bacteria_253.jpeg,person53_bacteria_253.jpeg,skin disease,Pneumonia,validation,1
C:\Users\hamza\Downloads\CancerVsPneumonia\CancerVsPneumonia\validation\Pneumonia\person53_bacteria_254.jpeg,person53_bacteria_254.jpeg,skin disease,Pneumonia,validation,1
C:\Users\hamza\Downloads\CancerVsPneumonia\CancerVsPneumonia\validation\Pneumonia\person53_bacteria_255.jpeg,person53_bacteria_255.jpeg,skin disease,Pneumonia,validation,1
C:\Users\hamza\Downloads\CancerVsPneumonia\CancerVsPneumonia\validation\Lung Cancer\CANCER_POSITIVE_IMG_1.png,CANCER_POSITIVE_IMG_1.png,skin disease,Lung Cancer,validation,0
C:\Users\hamza\Downloads\CancerVsPneumonia\CancerVsPneumonia\validation\Lung Cancer\CANCER_POSITIVE_IMG_10.png,CANCER_POSITIVE_IMG_10.png,skin disease,Lung Cancer,validation,0
C:\Users\hamza\Downloads\CancerVsPneumonia\CancerVsPneumonia\validation\Lung Cancer\CANCER_POSITIVE_IMG_100.png,CANCER_POSITIVE_IMG_100.png,skin disease,Lung Cancer,validation,0
C:\Users\hamza\Downloads\CancerVsPneumonia\CancerVsPneumonia\validation\Lung Cancer\CANCER_POSITIVE_IMG_101.png,CANCER_POSITIVE_IMG_101.png,skin disease,Lung Cancer,validation,0
C:\Users\hamza\Downloads\CancerVsPneumonia\CancerVsPneumonia\validation\Lung Cancer\CANCER_POSITIVE_IMG_102.png,CANCER_POSITIVE_IMG_102.png,skin disease,Lung Cancer,validation,0
C:\Users\hamza\Downloads\CancerVsPneumonia\CancerVsPneumonia\validation\Lung Cancer\CANCER_POSITIVE_IMG_103.png,CANCER_POSITIVE_IMG_103.png,skin disease,Lung Cancer,validation,0
C:\Users\hamza\Downloads\CancerVsPneumonia\CancerVsPneumonia\validation\Lung Cancer\CANCER_POSITIVE_IMG_104.png,CANCER_POSITIVE_IMG_104.png,skin disease,Lung Cancer,validation,0
C:\Users\hamza\Downloads\CancerVsPneumonia\CancerVsPneumonia\validation\Lung Cancer\CANCER_POSITIVE_IMG_105.png,CANCER_POSITIVE_IMG_105.png,skin disease,Lung Cancer,validation,0
C:\Users\hamza\Downloads\CancerVsPneumonia\CancerVsPneumonia\validation\Lung Cancer\CANCER_POSITIVE_IMG_106.png,CANCER_POSITIVE_IMG_106.png,skin disease,Lung Cancer,validation,0
C:\Users\hamza\Downloads\CancerVsPneumonia\CancerVsPneumonia\validation\Lung Cancer\CANCER_POSITIVE_IMG_107.png,CANCER_POSITIVE_IMG_107.png,skin disease,Lung Cancer,validation,0
C:\Users\hamza\Downloads\CancerVsPneumonia\CancerVsPneumonia\validation\Lung Cancer\CANCER_POSITIVE_IMG_108.png,CANCER_POSITIVE_IMG_108.png,skin disease,Lung Cancer,validation,0
C:\Users\hamza\Downloads\CancerVsPneumonia\CancerVsPneumonia\validation\Lung Cancer\CANCER_POSITIVE_IMG_109.png,CANCER_POSITIVE_IMG_109.png,skin disease,Lung Cancer,validation,0
C:\Users\hamza\Downloads\CancerVsPneumonia\CancerVsPneumonia\validation\Lung Cancer\CANCER_POSITIVE_IMG_11.png,CANCER_POSITIVE_IMG_11.png,skin disease,Lung Cancer,validation,0
C:\Users\hamza\Downloads\CancerVsPneumonia\CancerVsPneumonia\validation\Lung Cancer\CANCER_POSITIVE_IMG_12.png,CANCER_POSITIVE_IMG_12.png,skin disease,Lung Cancer,validation,0
C:\Users\hamza\Downloads\CancerVsPneumonia\CancerVsPneumonia\validation\Lung Cancer\CANCER_POSITIVE_IMG_120.png,CANCER_POSITIVE_IMG_120.png,skin disease,Lung Cancer,validation,0
C:\Users\hamza\Downloads\CancerVsPneumonia\CancerVsPneumonia\validation\Lung Cancer\CANCER_POSITIVE_IMG_121.png,CANCER_POSITIVE_IMG_121.png,skin disease,Lung Cancer,validation,0
C:\Users\hamza\Downloads\CancerVsPneumonia\CancerVsPneumonia\validation\Lung Cancer\CANCER_POSITIVE_IMG_122.png,CANCER_POSITIVE_IMG_122.png,skin disease,Lung Cancer,validation,0
C:\Users\hamza\Downloads\CancerVsPneumonia\CancerVsPneumonia\validation\Lung Cancer\CANCER_POSITIVE_IMG_123.png,CANCER_POSITIVE_IMG_123.png,skin disease,Lung Cancer,validation,0
C:\Users\hamza\Downloads\CancerVsPneumonia\CancerVsPneumonia\validation\Lung Cancer\CANCER_POSITIVE_IMG_124.png,CANCER_POSITIVE_IMG_124.png,skin disease,Lung Cancer,validation,0
C:\Users\hamza\Downloads\CancerVsPneumonia\CancerVsPneumonia\validation\Lung Cancer\CANCER_POSITIVE_IMG_125.png,CANCER_POSITIVE_IMG_125.png,skin disease,Lung Cancer,validation,0
C:\Users\hamza\Downloads\CancerVsPneumonia\CancerVsPneumonia\validation\Lung Cancer\CANCER_POSITIVE_IMG_126.png,CANCER_POSITIVE_IMG_126.png,skin disease,Lung Cancer,validation,0
C:\Users\hamza\Downloads\CancerVsPneumonia\CancerVsPneumonia\validation\Lung Cancer\CANCER_POSITIVE_IMG_127.png,CANCER_POSITIVE_IMG_127.png,skin disease,Lung Cancer,validation,0
C:\Users\hamza\Downloads\CancerVsPneumonia\CancerVsPneumonia\validation\Lung Cancer\CANCER_POSITIVE_IMG_128.png,CANCER_POSITIVE_IMG_128.png,skin disease,Lung Cancer,validation,0
C:\Users\hamza\Downloads\CancerVsPneumonia\CancerVsPneumonia\validation\Lung Cancer\CANCER_POSITIVE_IMG_129.png,CANCER_POSITIVE_IMG_129.png,skin disease,Lung Cancer,validation,0
C:\Users\hamza\Downloads\CancerVsPneumonia\CancerVsPneumonia\validation\Lung Cancer\CANCER_POSITIVE_IMG_13.png,CANCER_POSITIVE_IMG_13.png,skin disease,Lung Cancer,validation,0
C:\Users\hamza\Downloads\CancerVsPneumonia\CancerVsPneumonia\validation\Lung Cancer\CANCER_POSITIVE_IMG_130.png,CANCER_POSITIVE_IMG_130.png,skin disease,Lung Cancer,validation,0
C:\Users\hamza\Downloads\CancerVsPneumonia\CancerVsPneumonia\validation\Lung Cancer\CANCER_POSITIVE_IMG_131.png,CANCER_POSITIVE_IMG_131.png,skin disease,Lung Cancer,validation,0
C:\Users\hamza\Downloads\CancerVsPneumonia\CancerVsPneumonia\validation\Lung Cancer\CANCER_POSITIVE_IMG_132.png,CANCER_POSITIVE_IMG_132.png,skin disease,Lung Cancer,validation,0
C:\Users\hamza\Downloads\CancerVsPneumonia\CancerVsPneumonia\validation\Lung Cancer\CANCER_POSITIVE_IMG_133.png,CANCER_POSITIVE_IMG_133.png,skin disease,Lung Cancer,validation,0
C:\Users\hamza\Downloads\CancerVsPneumonia\CancerVsPneumonia\validation\Lung Cancer\CANCER_POSITIVE_IMG_134.png,CANCER_POSITIVE_IMG_134.png,skin disease,Lung Cancer,validation,0
C:\Users\hamza\Downloads\CancerVsPneumonia\CancerVsPneumonia\validation\Lung Cancer\CANCER_POSITIVE_IMG_135.png,CANCER_POSITIVE_IMG_135.png,skin disease,Lung Cancer,validation,0
C:\Users\hamza\Downloads\CancerVsPneumonia\CancerVsPneumonia\validation\Lung Cancer\CANCER_POSITIVE_IMG_136.png,CANCER_POSITIVE_IMG_136.png,skin disease,Lung Cancer,validation,0
C:\Users\hamza\Downloads\CancerVsPneumonia\CancerVsPneumonia\validation\Lung Cancer\CANCER_POSITIVE_IMG_137.png,CANCER_POSITIVE_IMG_137.png,skin disease,Lung Cancer,validation,0
C:\Users\hamza\Downloads\CancerVsPneumonia\CancerVsPneumonia\validation\Lung Cancer\CANCER_POSITIVE_IMG_138.png,CANCER_POSITIVE_IMG_138.png,skin disease,Lung Cancer,validation,0
C:\Users\hamza\Downloads\CancerVsPneumonia\CancerVsPneumonia\validation\Lung Cancer\CANCER_POSITIVE_IMG_139.png,CANCER_POSITIVE_IMG_139.png,skin disease,Lung Cancer,validation,0
C:\Users\hamza\Downloads\CancerVsPneumonia\CancerVsPneumonia\validation\Lung Cancer\CANCER_POSITIVE_IMG_14.png,CANCER_POSITIVE_IMG_14.png,skin disease,Lung Cancer,validation,0
C:\Users\hamza\Downloads\CancerVsPneumonia\CancerVsPneumonia\validation\Lung Cancer\CANCER_POSITIVE_IMG_140.png,CANCER_POSITIVE_IMG_140.png,skin disease,Lung Cancer,validation,0
C:\Users\hamza\Downloads\CancerVsPneumonia\CancerVsPneumonia\validation\Lung Cancer\CANCER_POSITIVE_IMG_141.png,CANCER_POSITIVE_IMG_141.png,skin disease,Lung Cancer,validation,0
C:\Users\hamza\Downloads\CancerVsPneumonia\CancerVsPneumonia\validation\Lung Cancer\CANCER_POSITIVE_IMG_142.png,CANCER_POSITIVE_IMG_142.png,skin disease,Lung Cancer,validation,0
C:\Users\hamza\Downloads\CancerVsPneumonia\CancerVsPneumonia\validation\Lung Cancer\CANCER_POSITIVE_IMG_143.png,CANCER_POSITIVE_IMG_143.png,skin disease,Lung Cancer,validation,0
C:\Users\hamza\Downloads\CancerVsPneumonia\CancerVsPneumonia\validation\Lung Cancer\CANCER_POSITIVE_IMG_144.png,CANCER_POSITIVE_IMG_144.png,skin disease,Lung Cancer,validation,0
C:\Users\hamza\Downloads\CancerVsPneumonia\CancerVsPneumonia\validation\Lung Cancer\CANCER_POSITIVE_IMG_145.png,CANCER_POSITIVE_IMG_145.png,skin disease,Lung Cancer,validation,0
C:\Users\hamza\Downloads\CancerVsPneumonia\CancerVsPneumonia\validation\Lung Cancer\CANCER_POSITIVE_IMG_146.png,CANCER_POSITIVE_IMG_146.png,skin disease,Lung Cancer,validation,0
C:\Users\hamza\Downloads\CancerVsPneumonia\CancerVsPneumonia\validation\Lung Cancer\CANCER_POSITIVE_IMG_147.png,CANCER_POSITIVE_IMG_147.png,skin disease,Lung Cancer,validation,0
C:\Users\hamza\Downloads\CancerVsPneumonia\CancerVsPneumonia\validation\Lung Cancer\CANCER_POSITIVE_IMG_148.png,CANCER_POSITIVE_IMG_148.png,skin disease,Lung Cancer,validation,0
C:\Users\hamza\Downloads\CancerVsPneumonia\CancerVsPneumonia\validation\Lung Cancer\CANCER_POSITIVE_IMG_149.png,CANCER_POSITIVE_IMG_149.png,skin disease,Lung Cancer,validation,0
C:\Users\hamza\Downloads\CancerVsPneumonia\CancerVsPneumonia\validation\Lung Cancer\CANCER_POSITIVE_IMG_15.png,CANCER_POSITIVE_IMG_15.png,skin disease,Lung Cancer,validation,0
C:\Users\hamza\Downloads\CancerVsPneumonia\CancerVsPneumonia\validation\Lung Cancer\CANCER_POSITIVE_IMG_150.png,CANCER_POSITIVE_IMG_150.png,skin disease,Lung Cancer,validation,0
C:\Users\hamza\Downloads\CancerVsPneumonia\CancerVsPneumonia\validation\Lung Cancer\CANCER_POSITIVE_IMG_151.png,CANCER_POSITIVE_IMG_151.png,skin disease,Lung Cancer,validation,0
C:\Users\hamza\Downloads\CancerVsPneumonia\CancerVsPneumonia\validation\Lung Cancer\CANCER_POSITIVE_IMG_152.png,CANCER_POSITIVE_IMG_152.png,skin disease,Lung Cancer,validation,0
C:\Users\hamza\Downloads\CancerVsPneumonia\CancerVsPneumonia\validation\Lung Cancer\CANCER_POSITIVE_IMG_153.png,CANCER_POSITIVE_IMG_153.png,skin disease,Lung Cancer,validation,0
C:\Users\hamza\Downloads\CancerVsPneumonia\CancerVsPneumonia\validation\Lung Cancer\CANCER_POSITIVE_IMG_154.png,CANCER_POSITIVE_IMG_154.png,skin disease,Lung Cancer,validation,0
C:\Users\hamza\Downloads\CancerVsPneumonia\CancerVsPneumonia\validation\Lung Cancer\CANCER_POSITIVE_IMG_155.png,CANCER_POSITIVE_IMG_155.png,skin disease,Lung Cancer,validation,0
C:\Users\hamza\Downloads\CancerVsPneumonia\CancerVsPneumonia\validation\Lung Cancer\CANCER_POSITIVE_IMG_156.png,CANCER_POSITIVE_IMG_156.png,skin disease,Lung Cancer,validation,0
C:\Users\hamza\Downloads\CancerVsPneumonia\CancerVsPneumonia\validation\Lung Cancer\CANCER_POSITIVE_IMG_157.png,CANCER_POSITIVE_IMG_157.png,skin disease,Lung Cancer,validation,0
C:\Users\hamza\Downloads\CancerVsPneumonia\CancerVsPneumonia\validation\Lung Cancer\CANCER_POSITIVE_IMG_158.png,CANCER_POSITIVE_IMG_158.png,skin disease,Lung Cancer,validation,0
C:\Users\hamza\Downloads\CancerVsPneumonia\CancerVsPneumonia\validation\Lung Cancer\CANCER_POSITIVE_IMG_159.png,CANCER_POSITIVE_IMG_159.png,skin disease,Lung Cancer,validation,0
C:\Users\hamza\Downloads\CancerVsPneumonia\CancerVsPneumonia\validation\Lung Cancer\CANCER_POSITIVE_IMG_16.png,CANCER_POSITIVE_IMG_16.png,skin disease,Lung Cancer,validation,0
C:\Users\hamza\Downloads\CancerVsPneumonia\CancerVsPneumonia\validation\Lung Cancer\CANCER_POSITIVE_IMG_160.png,CANCER_POSITIVE_IMG_160.png,skin disease,Lung Cancer,validation,0
C:\Users\hamza\Downloads\CancerVsPneumonia\CancerVsPneumonia\validation\Lung Cancer\CANCER_POSITIVE_IMG_161.png,CANCER_POSITIVE_IMG_161.png,skin disease,Lung Cancer,validation,0
C:\Users\hamza\Downloads\CancerVsPneumonia\CancerVsPneumonia\validation\Lung Cancer\CANCER_POSITIVE_IMG_162.png,CANCER_POSITIVE_IMG_162.png,skin disease,Lung Cancer,validation,0
C:\Users\hamza\Downloads\CancerVsPneumonia\CancerVsPneumonia\validation\Lung Cancer\CANCER_POSITIVE_IMG_163.png,CANCER_POSITIVE_IMG_163.png,skin disease,Lung Cancer,validation,0
C:\Users\hamza\Downloads\CancerVsPneumonia\CancerVsPneumonia\validation\Lung Cancer\CANCER_POSITIVE_IMG_164.png,CANCER_POSITIVE_IMG_164.png,skin disease,Lung Cancer,validation,0
C:\Users\hamza\Downloads\CancerVsPneumonia\CancerVsPneumonia\validation\Lung Cancer\CANCER_POSITIVE_IMG_165.png,CANCER_POSITIVE_IMG_165.png,skin disease,Lung Cancer,validation,0
C:\Users\hamza\Downloads\CancerVsPneumonia\CancerVsPneumonia\validation\Lung Cancer\CANCER_POSITIVE_IMG_166.png,CANCER_POSITIVE_IMG_166.png,skin disease,Lung Cancer,validation,0
C:\Users\hamza\Downloads\CancerVsPneumonia\CancerVsPneumonia\validation\Lung Cancer\CANCER_POSITIVE_IMG_167.png,CANCER_POSITIVE_IMG_167.png,skin disease,Lung Cancer,validation,0
C:\Users\hamza\Downloads\CancerVsPneumonia\CancerVsPneumonia\validation\Lung Cancer\CANCER_POSITIVE_IMG_168.png,CANCER_POSITIVE_IMG_168.png,skin disease,Lung Cancer,validation,0
C:\Users\hamza\Downloads\CancerVsPneumonia\CancerVsPneumonia\validation\Lung Cancer\CANCER_POSITIVE_IMG_169.png,CANCER_POSITIVE_IMG_169.png,skin disease,Lung Cancer,validation,0
C:\Users\hamza\Downloads\CancerVsPneumonia\CancerVsPneumonia\validation\Lung Cancer\CANCER_POSITIVE_IMG_17.png,CANCER_POSITIVE_IMG_17.png,skin disease,Lung Cancer,validation,0
C:\Users\hamza\Downloads\CancerVsPneumonia\CancerVsPneumonia\validation\Lung Cancer\CANCER_POSITIVE_IMG_170.png,CANCER_POSITIVE_IMG_170.png,skin disease,Lung Cancer,validation,0
C:\Users\hamza\Downloads\CancerVsPneumonia\CancerVsPneumonia\validation\Lung Cancer\CANCER_POSITIVE_IMG_171.png,CANCER_POSITIVE_IMG_171.png,skin disease,Lung Cancer,validation,0
C:\Users\hamza\Downloads\CancerVsPneumonia\CancerVsPneumonia\validation\Lung Cancer\CANCER_POSITIVE_IMG_172.png,CANCER_POSITIVE_IMG_172.png,skin disease,Lung Cancer,validation,0
C:\Users\hamza\Downloads\CancerVsPneumonia\CancerVsPneumonia\validation\Lung Cancer\CANCER_POSITIVE_IMG_173.png,CANCER_POSITIVE_IMG_173.png,skin disease,Lung Cancer,validation,0
C:\Users\hamza\Downloads\CancerVsPneumonia\CancerVsPneumonia\validation\Lung Cancer\CANCER_POSITIVE_IMG_174.png,CANCER_POSITIVE_IMG_174.png,skin disease,Lung Cancer,validation,0
C:\Users\hamza\Downloads\CancerVsPneumonia\CancerVsPneumonia\validation\Lung Cancer\CANCER_POSITIVE_IMG_175.png,CANCER_POSITIVE_IMG_175.png,skin disease,Lung Cancer,validation,0
C:\Users\hamza\Downloads\CancerVsPneumonia\CancerVsPneumonia\validation\Lung Cancer\CANCER_POSITIVE_IMG_176.png,CANCER_POSITIVE_IMG_176.png,skin disease,Lung Cancer,validation,0
C:\Users\hamza\Downloads\CancerVsPneumonia\CancerVsPneumonia\validation\Lung Cancer\CANCER_POSITIVE_IMG_177.png,CANCER_POSITIVE_IMG_177.png,skin disease,Lung Cancer,validation,0
C:\Users\hamza\Downloads\CancerVsPneumonia\CancerVsPneumonia\validation\Lung Cancer\CANCER_POSITIVE_IMG_178.png,CANCER_POSITIVE_IMG_178.png,skin disease,Lung Cancer,validation,0
C:\Users\hamza\Downloads\CancerVsPneumonia\CancerVsPneumonia\validation\Lung Cancer\CANCER_POSITIVE_IMG_179.png,CANCER_POSITIVE_IMG_179.png,skin disease,Lung Cancer,validation,0
C:\Users\hamza\Downloads\CancerVsPneumonia\CancerVsPneumonia\validation\Lung Cancer\CANCER_POSITIVE_IMG_18.png,CANCER_POSITIVE_IMG_18.png,skin disease,Lung Cancer,validation,0
C:\Users\hamza\Downloads\CancerVsPneumonia\CancerVsPneumonia\validation\Lung Cancer\CANCER_POSITIVE_IMG_180.png,CANCER_POSITIVE_IMG_180.png,skin disease,Lung Cancer,validation,0
C:\Users\hamza\Downloads\CancerVsPneumonia\CancerVsPneumonia\validation\Lung Cancer\CANCER_POSITIVE_IMG_181.png,CANCER_POSITIVE_IMG_181.png,skin disease,Lung Cancer,validation,0
C:\Users\hamza\Downloads\CancerVsPneumonia\CancerVsPneumonia\validation\Lung Cancer\CANCER_POSITIVE_IMG_182.png,CANCER_POSITIVE_IMG_182.png,skin disease,Lung Cancer,validation,0
C:\Users\hamza\Downloads\CancerVsPneumonia\CancerVsPneumonia\validation\Lung Cancer\CANCER_POSITIVE_IMG_183.png,CANCER_POSITIVE_IMG_183.png,skin disease,Lung Cancer,validation,0
C:\Users\hamza\Downloads\CancerVsPneumonia\CancerVsPneumonia\validation\Lung Cancer\CANCER_POSITIVE_IMG_184.png,CANCER_POSITIVE_IMG_184.png,skin disease,Lung Cancer,validation,0
C:\Users\hamza\Downloads\CancerVsPneumonia\CancerVsPneumonia\validation\Lung Cancer\CANCER_POSITIVE_IMG_185.png,CANCER_POSITIVE_IMG_185.png,skin disease,Lung Cancer,validation,0
C:\Users\hamza\Downloads\CancerVsPneumonia\CancerVsPneumonia\validation\Lung Cancer\CANCER_POSITIVE_IMG_186.png,CANCER_POSITIVE_IMG_186.png,skin disease,Lung Cancer,validation,0
C:\Users\hamza\Downloads\CancerVsPneumonia\CancerVsPneumonia\validation\Lung Cancer\CANCER_POSITIVE_IMG_187.png,CANCER_POSITIVE_IMG_187.png,skin disease,Lung Cancer,validation,0
C:\Users\hamza\Downloads\CancerVsPneumonia\CancerVsPneumonia\validation\Lung Cancer\CANCER_POSITIVE_IMG_188.png,CANCER_POSITIVE_IMG_188.png,skin disease,Lung Cancer,validation,0
C:\Users\hamza\Downloads\CancerVsPneumonia\CancerVsPneumonia\validation\Lung Cancer\CANCER_POSITIVE_IMG_189.png,CANCER_POSITIVE_IMG_189.png,skin disease,Lung Cancer,validation,0
C:\Users\hamza\Downloads\CancerVsPneumonia\CancerVsPneumonia\validation\Lung Cancer\CANCER_POSITIVE_IMG_19.png,CANCER_POSITIVE_IMG_19.png,skin disease,Lung Cancer,validation,0
C:\Users\hamza\Downloads\CancerVsPneumonia\CancerVsPneumonia\validation\Lung Cancer\CANCER_POSITIVE_IMG_190.png,CANCER_POSITIVE_IMG_190.png,skin disease,Lung Cancer,validation,0
C:\Users\hamza\Downloads\CancerVsPneumonia\CancerVsPneumonia\validation\Lung Cancer\CANCER_POSITIVE_IMG_191.png,CANCER_POSITIVE_IMG_191.png,skin disease,Lung Cancer,validation,0
C:\Users\hamza\Downloads\CancerVsPneumonia\CancerVsPneumonia\validation\Lung Cancer\CANCER_POSITIVE_IMG_192.png,CANCER_POSITIVE_IMG_192.png,skin disease,Lung Cancer,validation,0
C:\Users\hamza\Downloads\CancerVsPneumonia\CancerVsPneumonia\validation\Lung Cancer\CANCER_POSITIVE_IMG_193.png,CANCER_POSITIVE_IMG_193.png,skin disease,Lung Cancer,validation,0
C:\Users\hamza\Downloads\CancerVsPneumonia\CancerVsPneumonia\validation\Lung Cancer\CANCER_POSITIVE_IMG_194.png,CANCER_POSITIVE_IMG_194.png,skin disease,Lung Cancer,validation,0
C:\Users\hamza\Downloads\CancerVsPneumonia\CancerVsPneumonia\validation\Lung Cancer\CANCER_POSITIVE_IMG_195.png,CANCER_POSITIVE_IMG_195.png,skin disease,Lung Cancer,validation,0
C:\Users\hamza\Downloads\CancerVsPneumonia\CancerVsPneumonia\validation\Lung Cancer\CANCER_POSITIVE_IMG_196.png,CANCER_POSITIVE_IMG_196.png,skin disease,Lung Cancer,validation,0
C:\Users\hamza\Downloads\CancerVsPneumonia\CancerVsPneumonia\validation\Lung Cancer\CANCER_POSITIVE_IMG_197.png,CANCER_POSITIVE_IMG_197.png,skin disease,Lung Cancer,validation,0
C:\Users\hamza\Downloads\CancerVsPneumonia\CancerVsPneumonia\validation\Lung Cancer\CANCER_POSITIVE_IMG_198.png,CANCER_POSITIVE_IMG_198.png,skin disease,Lung Cancer,validation,0
C:\Users\hamza\Downloads\CancerVsPneumonia\CancerVsPneumonia\validation\Lung Cancer\CANCER_POSITIVE_IMG_199.png,CANCER_POSITIVE_IMG_199.png,skin disease,Lung Cancer,validation,0
C:\Users\hamza\Downloads\CancerVsPneumonia\CancerVsPneumonia\validation\Lung Cancer\CANCER_POSITIVE_IMG_2.png,CANCER_POSITIVE_IMG_2.png,skin disease,Lung Cancer,validation,0
C:\Users\hamza\Downloads\CancerVsPneumonia\CancerVsPneumonia\validation\Lung Cancer\CANCER_POSITIVE_IMG_20.png,CANCER_POSITIVE_IMG_20.png,skin disease,Lung Cancer,validation,0
C:\Users\hamza\Downloads\CancerVsPneumonia\CancerVsPneumonia\validation\Lung Cancer\CANCER_POSITIVE_IMG_200.png,CANCER_POSITIVE_IMG_200.png,skin disease,Lung Cancer,validation,0
C:\Users\hamza\Downloads\CancerVsPneumonia\CancerVsPneumonia\validation\Lung Cancer\CANCER_POSITIVE_IMG_201.png,CANCER_POSITIVE_IMG_201.png,skin disease,Lung Cancer,validation,0
C:\Users\hamza\Downloads\CancerVsPneumonia\CancerVsPneumonia\validation\Lung Cancer\CANCER_POSITIVE_IMG_202.png,CANCER_POSITIVE_IMG_202.png,skin disease,Lung Cancer,validation,0
C:\Users\hamza\Downloads\CancerVsPneumonia\CancerVsPneumonia\validation\Lung Cancer\CANCER_POSITIVE_IMG_203.png,CANCER_POSITIVE_IMG_203.png,skin disease,Lung Cancer,validation,0
C:\Users\hamza\Downloads\CancerVsPneumonia\CancerVsPneumonia\validation\Lung Cancer\CANCER_POSITIVE_IMG_204.png,CANCER_POSITIVE_IMG_204.png,skin disease,Lung Cancer,validation,0
C:\Users\hamza\Downloads\CancerVsPneumonia\CancerVsPneumonia\validation\Lung Cancer\CANCER_POSITIVE_IMG_205.png,CANCER_POSITIVE_IMG_205.png,skin disease,Lung Cancer,validation,0
C:\Users\hamza\Downloads\CancerVsPneumonia\CancerVsPneumonia\validation\Lung Cancer\CANCER_POSITIVE_IMG_206.png,CANCER_POSITIVE_IMG_206.png,skin disease,Lung Cancer,validation,0
C:\Users\hamza\Downloads\CancerVsPneumonia\CancerVsPneumonia\validation\Lung Cancer\CANCER_POSITIVE_IMG_207.png,CANCER_POSITIVE_IMG_207.png,skin disease,Lung Cancer,validation,0
C:\Users\hamza\Downloads\CancerVsPneumonia\CancerVsPneumonia\validation\Lung Cancer\CANCER_POSITIVE_IMG_208.png,CANCER_POSITIVE_IMG_208.png,skin disease,Lung Cancer,validation,0
C:\Users\hamza\Downloads\CancerVsPneumonia\CancerVsPneumonia\validation\Lung Cancer\CANCER_POSITIVE_IMG_209.png,CANCER_POSITIVE_IMG_209.png,skin disease,Lung Cancer,validation,0
C:\Users\hamza\Downloads\CancerVsPneumonia\CancerVsPneumonia\validation\Lung Cancer\CANCER_POSITIVE_IMG_21.png,CANCER_POSITIVE_IMG_21.png,skin disease,Lung Cancer,validation,0
C:\Users\hamza\Downloads\CancerVsPneumonia\CancerVsPneumonia\validation\Lung Cancer\CANCER_POSITIVE_IMG_210.png,CANCER_POSITIVE_IMG_210.png,skin disease,Lung Cancer,validation,0
C:\Users\hamza\Downloads\CancerVsPneumonia\CancerVsPneumonia\validation\Lung Cancer\CANCER_POSITIVE_IMG_211.png,CANCER_POSITIVE_IMG_211.png,skin disease,Lung Cancer,validation,0
C:\Users\hamza\Downloads\CancerVsPneumonia\CancerVsPneumonia\validation\Lung Cancer\CANCER_POSITIVE_IMG_212.png,CANCER_POSITIVE_IMG_212.png,skin disease,Lung Cancer,validation,0
C:\Users\hamza\Downloads\CancerVsPneumonia\CancerVsPneumonia\validation\Lung Cancer\CANCER_POSITIVE_IMG_213.png,CANCER_POSITIVE_IMG_213.png,skin disease,Lung Cancer,validation,0
C:\Users\hamza\Downloads\CancerVsPneumonia\CancerVsPneumonia\validation\Lung Cancer\CANCER_POSITIVE_IMG_214.png,CANCER_POSITIVE_IMG_214.png,skin disease,Lung Cancer,validation,0
C:\Users\hamza\Downloads\CancerVsPneumonia\CancerVsPneumonia\validation\Lung Cancer\CANCER_POSITIVE_IMG_215.png,CANCER_POSITIVE_IMG_215.png,skin disease,Lung Cancer,validation,0
C:\Users\hamza\Downloads\CancerVsPneumonia\CancerVsPneumonia\validation\Lung Cancer\CANCER_POSITIVE_IMG_216.png,CANCER_POSITIVE_IMG_216.png,skin disease,Lung Cancer,validation,0
C:\Users\hamza\Downloads\CancerVsPneumonia\CancerVsPneumonia\validation\Lung Cancer\CANCER_POSITIVE_IMG_217.png,CANCER_POSITIVE_IMG_217.png,skin disease,Lung Cancer,validation,0
C:\Users\hamza\Downloads\CancerVsPneumonia\CancerVsPneumonia\validation\Lung Cancer\CANCER_POSITIVE_IMG_218.png,CANCER_POSITIVE_IMG_218.png,skin disease,Lung Cancer,validation,0
C:\Users\hamza\Downloads\CancerVsPneumonia\CancerVsPneumonia\validation\Lung Cancer\CANCER_POSITIVE_IMG_219.png,CANCER_POSITIVE_IMG_219.png,skin disease,Lung Cancer,validation,0
C:\Users\hamza\Downloads\CancerVsPneumonia\CancerVsPneumonia\validation\Lung Cancer\CANCER_POSITIVE_IMG_22.png,CANCER_POSITIVE_IMG_22.png,skin disease,Lung Cancer,validation,0
C:\Users\hamza\Downloads\CancerVsPneumonia\CancerVsPneumonia\validation\Lung Cancer\CANCER_POSITIVE_IMG_220.png,CANCER_POSITIVE_IMG_220.png,skin disease,Lung Cancer,validation,0
C:\Users\hamza\Downloads\CancerVsPneumonia\CancerVsPneumonia\validation\Lung Cancer\CANCER_POSITIVE_IMG_221.png,CANCER_POSITIVE_IMG_221.png,skin disease,Lung Cancer,validation,0
C:\Users\hamza\Downloads\CancerVsPneumonia\CancerVsPneumonia\validation\Lung Cancer\CANCER_POSITIVE_IMG_222.png,CANCER_POSITIVE_IMG_222.png,skin disease,Lung Cancer,validation,0
C:\Users\hamza\Downloads\CancerVsPneumonia\CancerVsPneumonia\validation\Lung Cancer\CANCER_POSITIVE_IMG_223.png,CANCER_POSITIVE_IMG_223.png,skin disease,Lung Cancer,validation,0
C:\Users\hamza\Downloads\CancerVsPneumonia\CancerVsPneumonia\validation\Lung Cancer\CANCER_POSITIVE_IMG_224.png,CANCER_POSITIVE_IMG_224.png,skin disease,Lung Cancer,validation,0
C:\Users\hamza\Downloads\CancerVsPneumonia\CancerVsPneumonia\validation\Lung Cancer\CANCER_POSITIVE_IMG_225.png,CANCER_POSITIVE_IMG_225.png,skin disease,Lung Cancer,validation,0
C:\Users\hamza\Downloads\CancerVsPneumonia\CancerVsPneumonia\validation\Lung Cancer\CANCER_POSITIVE_IMG_226.png,CANCER_POSITIVE_IMG_226.png,skin disease,Lung Cancer,validation,0
C:\Users\hamza\Downloads\CancerVsPneumonia\CancerVsPneumonia\validation\Lung Cancer\CANCER_POSITIVE_IMG_227.png,CANCER_POSITIVE_IMG_227.png,skin disease,Lung Cancer,validation,0
C:\Users\hamza\Downloads\CancerVsPneumonia\CancerVsPneumonia\validation\Lung Cancer\CANCER_POSITIVE_IMG_228.png,CANCER_POSITIVE_IMG_228.png,skin disease,Lung Cancer,validation,0
C:\Users\hamza\Downloads\CancerVsPneumonia\CancerVsPneumonia\validation\Lung Cancer\CANCER_POSITIVE_IMG_229.png,CANCER_POSITIVE_IMG_229.png,skin disease,Lung Cancer,validation,0
C:\Users\hamza\Downloads\CancerVsPneumonia\CancerVsPneumonia\validation\Lung Cancer\CANCER_POSITIVE_IMG_23.png,CANCER_POSITIVE_IMG_23.png,skin disease,Lung Cancer,validation,0
C:\Users\hamza\Downloads\CancerVsPneumonia\CancerVsPneumonia\validation\Lung Cancer\CANCER_POSITIVE_IMG_230.png,CANCER_POSITIVE_IMG_230.png,skin disease,Lung Cancer,validation,0
C:\Users\hamza\Downloads\CancerVsPneumonia\CancerVsPneumonia\validation\Lung Cancer\CANCER_POSITIVE_IMG_231.png,CANCER_POSITIVE_IMG_231.png,skin disease,Lung Cancer,validation,0
C:\Users\hamza\Downloads\CancerVsPneumonia\CancerVsPneumonia\validation\Lung Cancer\CANCER_POSITIVE_IMG_232.png,CANCER_POSITIVE_IMG_232.png,skin disease,Lung Cancer,validation,0
C:\Users\hamza\Downloads\CancerVsPneumonia\CancerVsPneumonia\validation\Lung Cancer\CANCER_POSITIVE_IMG_233.png,CANCER_POSITIVE_IMG_233.png,skin disease,Lung Cancer,validation,0
C:\Users\hamza\Downloads\CancerVsPneumonia\CancerVsPneumonia\validation\Lung Cancer\CANCER_POSITIVE_IMG_234.png,CANCER_POSITIVE_IMG_234.png,skin disease,Lung Cancer,validation,0
C:\Users\hamza\Downloads\CancerVsPneumonia\CancerVsPneumonia\validation\Lung Cancer\CANCER_POSITIVE_IMG_235.png,CANCER_POSITIVE_IMG_235.png,skin disease,Lung Cancer,validation,0
C:\Users\hamza\Downloads\CancerVsPneumonia\CancerVsPneumonia\validation\Lung Cancer\CANCER_POSITIVE_IMG_236.png,CANCER_POSITIVE_IMG_236.png,skin disease,Lung Cancer,validation,0
C:\Users\hamza\Downloads\CancerVsPneumonia\CancerVsPneumonia\validation\Lung Cancer\CANCER_POSITIVE_IMG_237.png,CANCER_POSITIVE_IMG_237.png,skin disease,Lung Cancer,validation,0
C:\Users\hamza\Downloads\CancerVsPneumonia\CancerVsPneumonia\validation\Lung Cancer\CANCER_POSITIVE_IMG_238.png,CANCER_POSITIVE_IMG_238.png,skin disease,Lung Cancer,validation,0
C:\Users\hamza\Downloads\CancerVsPneumonia\CancerVsPneumonia\validation\Lung Cancer\CANCER_POSITIVE_IMG_239.png,CANCER_POSITIVE_IMG_239.png,skin disease,Lung Cancer,validation,0
C:\Users\hamza\Downloads\CancerVsPneumonia\CancerVsPneumonia\validation\Lung Cancer\CANCER_POSITIVE_IMG_24.png,CANCER_POSITIVE_IMG_24.png,skin disease,Lung Cancer,validation,0
C:\Users\hamza\Downloads\CancerVsPneumonia\CancerVsPneumonia\validation\Lung Cancer\CANCER_POSITIVE_IMG_240.png,CANCER_POSITIVE_IMG_240.png,skin disease,Lung Cancer,validation,0
C:\Users\hamza\Downloads\CancerVsPneumonia\CancerVsPneumonia\validation\Lung Cancer\CANCER_POSITIVE_IMG_241.png,CANCER_POSITIVE_IMG_241.png,skin disease,Lung Cancer,validation,0
C:\Users\hamza\Downloads\CancerVsPneumonia\CancerVsPneumonia\validation\Lung Cancer\CANCER_POSITIVE_IMG_242.png,CANCER_POSITIVE_IMG_242.png,skin disease,Lung Cancer,validation,0
C:\Users\hamza\Downloads\CancerVsPneumonia\CancerVsPneumonia\validation\Lung Cancer\CANCER_POSITIVE_IMG_243.png,CANCER_POSITIVE_IMG_243.png,skin disease,Lung Cancer,validation,0
C:\Users\hamza\Downloads\CancerVsPneumonia\CancerVsPneumonia\validation\Lung Cancer\CANCER_POSITIVE_IMG_244.png,CANCER_POSITIVE_IMG_244.png,skin disease,Lung Cancer,validation,0
C:\Users\hamza\Downloads\CancerVsPneumonia\CancerVsPneumonia\validation\Lung Cancer\CANCER_POSITIVE_IMG_245.png,CANCER_POSITIVE_IMG_245.png,skin disease,Lung Cancer,validation,0
C:\Users\hamza\Downloads\CancerVsPneumonia\CancerVsPneumonia\validation\Lung Cancer\CANCER_POSITIVE_IMG_246.png,CANCER_POSITIVE_IMG_246.png,skin disease,Lung Cancer,validation,0
C:\Users\hamza\Downloads\CancerVsPneumonia\CancerVsPneumonia\validation\Lung Cancer\CANCER_POSITIVE_IMG_247.png,CANCER_POSITIVE_IMG_247.png,skin disease,Lung Cancer,validation,0
C:\Users\hamza\Downloads\CancerVsPneumonia\CancerVsPneumonia\validation\Lung Cancer\CANCER_POSITIVE_IMG_248.png,CANCER_POSITIVE_IMG_248.png,skin disease,Lung Cancer,validation,0
C:\Users\hamza\Downloads\CancerVsPneumonia\CancerVsPneumonia\validation\Lung Cancer\CANCER_POSITIVE_IMG_249.png,CANCER_POSITIVE_IMG_249.png,skin disease,Lung Cancer,validation,0
C:\Users\hamza\Downloads\CancerVsPneumonia\CancerVsPneumonia\validation\Lung Cancer\CANCER_POSITIVE_IMG_25.png,CANCER_POSITIVE_IMG_25.png,skin disease,Lung Cancer,validation,0
C:\Users\hamza\Downloads\CancerVsPneumonia\CancerVsPneumonia\validation\Lung Cancer\CANCER_POSITIVE_IMG_250.png,CANCER_POSITIVE_IMG_250.png,skin disease,Lung Cancer,validation,0
C:\Users\hamza\Downloads\CancerVsPneumonia\CancerVsPneumonia\validation\Lung Cancer\CANCER_POSITIVE_IMG_251.png,CANCER_POSITIVE_IMG_251.png,skin disease,Lung Cancer,validation,0
C:\Users\hamza\Downloads\CancerVsPneumonia\CancerVsPneumonia\validation\Lung Cancer\CANCER_POSITIVE_IMG_252.png,CANCER_POSITIVE_IMG_252.png,skin disease,Lung Cancer,validation,0
C:\Users\hamza\Downloads\CancerVsPneumonia\CancerVsPneumonia\validation\Lung Cancer\CANCER_POSITIVE_IMG_266.png,CANCER_POSITIVE_IMG_266.png,skin disease,Lung Cancer,validation,0
C:\Users\hamza\Downloads\CancerVsPneumonia\CancerVsPneumonia\validation\Lung Cancer\CANCER_POSITIVE_IMG_267.png,CANCER_POSITIVE_IMG_267.png,skin disease,Lung Cancer,validation,0
C:\Users\hamza\Downloads\CancerVsPneumonia\CancerVsPneumonia\validation\Lung Cancer\CANCER_POSITIVE_IMG_268.png,CANCER_POSITIVE_IMG_268.png,skin disease,Lung Cancer,validation,0
C:\Users\hamza\Downloads\CancerVsPneumonia\CancerVsPneumonia\validation\Lung Cancer\CANCER_POSITIVE_IMG_269.png,CANCER_POSITIVE_IMG_269.png,skin disease,Lung Cancer,validation,0
C:\Users\hamza\Downloads\CancerVsPneumonia\CancerVsPneumonia\validation\Lung Cancer\CANCER_POSITIVE_IMG_270.png,CANCER_POSITIVE_IMG_270.png,skin disease,Lung Cancer,validation,0
C:\Users\hamza\Downloads\CancerVsPneumonia\CancerVsPneumonia\validation\Lung Cancer\CANCER_POSITIVE_IMG_271.png,CANCER_POSITIVE_IMG_271.png,skin disease,Lung Cancer,validation,0
C:\Users\hamza\Downloads\CancerVsPneumonia\CancerVsPneumonia\validation\Lung Cancer\CANCER_POSITIVE_IMG_272.png,CANCER_POSITIVE_IMG_272.png,skin disease,Lung Cancer,validation,0
C:\Users\hamza\Downloads\CancerVsPneumonia\CancerVsPneumonia\validation\Lung Cancer\CANCER_POSITIVE_IMG_273.png,CANCER_POSITIVE_IMG_273.png,skin disease,Lung Cancer,validation,0
C:\Users\hamza\Downloads\CancerVsPneumonia\CancerVsPneumonia\validation\Lung Cancer\CANCER_POSITIVE_IMG_274.png,CANCER_POSITIVE_IMG_274.png,skin disease,Lung Cancer,validation,0
C:\Users\hamza\Downloads\CancerVsPneumonia\CancerVsPneumonia\validation\Lung Cancer\CANCER_POSITIVE_IMG_275.png,CANCER_POSITIVE_IMG_275.png,skin disease,Lung Cancer,validation,0
C:\Users\hamza\Downloads\CancerVsPneumonia\CancerVsPneumonia\validation\Lung Cancer\CANCER_POSITIVE_IMG_276.png,CANCER_POSITIVE_IMG_276.png,skin disease,Lung Cancer,validation,0
C:\Users\hamza\Downloads\CancerVsPneumonia\CancerVsPneumonia\validation\Lung Cancer\CANCER_POSITIVE_IMG_277.png,CANCER_POSITIVE_IMG_277.png,skin disease,Lung Cancer,validation,0
C:\Users\hamza\Downloads\CancerVsPneumonia\CancerVsPneumonia\validation\Lung Cancer\CANCER_POSITIVE_IMG_278.png,CANCER_POSITIVE_IMG_278.png,skin disease,Lung Cancer,validation,0
C:\Users\hamza\Downloads\CancerVsPneumonia\CancerVsPneumonia\validation\Lung Cancer\CANCER_POSITIVE_IMG_279.png,CANCER_POSITIVE_IMG_279.png,skin disease,Lung Cancer,validation,0
