imagepath,filename,disease_name,category,split,label
C:\Users\hamza\Downloads\FYP\AlzVsStr\AlzVsStr\train\Stroke\aug_Stroke 1 (1).jpg,aug_Stroke 1 (1).jpg,Brain Disease,Stroke,train,1
C:\Users\hamza\Downloads\FYP\AlzVsStr\AlzVsStr\train\Stroke\aug_Stroke 1 (10).jpg,aug_Stroke 1 (10).jpg,Brain Disease,Stroke,train,1
C:\Users\hamza\Downloads\FYP\AlzVsStr\AlzVsStr\train\Stroke\aug_Stroke 1 (100).jpg,aug_Stroke 1 (100).jpg,Brain Disease,Stroke,train,1
C:\Users\hamza\Downloads\FYP\AlzVsStr\AlzVsStr\train\Stroke\aug_Stroke 1 (101).jpg,aug_Stroke 1 (101).jpg,Brain Disease,Stroke,train,1
C:\Users\hamza\Downloads\FYP\AlzVsStr\AlzVsStr\train\Stroke\aug_Stroke 1 (102).jpg,aug_Stroke 1 (102).jpg,Brain Disease,Stroke,train,1
C:\Users\hamza\Downloads\FYP\AlzVsStr\AlzVsStr\train\Stroke\aug_Stroke 1 (103).jpg,aug_Stroke 1 (103).jpg,Brain Disease,Stroke,train,1
C:\Users\hamza\Downloads\FYP\AlzVsStr\AlzVsStr\train\Stroke\aug_Stroke 1 (104).jpg,aug_Stroke 1 (104).jpg,Brain Disease,Stroke,train,1
C:\Users\hamza\Downloads\FYP\AlzVsStr\AlzVsStr\train\Stroke\aug_Stroke 1 (105).jpg,aug_Stroke 1 (105).jpg,Brain Disease,Stroke,train,1
C:\Users\hamza\Downloads\FYP\AlzVsStr\AlzVsStr\train\Stroke\aug_Stroke 1 (106).jpg,aug_Stroke 1 (106).jpg,Brain Disease,Stroke,train,1
C:\Users\hamza\Downloads\FYP\AlzVsStr\AlzVsStr\train\Stroke\aug_Stroke 1 (107).jpg,aug_Stroke 1 (107).jpg,Brain Disease,Stroke,train,1
C:\Users\hamza\Downloads\FYP\AlzVsStr\AlzVsStr\train\Stroke\aug_Stroke 1 (108).jpg,aug_Stroke 1 (108).jpg,Brain Disease,Stroke,train,1
C:\Users\hamza\Downloads\FYP\AlzVsStr\AlzVsStr\train\Stroke\aug_Stroke 1 (109).jpg,aug_Stroke 1 (109).jpg,Brain Disease,Stroke,train,1
C:\Users\hamza\Downloads\FYP\AlzVsStr\AlzVsStr\train\Stroke\aug_Stroke 1 (11).jpg,aug_Stroke 1 (11).jpg,Brain Disease,Stroke,train,1
C:\Users\hamza\Downloads\FYP\AlzVsStr\AlzVsStr\train\Stroke\aug_Stroke 1 (110).jpg,aug_Stroke 1 (110).jpg,Brain Disease,Stroke,train,1
C:\Users\hamza\Downloads\FYP\AlzVsStr\AlzVsStr\train\Stroke\aug_Stroke 1 (111).jpg,aug_Stroke 1 (111).jpg,Brain Disease,Stroke,train,1
C:\Users\hamza\Downloads\FYP\AlzVsStr\AlzVsStr\train\Stroke\aug_Stroke 1 (112).jpg,aug_Stroke 1 (112).jpg,Brain Disease,Stroke,train,1
C:\Users\hamza\Downloads\FYP\AlzVsStr\AlzVsStr\train\Stroke\aug_Stroke 1 (113).jpg,aug_Stroke 1 (113).jpg,Brain Disease,Stroke,train,1
C:\Users\hamza\Downloads\FYP\AlzVsStr\AlzVsStr\train\Stroke\aug_Stroke 1 (114).jpg,aug_Stroke 1 (114).jpg,Brain Disease,Stroke,train,1
C:\Users\hamza\Downloads\FYP\AlzVsStr\AlzVsStr\train\Stroke\aug_Stroke 1 (115).jpg,aug_Stroke 1 (115).jpg,Brain Disease,Stroke,train,1
C:\Users\hamza\Downloads\FYP\AlzVsStr\AlzVsStr\train\Stroke\aug_Stroke 1 (116).jpg,aug_Stroke 1 (116).jpg,Brain Disease,Stroke,train,1
C:\Users\hamza\Downloads\FYP\AlzVsStr\AlzVsStr\train\Stroke\aug_Stroke 1 (117).jpg,aug_Stroke 1 (117).jpg,Brain Disease,Stroke,train,1
C:\Users\hamza\Downloads\FYP\AlzVsStr\AlzVsStr\train\Stroke\aug_Stroke 1 (118).jpg,aug_Stroke 1 (118).jpg,Brain Disease,Stroke,train,1
C:\Users\hamza\Downloads\FYP\AlzVsStr\AlzVsStr\train\Stroke\aug_Stroke 1 (119).jpg,aug_Stroke 1 (119).jpg,Brain Disease,Stroke,train,1
C:\Users\hamza\Downloads\FYP\AlzVsStr\AlzVsStr\train\Stroke\aug_Stroke 1 (12).jpg,aug_Stroke 1 (12).jpg,Brain Disease,Stroke,train,1
C:\Users\hamza\Downloads\FYP\AlzVsStr\AlzVsStr\train\Stroke\aug_Stroke 1 (120).jpg,aug_Stroke 1 (120).jpg,Brain Disease,Stroke,train,1
C:\Users\hamza\Downloads\FYP\AlzVsStr\AlzVsStr\train\Stroke\aug_Stroke 1 (121).jpg,aug_Stroke 1 (121).jpg,Brain Disease,Stroke,train,1
C:\Users\hamza\Downloads\FYP\AlzVsStr\AlzVsStr\train\Stroke\aug_Stroke 1 (122).jpg,aug_Stroke 1 (122).jpg,Brain Disease,Stroke,train,1
C:\Users\hamza\Downloads\FYP\AlzVsStr\AlzVsStr\train\Stroke\aug_Stroke 1 (123).jpg,aug_Stroke 1 (123).jpg,Brain Disease,Stroke,train,1
C:\Users\hamza\Downloads\FYP\AlzVsStr\AlzVsStr\train\Stroke\aug_Stroke 1 (124).jpg,aug_Stroke 1 (124).jpg,Brain Disease,Stroke,train,1
C:\Users\hamza\Downloads\FYP\AlzVsStr\AlzVsStr\train\Stroke\aug_Stroke 1 (125).jpg,aug_Stroke 1 (125).jpg,Brain Disease,Stroke,train,1
C:\Users\hamza\Downloads\FYP\AlzVsStr\AlzVsStr\train\Stroke\aug_Stroke 1 (126).jpg,aug_Stroke 1 (126).jpg,Brain Disease,Stroke,train,1
C:\Users\hamza\Downloads\FYP\AlzVsStr\AlzVsStr\train\Stroke\aug_Stroke 1 (127).jpg,aug_Stroke 1 (127).jpg,Brain Disease,Stroke,train,1
C:\Users\hamza\Downloads\FYP\AlzVsStr\AlzVsStr\train\Stroke\aug_Stroke 1 (128).jpg,aug_Stroke 1 (128).jpg,Brain Disease,Stroke,train,1
C:\Users\hamza\Downloads\FYP\AlzVsStr\AlzVsStr\train\Stroke\aug_Stroke 1 (129).jpg,aug_Stroke 1 (129).jpg,Brain Disease,Stroke,train,1
C:\Users\hamza\Downloads\FYP\AlzVsStr\AlzVsStr\train\Stroke\aug_Stroke 1 (13).jpg,aug_Stroke 1 (13).jpg,Brain Disease,Stroke,train,1
C:\Users\hamza\Downloads\FYP\AlzVsStr\AlzVsStr\train\Stroke\aug_Stroke 1 (130).jpg,aug_Stroke 1 (130).jpg,Brain Disease,Stroke,train,1
C:\Users\hamza\Downloads\FYP\AlzVsStr\AlzVsStr\train\Stroke\aug_Stroke 1 (131).jpg,aug_Stroke 1 (131).jpg,Brain Disease,Stroke,train,1
C:\Users\hamza\Downloads\FYP\AlzVsStr\AlzVsStr\train\Stroke\aug_Stroke 1 (132).jpg,aug_Stroke 1 (132).jpg,Brain Disease,Stroke,train,1
C:\Users\hamza\Downloads\FYP\AlzVsStr\AlzVsStr\train\Stroke\aug_Stroke 1 (133).jpg,aug_Stroke 1 (133).jpg,Brain Disease,Stroke,train,1
C:\Users\hamza\Downloads\FYP\AlzVsStr\AlzVsStr\train\Stroke\aug_Stroke 1 (134).jpg,aug_Stroke 1 (134).jpg,Brain Disease,Stroke,train,1
C:\Users\hamza\Downloads\FYP\AlzVsStr\AlzVsStr\train\Stroke\aug_Stroke 1 (135).jpg,aug_Stroke 1 (135).jpg,Brain Disease,Stroke,train,1
C:\Users\hamza\Downloads\FYP\AlzVsStr\AlzVsStr\train\Stroke\aug_Stroke 1 (136).jpg,aug_Stroke 1 (136).jpg,Brain Disease,Stroke,train,1
C:\Users\hamza\Downloads\FYP\AlzVsStr\AlzVsStr\train\Stroke\aug_Stroke 1 (137).jpg,aug_Stroke 1 (137).jpg,Brain Disease,Stroke,train,1
C:\Users\hamza\Downloads\FYP\AlzVsStr\AlzVsStr\train\Stroke\aug_Stroke 1 (138).jpg,aug_Stroke 1 (138).jpg,Brain Disease,Stroke,train,1
C:\Users\hamza\Downloads\FYP\AlzVsStr\AlzVsStr\train\Stroke\aug_Stroke 1 (139).jpg,aug_Stroke 1 (139).jpg,Brain Disease,Stroke,train,1
C:\Users\hamza\Downloads\FYP\AlzVsStr\AlzVsStr\train\Stroke\aug_Stroke 1 (14).jpg,aug_Stroke 1 (14).jpg,Brain Disease,Stroke,train,1
C:\Users\hamza\Downloads\FYP\AlzVsStr\AlzVsStr\train\Stroke\aug_Stroke 1 (140).jpg,aug_Stroke 1 (140).jpg,Brain Disease,Stroke,train,1
C:\Users\hamza\Downloads\FYP\AlzVsStr\AlzVsStr\train\Stroke\aug_Stroke 1 (141).jpg,aug_Stroke 1 (141).jpg,Brain Disease,Stroke,train,1
C:\Users\hamza\Downloads\FYP\AlzVsStr\AlzVsStr\train\Stroke\aug_Stroke 1 (142).jpg,aug_Stroke 1 (142).jpg,Brain Disease,Stroke,train,1
C:\Users\hamza\Downloads\FYP\AlzVsStr\AlzVsStr\train\Stroke\aug_Stroke 1 (143).jpg,aug_Stroke 1 (143).jpg,Brain Disease,Stroke,train,1
C:\Users\hamza\Downloads\FYP\AlzVsStr\AlzVsStr\train\Stroke\aug_Stroke 1 (144).jpg,aug_Stroke 1 (144).jpg,Brain Disease,Stroke,train,1
C:\Users\hamza\Downloads\FYP\AlzVsStr\AlzVsStr\train\Stroke\aug_Stroke 1 (145).jpg,aug_Stroke 1 (145).jpg,Brain Disease,Stroke,train,1
C:\Users\hamza\Downloads\FYP\AlzVsStr\AlzVsStr\train\Stroke\aug_Stroke 1 (146).jpg,aug_Stroke 1 (146).jpg,Brain Disease,Stroke,train,1
C:\Users\hamza\Downloads\FYP\AlzVsStr\AlzVsStr\train\Stroke\aug_Stroke 1 (147).jpg,aug_Stroke 1 (147).jpg,Brain Disease,Stroke,train,1
C:\Users\hamza\Downloads\FYP\AlzVsStr\AlzVsStr\train\Stroke\aug_Stroke 1 (148).jpg,aug_Stroke 1 (148).jpg,Brain Disease,Stroke,train,1
C:\Users\hamza\Downloads\FYP\AlzVsStr\AlzVsStr\train\Stroke\aug_Stroke 1 (149).jpg,aug_Stroke 1 (149).jpg,Brain Disease,Stroke,train,1
C:\Users\hamza\Downloads\FYP\AlzVsStr\AlzVsStr\train\Stroke\aug_Stroke 1 (15).jpg,aug_Stroke 1 (15).jpg,Brain Disease,Stroke,train,1
C:\Users\hamza\Downloads\FYP\AlzVsStr\AlzVsStr\train\Stroke\aug_Stroke 1 (150).jpg,aug_Stroke 1 (150).jpg,Brain Disease,Stroke,train,1
C:\Users\hamza\Downloads\FYP\AlzVsStr\AlzVsStr\train\Stroke\aug_Stroke 1 (151).jpg,aug_Stroke 1 (151).jpg,Brain Disease,Stroke,train,1
C:\Users\hamza\Downloads\FYP\AlzVsStr\AlzVsStr\train\Stroke\aug_Stroke 1 (152).jpg,aug_Stroke 1 (152).jpg,Brain Disease,Stroke,train,1
C:\Users\hamza\Downloads\FYP\AlzVsStr\AlzVsStr\train\Stroke\aug_Stroke 1 (153).jpg,aug_Stroke 1 (153).jpg,Brain Disease,Stroke,train,1
C:\Users\hamza\Downloads\FYP\AlzVsStr\AlzVsStr\train\Stroke\aug_Stroke 1 (154).jpg,aug_Stroke 1 (154).jpg,Brain Disease,Stroke,train,1
C:\Users\hamza\Downloads\FYP\AlzVsStr\AlzVsStr\train\Stroke\aug_Stroke 1 (155).jpg,aug_Stroke 1 (155).jpg,Brain Disease,Stroke,train,1
C:\Users\hamza\Downloads\FYP\AlzVsStr\AlzVsStr\train\Stroke\aug_Stroke 1 (156).jpg,aug_Stroke 1 (156).jpg,Brain Disease,Stroke,train,1
C:\Users\hamza\Downloads\FYP\AlzVsStr\AlzVsStr\train\Stroke\aug_Stroke 1 (157).jpg,aug_Stroke 1 (157).jpg,Brain Disease,Stroke,train,1
C:\Users\hamza\Downloads\FYP\AlzVsStr\AlzVsStr\train\Stroke\aug_Stroke 1 (158).jpg,aug_Stroke 1 (158).jpg,Brain Disease,Stroke,train,1
C:\Users\hamza\Downloads\FYP\AlzVsStr\AlzVsStr\train\Stroke\aug_Stroke 1 (159).jpg,aug_Stroke 1 (159).jpg,Brain Disease,Stroke,train,1
C:\Users\hamza\Downloads\FYP\AlzVsStr\AlzVsStr\train\Stroke\aug_Stroke 1 (16).jpg,aug_Stroke 1 (16).jpg,Brain Disease,Stroke,train,1
C:\Users\hamza\Downloads\FYP\AlzVsStr\AlzVsStr\train\Stroke\aug_Stroke 1 (160).jpg,aug_Stroke 1 (160).jpg,Brain Disease,Stroke,train,1
C:\Users\hamza\Downloads\FYP\AlzVsStr\AlzVsStr\train\Stroke\aug_Stroke 1 (161).jpg,aug_Stroke 1 (161).jpg,Brain Disease,Stroke,train,1
C:\Users\hamza\Downloads\FYP\AlzVsStr\AlzVsStr\train\Stroke\aug_Stroke 1 (162).jpg,aug_Stroke 1 (162).jpg,Brain Disease,Stroke,train,1
C:\Users\hamza\Downloads\FYP\AlzVsStr\AlzVsStr\train\Stroke\aug_Stroke 1 (163).jpg,aug_Stroke 1 (163).jpg,Brain Disease,Stroke,train,1
C:\Users\hamza\Downloads\FYP\AlzVsStr\AlzVsStr\train\Stroke\aug_Stroke 1 (164).jpg,aug_Stroke 1 (164).jpg,Brain Disease,Stroke,train,1
C:\Users\hamza\Downloads\FYP\AlzVsStr\AlzVsStr\train\Stroke\aug_Stroke 1 (165).jpg,aug_Stroke 1 (165).jpg,Brain Disease,Stroke,train,1
C:\Users\hamza\Downloads\FYP\AlzVsStr\AlzVsStr\train\Stroke\aug_Stroke 1 (166).jpg,aug_Stroke 1 (166).jpg,Brain Disease,Stroke,train,1
C:\Users\hamza\Downloads\FYP\AlzVsStr\AlzVsStr\train\Stroke\aug_Stroke 1 (167).jpg,aug_Stroke 1 (167).jpg,Brain Disease,Stroke,train,1
C:\Users\hamza\Downloads\FYP\AlzVsStr\AlzVsStr\train\Stroke\aug_Stroke 1 (168).jpg,aug_Stroke 1 (168).jpg,Brain Disease,Stroke,train,1
C:\Users\hamza\Downloads\FYP\AlzVsStr\AlzVsStr\train\Stroke\aug_Stroke 1 (169).jpg,aug_Stroke 1 (169).jpg,Brain Disease,Stroke,train,1
C:\Users\hamza\Downloads\FYP\AlzVsStr\AlzVsStr\train\Stroke\aug_Stroke 1 (17).jpg,aug_Stroke 1 (17).jpg,Brain Disease,Stroke,train,1
C:\Users\hamza\Downloads\FYP\AlzVsStr\AlzVsStr\train\Stroke\aug_Stroke 1 (170).jpg,aug_Stroke 1 (170).jpg,Brain Disease,Stroke,train,1
C:\Users\hamza\Downloads\FYP\AlzVsStr\AlzVsStr\train\Stroke\aug_Stroke 1 (171).jpg,aug_Stroke 1 (171).jpg,Brain Disease,Stroke,train,1
C:\Users\hamza\Downloads\FYP\AlzVsStr\AlzVsStr\train\Stroke\aug_Stroke 1 (172).jpg,aug_Stroke 1 (172).jpg,Brain Disease,Stroke,train,1
C:\Users\hamza\Downloads\FYP\AlzVsStr\AlzVsStr\train\Stroke\aug_Stroke 1 (173).jpg,aug_Stroke 1 (173).jpg,Brain Disease,Stroke,train,1
C:\Users\hamza\Downloads\FYP\AlzVsStr\AlzVsStr\train\Stroke\aug_Stroke 1 (174).jpg,aug_Stroke 1 (174).jpg,Brain Disease,Stroke,train,1
C:\Users\hamza\Downloads\FYP\AlzVsStr\AlzVsStr\train\Stroke\aug_Stroke 1 (175).jpg,aug_Stroke 1 (175).jpg,Brain Disease,Stroke,train,1
C:\Users\hamza\Downloads\FYP\AlzVsStr\AlzVsStr\train\Stroke\aug_Stroke 1 (176).jpg,aug_Stroke 1 (176).jpg,Brain Disease,Stroke,train,1
C:\Users\hamza\Downloads\FYP\AlzVsStr\AlzVsStr\train\Stroke\aug_Stroke 1 (177).jpg,aug_Stroke 1 (177).jpg,Brain Disease,Stroke,train,1
C:\Users\hamza\Downloads\FYP\AlzVsStr\AlzVsStr\train\Stroke\aug_Stroke 1 (178).jpg,aug_Stroke 1 (178).jpg,Brain Disease,Stroke,train,1
C:\Users\hamza\Downloads\FYP\AlzVsStr\AlzVsStr\train\Stroke\aug_Stroke 1 (179).jpg,aug_Stroke 1 (179).jpg,Brain Disease,Stroke,train,1
C:\Users\hamza\Downloads\FYP\AlzVsStr\AlzVsStr\train\Stroke\aug_Stroke 1 (18).jpg,aug_Stroke 1 (18).jpg,Brain Disease,Stroke,train,1
C:\Users\hamza\Downloads\FYP\AlzVsStr\AlzVsStr\train\Stroke\aug_Stroke 1 (180).jpg,aug_Stroke 1 (180).jpg,Brain Disease,Stroke,train,1
C:\Users\hamza\Downloads\FYP\AlzVsStr\AlzVsStr\train\Stroke\aug_Stroke 1 (181).jpg,aug_Stroke 1 (181).jpg,Brain Disease,Stroke,train,1
C:\Users\hamza\Downloads\FYP\AlzVsStr\AlzVsStr\train\Stroke\aug_Stroke 1 (182).jpg,aug_Stroke 1 (182).jpg,Brain Disease,Stroke,train,1
C:\Users\hamza\Downloads\FYP\AlzVsStr\AlzVsStr\train\Stroke\aug_Stroke 1 (183).jpg,aug_Stroke 1 (183).jpg,Brain Disease,Stroke,train,1
C:\Users\hamza\Downloads\FYP\AlzVsStr\AlzVsStr\train\Stroke\aug_Stroke 1 (184).jpg,aug_Stroke 1 (184).jpg,Brain Disease,Stroke,train,1
C:\Users\hamza\Downloads\FYP\AlzVsStr\AlzVsStr\train\Stroke\aug_Stroke 1 (185).jpg,aug_Stroke 1 (185).jpg,Brain Disease,Stroke,train,1
C:\Users\hamza\Downloads\FYP\AlzVsStr\AlzVsStr\train\Stroke\aug_Stroke 1 (186).jpg,aug_Stroke 1 (186).jpg,Brain Disease,Stroke,train,1
C:\Users\hamza\Downloads\FYP\AlzVsStr\AlzVsStr\train\Stroke\aug_Stroke 1 (187).jpg,aug_Stroke 1 (187).jpg,Brain Disease,Stroke,train,1
C:\Users\hamza\Downloads\FYP\AlzVsStr\AlzVsStr\train\Stroke\aug_Stroke 1 (188).jpg,aug_Stroke 1 (188).jpg,Brain Disease,Stroke,train,1
C:\Users\hamza\Downloads\FYP\AlzVsStr\AlzVsStr\train\Stroke\aug_Stroke 1 (189).jpg,aug_Stroke 1 (189).jpg,Brain Disease,Stroke,train,1
C:\Users\hamza\Downloads\FYP\AlzVsStr\AlzVsStr\train\Stroke\aug_Stroke 1 (19).jpg,aug_Stroke 1 (19).jpg,Brain Disease,Stroke,train,1
C:\Users\hamza\Downloads\FYP\AlzVsStr\AlzVsStr\train\Stroke\aug_Stroke 1 (190).jpg,aug_Stroke 1 (190).jpg,Brain Disease,Stroke,train,1
C:\Users\hamza\Downloads\FYP\AlzVsStr\AlzVsStr\train\Stroke\aug_Stroke 1 (191).jpg,aug_Stroke 1 (191).jpg,Brain Disease,Stroke,train,1
C:\Users\hamza\Downloads\FYP\AlzVsStr\AlzVsStr\train\Stroke\aug_Stroke 1 (192).jpg,aug_Stroke 1 (192).jpg,Brain Disease,Stroke,train,1
C:\Users\hamza\Downloads\FYP\AlzVsStr\AlzVsStr\train\Stroke\aug_Stroke 1 (193).jpg,aug_Stroke 1 (193).jpg,Brain Disease,Stroke,train,1
C:\Users\hamza\Downloads\FYP\AlzVsStr\AlzVsStr\train\Stroke\aug_Stroke 1 (194).jpg,aug_Stroke 1 (194).jpg,Brain Disease,Stroke,train,1
C:\Users\hamza\Downloads\FYP\AlzVsStr\AlzVsStr\train\Stroke\aug_Stroke 1 (195).jpg,aug_Stroke 1 (195).jpg,Brain Disease,Stroke,train,1
C:\Users\hamza\Downloads\FYP\AlzVsStr\AlzVsStr\train\Stroke\aug_Stroke 1 (196).jpg,aug_Stroke 1 (196).jpg,Brain Disease,Stroke,train,1
C:\Users\hamza\Downloads\FYP\AlzVsStr\AlzVsStr\train\Stroke\aug_Stroke 1 (197).jpg,aug_Stroke 1 (197).jpg,Brain Disease,Stroke,train,1
C:\Users\hamza\Downloads\FYP\AlzVsStr\AlzVsStr\train\Stroke\aug_Stroke 1 (198).jpg,aug_Stroke 1 (198).jpg,Brain Disease,Stroke,train,1
C:\Users\hamza\Downloads\FYP\AlzVsStr\AlzVsStr\train\Stroke\aug_Stroke 1 (199).jpg,aug_Stroke 1 (199).jpg,Brain Disease,Stroke,train,1
C:\Users\hamza\Downloads\FYP\AlzVsStr\AlzVsStr\train\Stroke\aug_Stroke 1 (2).jpg,aug_Stroke 1 (2).jpg,Brain Disease,Stroke,train,1
C:\Users\hamza\Downloads\FYP\AlzVsStr\AlzVsStr\train\Stroke\aug_Stroke 1 (20).jpg,aug_Stroke 1 (20).jpg,Brain Disease,Stroke,train,1
C:\Users\hamza\Downloads\FYP\AlzVsStr\AlzVsStr\train\Stroke\aug_Stroke 1 (200).jpg,aug_Stroke 1 (200).jpg,Brain Disease,Stroke,train,1
C:\Users\hamza\Downloads\FYP\AlzVsStr\AlzVsStr\train\Stroke\aug_Stroke 1 (201).jpg,aug_Stroke 1 (201).jpg,Brain Disease,Stroke,train,1
C:\Users\hamza\Downloads\FYP\AlzVsStr\AlzVsStr\train\Stroke\aug_Stroke 1 (202).jpg,aug_Stroke 1 (202).jpg,Brain Disease,Stroke,train,1
C:\Users\hamza\Downloads\FYP\AlzVsStr\AlzVsStr\train\Stroke\aug_Stroke 1 (203).jpg,aug_Stroke 1 (203).jpg,Brain Disease,Stroke,train,1
C:\Users\hamza\Downloads\FYP\AlzVsStr\AlzVsStr\train\Stroke\aug_Stroke 1 (204).jpg,aug_Stroke 1 (204).jpg,Brain Disease,Stroke,train,1
C:\Users\hamza\Downloads\FYP\AlzVsStr\AlzVsStr\train\Stroke\aug_Stroke 1 (205).jpg,aug_Stroke 1 (205).jpg,Brain Disease,Stroke,train,1
C:\Users\hamza\Downloads\FYP\AlzVsStr\AlzVsStr\train\Stroke\aug_Stroke 1 (206).jpg,aug_Stroke 1 (206).jpg,Brain Disease,Stroke,train,1
C:\Users\hamza\Downloads\FYP\AlzVsStr\AlzVsStr\train\Stroke\aug_Stroke 1 (207).jpg,aug_Stroke 1 (207).jpg,Brain Disease,Stroke,train,1
C:\Users\hamza\Downloads\FYP\AlzVsStr\AlzVsStr\train\Stroke\aug_Stroke 1 (208).jpg,aug_Stroke 1 (208).jpg,Brain Disease,Stroke,train,1
C:\Users\hamza\Downloads\FYP\AlzVsStr\AlzVsStr\train\Stroke\aug_Stroke 1 (209).jpg,aug_Stroke 1 (209).jpg,Brain Disease,Stroke,train,1
C:\Users\hamza\Downloads\FYP\AlzVsStr\AlzVsStr\train\Stroke\aug_Stroke 1 (21).jpg,aug_Stroke 1 (21).jpg,Brain Disease,Stroke,train,1
C:\Users\hamza\Downloads\FYP\AlzVsStr\AlzVsStr\train\Stroke\aug_Stroke 1 (210).jpg,aug_Stroke 1 (210).jpg,Brain Disease,Stroke,train,1
C:\Users\hamza\Downloads\FYP\AlzVsStr\AlzVsStr\train\Stroke\aug_Stroke 1 (211).jpg,aug_Stroke 1 (211).jpg,Brain Disease,Stroke,train,1
C:\Users\hamza\Downloads\FYP\AlzVsStr\AlzVsStr\train\Stroke\aug_Stroke 1 (212).jpg,aug_Stroke 1 (212).jpg,Brain Disease,Stroke,train,1
C:\Users\hamza\Downloads\FYP\AlzVsStr\AlzVsStr\train\Stroke\aug_Stroke 1 (213).jpg,aug_Stroke 1 (213).jpg,Brain Disease,Stroke,train,1
C:\Users\hamza\Downloads\FYP\AlzVsStr\AlzVsStr\train\Stroke\aug_Stroke 1 (214).jpg,aug_Stroke 1 (214).jpg,Brain Disease,Stroke,train,1
C:\Users\hamza\Downloads\FYP\AlzVsStr\AlzVsStr\train\Stroke\aug_Stroke 1 (215).jpg,aug_Stroke 1 (215).jpg,Brain Disease,Stroke,train,1
C:\Users\hamza\Downloads\FYP\AlzVsStr\AlzVsStr\train\Stroke\aug_Stroke 1 (216).jpg,aug_Stroke 1 (216).jpg,Brain Disease,Stroke,train,1
C:\Users\hamza\Downloads\FYP\AlzVsStr\AlzVsStr\train\Stroke\aug_Stroke 1 (217).jpg,aug_Stroke 1 (217).jpg,Brain Disease,Stroke,train,1
C:\Users\hamza\Downloads\FYP\AlzVsStr\AlzVsStr\train\Stroke\aug_Stroke 1 (218).jpg,aug_Stroke 1 (218).jpg,Brain Disease,Stroke,train,1
C:\Users\hamza\Downloads\FYP\AlzVsStr\AlzVsStr\train\Stroke\aug_Stroke 1 (219).jpg,aug_Stroke 1 (219).jpg,Brain Disease,Stroke,train,1
C:\Users\hamza\Downloads\FYP\AlzVsStr\AlzVsStr\train\Stroke\aug_Stroke 1 (22).jpg,aug_Stroke 1 (22).jpg,Brain Disease,Stroke,train,1
C:\Users\hamza\Downloads\FYP\AlzVsStr\AlzVsStr\train\Stroke\aug_Stroke 1 (220).jpg,aug_Stroke 1 (220).jpg,Brain Disease,Stroke,train,1
C:\Users\hamza\Downloads\FYP\AlzVsStr\AlzVsStr\train\Stroke\aug_Stroke 1 (221).jpg,aug_Stroke 1 (221).jpg,Brain Disease,Stroke,train,1
C:\Users\hamza\Downloads\FYP\AlzVsStr\AlzVsStr\train\Stroke\aug_Stroke 1 (222).jpg,aug_Stroke 1 (222).jpg,Brain Disease,Stroke,train,1
C:\Users\hamza\Downloads\FYP\AlzVsStr\AlzVsStr\train\Stroke\aug_Stroke 1 (223).jpg,aug_Stroke 1 (223).jpg,Brain Disease,Stroke,train,1
C:\Users\hamza\Downloads\FYP\AlzVsStr\AlzVsStr\train\Stroke\aug_Stroke 1 (224).jpg,aug_Stroke 1 (224).jpg,Brain Disease,Stroke,train,1
C:\Users\hamza\Downloads\FYP\AlzVsStr\AlzVsStr\train\Stroke\aug_Stroke 1 (225).jpg,aug_Stroke 1 (225).jpg,Brain Disease,Stroke,train,1
C:\Users\hamza\Downloads\FYP\AlzVsStr\AlzVsStr\train\Stroke\aug_Stroke 1 (226).jpg,aug_Stroke 1 (226).jpg,Brain Disease,Stroke,train,1
C:\Users\hamza\Downloads\FYP\AlzVsStr\AlzVsStr\train\Stroke\aug_Stroke 1 (227).jpg,aug_Stroke 1 (227).jpg,Brain Disease,Stroke,train,1
C:\Users\hamza\Downloads\FYP\AlzVsStr\AlzVsStr\train\Stroke\aug_Stroke 1 (228).jpg,aug_Stroke 1 (228).jpg,Brain Disease,Stroke,train,1
C:\Users\hamza\Downloads\FYP\AlzVsStr\AlzVsStr\train\Stroke\aug_Stroke 1 (229).jpg,aug_Stroke 1 (229).jpg,Brain Disease,Stroke,train,1
C:\Users\hamza\Downloads\FYP\AlzVsStr\AlzVsStr\train\Stroke\aug_Stroke 1 (23).jpg,aug_Stroke 1 (23).jpg,Brain Disease,Stroke,train,1
C:\Users\hamza\Downloads\FYP\AlzVsStr\AlzVsStr\train\Stroke\aug_Stroke 1 (230).jpg,aug_Stroke 1 (230).jpg,Brain Disease,Stroke,train,1
C:\Users\hamza\Downloads\FYP\AlzVsStr\AlzVsStr\train\Stroke\aug_Stroke 1 (231).jpg,aug_Stroke 1 (231).jpg,Brain Disease,Stroke,train,1
C:\Users\hamza\Downloads\FYP\AlzVsStr\AlzVsStr\train\Stroke\aug_Stroke 1 (232).jpg,aug_Stroke 1 (232).jpg,Brain Disease,Stroke,train,1
C:\Users\hamza\Downloads\FYP\AlzVsStr\AlzVsStr\train\Stroke\aug_Stroke 1 (233).jpg,aug_Stroke 1 (233).jpg,Brain Disease,Stroke,train,1
C:\Users\hamza\Downloads\FYP\AlzVsStr\AlzVsStr\train\Stroke\aug_Stroke 1 (234).jpg,aug_Stroke 1 (234).jpg,Brain Disease,Stroke,train,1
C:\Users\hamza\Downloads\FYP\AlzVsStr\AlzVsStr\train\Stroke\aug_Stroke 1 (235).jpg,aug_Stroke 1 (235).jpg,Brain Disease,Stroke,train,1
C:\Users\hamza\Downloads\FYP\AlzVsStr\AlzVsStr\train\Stroke\aug_Stroke 1 (236).jpg,aug_Stroke 1 (236).jpg,Brain Disease,Stroke,train,1
C:\Users\hamza\Downloads\FYP\AlzVsStr\AlzVsStr\train\Stroke\aug_Stroke 1 (237).jpg,aug_Stroke 1 (237).jpg,Brain Disease,Stroke,train,1
C:\Users\hamza\Downloads\FYP\AlzVsStr\AlzVsStr\train\Stroke\aug_Stroke 1 (238).jpg,aug_Stroke 1 (238).jpg,Brain Disease,Stroke,train,1
C:\Users\hamza\Downloads\FYP\AlzVsStr\AlzVsStr\train\Stroke\aug_Stroke 1 (239).jpg,aug_Stroke 1 (239).jpg,Brain Disease,Stroke,train,1
C:\Users\hamza\Downloads\FYP\AlzVsStr\AlzVsStr\train\Stroke\aug_Stroke 1 (24).jpg,aug_Stroke 1 (24).jpg,Brain Disease,Stroke,train,1
C:\Users\hamza\Downloads\FYP\AlzVsStr\AlzVsStr\train\Stroke\aug_Stroke 1 (240).jpg,aug_Stroke 1 (240).jpg,Brain Disease,Stroke,train,1
C:\Users\hamza\Downloads\FYP\AlzVsStr\AlzVsStr\train\Stroke\aug_Stroke 1 (241).jpg,aug_Stroke 1 (241).jpg,Brain Disease,Stroke,train,1
C:\Users\hamza\Downloads\FYP\AlzVsStr\AlzVsStr\train\Stroke\aug_Stroke 1 (242).jpg,aug_Stroke 1 (242).jpg,Brain Disease,Stroke,train,1
C:\Users\hamza\Downloads\FYP\AlzVsStr\AlzVsStr\train\Stroke\aug_Stroke 1 (243).jpg,aug_Stroke 1 (243).jpg,Brain Disease,Stroke,train,1
C:\Users\hamza\Downloads\FYP\AlzVsStr\AlzVsStr\train\Stroke\aug_Stroke 1 (244).jpg,aug_Stroke 1 (244).jpg,Brain Disease,Stroke,train,1
C:\Users\hamza\Downloads\FYP\AlzVsStr\AlzVsStr\train\Stroke\aug_Stroke 1 (245).jpg,aug_Stroke 1 (245).jpg,Brain Disease,Stroke,train,1
C:\Users\hamza\Downloads\FYP\AlzVsStr\AlzVsStr\train\Stroke\aug_Stroke 1 (246).jpg,aug_Stroke 1 (246).jpg,Brain Disease,Stroke,train,1
C:\Users\hamza\Downloads\FYP\AlzVsStr\AlzVsStr\train\Stroke\aug_Stroke 1 (247).jpg,aug_Stroke 1 (247).jpg,Brain Disease,Stroke,train,1
C:\Users\hamza\Downloads\FYP\AlzVsStr\AlzVsStr\train\Stroke\aug_Stroke 1 (248).jpg,aug_Stroke 1 (248).jpg,Brain Disease,Stroke,train,1
C:\Users\hamza\Downloads\FYP\AlzVsStr\AlzVsStr\train\Stroke\aug_Stroke 1 (249).jpg,aug_Stroke 1 (249).jpg,Brain Disease,Stroke,train,1
C:\Users\hamza\Downloads\FYP\AlzVsStr\AlzVsStr\train\Stroke\aug_Stroke 1 (25).jpg,aug_Stroke 1 (25).jpg,Brain Disease,Stroke,train,1
C:\Users\hamza\Downloads\FYP\AlzVsStr\AlzVsStr\train\Stroke\aug_Stroke 1 (250).jpg,aug_Stroke 1 (250).jpg,Brain Disease,Stroke,train,1
C:\Users\hamza\Downloads\FYP\AlzVsStr\AlzVsStr\train\Stroke\aug_Stroke 1 (251).jpg,aug_Stroke 1 (251).jpg,Brain Disease,Stroke,train,1
C:\Users\hamza\Downloads\FYP\AlzVsStr\AlzVsStr\train\Stroke\aug_Stroke 1 (252).jpg,aug_Stroke 1 (252).jpg,Brain Disease,Stroke,train,1
C:\Users\hamza\Downloads\FYP\AlzVsStr\AlzVsStr\train\Stroke\aug_Stroke 1 (253).jpg,aug_Stroke 1 (253).jpg,Brain Disease,Stroke,train,1
C:\Users\hamza\Downloads\FYP\AlzVsStr\AlzVsStr\train\Stroke\aug_Stroke 1 (254).jpg,aug_Stroke 1 (254).jpg,Brain Disease,Stroke,train,1
C:\Users\hamza\Downloads\FYP\AlzVsStr\AlzVsStr\train\Stroke\aug_Stroke 1 (255).jpg,aug_Stroke 1 (255).jpg,Brain Disease,Stroke,train,1
C:\Users\hamza\Downloads\FYP\AlzVsStr\AlzVsStr\train\Stroke\aug_Stroke 1 (256).jpg,aug_Stroke 1 (256).jpg,Brain Disease,Stroke,train,1
C:\Users\hamza\Downloads\FYP\AlzVsStr\AlzVsStr\train\Stroke\aug_Stroke 1 (257).jpg,aug_Stroke 1 (257).jpg,Brain Disease,Stroke,train,1
C:\Users\hamza\Downloads\FYP\AlzVsStr\AlzVsStr\train\Stroke\aug_Stroke 1 (258).jpg,aug_Stroke 1 (258).jpg,Brain Disease,Stroke,train,1
C:\Users\hamza\Downloads\FYP\AlzVsStr\AlzVsStr\train\Stroke\aug_Stroke 1 (259).jpg,aug_Stroke 1 (259).jpg,Brain Disease,Stroke,train,1
C:\Users\hamza\Downloads\FYP\AlzVsStr\AlzVsStr\train\Stroke\aug_Stroke 1 (26).jpg,aug_Stroke 1 (26).jpg,Brain Disease,Stroke,train,1
C:\Users\hamza\Downloads\FYP\AlzVsStr\AlzVsStr\train\Stroke\aug_Stroke 1 (260).jpg,aug_Stroke 1 (260).jpg,Brain Disease,Stroke,train,1
C:\Users\hamza\Downloads\FYP\AlzVsStr\AlzVsStr\train\Stroke\aug_Stroke 1 (261).jpg,aug_Stroke 1 (261).jpg,Brain Disease,Stroke,train,1
C:\Users\hamza\Downloads\FYP\AlzVsStr\AlzVsStr\train\Stroke\aug_Stroke 1 (262).jpg,aug_Stroke 1 (262).jpg,Brain Disease,Stroke,train,1
C:\Users\hamza\Downloads\FYP\AlzVsStr\AlzVsStr\train\Stroke\aug_Stroke 1 (263).jpg,aug_Stroke 1 (263).jpg,Brain Disease,Stroke,train,1
C:\Users\hamza\Downloads\FYP\AlzVsStr\AlzVsStr\train\Stroke\aug_Stroke 1 (264).jpg,aug_Stroke 1 (264).jpg,Brain Disease,Stroke,train,1
C:\Users\hamza\Downloads\FYP\AlzVsStr\AlzVsStr\train\Stroke\aug_Stroke 1 (265).jpg,aug_Stroke 1 (265).jpg,Brain Disease,Stroke,train,1
C:\Users\hamza\Downloads\FYP\AlzVsStr\AlzVsStr\train\Stroke\aug_Stroke 1 (266).jpg,aug_Stroke 1 (266).jpg,Brain Disease,Stroke,train,1
C:\Users\hamza\Downloads\FYP\AlzVsStr\AlzVsStr\train\Stroke\aug_Stroke 1 (267).jpg,aug_Stroke 1 (267).jpg,Brain Disease,Stroke,train,1
C:\Users\hamza\Downloads\FYP\AlzVsStr\AlzVsStr\train\Stroke\aug_Stroke 1 (268).jpg,aug_Stroke 1 (268).jpg,Brain Disease,Stroke,train,1
C:\Users\hamza\Downloads\FYP\AlzVsStr\AlzVsStr\train\Stroke\aug_Stroke 1 (269).jpg,aug_Stroke 1 (269).jpg,Brain Disease,Stroke,train,1
C:\Users\hamza\Downloads\FYP\AlzVsStr\AlzVsStr\train\Stroke\aug_Stroke 1 (27).jpg,aug_Stroke 1 (27).jpg,Brain Disease,Stroke,train,1
C:\Users\hamza\Downloads\FYP\AlzVsStr\AlzVsStr\train\Stroke\aug_Stroke 1 (270).jpg,aug_Stroke 1 (270).jpg,Brain Disease,Stroke,train,1
C:\Users\hamza\Downloads\FYP\AlzVsStr\AlzVsStr\train\Stroke\aug_Stroke 1 (271).jpg,aug_Stroke 1 (271).jpg,Brain Disease,Stroke,train,1
C:\Users\hamza\Downloads\FYP\AlzVsStr\AlzVsStr\train\Stroke\aug_Stroke 1 (272).jpg,aug_Stroke 1 (272).jpg,Brain Disease,Stroke,train,1
C:\Users\hamza\Downloads\FYP\AlzVsStr\AlzVsStr\train\Stroke\aug_Stroke 1 (273).jpg,aug_Stroke 1 (273).jpg,Brain Disease,Stroke,train,1
C:\Users\hamza\Downloads\FYP\AlzVsStr\AlzVsStr\train\Stroke\aug_Stroke 1 (274).jpg,aug_Stroke 1 (274).jpg,Brain Disease,Stroke,train,1
C:\Users\hamza\Downloads\FYP\AlzVsStr\AlzVsStr\train\Stroke\aug_Stroke 1 (275).jpg,aug_Stroke 1 (275).jpg,Brain Disease,Stroke,train,1
C:\Users\hamza\Downloads\FYP\AlzVsStr\AlzVsStr\train\Stroke\aug_Stroke 1 (276).jpg,aug_Stroke 1 (276).jpg,Brain Disease,Stroke,train,1
C:\Users\hamza\Downloads\FYP\AlzVsStr\AlzVsStr\train\Stroke\aug_Stroke 1 (277).jpg,aug_Stroke 1 (277).jpg,Brain Disease,Stroke,train,1
C:\Users\hamza\Downloads\FYP\AlzVsStr\AlzVsStr\train\Stroke\aug_Stroke 1 (278).jpg,aug_Stroke 1 (278).jpg,Brain Disease,Stroke,train,1
C:\Users\hamza\Downloads\FYP\AlzVsStr\AlzVsStr\train\Stroke\aug_Stroke 1 (279).jpg,aug_Stroke 1 (279).jpg,Brain Disease,Stroke,train,1
C:\Users\hamza\Downloads\FYP\AlzVsStr\AlzVsStr\train\Stroke\aug_Stroke 1 (28).jpg,aug_Stroke 1 (28).jpg,Brain Disease,Stroke,train,1
C:\Users\hamza\Downloads\FYP\AlzVsStr\AlzVsStr\train\Stroke\aug_Stroke 1 (280).jpg,aug_Stroke 1 (280).jpg,Brain Disease,Stroke,train,1
C:\Users\hamza\Downloads\FYP\AlzVsStr\AlzVsStr\train\Stroke\aug_Stroke 1 (281).jpg,aug_Stroke 1 (281).jpg,Brain Disease,Stroke,train,1
C:\Users\hamza\Downloads\FYP\AlzVsStr\AlzVsStr\train\Stroke\aug_Stroke 1 (282).jpg,aug_Stroke 1 (282).jpg,Brain Disease,Stroke,train,1
C:\Users\hamza\Downloads\FYP\AlzVsStr\AlzVsStr\train\Stroke\aug_Stroke 1 (283).jpg,aug_Stroke 1 (283).jpg,Brain Disease,Stroke,train,1
C:\Users\hamza\Downloads\FYP\AlzVsStr\AlzVsStr\train\Stroke\aug_Stroke 1 (284).jpg,aug_Stroke 1 (284).jpg,Brain Disease,Stroke,train,1
C:\Users\hamza\Downloads\FYP\AlzVsStr\AlzVsStr\train\Stroke\aug_Stroke 1 (285).jpg,aug_Stroke 1 (285).jpg,Brain Disease,Stroke,train,1
C:\Users\hamza\Downloads\FYP\AlzVsStr\AlzVsStr\train\Stroke\aug_Stroke 1 (286).jpg,aug_Stroke 1 (286).jpg,Brain Disease,Stroke,train,1
C:\Users\hamza\Downloads\FYP\AlzVsStr\AlzVsStr\train\Stroke\aug_Stroke 1 (287).jpg,aug_Stroke 1 (287).jpg,Brain Disease,Stroke,train,1
C:\Users\hamza\Downloads\FYP\AlzVsStr\AlzVsStr\train\Stroke\aug_Stroke 1 (288).jpg,aug_Stroke 1 (288).jpg,Brain Disease,Stroke,train,1
C:\Users\hamza\Downloads\FYP\AlzVsStr\AlzVsStr\train\Stroke\aug_Stroke 1 (289).jpg,aug_Stroke 1 (289).jpg,Brain Disease,Stroke,train,1
C:\Users\hamza\Downloads\FYP\AlzVsStr\AlzVsStr\train\Stroke\aug_Stroke 1 (29).jpg,aug_Stroke 1 (29).jpg,Brain Disease,Stroke,train,1
C:\Users\hamza\Downloads\FYP\AlzVsStr\AlzVsStr\train\Stroke\aug_Stroke 1 (290).jpg,aug_Stroke 1 (290).jpg,Brain Disease,Stroke,train,1
C:\Users\hamza\Downloads\FYP\AlzVsStr\AlzVsStr\train\Stroke\aug_Stroke 1 (291).jpg,aug_Stroke 1 (291).jpg,Brain Disease,Stroke,train,1
C:\Users\hamza\Downloads\FYP\AlzVsStr\AlzVsStr\train\Stroke\aug_Stroke 1 (292).jpg,aug_Stroke 1 (292).jpg,Brain Disease,Stroke,train,1
C:\Users\hamza\Downloads\FYP\AlzVsStr\AlzVsStr\train\Stroke\aug_Stroke 1 (293).jpg,aug_Stroke 1 (293).jpg,Brain Disease,Stroke,train,1
C:\Users\hamza\Downloads\FYP\AlzVsStr\AlzVsStr\train\Stroke\aug_Stroke 1 (294).jpg,aug_Stroke 1 (294).jpg,Brain Disease,Stroke,train,1
C:\Users\hamza\Downloads\FYP\AlzVsStr\AlzVsStr\train\Stroke\aug_Stroke 1 (295).jpg,aug_Stroke 1 (295).jpg,Brain Disease,Stroke,train,1
C:\Users\hamza\Downloads\FYP\AlzVsStr\AlzVsStr\train\Stroke\aug_Stroke 1 (296).jpg,aug_Stroke 1 (296).jpg,Brain Disease,Stroke,train,1
C:\Users\hamza\Downloads\FYP\AlzVsStr\AlzVsStr\train\Stroke\aug_Stroke 1 (297).jpg,aug_Stroke 1 (297).jpg,Brain Disease,Stroke,train,1
C:\Users\hamza\Downloads\FYP\AlzVsStr\AlzVsStr\train\Stroke\aug_Stroke 1 (298).jpg,aug_Stroke 1 (298).jpg,Brain Disease,Stroke,train,1
C:\Users\hamza\Downloads\FYP\AlzVsStr\AlzVsStr\train\Stroke\aug_Stroke 1 (299).jpg,aug_Stroke 1 (299).jpg,Brain Disease,Stroke,train,1
C:\Users\hamza\Downloads\FYP\AlzVsStr\AlzVsStr\train\Stroke\aug_Stroke 1 (3).jpg,aug_Stroke 1 (3).jpg,Brain Disease,Stroke,train,1
C:\Users\hamza\Downloads\FYP\AlzVsStr\AlzVsStr\train\Stroke\aug_Stroke 1 (30).jpg,aug_Stroke 1 (30).jpg,Brain Disease,Stroke,train,1
C:\Users\hamza\Downloads\FYP\AlzVsStr\AlzVsStr\train\Stroke\aug_Stroke 1 (300).jpg,aug_Stroke 1 (300).jpg,Brain Disease,Stroke,train,1
C:\Users\hamza\Downloads\FYP\AlzVsStr\AlzVsStr\train\Stroke\aug_Stroke 1 (301).jpg,aug_Stroke 1 (301).jpg,Brain Disease,Stroke,train,1
C:\Users\hamza\Downloads\FYP\AlzVsStr\AlzVsStr\train\Stroke\aug_Stroke 1 (302).jpg,aug_Stroke 1 (302).jpg,Brain Disease,Stroke,train,1
C:\Users\hamza\Downloads\FYP\AlzVsStr\AlzVsStr\train\Stroke\aug_Stroke 1 (303).jpg,aug_Stroke 1 (303).jpg,Brain Disease,Stroke,train,1
C:\Users\hamza\Downloads\FYP\AlzVsStr\AlzVsStr\train\Stroke\aug_Stroke 1 (304).jpg,aug_Stroke 1 (304).jpg,Brain Disease,Stroke,train,1
C:\Users\hamza\Downloads\FYP\AlzVsStr\AlzVsStr\train\Stroke\aug_Stroke 1 (305).jpg,aug_Stroke 1 (305).jpg,Brain Disease,Stroke,train,1
C:\Users\hamza\Downloads\FYP\AlzVsStr\AlzVsStr\train\Stroke\aug_Stroke 1 (306).jpg,aug_Stroke 1 (306).jpg,Brain Disease,Stroke,train,1
C:\Users\hamza\Downloads\FYP\AlzVsStr\AlzVsStr\train\Stroke\aug_Stroke 1 (307).jpg,aug_Stroke 1 (307).jpg,Brain Disease,Stroke,train,1
C:\Users\hamza\Downloads\FYP\AlzVsStr\AlzVsStr\train\Stroke\aug_Stroke 1 (308).jpg,aug_Stroke 1 (308).jpg,Brain Disease,Stroke,train,1
C:\Users\hamza\Downloads\FYP\AlzVsStr\AlzVsStr\train\Stroke\aug_Stroke 1 (309).jpg,aug_Stroke 1 (309).jpg,Brain Disease,Stroke,train,1
C:\Users\hamza\Downloads\FYP\AlzVsStr\AlzVsStr\train\Stroke\aug_Stroke 1 (31).jpg,aug_Stroke 1 (31).jpg,Brain Disease,Stroke,train,1
C:\Users\hamza\Downloads\FYP\AlzVsStr\AlzVsStr\train\Stroke\aug_Stroke 1 (310).jpg,aug_Stroke 1 (310).jpg,Brain Disease,Stroke,train,1
C:\Users\hamza\Downloads\FYP\AlzVsStr\AlzVsStr\train\Stroke\aug_Stroke 1 (311).jpg,aug_Stroke 1 (311).jpg,Brain Disease,Stroke,train,1
C:\Users\hamza\Downloads\FYP\AlzVsStr\AlzVsStr\train\Stroke\aug_Stroke 1 (312).jpg,aug_Stroke 1 (312).jpg,Brain Disease,Stroke,train,1
C:\Users\hamza\Downloads\FYP\AlzVsStr\AlzVsStr\train\Stroke\aug_Stroke 1 (313).jpg,aug_Stroke 1 (313).jpg,Brain Disease,Stroke,train,1
C:\Users\hamza\Downloads\FYP\AlzVsStr\AlzVsStr\train\Stroke\aug_Stroke 1 (314).jpg,aug_Stroke 1 (314).jpg,Brain Disease,Stroke,train,1
C:\Users\hamza\Downloads\FYP\AlzVsStr\AlzVsStr\train\Stroke\aug_Stroke 1 (315).jpg,aug_Stroke 1 (315).jpg,Brain Disease,Stroke,train,1
C:\Users\hamza\Downloads\FYP\AlzVsStr\AlzVsStr\train\Stroke\aug_Stroke 1 (316).jpg,aug_Stroke 1 (316).jpg,Brain Disease,Stroke,train,1
C:\Users\hamza\Downloads\FYP\AlzVsStr\AlzVsStr\train\Stroke\aug_Stroke 1 (317).jpg,aug_Stroke 1 (317).jpg,Brain Disease,Stroke,train,1
C:\Users\hamza\Downloads\FYP\AlzVsStr\AlzVsStr\train\Stroke\aug_Stroke 1 (318).jpg,aug_Stroke 1 (318).jpg,Brain Disease,Stroke,train,1
C:\Users\hamza\Downloads\FYP\AlzVsStr\AlzVsStr\train\Stroke\aug_Stroke 1 (319).jpg,aug_Stroke 1 (319).jpg,Brain Disease,Stroke,train,1
C:\Users\hamza\Downloads\FYP\AlzVsStr\AlzVsStr\train\Stroke\aug_Stroke 1 (32).jpg,aug_Stroke 1 (32).jpg,Brain Disease,Stroke,train,1
C:\Users\hamza\Downloads\FYP\AlzVsStr\AlzVsStr\train\Stroke\aug_Stroke 1 (320).jpg,aug_Stroke 1 (320).jpg,Brain Disease,Stroke,train,1
C:\Users\hamza\Downloads\FYP\AlzVsStr\AlzVsStr\train\Stroke\aug_Stroke 1 (321).jpg,aug_Stroke 1 (321).jpg,Brain Disease,Stroke,train,1
C:\Users\hamza\Downloads\FYP\AlzVsStr\AlzVsStr\train\Stroke\aug_Stroke 1 (322).jpg,aug_Stroke 1 (322).jpg,Brain Disease,Stroke,train,1
C:\Users\hamza\Downloads\FYP\AlzVsStr\AlzVsStr\train\Stroke\aug_Stroke 1 (323).jpg,aug_Stroke 1 (323).jpg,Brain Disease,Stroke,train,1
C:\Users\hamza\Downloads\FYP\AlzVsStr\AlzVsStr\train\Stroke\aug_Stroke 1 (324).jpg,aug_Stroke 1 (324).jpg,Brain Disease,Stroke,train,1
C:\Users\hamza\Downloads\FYP\AlzVsStr\AlzVsStr\train\Stroke\aug_Stroke 1 (325).jpg,aug_Stroke 1 (325).jpg,Brain Disease,Stroke,train,1
C:\Users\hamza\Downloads\FYP\AlzVsStr\AlzVsStr\train\Stroke\aug_Stroke 1 (326).jpg,aug_Stroke 1 (326).jpg,Brain Disease,Stroke,train,1
C:\Users\hamza\Downloads\FYP\AlzVsStr\AlzVsStr\train\Stroke\aug_Stroke 1 (327).jpg,aug_Stroke 1 (327).jpg,Brain Disease,Stroke,train,1
C:\Users\hamza\Downloads\FYP\AlzVsStr\AlzVsStr\train\Stroke\aug_Stroke 1 (328).jpg,aug_Stroke 1 (328).jpg,Brain Disease,Stroke,train,1
C:\Users\hamza\Downloads\FYP\AlzVsStr\AlzVsStr\train\Stroke\aug_Stroke 1 (329).jpg,aug_Stroke 1 (329).jpg,Brain Disease,Stroke,train,1
C:\Users\hamza\Downloads\FYP\AlzVsStr\AlzVsStr\train\Stroke\aug_Stroke 1 (33).jpg,aug_Stroke 1 (33).jpg,Brain Disease,Stroke,train,1
C:\Users\hamza\Downloads\FYP\AlzVsStr\AlzVsStr\train\Stroke\aug_Stroke 1 (330).jpg,aug_Stroke 1 (330).jpg,Brain Disease,Stroke,train,1
C:\Users\hamza\Downloads\FYP\AlzVsStr\AlzVsStr\train\Stroke\aug_Stroke 1 (331).jpg,aug_Stroke 1 (331).jpg,Brain Disease,Stroke,train,1
C:\Users\hamza\Downloads\FYP\AlzVsStr\AlzVsStr\train\Stroke\aug_Stroke 1 (332).jpg,aug_Stroke 1 (332).jpg,Brain Disease,Stroke,train,1
C:\Users\hamza\Downloads\FYP\AlzVsStr\AlzVsStr\train\Stroke\aug_Stroke 1 (333).jpg,aug_Stroke 1 (333).jpg,Brain Disease,Stroke,train,1
C:\Users\hamza\Downloads\FYP\AlzVsStr\AlzVsStr\train\Stroke\aug_Stroke 1 (334).jpg,aug_Stroke 1 (334).jpg,Brain Disease,Stroke,train,1
C:\Users\hamza\Downloads\FYP\AlzVsStr\AlzVsStr\train\Stroke\aug_Stroke 1 (335).jpg,aug_Stroke 1 (335).jpg,Brain Disease,Stroke,train,1
C:\Users\hamza\Downloads\FYP\AlzVsStr\AlzVsStr\train\Stroke\aug_Stroke 1 (336).jpg,aug_Stroke 1 (336).jpg,Brain Disease,Stroke,train,1
C:\Users\hamza\Downloads\FYP\AlzVsStr\AlzVsStr\train\Stroke\aug_Stroke 1 (337).jpg,aug_Stroke 1 (337).jpg,Brain Disease,Stroke,train,1
C:\Users\hamza\Downloads\FYP\AlzVsStr\AlzVsStr\train\Stroke\aug_Stroke 1 (338).jpg,aug_Stroke 1 (338).jpg,Brain Disease,Stroke,train,1
C:\Users\hamza\Downloads\FYP\AlzVsStr\AlzVsStr\train\Stroke\aug_Stroke 1 (339).jpg,aug_Stroke 1 (339).jpg,Brain Disease,Stroke,train,1
C:\Users\hamza\Downloads\FYP\AlzVsStr\AlzVsStr\train\Stroke\aug_Stroke 1 (34).jpg,aug_Stroke 1 (34).jpg,Brain Disease,Stroke,train,1
C:\Users\hamza\Downloads\FYP\AlzVsStr\AlzVsStr\train\Stroke\aug_Stroke 1 (340).jpg,aug_Stroke 1 (340).jpg,Brain Disease,Stroke,train,1
C:\Users\hamza\Downloads\FYP\AlzVsStr\AlzVsStr\train\Stroke\aug_Stroke 1 (341).jpg,aug_Stroke 1 (341).jpg,Brain Disease,Stroke,train,1
C:\Users\hamza\Downloads\FYP\AlzVsStr\AlzVsStr\train\Stroke\aug_Stroke 1 (342).jpg,aug_Stroke 1 (342).jpg,Brain Disease,Stroke,train,1
C:\Users\hamza\Downloads\FYP\AlzVsStr\AlzVsStr\train\Stroke\aug_Stroke 1 (343).jpg,aug_Stroke 1 (343).jpg,Brain Disease,Stroke,train,1
C:\Users\hamza\Downloads\FYP\AlzVsStr\AlzVsStr\train\Stroke\aug_Stroke 1 (344).jpg,aug_Stroke 1 (344).jpg,Brain Disease,Stroke,train,1
C:\Users\hamza\Downloads\FYP\AlzVsStr\AlzVsStr\train\Stroke\aug_Stroke 1 (345).jpg,aug_Stroke 1 (345).jpg,Brain Disease,Stroke,train,1
C:\Users\hamza\Downloads\FYP\AlzVsStr\AlzVsStr\train\Stroke\aug_Stroke 1 (346).jpg,aug_Stroke 1 (346).jpg,Brain Disease,Stroke,train,1
C:\Users\hamza\Downloads\FYP\AlzVsStr\AlzVsStr\train\Stroke\aug_Stroke 1 (347).jpg,aug_Stroke 1 (347).jpg,Brain Disease,Stroke,train,1
C:\Users\hamza\Downloads\FYP\AlzVsStr\AlzVsStr\train\Stroke\aug_Stroke 1 (348).jpg,aug_Stroke 1 (348).jpg,Brain Disease,Stroke,train,1
C:\Users\hamza\Downloads\FYP\AlzVsStr\AlzVsStr\train\Stroke\aug_Stroke 1 (349).jpg,aug_Stroke 1 (349).jpg,Brain Disease,Stroke,train,1
C:\Users\hamza\Downloads\FYP\AlzVsStr\AlzVsStr\train\Stroke\aug_Stroke 1 (35).jpg,aug_Stroke 1 (35).jpg,Brain Disease,Stroke,train,1
C:\Users\hamza\Downloads\FYP\AlzVsStr\AlzVsStr\train\Stroke\aug_Stroke 1 (350).jpg,aug_Stroke 1 (350).jpg,Brain Disease,Stroke,train,1
C:\Users\hamza\Downloads\FYP\AlzVsStr\AlzVsStr\train\Stroke\aug_Stroke 1 (351).jpg,aug_Stroke 1 (351).jpg,Brain Disease,Stroke,train,1
C:\Users\hamza\Downloads\FYP\AlzVsStr\AlzVsStr\train\Stroke\aug_Stroke 1 (352).jpg,aug_Stroke 1 (352).jpg,Brain Disease,Stroke,train,1
C:\Users\hamza\Downloads\FYP\AlzVsStr\AlzVsStr\train\Stroke\aug_Stroke 1 (353).jpg,aug_Stroke 1 (353).jpg,Brain Disease,Stroke,train,1
C:\Users\hamza\Downloads\FYP\AlzVsStr\AlzVsStr\train\Stroke\aug_Stroke 1 (354).jpg,aug_Stroke 1 (354).jpg,Brain Disease,Stroke,train,1
C:\Users\hamza\Downloads\FYP\AlzVsStr\AlzVsStr\train\Stroke\aug_Stroke 1 (355).jpg,aug_Stroke 1 (355).jpg,Brain Disease,Stroke,train,1
C:\Users\hamza\Downloads\FYP\AlzVsStr\AlzVsStr\train\Stroke\aug_Stroke 1 (356).jpg,aug_Stroke 1 (356).jpg,Brain Disease,Stroke,train,1
C:\Users\hamza\Downloads\FYP\AlzVsStr\AlzVsStr\train\Stroke\aug_Stroke 1 (357).jpg,aug_Stroke 1 (357).jpg,Brain Disease,Stroke,train,1
C:\Users\hamza\Downloads\FYP\AlzVsStr\AlzVsStr\train\Stroke\aug_Stroke 1 (358).jpg,aug_Stroke 1 (358).jpg,Brain Disease,Stroke,train,1
C:\Users\hamza\Downloads\FYP\AlzVsStr\AlzVsStr\train\Stroke\aug_Stroke 1 (359).jpg,aug_Stroke 1 (359).jpg,Brain Disease,Stroke,train,1
C:\Users\hamza\Downloads\FYP\AlzVsStr\AlzVsStr\train\Stroke\aug_Stroke 1 (36).jpg,aug_Stroke 1 (36).jpg,Brain Disease,Stroke,train,1
C:\Users\hamza\Downloads\FYP\AlzVsStr\AlzVsStr\train\Stroke\aug_Stroke 1 (360).jpg,aug_Stroke 1 (360).jpg,Brain Disease,Stroke,train,1
C:\Users\hamza\Downloads\FYP\AlzVsStr\AlzVsStr\train\Stroke\aug_Stroke 1 (361).jpg,aug_Stroke 1 (361).jpg,Brain Disease,Stroke,train,1
C:\Users\hamza\Downloads\FYP\AlzVsStr\AlzVsStr\train\Stroke\aug_Stroke 1 (362).jpg,aug_Stroke 1 (362).jpg,Brain Disease,Stroke,train,1
C:\Users\hamza\Downloads\FYP\AlzVsStr\AlzVsStr\train\Stroke\aug_Stroke 1 (363).jpg,aug_Stroke 1 (363).jpg,Brain Disease,Stroke,train,1
C:\Users\hamza\Downloads\FYP\AlzVsStr\AlzVsStr\train\Stroke\aug_Stroke 1 (364).jpg,aug_Stroke 1 (364).jpg,Brain Disease,Stroke,train,1
C:\Users\hamza\Downloads\FYP\AlzVsStr\AlzVsStr\train\Stroke\aug_Stroke 1 (365).jpg,aug_Stroke 1 (365).jpg,Brain Disease,Stroke,train,1
C:\Users\hamza\Downloads\FYP\AlzVsStr\AlzVsStr\train\Stroke\aug_Stroke 1 (366).jpg,aug_Stroke 1 (366).jpg,Brain Disease,Stroke,train,1
C:\Users\hamza\Downloads\FYP\AlzVsStr\AlzVsStr\train\Stroke\aug_Stroke 1 (367).jpg,aug_Stroke 1 (367).jpg,Brain Disease,Stroke,train,1
C:\Users\hamza\Downloads\FYP\AlzVsStr\AlzVsStr\train\Stroke\aug_Stroke 1 (368).jpg,aug_Stroke 1 (368).jpg,Brain Disease,Stroke,train,1
C:\Users\hamza\Downloads\FYP\AlzVsStr\AlzVsStr\train\Stroke\aug_Stroke 1 (369).jpg,aug_Stroke 1 (369).jpg,Brain Disease,Stroke,train,1
C:\Users\hamza\Downloads\FYP\AlzVsStr\AlzVsStr\train\Stroke\aug_Stroke 1 (37).jpg,aug_Stroke 1 (37).jpg,Brain Disease,Stroke,train,1
C:\Users\hamza\Downloads\FYP\AlzVsStr\AlzVsStr\train\Stroke\aug_Stroke 1 (370).jpg,aug_Stroke 1 (370).jpg,Brain Disease,Stroke,train,1
C:\Users\hamza\Downloads\FYP\AlzVsStr\AlzVsStr\train\Stroke\aug_Stroke 1 (371).jpg,aug_Stroke 1 (371).jpg,Brain Disease,Stroke,train,1
C:\Users\hamza\Downloads\FYP\AlzVsStr\AlzVsStr\train\Stroke\aug_Stroke 1 (372).jpg,aug_Stroke 1 (372).jpg,Brain Disease,Stroke,train,1
C:\Users\hamza\Downloads\FYP\AlzVsStr\AlzVsStr\train\Stroke\aug_Stroke 1 (373).jpg,aug_Stroke 1 (373).jpg,Brain Disease,Stroke,train,1
C:\Users\hamza\Downloads\FYP\AlzVsStr\AlzVsStr\train\Stroke\aug_Stroke 1 (374).jpg,aug_Stroke 1 (374).jpg,Brain Disease,Stroke,train,1
C:\Users\hamza\Downloads\FYP\AlzVsStr\AlzVsStr\train\Stroke\aug_Stroke 1 (375).jpg,aug_Stroke 1 (375).jpg,Brain Disease,Stroke,train,1
C:\Users\hamza\Downloads\FYP\AlzVsStr\AlzVsStr\train\Stroke\aug_Stroke 1 (376).jpg,aug_Stroke 1 (376).jpg,Brain Disease,Stroke,train,1
C:\Users\hamza\Downloads\FYP\AlzVsStr\AlzVsStr\train\Stroke\aug_Stroke 1 (377).jpg,aug_Stroke 1 (377).jpg,Brain Disease,Stroke,train,1
C:\Users\hamza\Downloads\FYP\AlzVsStr\AlzVsStr\train\Stroke\aug_Stroke 1 (378).jpg,aug_Stroke 1 (378).jpg,Brain Disease,Stroke,train,1
C:\Users\hamza\Downloads\FYP\AlzVsStr\AlzVsStr\train\Stroke\aug_Stroke 1 (379).jpg,aug_Stroke 1 (379).jpg,Brain Disease,Stroke,train,1
C:\Users\hamza\Downloads\FYP\AlzVsStr\AlzVsStr\train\Stroke\aug_Stroke 1 (38).jpg,aug_Stroke 1 (38).jpg,Brain Disease,Stroke,train,1
C:\Users\hamza\Downloads\FYP\AlzVsStr\AlzVsStr\train\Stroke\aug_Stroke 1 (380).jpg,aug_Stroke 1 (380).jpg,Brain Disease,Stroke,train,1
C:\Users\hamza\Downloads\FYP\AlzVsStr\AlzVsStr\train\Stroke\aug_Stroke 1 (381).jpg,aug_Stroke 1 (381).jpg,Brain Disease,Stroke,train,1
C:\Users\hamza\Downloads\FYP\AlzVsStr\AlzVsStr\train\Stroke\aug_Stroke 1 (382).jpg,aug_Stroke 1 (382).jpg,Brain Disease,Stroke,train,1
C:\Users\hamza\Downloads\FYP\AlzVsStr\AlzVsStr\train\Stroke\aug_Stroke 1 (383).jpg,aug_Stroke 1 (383).jpg,Brain Disease,Stroke,train,1
C:\Users\hamza\Downloads\FYP\AlzVsStr\AlzVsStr\train\Stroke\aug_Stroke 1 (384).jpg,aug_Stroke 1 (384).jpg,Brain Disease,Stroke,train,1
C:\Users\hamza\Downloads\FYP\AlzVsStr\AlzVsStr\train\Stroke\aug_Stroke 1 (385).jpg,aug_Stroke 1 (385).jpg,Brain Disease,Stroke,train,1
C:\Users\hamza\Downloads\FYP\AlzVsStr\AlzVsStr\train\Stroke\aug_Stroke 1 (386).jpg,aug_Stroke 1 (386).jpg,Brain Disease,Stroke,train,1
C:\Users\hamza\Downloads\FYP\AlzVsStr\AlzVsStr\train\Stroke\aug_Stroke 1 (387).jpg,aug_Stroke 1 (387).jpg,Brain Disease,Stroke,train,1
C:\Users\hamza\Downloads\FYP\AlzVsStr\AlzVsStr\train\Stroke\aug_Stroke 1 (388).jpg,aug_Stroke 1 (388).jpg,Brain Disease,Stroke,train,1
C:\Users\hamza\Downloads\FYP\AlzVsStr\AlzVsStr\train\Stroke\aug_Stroke 1 (389).jpg,aug_Stroke 1 (389).jpg,Brain Disease,Stroke,train,1
C:\Users\hamza\Downloads\FYP\AlzVsStr\AlzVsStr\train\Stroke\aug_Stroke 1 (39).jpg,aug_Stroke 1 (39).jpg,Brain Disease,Stroke,train,1
C:\Users\hamza\Downloads\FYP\AlzVsStr\AlzVsStr\train\Stroke\aug_Stroke 1 (390).jpg,aug_Stroke 1 (390).jpg,Brain Disease,Stroke,train,1
C:\Users\hamza\Downloads\FYP\AlzVsStr\AlzVsStr\train\Stroke\aug_Stroke 1 (391).jpg,aug_Stroke 1 (391).jpg,Brain Disease,Stroke,train,1
C:\Users\hamza\Downloads\FYP\AlzVsStr\AlzVsStr\train\Stroke\aug_Stroke 1 (392).jpg,aug_Stroke 1 (392).jpg,Brain Disease,Stroke,train,1
C:\Users\hamza\Downloads\FYP\AlzVsStr\AlzVsStr\train\Stroke\aug_Stroke 1 (393).jpg,aug_Stroke 1 (393).jpg,Brain Disease,Stroke,train,1
C:\Users\hamza\Downloads\FYP\AlzVsStr\AlzVsStr\train\Stroke\aug_Stroke 1 (394).jpg,aug_Stroke 1 (394).jpg,Brain Disease,Stroke,train,1
C:\Users\hamza\Downloads\FYP\AlzVsStr\AlzVsStr\train\Stroke\aug_Stroke 1 (395).jpg,aug_Stroke 1 (395).jpg,Brain Disease,Stroke,train,1
C:\Users\hamza\Downloads\FYP\AlzVsStr\AlzVsStr\train\Stroke\aug_Stroke 1 (396).jpg,aug_Stroke 1 (396).jpg,Brain Disease,Stroke,train,1
C:\Users\hamza\Downloads\FYP\AlzVsStr\AlzVsStr\train\Stroke\aug_Stroke 1 (397).jpg,aug_Stroke 1 (397).jpg,Brain Disease,Stroke,train,1
C:\Users\hamza\Downloads\FYP\AlzVsStr\AlzVsStr\train\Stroke\aug_Stroke 1 (398).jpg,aug_Stroke 1 (398).jpg,Brain Disease,Stroke,train,1
C:\Users\hamza\Downloads\FYP\AlzVsStr\AlzVsStr\train\Stroke\aug_Stroke 1 (399).jpg,aug_Stroke 1 (399).jpg,Brain Disease,Stroke,train,1
C:\Users\hamza\Downloads\FYP\AlzVsStr\AlzVsStr\train\Stroke\aug_Stroke 1 (4).jpg,aug_Stroke 1 (4).jpg,Brain Disease,Stroke,train,1
C:\Users\hamza\Downloads\FYP\AlzVsStr\AlzVsStr\train\Stroke\aug_Stroke 1 (40).jpg,aug_Stroke 1 (40).jpg,Brain Disease,Stroke,train,1
C:\Users\hamza\Downloads\FYP\AlzVsStr\AlzVsStr\train\Stroke\aug_Stroke 1 (400).jpg,aug_Stroke 1 (400).jpg,Brain Disease,Stroke,train,1
C:\Users\hamza\Downloads\FYP\AlzVsStr\AlzVsStr\train\Stroke\aug_Stroke 1 (401).jpg,aug_Stroke 1 (401).jpg,Brain Disease,Stroke,train,1
C:\Users\hamza\Downloads\FYP\AlzVsStr\AlzVsStr\train\Stroke\aug_Stroke 1 (402).jpg,aug_Stroke 1 (402).jpg,Brain Disease,Stroke,train,1
C:\Users\hamza\Downloads\FYP\AlzVsStr\AlzVsStr\train\Stroke\aug_Stroke 1 (403).jpg,aug_Stroke 1 (403).jpg,Brain Disease,Stroke,train,1
C:\Users\hamza\Downloads\FYP\AlzVsStr\AlzVsStr\train\Stroke\aug_Stroke 1 (404).jpg,aug_Stroke 1 (404).jpg,Brain Disease,Stroke,train,1
C:\Users\hamza\Downloads\FYP\AlzVsStr\AlzVsStr\train\Stroke\aug_Stroke 1 (405).jpg,aug_Stroke 1 (405).jpg,Brain Disease,Stroke,train,1
C:\Users\hamza\Downloads\FYP\AlzVsStr\AlzVsStr\train\Stroke\aug_Stroke 1 (406).jpg,aug_Stroke 1 (406).jpg,Brain Disease,Stroke,train,1
C:\Users\hamza\Downloads\FYP\AlzVsStr\AlzVsStr\train\Stroke\aug_Stroke 1 (407).jpg,aug_Stroke 1 (407).jpg,Brain Disease,Stroke,train,1
C:\Users\hamza\Downloads\FYP\AlzVsStr\AlzVsStr\train\Stroke\aug_Stroke 1 (408).jpg,aug_Stroke 1 (408).jpg,Brain Disease,Stroke,train,1
C:\Users\hamza\Downloads\FYP\AlzVsStr\AlzVsStr\train\Stroke\aug_Stroke 1 (409).jpg,aug_Stroke 1 (409).jpg,Brain Disease,Stroke,train,1
C:\Users\hamza\Downloads\FYP\AlzVsStr\AlzVsStr\train\Stroke\aug_Stroke 1 (41).jpg,aug_Stroke 1 (41).jpg,Brain Disease,Stroke,train,1
C:\Users\hamza\Downloads\FYP\AlzVsStr\AlzVsStr\train\Stroke\aug_Stroke 1 (410).jpg,aug_Stroke 1 (410).jpg,Brain Disease,Stroke,train,1
C:\Users\hamza\Downloads\FYP\AlzVsStr\AlzVsStr\train\Stroke\aug_Stroke 1 (411).jpg,aug_Stroke 1 (411).jpg,Brain Disease,Stroke,train,1
C:\Users\hamza\Downloads\FYP\AlzVsStr\AlzVsStr\train\Stroke\aug_Stroke 1 (412).jpg,aug_Stroke 1 (412).jpg,Brain Disease,Stroke,train,1
C:\Users\hamza\Downloads\FYP\AlzVsStr\AlzVsStr\train\Stroke\aug_Stroke 1 (413).jpg,aug_Stroke 1 (413).jpg,Brain Disease,Stroke,train,1
C:\Users\hamza\Downloads\FYP\AlzVsStr\AlzVsStr\train\Stroke\aug_Stroke 1 (414).jpg,aug_Stroke 1 (414).jpg,Brain Disease,Stroke,train,1
C:\Users\hamza\Downloads\FYP\AlzVsStr\AlzVsStr\train\Stroke\aug_Stroke 1 (415).jpg,aug_Stroke 1 (415).jpg,Brain Disease,Stroke,train,1
C:\Users\hamza\Downloads\FYP\AlzVsStr\AlzVsStr\train\Stroke\aug_Stroke 1 (416).jpg,aug_Stroke 1 (416).jpg,Brain Disease,Stroke,train,1
C:\Users\hamza\Downloads\FYP\AlzVsStr\AlzVsStr\train\Stroke\aug_Stroke 1 (417).jpg,aug_Stroke 1 (417).jpg,Brain Disease,Stroke,train,1
C:\Users\hamza\Downloads\FYP\AlzVsStr\AlzVsStr\train\Stroke\aug_Stroke 1 (418).jpg,aug_Stroke 1 (418).jpg,Brain Disease,Stroke,train,1
C:\Users\hamza\Downloads\FYP\AlzVsStr\AlzVsStr\train\Stroke\aug_Stroke 1 (419).jpg,aug_Stroke 1 (419).jpg,Brain Disease,Stroke,train,1
C:\Users\hamza\Downloads\FYP\AlzVsStr\AlzVsStr\train\Stroke\aug_Stroke 1 (42).jpg,aug_Stroke 1 (42).jpg,Brain Disease,Stroke,train,1
C:\Users\hamza\Downloads\FYP\AlzVsStr\AlzVsStr\train\Stroke\aug_Stroke 1 (420).jpg,aug_Stroke 1 (420).jpg,Brain Disease,Stroke,train,1
C:\Users\hamza\Downloads\FYP\AlzVsStr\AlzVsStr\train\Stroke\aug_Stroke 1 (421).jpg,aug_Stroke 1 (421).jpg,Brain Disease,Stroke,train,1
C:\Users\hamza\Downloads\FYP\AlzVsStr\AlzVsStr\train\Stroke\aug_Stroke 1 (422).jpg,aug_Stroke 1 (422).jpg,Brain Disease,Stroke,train,1
C:\Users\hamza\Downloads\FYP\AlzVsStr\AlzVsStr\train\Stroke\aug_Stroke 1 (423).jpg,aug_Stroke 1 (423).jpg,Brain Disease,Stroke,train,1
C:\Users\hamza\Downloads\FYP\AlzVsStr\AlzVsStr\train\Stroke\aug_Stroke 1 (424).jpg,aug_Stroke 1 (424).jpg,Brain Disease,Stroke,train,1
C:\Users\hamza\Downloads\FYP\AlzVsStr\AlzVsStr\train\Stroke\aug_Stroke 1 (425).jpg,aug_Stroke 1 (425).jpg,Brain Disease,Stroke,train,1
C:\Users\hamza\Downloads\FYP\AlzVsStr\AlzVsStr\train\Stroke\aug_Stroke 1 (426).jpg,aug_Stroke 1 (426).jpg,Brain Disease,Stroke,train,1
C:\Users\hamza\Downloads\FYP\AlzVsStr\AlzVsStr\train\Stroke\aug_Stroke 1 (427).jpg,aug_Stroke 1 (427).jpg,Brain Disease,Stroke,train,1
C:\Users\hamza\Downloads\FYP\AlzVsStr\AlzVsStr\train\Stroke\aug_Stroke 1 (428).jpg,aug_Stroke 1 (428).jpg,Brain Disease,Stroke,train,1
C:\Users\hamza\Downloads\FYP\AlzVsStr\AlzVsStr\train\Stroke\aug_Stroke 1 (429).jpg,aug_Stroke 1 (429).jpg,Brain Disease,Stroke,train,1
C:\Users\hamza\Downloads\FYP\AlzVsStr\AlzVsStr\train\Stroke\aug_Stroke 1 (43).jpg,aug_Stroke 1 (43).jpg,Brain Disease,Stroke,train,1
C:\Users\hamza\Downloads\FYP\AlzVsStr\AlzVsStr\train\Stroke\aug_Stroke 1 (430).jpg,aug_Stroke 1 (430).jpg,Brain Disease,Stroke,train,1
C:\Users\hamza\Downloads\FYP\AlzVsStr\AlzVsStr\train\Stroke\aug_Stroke 1 (431).jpg,aug_Stroke 1 (431).jpg,Brain Disease,Stroke,train,1
C:\Users\hamza\Downloads\FYP\AlzVsStr\AlzVsStr\train\Stroke\aug_Stroke 1 (432).jpg,aug_Stroke 1 (432).jpg,Brain Disease,Stroke,train,1
C:\Users\hamza\Downloads\FYP\AlzVsStr\AlzVsStr\train\Stroke\aug_Stroke 1 (433).jpg,aug_Stroke 1 (433).jpg,Brain Disease,Stroke,train,1
C:\Users\hamza\Downloads\FYP\AlzVsStr\AlzVsStr\train\Stroke\aug_Stroke 1 (434).jpg,aug_Stroke 1 (434).jpg,Brain Disease,Stroke,train,1
C:\Users\hamza\Downloads\FYP\AlzVsStr\AlzVsStr\train\Stroke\aug_Stroke 1 (435).jpg,aug_Stroke 1 (435).jpg,Brain Disease,Stroke,train,1
C:\Users\hamza\Downloads\FYP\AlzVsStr\AlzVsStr\train\Stroke\aug_Stroke 1 (436).jpg,aug_Stroke 1 (436).jpg,Brain Disease,Stroke,train,1
C:\Users\hamza\Downloads\FYP\AlzVsStr\AlzVsStr\train\Stroke\aug_Stroke 1 (437).jpg,aug_Stroke 1 (437).jpg,Brain Disease,Stroke,train,1
C:\Users\hamza\Downloads\FYP\AlzVsStr\AlzVsStr\train\Stroke\aug_Stroke 1 (438).jpg,aug_Stroke 1 (438).jpg,Brain Disease,Stroke,train,1
C:\Users\hamza\Downloads\FYP\AlzVsStr\AlzVsStr\train\Stroke\aug_Stroke 1 (439).jpg,aug_Stroke 1 (439).jpg,Brain Disease,Stroke,train,1
C:\Users\hamza\Downloads\FYP\AlzVsStr\AlzVsStr\train\Stroke\aug_Stroke 1 (44).jpg,aug_Stroke 1 (44).jpg,Brain Disease,Stroke,train,1
C:\Users\hamza\Downloads\FYP\AlzVsStr\AlzVsStr\train\Stroke\aug_Stroke 1 (440).jpg,aug_Stroke 1 (440).jpg,Brain Disease,Stroke,train,1
C:\Users\hamza\Downloads\FYP\AlzVsStr\AlzVsStr\train\Stroke\aug_Stroke 1 (441).jpg,aug_Stroke 1 (441).jpg,Brain Disease,Stroke,train,1
C:\Users\hamza\Downloads\FYP\AlzVsStr\AlzVsStr\train\Stroke\aug_Stroke 1 (442).jpg,aug_Stroke 1 (442).jpg,Brain Disease,Stroke,train,1
C:\Users\hamza\Downloads\FYP\AlzVsStr\AlzVsStr\train\Stroke\aug_Stroke 1 (443).jpg,aug_Stroke 1 (443).jpg,Brain Disease,Stroke,train,1
C:\Users\hamza\Downloads\FYP\AlzVsStr\AlzVsStr\train\Stroke\aug_Stroke 1 (444).jpg,aug_Stroke 1 (444).jpg,Brain Disease,Stroke,train,1
C:\Users\hamza\Downloads\FYP\AlzVsStr\AlzVsStr\train\Stroke\aug_Stroke 1 (445).jpg,aug_Stroke 1 (445).jpg,Brain Disease,Stroke,train,1
C:\Users\hamza\Downloads\FYP\AlzVsStr\AlzVsStr\train\Stroke\aug_Stroke 1 (446).jpg,aug_Stroke 1 (446).jpg,Brain Disease,Stroke,train,1
C:\Users\hamza\Downloads\FYP\AlzVsStr\AlzVsStr\train\Stroke\aug_Stroke 1 (447).jpg,aug_Stroke 1 (447).jpg,Brain Disease,Stroke,train,1
C:\Users\hamza\Downloads\FYP\AlzVsStr\AlzVsStr\train\Stroke\aug_Stroke 1 (448).jpg,aug_Stroke 1 (448).jpg,Brain Disease,Stroke,train,1
C:\Users\hamza\Downloads\FYP\AlzVsStr\AlzVsStr\train\Stroke\aug_Stroke 1 (449).jpg,aug_Stroke 1 (449).jpg,Brain Disease,Stroke,train,1
C:\Users\hamza\Downloads\FYP\AlzVsStr\AlzVsStr\train\Stroke\aug_Stroke 1 (45).jpg,aug_Stroke 1 (45).jpg,Brain Disease,Stroke,train,1
C:\Users\hamza\Downloads\FYP\AlzVsStr\AlzVsStr\train\Stroke\aug_Stroke 1 (450).jpg,aug_Stroke 1 (450).jpg,Brain Disease,Stroke,train,1
C:\Users\hamza\Downloads\FYP\AlzVsStr\AlzVsStr\train\Stroke\aug_Stroke 1 (451).jpg,aug_Stroke 1 (451).jpg,Brain Disease,Stroke,train,1
C:\Users\hamza\Downloads\FYP\AlzVsStr\AlzVsStr\train\Stroke\aug_Stroke 1 (452).jpg,aug_Stroke 1 (452).jpg,Brain Disease,Stroke,train,1
C:\Users\hamza\Downloads\FYP\AlzVsStr\AlzVsStr\train\Stroke\aug_Stroke 1 (453).jpg,aug_Stroke 1 (453).jpg,Brain Disease,Stroke,train,1
C:\Users\hamza\Downloads\FYP\AlzVsStr\AlzVsStr\train\Stroke\aug_Stroke 1 (454).jpg,aug_Stroke 1 (454).jpg,Brain Disease,Stroke,train,1
C:\Users\hamza\Downloads\FYP\AlzVsStr\AlzVsStr\train\Stroke\aug_Stroke 1 (455).jpg,aug_Stroke 1 (455).jpg,Brain Disease,Stroke,train,1
C:\Users\hamza\Downloads\FYP\AlzVsStr\AlzVsStr\train\Stroke\aug_Stroke 1 (456).jpg,aug_Stroke 1 (456).jpg,Brain Disease,Stroke,train,1
C:\Users\hamza\Downloads\FYP\AlzVsStr\AlzVsStr\train\Stroke\aug_Stroke 1 (457).jpg,aug_Stroke 1 (457).jpg,Brain Disease,Stroke,train,1
C:\Users\hamza\Downloads\FYP\AlzVsStr\AlzVsStr\train\Stroke\aug_Stroke 1 (458).jpg,aug_Stroke 1 (458).jpg,Brain Disease,Stroke,train,1
C:\Users\hamza\Downloads\FYP\AlzVsStr\AlzVsStr\train\Stroke\aug_Stroke 1 (459).jpg,aug_Stroke 1 (459).jpg,Brain Disease,Stroke,train,1
C:\Users\hamza\Downloads\FYP\AlzVsStr\AlzVsStr\train\Stroke\aug_Stroke 1 (46).jpg,aug_Stroke 1 (46).jpg,Brain Disease,Stroke,train,1
C:\Users\hamza\Downloads\FYP\AlzVsStr\AlzVsStr\train\Stroke\aug_Stroke 1 (460).jpg,aug_Stroke 1 (460).jpg,Brain Disease,Stroke,train,1
C:\Users\hamza\Downloads\FYP\AlzVsStr\AlzVsStr\train\Stroke\aug_Stroke 1 (461).jpg,aug_Stroke 1 (461).jpg,Brain Disease,Stroke,train,1
C:\Users\hamza\Downloads\FYP\AlzVsStr\AlzVsStr\train\Stroke\aug_Stroke 1 (462).jpg,aug_Stroke 1 (462).jpg,Brain Disease,Stroke,train,1
C:\Users\hamza\Downloads\FYP\AlzVsStr\AlzVsStr\train\Stroke\aug_Stroke 1 (463).jpg,aug_Stroke 1 (463).jpg,Brain Disease,Stroke,train,1
C:\Users\hamza\Downloads\FYP\AlzVsStr\AlzVsStr\train\Stroke\aug_Stroke 1 (464).jpg,aug_Stroke 1 (464).jpg,Brain Disease,Stroke,train,1
C:\Users\hamza\Downloads\FYP\AlzVsStr\AlzVsStr\train\Stroke\aug_Stroke 1 (465).jpg,aug_Stroke 1 (465).jpg,Brain Disease,Stroke,train,1
C:\Users\hamza\Downloads\FYP\AlzVsStr\AlzVsStr\train\Stroke\aug_Stroke 1 (466).jpg,aug_Stroke 1 (466).jpg,Brain Disease,Stroke,train,1
C:\Users\hamza\Downloads\FYP\AlzVsStr\AlzVsStr\train\Stroke\aug_Stroke 1 (467).jpg,aug_Stroke 1 (467).jpg,Brain Disease,Stroke,train,1
C:\Users\hamza\Downloads\FYP\AlzVsStr\AlzVsStr\train\Stroke\aug_Stroke 1 (468).jpg,aug_Stroke 1 (468).jpg,Brain Disease,Stroke,train,1
C:\Users\hamza\Downloads\FYP\AlzVsStr\AlzVsStr\train\Stroke\aug_Stroke 1 (469).jpg,aug_Stroke 1 (469).jpg,Brain Disease,Stroke,train,1
C:\Users\hamza\Downloads\FYP\AlzVsStr\AlzVsStr\train\Stroke\aug_Stroke 1 (47).jpg,aug_Stroke 1 (47).jpg,Brain Disease,Stroke,train,1
C:\Users\hamza\Downloads\FYP\AlzVsStr\AlzVsStr\train\Stroke\aug_Stroke 1 (470).jpg,aug_Stroke 1 (470).jpg,Brain Disease,Stroke,train,1
C:\Users\hamza\Downloads\FYP\AlzVsStr\AlzVsStr\train\Stroke\aug_Stroke 1 (471).jpg,aug_Stroke 1 (471).jpg,Brain Disease,Stroke,train,1
C:\Users\hamza\Downloads\FYP\AlzVsStr\AlzVsStr\train\Stroke\aug_Stroke 1 (472).jpg,aug_Stroke 1 (472).jpg,Brain Disease,Stroke,train,1
C:\Users\hamza\Downloads\FYP\AlzVsStr\AlzVsStr\train\Stroke\aug_Stroke 1 (473).jpg,aug_Stroke 1 (473).jpg,Brain Disease,Stroke,train,1
C:\Users\hamza\Downloads\FYP\AlzVsStr\AlzVsStr\train\Stroke\aug_Stroke 1 (474).jpg,aug_Stroke 1 (474).jpg,Brain Disease,Stroke,train,1
C:\Users\hamza\Downloads\FYP\AlzVsStr\AlzVsStr\train\Stroke\aug_Stroke 1 (475).jpg,aug_Stroke 1 (475).jpg,Brain Disease,Stroke,train,1
C:\Users\hamza\Downloads\FYP\AlzVsStr\AlzVsStr\train\Stroke\aug_Stroke 1 (476).jpg,aug_Stroke 1 (476).jpg,Brain Disease,Stroke,train,1
C:\Users\hamza\Downloads\FYP\AlzVsStr\AlzVsStr\train\Stroke\aug_Stroke 1 (477).jpg,aug_Stroke 1 (477).jpg,Brain Disease,Stroke,train,1
C:\Users\hamza\Downloads\FYP\AlzVsStr\AlzVsStr\train\Stroke\aug_Stroke 1 (478).jpg,aug_Stroke 1 (478).jpg,Brain Disease,Stroke,train,1
C:\Users\hamza\Downloads\FYP\AlzVsStr\AlzVsStr\train\Stroke\aug_Stroke 1 (479).jpg,aug_Stroke 1 (479).jpg,Brain Disease,Stroke,train,1
C:\Users\hamza\Downloads\FYP\AlzVsStr\AlzVsStr\train\Stroke\aug_Stroke 1 (48).jpg,aug_Stroke 1 (48).jpg,Brain Disease,Stroke,train,1
C:\Users\hamza\Downloads\FYP\AlzVsStr\AlzVsStr\train\Stroke\aug_Stroke 1 (480).jpg,aug_Stroke 1 (480).jpg,Brain Disease,Stroke,train,1
C:\Users\hamza\Downloads\FYP\AlzVsStr\AlzVsStr\train\Stroke\aug_Stroke 1 (481).jpg,aug_Stroke 1 (481).jpg,Brain Disease,Stroke,train,1
C:\Users\hamza\Downloads\FYP\AlzVsStr\AlzVsStr\train\Stroke\aug_Stroke 1 (482).jpg,aug_Stroke 1 (482).jpg,Brain Disease,Stroke,train,1
C:\Users\hamza\Downloads\FYP\AlzVsStr\AlzVsStr\train\Stroke\aug_Stroke 1 (483).jpg,aug_Stroke 1 (483).jpg,Brain Disease,Stroke,train,1
C:\Users\hamza\Downloads\FYP\AlzVsStr\AlzVsStr\train\Stroke\aug_Stroke 1 (484).jpg,aug_Stroke 1 (484).jpg,Brain Disease,Stroke,train,1
C:\Users\hamza\Downloads\FYP\AlzVsStr\AlzVsStr\train\Stroke\aug_Stroke 1 (485).jpg,aug_Stroke 1 (485).jpg,Brain Disease,Stroke,train,1
C:\Users\hamza\Downloads\FYP\AlzVsStr\AlzVsStr\train\Stroke\aug_Stroke 1 (486).jpg,aug_Stroke 1 (486).jpg,Brain Disease,Stroke,train,1
C:\Users\hamza\Downloads\FYP\AlzVsStr\AlzVsStr\train\Stroke\aug_Stroke 1 (487).jpg,aug_Stroke 1 (487).jpg,Brain Disease,Stroke,train,1
C:\Users\hamza\Downloads\FYP\AlzVsStr\AlzVsStr\train\Stroke\aug_Stroke 1 (488).jpg,aug_Stroke 1 (488).jpg,Brain Disease,Stroke,train,1
C:\Users\hamza\Downloads\FYP\AlzVsStr\AlzVsStr\train\Stroke\aug_Stroke 1 (489).jpg,aug_Stroke 1 (489).jpg,Brain Disease,Stroke,train,1
C:\Users\hamza\Downloads\FYP\AlzVsStr\AlzVsStr\train\Stroke\aug_Stroke 1 (49).jpg,aug_Stroke 1 (49).jpg,Brain Disease,Stroke,train,1
C:\Users\hamza\Downloads\FYP\AlzVsStr\AlzVsStr\train\Stroke\aug_Stroke 1 (490).jpg,aug_Stroke 1 (490).jpg,Brain Disease,Stroke,train,1
C:\Users\hamza\Downloads\FYP\AlzVsStr\AlzVsStr\train\Stroke\aug_Stroke 1 (491).jpg,aug_Stroke 1 (491).jpg,Brain Disease,Stroke,train,1
C:\Users\hamza\Downloads\FYP\AlzVsStr\AlzVsStr\train\Stroke\aug_Stroke 1 (492).jpg,aug_Stroke 1 (492).jpg,Brain Disease,Stroke,train,1
C:\Users\hamza\Downloads\FYP\AlzVsStr\AlzVsStr\train\Stroke\aug_Stroke 1 (493).jpg,aug_Stroke 1 (493).jpg,Brain Disease,Stroke,train,1
C:\Users\hamza\Downloads\FYP\AlzVsStr\AlzVsStr\train\Stroke\aug_Stroke 1 (494).jpg,aug_Stroke 1 (494).jpg,Brain Disease,Stroke,train,1
C:\Users\hamza\Downloads\FYP\AlzVsStr\AlzVsStr\train\Stroke\aug_Stroke 1 (495).jpg,aug_Stroke 1 (495).jpg,Brain Disease,Stroke,train,1
C:\Users\hamza\Downloads\FYP\AlzVsStr\AlzVsStr\train\Stroke\aug_Stroke 1 (496).jpg,aug_Stroke 1 (496).jpg,Brain Disease,Stroke,train,1
C:\Users\hamza\Downloads\FYP\AlzVsStr\AlzVsStr\train\Stroke\aug_Stroke 1 (497).jpg,aug_Stroke 1 (497).jpg,Brain Disease,Stroke,train,1
C:\Users\hamza\Downloads\FYP\AlzVsStr\AlzVsStr\train\Stroke\aug_Stroke 1 (498).jpg,aug_Stroke 1 (498).jpg,Brain Disease,Stroke,train,1
C:\Users\hamza\Downloads\FYP\AlzVsStr\AlzVsStr\train\Stroke\aug_Stroke 1 (499).jpg,aug_Stroke 1 (499).jpg,Brain Disease,Stroke,train,1
C:\Users\hamza\Downloads\FYP\AlzVsStr\AlzVsStr\train\Stroke\aug_Stroke 1 (5).jpg,aug_Stroke 1 (5).jpg,Brain Disease,Stroke,train,1
C:\Users\hamza\Downloads\FYP\AlzVsStr\AlzVsStr\train\Stroke\aug_Stroke 1 (50).jpg,aug_Stroke 1 (50).jpg,Brain Disease,Stroke,train,1
C:\Users\hamza\Downloads\FYP\AlzVsStr\AlzVsStr\train\Stroke\aug_Stroke 1 (500).jpg,aug_Stroke 1 (500).jpg,Brain Disease,Stroke,train,1
C:\Users\hamza\Downloads\FYP\AlzVsStr\AlzVsStr\train\Stroke\aug_Stroke 1 (501).jpg,aug_Stroke 1 (501).jpg,Brain Disease,Stroke,train,1
C:\Users\hamza\Downloads\FYP\AlzVsStr\AlzVsStr\train\Stroke\aug_Stroke 1 (502).jpg,aug_Stroke 1 (502).jpg,Brain Disease,Stroke,train,1
C:\Users\hamza\Downloads\FYP\AlzVsStr\AlzVsStr\train\Stroke\aug_Stroke 1 (503).jpg,aug_Stroke 1 (503).jpg,Brain Disease,Stroke,train,1
C:\Users\hamza\Downloads\FYP\AlzVsStr\AlzVsStr\train\Stroke\aug_Stroke 1 (504).jpg,aug_Stroke 1 (504).jpg,Brain Disease,Stroke,train,1
C:\Users\hamza\Downloads\FYP\AlzVsStr\AlzVsStr\train\Stroke\aug_Stroke 1 (505).jpg,aug_Stroke 1 (505).jpg,Brain Disease,Stroke,train,1
C:\Users\hamza\Downloads\FYP\AlzVsStr\AlzVsStr\train\Stroke\aug_Stroke 1 (506).jpg,aug_Stroke 1 (506).jpg,Brain Disease,Stroke,train,1
C:\Users\hamza\Downloads\FYP\AlzVsStr\AlzVsStr\train\Stroke\aug_Stroke 1 (507).jpg,aug_Stroke 1 (507).jpg,Brain Disease,Stroke,train,1
C:\Users\hamza\Downloads\FYP\AlzVsStr\AlzVsStr\train\Stroke\aug_Stroke 1 (508).jpg,aug_Stroke 1 (508).jpg,Brain Disease,Stroke,train,1
C:\Users\hamza\Downloads\FYP\AlzVsStr\AlzVsStr\train\Stroke\aug_Stroke 1 (509).jpg,aug_Stroke 1 (509).jpg,Brain Disease,Stroke,train,1
C:\Users\hamza\Downloads\FYP\AlzVsStr\AlzVsStr\train\Stroke\aug_Stroke 1 (51).jpg,aug_Stroke 1 (51).jpg,Brain Disease,Stroke,train,1
C:\Users\hamza\Downloads\FYP\AlzVsStr\AlzVsStr\train\Stroke\aug_Stroke 1 (510).jpg,aug_Stroke 1 (510).jpg,Brain Disease,Stroke,train,1
C:\Users\hamza\Downloads\FYP\AlzVsStr\AlzVsStr\train\Stroke\aug_Stroke 1 (511).jpg,aug_Stroke 1 (511).jpg,Brain Disease,Stroke,train,1
C:\Users\hamza\Downloads\FYP\AlzVsStr\AlzVsStr\train\Stroke\aug_Stroke 1 (512).jpg,aug_Stroke 1 (512).jpg,Brain Disease,Stroke,train,1
C:\Users\hamza\Downloads\FYP\AlzVsStr\AlzVsStr\train\Stroke\aug_Stroke 1 (513).jpg,aug_Stroke 1 (513).jpg,Brain Disease,Stroke,train,1
C:\Users\hamza\Downloads\FYP\AlzVsStr\AlzVsStr\train\Stroke\aug_Stroke 1 (514).jpg,aug_Stroke 1 (514).jpg,Brain Disease,Stroke,train,1
C:\Users\hamza\Downloads\FYP\AlzVsStr\AlzVsStr\train\Stroke\aug_Stroke 1 (515).jpg,aug_Stroke 1 (515).jpg,Brain Disease,Stroke,train,1
C:\Users\hamza\Downloads\FYP\AlzVsStr\AlzVsStr\train\Stroke\aug_Stroke 1 (516).jpg,aug_Stroke 1 (516).jpg,Brain Disease,Stroke,train,1
C:\Users\hamza\Downloads\FYP\AlzVsStr\AlzVsStr\train\Stroke\aug_Stroke 1 (517).jpg,aug_Stroke 1 (517).jpg,Brain Disease,Stroke,train,1
C:\Users\hamza\Downloads\FYP\AlzVsStr\AlzVsStr\train\Stroke\aug_Stroke 1 (518).jpg,aug_Stroke 1 (518).jpg,Brain Disease,Stroke,train,1
C:\Users\hamza\Downloads\FYP\AlzVsStr\AlzVsStr\train\Stroke\aug_Stroke 1 (519).jpg,aug_Stroke 1 (519).jpg,Brain Disease,Stroke,train,1
C:\Users\hamza\Downloads\FYP\AlzVsStr\AlzVsStr\train\Stroke\aug_Stroke 1 (52).jpg,aug_Stroke 1 (52).jpg,Brain Disease,Stroke,train,1
C:\Users\hamza\Downloads\FYP\AlzVsStr\AlzVsStr\train\Stroke\aug_Stroke 1 (520).jpg,aug_Stroke 1 (520).jpg,Brain Disease,Stroke,train,1
C:\Users\hamza\Downloads\FYP\AlzVsStr\AlzVsStr\train\Stroke\aug_Stroke 1 (521).jpg,aug_Stroke 1 (521).jpg,Brain Disease,Stroke,train,1
C:\Users\hamza\Downloads\FYP\AlzVsStr\AlzVsStr\train\Stroke\aug_Stroke 1 (522).jpg,aug_Stroke 1 (522).jpg,Brain Disease,Stroke,train,1
C:\Users\hamza\Downloads\FYP\AlzVsStr\AlzVsStr\train\Stroke\aug_Stroke 1 (523).jpg,aug_Stroke 1 (523).jpg,Brain Disease,Stroke,train,1
C:\Users\hamza\Downloads\FYP\AlzVsStr\AlzVsStr\train\Stroke\aug_Stroke 1 (524).jpg,aug_Stroke 1 (524).jpg,Brain Disease,Stroke,train,1
C:\Users\hamza\Downloads\FYP\AlzVsStr\AlzVsStr\train\Stroke\aug_Stroke 1 (525).jpg,aug_Stroke 1 (525).jpg,Brain Disease,Stroke,train,1
C:\Users\hamza\Downloads\FYP\AlzVsStr\AlzVsStr\train\Stroke\aug_Stroke 1 (526).jpg,aug_Stroke 1 (526).jpg,Brain Disease,Stroke,train,1
C:\Users\hamza\Downloads\FYP\AlzVsStr\AlzVsStr\train\Stroke\aug_Stroke 1 (527).jpg,aug_Stroke 1 (527).jpg,Brain Disease,Stroke,train,1
C:\Users\hamza\Downloads\FYP\AlzVsStr\AlzVsStr\train\Stroke\aug_Stroke 1 (528).jpg,aug_Stroke 1 (528).jpg,Brain Disease,Stroke,train,1
C:\Users\hamza\Downloads\FYP\AlzVsStr\AlzVsStr\train\Stroke\aug_Stroke 1 (529).jpg,aug_Stroke 1 (529).jpg,Brain Disease,Stroke,train,1
C:\Users\hamza\Downloads\FYP\AlzVsStr\AlzVsStr\train\Stroke\aug_Stroke 1 (53).jpg,aug_Stroke 1 (53).jpg,Brain Disease,Stroke,train,1
C:\Users\hamza\Downloads\FYP\AlzVsStr\AlzVsStr\train\Stroke\aug_Stroke 1 (530).jpg,aug_Stroke 1 (530).jpg,Brain Disease,Stroke,train,1
C:\Users\hamza\Downloads\FYP\AlzVsStr\AlzVsStr\train\Stroke\aug_Stroke 1 (531).jpg,aug_Stroke 1 (531).jpg,Brain Disease,Stroke,train,1
C:\Users\hamza\Downloads\FYP\AlzVsStr\AlzVsStr\train\Stroke\aug_Stroke 1 (532).jpg,aug_Stroke 1 (532).jpg,Brain Disease,Stroke,train,1
C:\Users\hamza\Downloads\FYP\AlzVsStr\AlzVsStr\train\Stroke\aug_Stroke 1 (533).jpg,aug_Stroke 1 (533).jpg,Brain Disease,Stroke,train,1
C:\Users\hamza\Downloads\FYP\AlzVsStr\AlzVsStr\train\Stroke\aug_Stroke 1 (534).jpg,aug_Stroke 1 (534).jpg,Brain Disease,Stroke,train,1
C:\Users\hamza\Downloads\FYP\AlzVsStr\AlzVsStr\train\Stroke\aug_Stroke 1 (535).jpg,aug_Stroke 1 (535).jpg,Brain Disease,Stroke,train,1
C:\Users\hamza\Downloads\FYP\AlzVsStr\AlzVsStr\train\Stroke\aug_Stroke 1 (536).jpg,aug_Stroke 1 (536).jpg,Brain Disease,Stroke,train,1
C:\Users\hamza\Downloads\FYP\AlzVsStr\AlzVsStr\train\Stroke\aug_Stroke 1 (537).jpg,aug_Stroke 1 (537).jpg,Brain Disease,Stroke,train,1
C:\Users\hamza\Downloads\FYP\AlzVsStr\AlzVsStr\train\Stroke\aug_Stroke 1 (538).jpg,aug_Stroke 1 (538).jpg,Brain Disease,Stroke,train,1
C:\Users\hamza\Downloads\FYP\AlzVsStr\AlzVsStr\train\Stroke\aug_Stroke 1 (539).jpg,aug_Stroke 1 (539).jpg,Brain Disease,Stroke,train,1
C:\Users\hamza\Downloads\FYP\AlzVsStr\AlzVsStr\train\Stroke\aug_Stroke 1 (54).jpg,aug_Stroke 1 (54).jpg,Brain Disease,Stroke,train,1
C:\Users\hamza\Downloads\FYP\AlzVsStr\AlzVsStr\train\Stroke\aug_Stroke 1 (540).jpg,aug_Stroke 1 (540).jpg,Brain Disease,Stroke,train,1
C:\Users\hamza\Downloads\FYP\AlzVsStr\AlzVsStr\train\Stroke\aug_Stroke 1 (541).jpg,aug_Stroke 1 (541).jpg,Brain Disease,Stroke,train,1
C:\Users\hamza\Downloads\FYP\AlzVsStr\AlzVsStr\train\Stroke\aug_Stroke 1 (542).jpg,aug_Stroke 1 (542).jpg,Brain Disease,Stroke,train,1
C:\Users\hamza\Downloads\FYP\AlzVsStr\AlzVsStr\train\Stroke\aug_Stroke 1 (543).jpg,aug_Stroke 1 (543).jpg,Brain Disease,Stroke,train,1
C:\Users\hamza\Downloads\FYP\AlzVsStr\AlzVsStr\train\Stroke\aug_Stroke 1 (544).jpg,aug_Stroke 1 (544).jpg,Brain Disease,Stroke,train,1
C:\Users\hamza\Downloads\FYP\AlzVsStr\AlzVsStr\train\Stroke\aug_Stroke 1 (545).jpg,aug_Stroke 1 (545).jpg,Brain Disease,Stroke,train,1
C:\Users\hamza\Downloads\FYP\AlzVsStr\AlzVsStr\train\Stroke\aug_Stroke 1 (546).jpg,aug_Stroke 1 (546).jpg,Brain Disease,Stroke,train,1
C:\Users\hamza\Downloads\FYP\AlzVsStr\AlzVsStr\train\Stroke\aug_Stroke 1 (547).jpg,aug_Stroke 1 (547).jpg,Brain Disease,Stroke,train,1
C:\Users\hamza\Downloads\FYP\AlzVsStr\AlzVsStr\train\Stroke\aug_Stroke 1 (548).jpg,aug_Stroke 1 (548).jpg,Brain Disease,Stroke,train,1
C:\Users\hamza\Downloads\FYP\AlzVsStr\AlzVsStr\train\Stroke\aug_Stroke 1 (549).jpg,aug_Stroke 1 (549).jpg,Brain Disease,Stroke,train,1
C:\Users\hamza\Downloads\FYP\AlzVsStr\AlzVsStr\train\Stroke\aug_Stroke 1 (55).jpg,aug_Stroke 1 (55).jpg,Brain Disease,Stroke,train,1
C:\Users\hamza\Downloads\FYP\AlzVsStr\AlzVsStr\train\Stroke\aug_Stroke 1 (550).jpg,aug_Stroke 1 (550).jpg,Brain Disease,Stroke,train,1
C:\Users\hamza\Downloads\FYP\AlzVsStr\AlzVsStr\train\Stroke\aug_Stroke 1 (551).jpg,aug_Stroke 1 (551).jpg,Brain Disease,Stroke,train,1
C:\Users\hamza\Downloads\FYP\AlzVsStr\AlzVsStr\train\Stroke\aug_Stroke 1 (552).jpg,aug_Stroke 1 (552).jpg,Brain Disease,Stroke,train,1
C:\Users\hamza\Downloads\FYP\AlzVsStr\AlzVsStr\train\Stroke\aug_Stroke 1 (553).jpg,aug_Stroke 1 (553).jpg,Brain Disease,Stroke,train,1
C:\Users\hamza\Downloads\FYP\AlzVsStr\AlzVsStr\train\Stroke\aug_Stroke 1 (554).jpg,aug_Stroke 1 (554).jpg,Brain Disease,Stroke,train,1
C:\Users\hamza\Downloads\FYP\AlzVsStr\AlzVsStr\train\Stroke\aug_Stroke 1 (555).jpg,aug_Stroke 1 (555).jpg,Brain Disease,Stroke,train,1
C:\Users\hamza\Downloads\FYP\AlzVsStr\AlzVsStr\train\Stroke\aug_Stroke 1 (556).jpg,aug_Stroke 1 (556).jpg,Brain Disease,Stroke,train,1
C:\Users\hamza\Downloads\FYP\AlzVsStr\AlzVsStr\train\Stroke\aug_Stroke 1 (557).jpg,aug_Stroke 1 (557).jpg,Brain Disease,Stroke,train,1
C:\Users\hamza\Downloads\FYP\AlzVsStr\AlzVsStr\train\Stroke\aug_Stroke 1 (558).jpg,aug_Stroke 1 (558).jpg,Brain Disease,Stroke,train,1
C:\Users\hamza\Downloads\FYP\AlzVsStr\AlzVsStr\train\Stroke\aug_Stroke 1 (559).jpg,aug_Stroke 1 (559).jpg,Brain Disease,Stroke,train,1
C:\Users\hamza\Downloads\FYP\AlzVsStr\AlzVsStr\train\Stroke\aug_Stroke 1 (56).jpg,aug_Stroke 1 (56).jpg,Brain Disease,Stroke,train,1
C:\Users\hamza\Downloads\FYP\AlzVsStr\AlzVsStr\train\Stroke\aug_Stroke 1 (560).jpg,aug_Stroke 1 (560).jpg,Brain Disease,Stroke,train,1
C:\Users\hamza\Downloads\FYP\AlzVsStr\AlzVsStr\train\Stroke\aug_Stroke 1 (561).jpg,aug_Stroke 1 (561).jpg,Brain Disease,Stroke,train,1
C:\Users\hamza\Downloads\FYP\AlzVsStr\AlzVsStr\train\Stroke\aug_Stroke 1 (562).jpg,aug_Stroke 1 (562).jpg,Brain Disease,Stroke,train,1
C:\Users\hamza\Downloads\FYP\AlzVsStr\AlzVsStr\train\Stroke\aug_Stroke 1 (563).jpg,aug_Stroke 1 (563).jpg,Brain Disease,Stroke,train,1
C:\Users\hamza\Downloads\FYP\AlzVsStr\AlzVsStr\train\Stroke\aug_Stroke 1 (564).jpg,aug_Stroke 1 (564).jpg,Brain Disease,Stroke,train,1
C:\Users\hamza\Downloads\FYP\AlzVsStr\AlzVsStr\train\Stroke\aug_Stroke 1 (565).jpg,aug_Stroke 1 (565).jpg,Brain Disease,Stroke,train,1
C:\Users\hamza\Downloads\FYP\AlzVsStr\AlzVsStr\train\Stroke\aug_Stroke 1 (566).jpg,aug_Stroke 1 (566).jpg,Brain Disease,Stroke,train,1
C:\Users\hamza\Downloads\FYP\AlzVsStr\AlzVsStr\train\Stroke\aug_Stroke 1 (567).jpg,aug_Stroke 1 (567).jpg,Brain Disease,Stroke,train,1
C:\Users\hamza\Downloads\FYP\AlzVsStr\AlzVsStr\train\Stroke\aug_Stroke 1 (568).jpg,aug_Stroke 1 (568).jpg,Brain Disease,Stroke,train,1
C:\Users\hamza\Downloads\FYP\AlzVsStr\AlzVsStr\train\Stroke\aug_Stroke 1 (569).jpg,aug_Stroke 1 (569).jpg,Brain Disease,Stroke,train,1
C:\Users\hamza\Downloads\FYP\AlzVsStr\AlzVsStr\train\Stroke\aug_Stroke 1 (57).jpg,aug_Stroke 1 (57).jpg,Brain Disease,Stroke,train,1
C:\Users\hamza\Downloads\FYP\AlzVsStr\AlzVsStr\train\Stroke\aug_Stroke 1 (570).jpg,aug_Stroke 1 (570).jpg,Brain Disease,Stroke,train,1
C:\Users\hamza\Downloads\FYP\AlzVsStr\AlzVsStr\train\Stroke\aug_Stroke 1 (571).jpg,aug_Stroke 1 (571).jpg,Brain Disease,Stroke,train,1
C:\Users\hamza\Downloads\FYP\AlzVsStr\AlzVsStr\train\Stroke\aug_Stroke 1 (572).jpg,aug_Stroke 1 (572).jpg,Brain Disease,Stroke,train,1
C:\Users\hamza\Downloads\FYP\AlzVsStr\AlzVsStr\train\Stroke\aug_Stroke 1 (573).jpg,aug_Stroke 1 (573).jpg,Brain Disease,Stroke,train,1
C:\Users\hamza\Downloads\FYP\AlzVsStr\AlzVsStr\train\Stroke\aug_Stroke 1 (574).jpg,aug_Stroke 1 (574).jpg,Brain Disease,Stroke,train,1
C:\Users\hamza\Downloads\FYP\AlzVsStr\AlzVsStr\train\Stroke\aug_Stroke 1 (575).jpg,aug_Stroke 1 (575).jpg,Brain Disease,Stroke,train,1
C:\Users\hamza\Downloads\FYP\AlzVsStr\AlzVsStr\train\Stroke\aug_Stroke 1 (576).jpg,aug_Stroke 1 (576).jpg,Brain Disease,Stroke,train,1
C:\Users\hamza\Downloads\FYP\AlzVsStr\AlzVsStr\train\Stroke\aug_Stroke 1 (577).jpg,aug_Stroke 1 (577).jpg,Brain Disease,Stroke,train,1
C:\Users\hamza\Downloads\FYP\AlzVsStr\AlzVsStr\train\Stroke\aug_Stroke 1 (578).jpg,aug_Stroke 1 (578).jpg,Brain Disease,Stroke,train,1
C:\Users\hamza\Downloads\FYP\AlzVsStr\AlzVsStr\train\Stroke\aug_Stroke 1 (579).jpg,aug_Stroke 1 (579).jpg,Brain Disease,Stroke,train,1
C:\Users\hamza\Downloads\FYP\AlzVsStr\AlzVsStr\train\Stroke\aug_Stroke 1 (58).jpg,aug_Stroke 1 (58).jpg,Brain Disease,Stroke,train,1
C:\Users\hamza\Downloads\FYP\AlzVsStr\AlzVsStr\train\Stroke\aug_Stroke 1 (580).jpg,aug_Stroke 1 (580).jpg,Brain Disease,Stroke,train,1
C:\Users\hamza\Downloads\FYP\AlzVsStr\AlzVsStr\train\Stroke\aug_Stroke 1 (581).jpg,aug_Stroke 1 (581).jpg,Brain Disease,Stroke,train,1
C:\Users\hamza\Downloads\FYP\AlzVsStr\AlzVsStr\train\Stroke\aug_Stroke 1 (582).jpg,aug_Stroke 1 (582).jpg,Brain Disease,Stroke,train,1
C:\Users\hamza\Downloads\FYP\AlzVsStr\AlzVsStr\train\Stroke\aug_Stroke 1 (583).jpg,aug_Stroke 1 (583).jpg,Brain Disease,Stroke,train,1
C:\Users\hamza\Downloads\FYP\AlzVsStr\AlzVsStr\train\Stroke\aug_Stroke 1 (584).jpg,aug_Stroke 1 (584).jpg,Brain Disease,Stroke,train,1
C:\Users\hamza\Downloads\FYP\AlzVsStr\AlzVsStr\train\Stroke\aug_Stroke 1 (585).jpg,aug_Stroke 1 (585).jpg,Brain Disease,Stroke,train,1
C:\Users\hamza\Downloads\FYP\AlzVsStr\AlzVsStr\train\Stroke\aug_Stroke 1 (586).jpg,aug_Stroke 1 (586).jpg,Brain Disease,Stroke,train,1
C:\Users\hamza\Downloads\FYP\AlzVsStr\AlzVsStr\train\Stroke\aug_Stroke 1 (587).jpg,aug_Stroke 1 (587).jpg,Brain Disease,Stroke,train,1
C:\Users\hamza\Downloads\FYP\AlzVsStr\AlzVsStr\train\Stroke\aug_Stroke 1 (588).jpg,aug_Stroke 1 (588).jpg,Brain Disease,Stroke,train,1
C:\Users\hamza\Downloads\FYP\AlzVsStr\AlzVsStr\train\Stroke\aug_Stroke 1 (589).jpg,aug_Stroke 1 (589).jpg,Brain Disease,Stroke,train,1
C:\Users\hamza\Downloads\FYP\AlzVsStr\AlzVsStr\train\Stroke\aug_Stroke 1 (59).jpg,aug_Stroke 1 (59).jpg,Brain Disease,Stroke,train,1
C:\Users\hamza\Downloads\FYP\AlzVsStr\AlzVsStr\train\Stroke\aug_Stroke 1 (590).jpg,aug_Stroke 1 (590).jpg,Brain Disease,Stroke,train,1
C:\Users\hamza\Downloads\FYP\AlzVsStr\AlzVsStr\train\Stroke\aug_Stroke 1 (591).jpg,aug_Stroke 1 (591).jpg,Brain Disease,Stroke,train,1
C:\Users\hamza\Downloads\FYP\AlzVsStr\AlzVsStr\train\Stroke\aug_Stroke 1 (592).jpg,aug_Stroke 1 (592).jpg,Brain Disease,Stroke,train,1
C:\Users\hamza\Downloads\FYP\AlzVsStr\AlzVsStr\train\Stroke\aug_Stroke 1 (593).jpg,aug_Stroke 1 (593).jpg,Brain Disease,Stroke,train,1
C:\Users\hamza\Downloads\FYP\AlzVsStr\AlzVsStr\train\Stroke\aug_Stroke 1 (594).jpg,aug_Stroke 1 (594).jpg,Brain Disease,Stroke,train,1
C:\Users\hamza\Downloads\FYP\AlzVsStr\AlzVsStr\train\Stroke\aug_Stroke 1 (595).jpg,aug_Stroke 1 (595).jpg,Brain Disease,Stroke,train,1
C:\Users\hamza\Downloads\FYP\AlzVsStr\AlzVsStr\train\Stroke\aug_Stroke 1 (596).jpg,aug_Stroke 1 (596).jpg,Brain Disease,Stroke,train,1
C:\Users\hamza\Downloads\FYP\AlzVsStr\AlzVsStr\train\Stroke\aug_Stroke 1 (597).jpg,aug_Stroke 1 (597).jpg,Brain Disease,Stroke,train,1
C:\Users\hamza\Downloads\FYP\AlzVsStr\AlzVsStr\train\Stroke\aug_Stroke 1 (598).jpg,aug_Stroke 1 (598).jpg,Brain Disease,Stroke,train,1
C:\Users\hamza\Downloads\FYP\AlzVsStr\AlzVsStr\train\Stroke\aug_Stroke 1 (599).jpg,aug_Stroke 1 (599).jpg,Brain Disease,Stroke,train,1
C:\Users\hamza\Downloads\FYP\AlzVsStr\AlzVsStr\train\Stroke\aug_Stroke 1 (6).jpg,aug_Stroke 1 (6).jpg,Brain Disease,Stroke,train,1
C:\Users\hamza\Downloads\FYP\AlzVsStr\AlzVsStr\train\Stroke\aug_Stroke 1 (60).jpg,aug_Stroke 1 (60).jpg,Brain Disease,Stroke,train,1
C:\Users\hamza\Downloads\FYP\AlzVsStr\AlzVsStr\train\Stroke\aug_Stroke 1 (600).jpg,aug_Stroke 1 (600).jpg,Brain Disease,Stroke,train,1
C:\Users\hamza\Downloads\FYP\AlzVsStr\AlzVsStr\train\Stroke\aug_Stroke 1 (601).jpg,aug_Stroke 1 (601).jpg,Brain Disease,Stroke,train,1
C:\Users\hamza\Downloads\FYP\AlzVsStr\AlzVsStr\train\Stroke\aug_Stroke 1 (602).jpg,aug_Stroke 1 (602).jpg,Brain Disease,Stroke,train,1
C:\Users\hamza\Downloads\FYP\AlzVsStr\AlzVsStr\train\Stroke\aug_Stroke 1 (603).jpg,aug_Stroke 1 (603).jpg,Brain Disease,Stroke,train,1
C:\Users\hamza\Downloads\FYP\AlzVsStr\AlzVsStr\train\Stroke\aug_Stroke 1 (604).jpg,aug_Stroke 1 (604).jpg,Brain Disease,Stroke,train,1
C:\Users\hamza\Downloads\FYP\AlzVsStr\AlzVsStr\train\Stroke\aug_Stroke 1 (605).jpg,aug_Stroke 1 (605).jpg,Brain Disease,Stroke,train,1
C:\Users\hamza\Downloads\FYP\AlzVsStr\AlzVsStr\train\Stroke\aug_Stroke 1 (606).jpg,aug_Stroke 1 (606).jpg,Brain Disease,Stroke,train,1
C:\Users\hamza\Downloads\FYP\AlzVsStr\AlzVsStr\train\Stroke\aug_Stroke 1 (607).jpg,aug_Stroke 1 (607).jpg,Brain Disease,Stroke,train,1
C:\Users\hamza\Downloads\FYP\AlzVsStr\AlzVsStr\train\Stroke\aug_Stroke 1 (608).jpg,aug_Stroke 1 (608).jpg,Brain Disease,Stroke,train,1
C:\Users\hamza\Downloads\FYP\AlzVsStr\AlzVsStr\train\Stroke\aug_Stroke 1 (609).jpg,aug_Stroke 1 (609).jpg,Brain Disease,Stroke,train,1
C:\Users\hamza\Downloads\FYP\AlzVsStr\AlzVsStr\train\Stroke\aug_Stroke 1 (61).jpg,aug_Stroke 1 (61).jpg,Brain Disease,Stroke,train,1
C:\Users\hamza\Downloads\FYP\AlzVsStr\AlzVsStr\train\Stroke\aug_Stroke 1 (610).jpg,aug_Stroke 1 (610).jpg,Brain Disease,Stroke,train,1
C:\Users\hamza\Downloads\FYP\AlzVsStr\AlzVsStr\train\Stroke\aug_Stroke 1 (611).jpg,aug_Stroke 1 (611).jpg,Brain Disease,Stroke,train,1
C:\Users\hamza\Downloads\FYP\AlzVsStr\AlzVsStr\train\Stroke\aug_Stroke 1 (612).jpg,aug_Stroke 1 (612).jpg,Brain Disease,Stroke,train,1
C:\Users\hamza\Downloads\FYP\AlzVsStr\AlzVsStr\train\Stroke\aug_Stroke 1 (613).jpg,aug_Stroke 1 (613).jpg,Brain Disease,Stroke,train,1
C:\Users\hamza\Downloads\FYP\AlzVsStr\AlzVsStr\train\Stroke\aug_Stroke 1 (614).jpg,aug_Stroke 1 (614).jpg,Brain Disease,Stroke,train,1
C:\Users\hamza\Downloads\FYP\AlzVsStr\AlzVsStr\train\Stroke\aug_Stroke 1 (615).jpg,aug_Stroke 1 (615).jpg,Brain Disease,Stroke,train,1
C:\Users\hamza\Downloads\FYP\AlzVsStr\AlzVsStr\train\Stroke\aug_Stroke 1 (616).jpg,aug_Stroke 1 (616).jpg,Brain Disease,Stroke,train,1
C:\Users\hamza\Downloads\FYP\AlzVsStr\AlzVsStr\train\Stroke\aug_Stroke 1 (617).jpg,aug_Stroke 1 (617).jpg,Brain Disease,Stroke,train,1
C:\Users\hamza\Downloads\FYP\AlzVsStr\AlzVsStr\train\Stroke\aug_Stroke 1 (618).jpg,aug_Stroke 1 (618).jpg,Brain Disease,Stroke,train,1
C:\Users\hamza\Downloads\FYP\AlzVsStr\AlzVsStr\train\Stroke\aug_Stroke 1 (619).jpg,aug_Stroke 1 (619).jpg,Brain Disease,Stroke,train,1
C:\Users\hamza\Downloads\FYP\AlzVsStr\AlzVsStr\train\Stroke\aug_Stroke 1 (62).jpg,aug_Stroke 1 (62).jpg,Brain Disease,Stroke,train,1
C:\Users\hamza\Downloads\FYP\AlzVsStr\AlzVsStr\train\Stroke\aug_Stroke 1 (620).jpg,aug_Stroke 1 (620).jpg,Brain Disease,Stroke,train,1
C:\Users\hamza\Downloads\FYP\AlzVsStr\AlzVsStr\train\Stroke\aug_Stroke 1 (621).jpg,aug_Stroke 1 (621).jpg,Brain Disease,Stroke,train,1
C:\Users\hamza\Downloads\FYP\AlzVsStr\AlzVsStr\train\Stroke\aug_Stroke 1 (622).jpg,aug_Stroke 1 (622).jpg,Brain Disease,Stroke,train,1
C:\Users\hamza\Downloads\FYP\AlzVsStr\AlzVsStr\train\Stroke\aug_Stroke 1 (623).jpg,aug_Stroke 1 (623).jpg,Brain Disease,Stroke,train,1
C:\Users\hamza\Downloads\FYP\AlzVsStr\AlzVsStr\train\Stroke\aug_Stroke 1 (624).jpg,aug_Stroke 1 (624).jpg,Brain Disease,Stroke,train,1
C:\Users\hamza\Downloads\FYP\AlzVsStr\AlzVsStr\train\Stroke\aug_Stroke 1 (625).jpg,aug_Stroke 1 (625).jpg,Brain Disease,Stroke,train,1
C:\Users\hamza\Downloads\FYP\AlzVsStr\AlzVsStr\train\Stroke\aug_Stroke 1 (626).jpg,aug_Stroke 1 (626).jpg,Brain Disease,Stroke,train,1
C:\Users\hamza\Downloads\FYP\AlzVsStr\AlzVsStr\train\Stroke\aug_Stroke 1 (627).jpg,aug_Stroke 1 (627).jpg,Brain Disease,Stroke,train,1
C:\Users\hamza\Downloads\FYP\AlzVsStr\AlzVsStr\train\Stroke\aug_Stroke 1 (628).jpg,aug_Stroke 1 (628).jpg,Brain Disease,Stroke,train,1
C:\Users\hamza\Downloads\FYP\AlzVsStr\AlzVsStr\train\Stroke\aug_Stroke 1 (629).jpg,aug_Stroke 1 (629).jpg,Brain Disease,Stroke,train,1
C:\Users\hamza\Downloads\FYP\AlzVsStr\AlzVsStr\train\Stroke\aug_Stroke 1 (63).jpg,aug_Stroke 1 (63).jpg,Brain Disease,Stroke,train,1
C:\Users\hamza\Downloads\FYP\AlzVsStr\AlzVsStr\train\Stroke\aug_Stroke 1 (630).jpg,aug_Stroke 1 (630).jpg,Brain Disease,Stroke,train,1
C:\Users\hamza\Downloads\FYP\AlzVsStr\AlzVsStr\train\Stroke\aug_Stroke 1 (631).jpg,aug_Stroke 1 (631).jpg,Brain Disease,Stroke,train,1
C:\Users\hamza\Downloads\FYP\AlzVsStr\AlzVsStr\train\Stroke\aug_Stroke 1 (632).jpg,aug_Stroke 1 (632).jpg,Brain Disease,Stroke,train,1
C:\Users\hamza\Downloads\FYP\AlzVsStr\AlzVsStr\train\Stroke\aug_Stroke 1 (633).jpg,aug_Stroke 1 (633).jpg,Brain Disease,Stroke,train,1
C:\Users\hamza\Downloads\FYP\AlzVsStr\AlzVsStr\train\Stroke\aug_Stroke 1 (634).jpg,aug_Stroke 1 (634).jpg,Brain Disease,Stroke,train,1
C:\Users\hamza\Downloads\FYP\AlzVsStr\AlzVsStr\train\Stroke\aug_Stroke 1 (635).jpg,aug_Stroke 1 (635).jpg,Brain Disease,Stroke,train,1
C:\Users\hamza\Downloads\FYP\AlzVsStr\AlzVsStr\train\Stroke\aug_Stroke 1 (636).jpg,aug_Stroke 1 (636).jpg,Brain Disease,Stroke,train,1
C:\Users\hamza\Downloads\FYP\AlzVsStr\AlzVsStr\train\Stroke\aug_Stroke 1 (637).jpg,aug_Stroke 1 (637).jpg,Brain Disease,Stroke,train,1
C:\Users\hamza\Downloads\FYP\AlzVsStr\AlzVsStr\train\Stroke\aug_Stroke 1 (638).jpg,aug_Stroke 1 (638).jpg,Brain Disease,Stroke,train,1
C:\Users\hamza\Downloads\FYP\AlzVsStr\AlzVsStr\train\Stroke\aug_Stroke 1 (639).jpg,aug_Stroke 1 (639).jpg,Brain Disease,Stroke,train,1
C:\Users\hamza\Downloads\FYP\AlzVsStr\AlzVsStr\train\Stroke\aug_Stroke 1 (64).jpg,aug_Stroke 1 (64).jpg,Brain Disease,Stroke,train,1
C:\Users\hamza\Downloads\FYP\AlzVsStr\AlzVsStr\train\Stroke\aug_Stroke 1 (640).jpg,aug_Stroke 1 (640).jpg,Brain Disease,Stroke,train,1
C:\Users\hamza\Downloads\FYP\AlzVsStr\AlzVsStr\train\Stroke\aug_Stroke 1 (641).jpg,aug_Stroke 1 (641).jpg,Brain Disease,Stroke,train,1
C:\Users\hamza\Downloads\FYP\AlzVsStr\AlzVsStr\train\Stroke\aug_Stroke 1 (642).jpg,aug_Stroke 1 (642).jpg,Brain Disease,Stroke,train,1
C:\Users\hamza\Downloads\FYP\AlzVsStr\AlzVsStr\train\Stroke\aug_Stroke 1 (643).jpg,aug_Stroke 1 (643).jpg,Brain Disease,Stroke,train,1
C:\Users\hamza\Downloads\FYP\AlzVsStr\AlzVsStr\train\Stroke\aug_Stroke 1 (644).jpg,aug_Stroke 1 (644).jpg,Brain Disease,Stroke,train,1
C:\Users\hamza\Downloads\FYP\AlzVsStr\AlzVsStr\train\Stroke\aug_Stroke 1 (645).jpg,aug_Stroke 1 (645).jpg,Brain Disease,Stroke,train,1
C:\Users\hamza\Downloads\FYP\AlzVsStr\AlzVsStr\train\Stroke\aug_Stroke 1 (646).jpg,aug_Stroke 1 (646).jpg,Brain Disease,Stroke,train,1
C:\Users\hamza\Downloads\FYP\AlzVsStr\AlzVsStr\train\Stroke\aug_Stroke 1 (647).jpg,aug_Stroke 1 (647).jpg,Brain Disease,Stroke,train,1
C:\Users\hamza\Downloads\FYP\AlzVsStr\AlzVsStr\train\Stroke\aug_Stroke 1 (648).jpg,aug_Stroke 1 (648).jpg,Brain Disease,Stroke,train,1
C:\Users\hamza\Downloads\FYP\AlzVsStr\AlzVsStr\train\Stroke\aug_Stroke 1 (649).jpg,aug_Stroke 1 (649).jpg,Brain Disease,Stroke,train,1
C:\Users\hamza\Downloads\FYP\AlzVsStr\AlzVsStr\train\Stroke\aug_Stroke 1 (65).jpg,aug_Stroke 1 (65).jpg,Brain Disease,Stroke,train,1
C:\Users\hamza\Downloads\FYP\AlzVsStr\AlzVsStr\train\Stroke\aug_Stroke 1 (650).jpg,aug_Stroke 1 (650).jpg,Brain Disease,Stroke,train,1
C:\Users\hamza\Downloads\FYP\AlzVsStr\AlzVsStr\train\Stroke\aug_Stroke 1 (651).jpg,aug_Stroke 1 (651).jpg,Brain Disease,Stroke,train,1
C:\Users\hamza\Downloads\FYP\AlzVsStr\AlzVsStr\train\Stroke\aug_Stroke 1 (652).jpg,aug_Stroke 1 (652).jpg,Brain Disease,Stroke,train,1
C:\Users\hamza\Downloads\FYP\AlzVsStr\AlzVsStr\train\Stroke\aug_Stroke 1 (653).jpg,aug_Stroke 1 (653).jpg,Brain Disease,Stroke,train,1
C:\Users\hamza\Downloads\FYP\AlzVsStr\AlzVsStr\train\Stroke\aug_Stroke 1 (654).jpg,aug_Stroke 1 (654).jpg,Brain Disease,Stroke,train,1
C:\Users\hamza\Downloads\FYP\AlzVsStr\AlzVsStr\train\Stroke\aug_Stroke 1 (655).jpg,aug_Stroke 1 (655).jpg,Brain Disease,Stroke,train,1
C:\Users\hamza\Downloads\FYP\AlzVsStr\AlzVsStr\train\Stroke\aug_Stroke 1 (656).jpg,aug_Stroke 1 (656).jpg,Brain Disease,Stroke,train,1
C:\Users\hamza\Downloads\FYP\AlzVsStr\AlzVsStr\train\Stroke\aug_Stroke 1 (657).jpg,aug_Stroke 1 (657).jpg,Brain Disease,Stroke,train,1
C:\Users\hamza\Downloads\FYP\AlzVsStr\AlzVsStr\train\Stroke\aug_Stroke 1 (658).jpg,aug_Stroke 1 (658).jpg,Brain Disease,Stroke,train,1
C:\Users\hamza\Downloads\FYP\AlzVsStr\AlzVsStr\train\Stroke\aug_Stroke 1 (659).jpg,aug_Stroke 1 (659).jpg,Brain Disease,Stroke,train,1
C:\Users\hamza\Downloads\FYP\AlzVsStr\AlzVsStr\train\Stroke\aug_Stroke 1 (66).jpg,aug_Stroke 1 (66).jpg,Brain Disease,Stroke,train,1
C:\Users\hamza\Downloads\FYP\AlzVsStr\AlzVsStr\train\Stroke\aug_Stroke 1 (660).jpg,aug_Stroke 1 (660).jpg,Brain Disease,Stroke,train,1
C:\Users\hamza\Downloads\FYP\AlzVsStr\AlzVsStr\train\Stroke\aug_Stroke 1 (661).jpg,aug_Stroke 1 (661).jpg,Brain Disease,Stroke,train,1
C:\Users\hamza\Downloads\FYP\AlzVsStr\AlzVsStr\train\Stroke\aug_Stroke 1 (662).jpg,aug_Stroke 1 (662).jpg,Brain Disease,Stroke,train,1
C:\Users\hamza\Downloads\FYP\AlzVsStr\AlzVsStr\train\Stroke\aug_Stroke 1 (663).jpg,aug_Stroke 1 (663).jpg,Brain Disease,Stroke,train,1
C:\Users\hamza\Downloads\FYP\AlzVsStr\AlzVsStr\train\Stroke\aug_Stroke 1 (664).jpg,aug_Stroke 1 (664).jpg,Brain Disease,Stroke,train,1
C:\Users\hamza\Downloads\FYP\AlzVsStr\AlzVsStr\train\Stroke\aug_Stroke 1 (665).jpg,aug_Stroke 1 (665).jpg,Brain Disease,Stroke,train,1
C:\Users\hamza\Downloads\FYP\AlzVsStr\AlzVsStr\train\Stroke\aug_Stroke 1 (666).jpg,aug_Stroke 1 (666).jpg,Brain Disease,Stroke,train,1
C:\Users\hamza\Downloads\FYP\AlzVsStr\AlzVsStr\train\Stroke\aug_Stroke 1 (667).jpg,aug_Stroke 1 (667).jpg,Brain Disease,Stroke,train,1
C:\Users\hamza\Downloads\FYP\AlzVsStr\AlzVsStr\train\Stroke\aug_Stroke 1 (668).jpg,aug_Stroke 1 (668).jpg,Brain Disease,Stroke,train,1
C:\Users\hamza\Downloads\FYP\AlzVsStr\AlzVsStr\train\Stroke\aug_Stroke 1 (669).jpg,aug_Stroke 1 (669).jpg,Brain Disease,Stroke,train,1
C:\Users\hamza\Downloads\FYP\AlzVsStr\AlzVsStr\train\Stroke\aug_Stroke 1 (67).jpg,aug_Stroke 1 (67).jpg,Brain Disease,Stroke,train,1
C:\Users\hamza\Downloads\FYP\AlzVsStr\AlzVsStr\train\Stroke\aug_Stroke 1 (670).jpg,aug_Stroke 1 (670).jpg,Brain Disease,Stroke,train,1
C:\Users\hamza\Downloads\FYP\AlzVsStr\AlzVsStr\train\Stroke\aug_Stroke 1 (671).jpg,aug_Stroke 1 (671).jpg,Brain Disease,Stroke,train,1
C:\Users\hamza\Downloads\FYP\AlzVsStr\AlzVsStr\train\Stroke\aug_Stroke 1 (672).jpg,aug_Stroke 1 (672).jpg,Brain Disease,Stroke,train,1
C:\Users\hamza\Downloads\FYP\AlzVsStr\AlzVsStr\train\Stroke\aug_Stroke 1 (673).jpg,aug_Stroke 1 (673).jpg,Brain Disease,Stroke,train,1
C:\Users\hamza\Downloads\FYP\AlzVsStr\AlzVsStr\train\Stroke\aug_Stroke 1 (674).jpg,aug_Stroke 1 (674).jpg,Brain Disease,Stroke,train,1
C:\Users\hamza\Downloads\FYP\AlzVsStr\AlzVsStr\train\Stroke\aug_Stroke 1 (675).jpg,aug_Stroke 1 (675).jpg,Brain Disease,Stroke,train,1
C:\Users\hamza\Downloads\FYP\AlzVsStr\AlzVsStr\train\Stroke\aug_Stroke 1 (676).jpg,aug_Stroke 1 (676).jpg,Brain Disease,Stroke,train,1
C:\Users\hamza\Downloads\FYP\AlzVsStr\AlzVsStr\train\Stroke\aug_Stroke 1 (677).jpg,aug_Stroke 1 (677).jpg,Brain Disease,Stroke,train,1
C:\Users\hamza\Downloads\FYP\AlzVsStr\AlzVsStr\train\Stroke\aug_Stroke 1 (678).jpg,aug_Stroke 1 (678).jpg,Brain Disease,Stroke,train,1
C:\Users\hamza\Downloads\FYP\AlzVsStr\AlzVsStr\train\Stroke\aug_Stroke 1 (679).jpg,aug_Stroke 1 (679).jpg,Brain Disease,Stroke,train,1
C:\Users\hamza\Downloads\FYP\AlzVsStr\AlzVsStr\train\Stroke\aug_Stroke 1 (68).jpg,aug_Stroke 1 (68).jpg,Brain Disease,Stroke,train,1
C:\Users\hamza\Downloads\FYP\AlzVsStr\AlzVsStr\train\Stroke\aug_Stroke 1 (680).jpg,aug_Stroke 1 (680).jpg,Brain Disease,Stroke,train,1
C:\Users\hamza\Downloads\FYP\AlzVsStr\AlzVsStr\train\Stroke\aug_Stroke 1 (681).jpg,aug_Stroke 1 (681).jpg,Brain Disease,Stroke,train,1
C:\Users\hamza\Downloads\FYP\AlzVsStr\AlzVsStr\train\Stroke\aug_Stroke 1 (682).jpg,aug_Stroke 1 (682).jpg,Brain Disease,Stroke,train,1
C:\Users\hamza\Downloads\FYP\AlzVsStr\AlzVsStr\train\Stroke\aug_Stroke 1 (683).jpg,aug_Stroke 1 (683).jpg,Brain Disease,Stroke,train,1
C:\Users\hamza\Downloads\FYP\AlzVsStr\AlzVsStr\train\Stroke\aug_Stroke 1 (684).jpg,aug_Stroke 1 (684).jpg,Brain Disease,Stroke,train,1
C:\Users\hamza\Downloads\FYP\AlzVsStr\AlzVsStr\train\Stroke\aug_Stroke 1 (685).jpg,aug_Stroke 1 (685).jpg,Brain Disease,Stroke,train,1
C:\Users\hamza\Downloads\FYP\AlzVsStr\AlzVsStr\train\Stroke\aug_Stroke 1 (686).jpg,aug_Stroke 1 (686).jpg,Brain Disease,Stroke,train,1
C:\Users\hamza\Downloads\FYP\AlzVsStr\AlzVsStr\train\Stroke\aug_Stroke 1 (687).jpg,aug_Stroke 1 (687).jpg,Brain Disease,Stroke,train,1
C:\Users\hamza\Downloads\FYP\AlzVsStr\AlzVsStr\train\Stroke\aug_Stroke 1 (688).jpg,aug_Stroke 1 (688).jpg,Brain Disease,Stroke,train,1
C:\Users\hamza\Downloads\FYP\AlzVsStr\AlzVsStr\train\Stroke\aug_Stroke 1 (689).jpg,aug_Stroke 1 (689).jpg,Brain Disease,Stroke,train,1
C:\Users\hamza\Downloads\FYP\AlzVsStr\AlzVsStr\train\Stroke\aug_Stroke 1 (69).jpg,aug_Stroke 1 (69).jpg,Brain Disease,Stroke,train,1
C:\Users\hamza\Downloads\FYP\AlzVsStr\AlzVsStr\train\Stroke\aug_Stroke 1 (690).jpg,aug_Stroke 1 (690).jpg,Brain Disease,Stroke,train,1
C:\Users\hamza\Downloads\FYP\AlzVsStr\AlzVsStr\train\Stroke\aug_Stroke 1 (691).jpg,aug_Stroke 1 (691).jpg,Brain Disease,Stroke,train,1
C:\Users\hamza\Downloads\FYP\AlzVsStr\AlzVsStr\train\Stroke\aug_Stroke 1 (692).jpg,aug_Stroke 1 (692).jpg,Brain Disease,Stroke,train,1
C:\Users\hamza\Downloads\FYP\AlzVsStr\AlzVsStr\train\Stroke\aug_Stroke 1 (693).jpg,aug_Stroke 1 (693).jpg,Brain Disease,Stroke,train,1
C:\Users\hamza\Downloads\FYP\AlzVsStr\AlzVsStr\train\Stroke\aug_Stroke 1 (694).jpg,aug_Stroke 1 (694).jpg,Brain Disease,Stroke,train,1
C:\Users\hamza\Downloads\FYP\AlzVsStr\AlzVsStr\train\Stroke\aug_Stroke 1 (695).jpg,aug_Stroke 1 (695).jpg,Brain Disease,Stroke,train,1
C:\Users\hamza\Downloads\FYP\AlzVsStr\AlzVsStr\train\Stroke\aug_Stroke 1 (696).jpg,aug_Stroke 1 (696).jpg,Brain Disease,Stroke,train,1
C:\Users\hamza\Downloads\FYP\AlzVsStr\AlzVsStr\train\Stroke\aug_Stroke 1 (697).jpg,aug_Stroke 1 (697).jpg,Brain Disease,Stroke,train,1
C:\Users\hamza\Downloads\FYP\AlzVsStr\AlzVsStr\train\Stroke\aug_Stroke 1 (698).jpg,aug_Stroke 1 (698).jpg,Brain Disease,Stroke,train,1
C:\Users\hamza\Downloads\FYP\AlzVsStr\AlzVsStr\train\Stroke\aug_Stroke 1 (699).jpg,aug_Stroke 1 (699).jpg,Brain Disease,Stroke,train,1
C:\Users\hamza\Downloads\FYP\AlzVsStr\AlzVsStr\train\Stroke\aug_Stroke 1 (7).jpg,aug_Stroke 1 (7).jpg,Brain Disease,Stroke,train,1
C:\Users\hamza\Downloads\FYP\AlzVsStr\AlzVsStr\train\Stroke\aug_Stroke 1 (70).jpg,aug_Stroke 1 (70).jpg,Brain Disease,Stroke,train,1
C:\Users\hamza\Downloads\FYP\AlzVsStr\AlzVsStr\train\Stroke\aug_Stroke 1 (700).jpg,aug_Stroke 1 (700).jpg,Brain Disease,Stroke,train,1
C:\Users\hamza\Downloads\FYP\AlzVsStr\AlzVsStr\train\Stroke\aug_Stroke 1 (701).jpg,aug_Stroke 1 (701).jpg,Brain Disease,Stroke,train,1
C:\Users\hamza\Downloads\FYP\AlzVsStr\AlzVsStr\train\Stroke\aug_Stroke 1 (702).jpg,aug_Stroke 1 (702).jpg,Brain Disease,Stroke,train,1
C:\Users\hamza\Downloads\FYP\AlzVsStr\AlzVsStr\train\Stroke\aug_Stroke 1 (703).jpg,aug_Stroke 1 (703).jpg,Brain Disease,Stroke,train,1
C:\Users\hamza\Downloads\FYP\AlzVsStr\AlzVsStr\train\Stroke\aug_Stroke 1 (704).jpg,aug_Stroke 1 (704).jpg,Brain Disease,Stroke,train,1
C:\Users\hamza\Downloads\FYP\AlzVsStr\AlzVsStr\train\Stroke\aug_Stroke 1 (705).jpg,aug_Stroke 1 (705).jpg,Brain Disease,Stroke,train,1
C:\Users\hamza\Downloads\FYP\AlzVsStr\AlzVsStr\train\Stroke\aug_Stroke 1 (706).jpg,aug_Stroke 1 (706).jpg,Brain Disease,Stroke,train,1
C:\Users\hamza\Downloads\FYP\AlzVsStr\AlzVsStr\train\Stroke\aug_Stroke 1 (707).jpg,aug_Stroke 1 (707).jpg,Brain Disease,Stroke,train,1
C:\Users\hamza\Downloads\FYP\AlzVsStr\AlzVsStr\train\Stroke\aug_Stroke 1 (708).jpg,aug_Stroke 1 (708).jpg,Brain Disease,Stroke,train,1
C:\Users\hamza\Downloads\FYP\AlzVsStr\AlzVsStr\train\Stroke\aug_Stroke 1 (709).jpg,aug_Stroke 1 (709).jpg,Brain Disease,Stroke,train,1
C:\Users\hamza\Downloads\FYP\AlzVsStr\AlzVsStr\train\Stroke\aug_Stroke 1 (71).jpg,aug_Stroke 1 (71).jpg,Brain Disease,Stroke,train,1
C:\Users\hamza\Downloads\FYP\AlzVsStr\AlzVsStr\train\Stroke\aug_Stroke 1 (710).jpg,aug_Stroke 1 (710).jpg,Brain Disease,Stroke,train,1
C:\Users\hamza\Downloads\FYP\AlzVsStr\AlzVsStr\train\Stroke\aug_Stroke 1 (711).jpg,aug_Stroke 1 (711).jpg,Brain Disease,Stroke,train,1
C:\Users\hamza\Downloads\FYP\AlzVsStr\AlzVsStr\train\Stroke\aug_Stroke 1 (712).jpg,aug_Stroke 1 (712).jpg,Brain Disease,Stroke,train,1
C:\Users\hamza\Downloads\FYP\AlzVsStr\AlzVsStr\train\Stroke\aug_Stroke 1 (713).jpg,aug_Stroke 1 (713).jpg,Brain Disease,Stroke,train,1
C:\Users\hamza\Downloads\FYP\AlzVsStr\AlzVsStr\train\Stroke\aug_Stroke 1 (714).jpg,aug_Stroke 1 (714).jpg,Brain Disease,Stroke,train,1
C:\Users\hamza\Downloads\FYP\AlzVsStr\AlzVsStr\train\Stroke\aug_Stroke 1 (715).jpg,aug_Stroke 1 (715).jpg,Brain Disease,Stroke,train,1
C:\Users\hamza\Downloads\FYP\AlzVsStr\AlzVsStr\train\Stroke\aug_Stroke 1 (716).jpg,aug_Stroke 1 (716).jpg,Brain Disease,Stroke,train,1
C:\Users\hamza\Downloads\FYP\AlzVsStr\AlzVsStr\train\Stroke\aug_Stroke 1 (717).jpg,aug_Stroke 1 (717).jpg,Brain Disease,Stroke,train,1
C:\Users\hamza\Downloads\FYP\AlzVsStr\AlzVsStr\train\Stroke\aug_Stroke 1 (718).jpg,aug_Stroke 1 (718).jpg,Brain Disease,Stroke,train,1
C:\Users\hamza\Downloads\FYP\AlzVsStr\AlzVsStr\train\Stroke\aug_Stroke 1 (719).jpg,aug_Stroke 1 (719).jpg,Brain Disease,Stroke,train,1
C:\Users\hamza\Downloads\FYP\AlzVsStr\AlzVsStr\train\Stroke\aug_Stroke 1 (72).jpg,aug_Stroke 1 (72).jpg,Brain Disease,Stroke,train,1
C:\Users\hamza\Downloads\FYP\AlzVsStr\AlzVsStr\train\Stroke\aug_Stroke 1 (720).jpg,aug_Stroke 1 (720).jpg,Brain Disease,Stroke,train,1
C:\Users\hamza\Downloads\FYP\AlzVsStr\AlzVsStr\train\Stroke\aug_Stroke 1 (721).jpg,aug_Stroke 1 (721).jpg,Brain Disease,Stroke,train,1
C:\Users\hamza\Downloads\FYP\AlzVsStr\AlzVsStr\train\Stroke\aug_Stroke 1 (722).jpg,aug_Stroke 1 (722).jpg,Brain Disease,Stroke,train,1
C:\Users\hamza\Downloads\FYP\AlzVsStr\AlzVsStr\train\Stroke\aug_Stroke 1 (723).jpg,aug_Stroke 1 (723).jpg,Brain Disease,Stroke,train,1
C:\Users\hamza\Downloads\FYP\AlzVsStr\AlzVsStr\train\Stroke\aug_Stroke 1 (724).jpg,aug_Stroke 1 (724).jpg,Brain Disease,Stroke,train,1
C:\Users\hamza\Downloads\FYP\AlzVsStr\AlzVsStr\train\Stroke\aug_Stroke 1 (725).jpg,aug_Stroke 1 (725).jpg,Brain Disease,Stroke,train,1
C:\Users\hamza\Downloads\FYP\AlzVsStr\AlzVsStr\train\Stroke\aug_Stroke 1 (726).jpg,aug_Stroke 1 (726).jpg,Brain Disease,Stroke,train,1
C:\Users\hamza\Downloads\FYP\AlzVsStr\AlzVsStr\train\Stroke\aug_Stroke 1 (727).jpg,aug_Stroke 1 (727).jpg,Brain Disease,Stroke,train,1
C:\Users\hamza\Downloads\FYP\AlzVsStr\AlzVsStr\train\Stroke\aug_Stroke 1 (728).jpg,aug_Stroke 1 (728).jpg,Brain Disease,Stroke,train,1
C:\Users\hamza\Downloads\FYP\AlzVsStr\AlzVsStr\train\Stroke\aug_Stroke 1 (729).jpg,aug_Stroke 1 (729).jpg,Brain Disease,Stroke,train,1
C:\Users\hamza\Downloads\FYP\AlzVsStr\AlzVsStr\train\Stroke\aug_Stroke 1 (73).jpg,aug_Stroke 1 (73).jpg,Brain Disease,Stroke,train,1
C:\Users\hamza\Downloads\FYP\AlzVsStr\AlzVsStr\train\Stroke\aug_Stroke 1 (730).jpg,aug_Stroke 1 (730).jpg,Brain Disease,Stroke,train,1
C:\Users\hamza\Downloads\FYP\AlzVsStr\AlzVsStr\train\Stroke\aug_Stroke 1 (731).jpg,aug_Stroke 1 (731).jpg,Brain Disease,Stroke,train,1
C:\Users\hamza\Downloads\FYP\AlzVsStr\AlzVsStr\train\Stroke\aug_Stroke 1 (732).jpg,aug_Stroke 1 (732).jpg,Brain Disease,Stroke,train,1
C:\Users\hamza\Downloads\FYP\AlzVsStr\AlzVsStr\train\Stroke\aug_Stroke 1 (733).jpg,aug_Stroke 1 (733).jpg,Brain Disease,Stroke,train,1
C:\Users\hamza\Downloads\FYP\AlzVsStr\AlzVsStr\train\Stroke\aug_Stroke 1 (734).jpg,aug_Stroke 1 (734).jpg,Brain Disease,Stroke,train,1
C:\Users\hamza\Downloads\FYP\AlzVsStr\AlzVsStr\train\Stroke\aug_Stroke 1 (735).jpg,aug_Stroke 1 (735).jpg,Brain Disease,Stroke,train,1
C:\Users\hamza\Downloads\FYP\AlzVsStr\AlzVsStr\train\Stroke\aug_Stroke 1 (736).jpg,aug_Stroke 1 (736).jpg,Brain Disease,Stroke,train,1
C:\Users\hamza\Downloads\FYP\AlzVsStr\AlzVsStr\train\Stroke\aug_Stroke 1 (737).jpg,aug_Stroke 1 (737).jpg,Brain Disease,Stroke,train,1
C:\Users\hamza\Downloads\FYP\AlzVsStr\AlzVsStr\train\Stroke\aug_Stroke 1 (738).jpg,aug_Stroke 1 (738).jpg,Brain Disease,Stroke,train,1
C:\Users\hamza\Downloads\FYP\AlzVsStr\AlzVsStr\train\Stroke\aug_Stroke 1 (739).jpg,aug_Stroke 1 (739).jpg,Brain Disease,Stroke,train,1
C:\Users\hamza\Downloads\FYP\AlzVsStr\AlzVsStr\train\Stroke\aug_Stroke 1 (74).jpg,aug_Stroke 1 (74).jpg,Brain Disease,Stroke,train,1
C:\Users\hamza\Downloads\FYP\AlzVsStr\AlzVsStr\train\Stroke\aug_Stroke 1 (740).jpg,aug_Stroke 1 (740).jpg,Brain Disease,Stroke,train,1
C:\Users\hamza\Downloads\FYP\AlzVsStr\AlzVsStr\train\Stroke\aug_Stroke 1 (741).jpg,aug_Stroke 1 (741).jpg,Brain Disease,Stroke,train,1
C:\Users\hamza\Downloads\FYP\AlzVsStr\AlzVsStr\train\Stroke\aug_Stroke 1 (742).jpg,aug_Stroke 1 (742).jpg,Brain Disease,Stroke,train,1
C:\Users\hamza\Downloads\FYP\AlzVsStr\AlzVsStr\train\Stroke\aug_Stroke 1 (743).jpg,aug_Stroke 1 (743).jpg,Brain Disease,Stroke,train,1
C:\Users\hamza\Downloads\FYP\AlzVsStr\AlzVsStr\train\Stroke\aug_Stroke 1 (744).jpg,aug_Stroke 1 (744).jpg,Brain Disease,Stroke,train,1
C:\Users\hamza\Downloads\FYP\AlzVsStr\AlzVsStr\train\Stroke\aug_Stroke 1 (745).jpg,aug_Stroke 1 (745).jpg,Brain Disease,Stroke,train,1
C:\Users\hamza\Downloads\FYP\AlzVsStr\AlzVsStr\train\Stroke\aug_Stroke 1 (746).jpg,aug_Stroke 1 (746).jpg,Brain Disease,Stroke,train,1
C:\Users\hamza\Downloads\FYP\AlzVsStr\AlzVsStr\train\Stroke\aug_Stroke 1 (747).jpg,aug_Stroke 1 (747).jpg,Brain Disease,Stroke,train,1
C:\Users\hamza\Downloads\FYP\AlzVsStr\AlzVsStr\train\Stroke\aug_Stroke 1 (748).jpg,aug_Stroke 1 (748).jpg,Brain Disease,Stroke,train,1
C:\Users\hamza\Downloads\FYP\AlzVsStr\AlzVsStr\train\Stroke\aug_Stroke 1 (749).jpg,aug_Stroke 1 (749).jpg,Brain Disease,Stroke,train,1
C:\Users\hamza\Downloads\FYP\AlzVsStr\AlzVsStr\train\Stroke\aug_Stroke 1 (75).jpg,aug_Stroke 1 (75).jpg,Brain Disease,Stroke,train,1
C:\Users\hamza\Downloads\FYP\AlzVsStr\AlzVsStr\train\Stroke\aug_Stroke 1 (750).jpg,aug_Stroke 1 (750).jpg,Brain Disease,Stroke,train,1
C:\Users\hamza\Downloads\FYP\AlzVsStr\AlzVsStr\train\Stroke\aug_Stroke 1 (751).jpg,aug_Stroke 1 (751).jpg,Brain Disease,Stroke,train,1
C:\Users\hamza\Downloads\FYP\AlzVsStr\AlzVsStr\train\Stroke\aug_Stroke 1 (752).jpg,aug_Stroke 1 (752).jpg,Brain Disease,Stroke,train,1
C:\Users\hamza\Downloads\FYP\AlzVsStr\AlzVsStr\train\Stroke\aug_Stroke 1 (753).jpg,aug_Stroke 1 (753).jpg,Brain Disease,Stroke,train,1
C:\Users\hamza\Downloads\FYP\AlzVsStr\AlzVsStr\train\Stroke\aug_Stroke 1 (754).jpg,aug_Stroke 1 (754).jpg,Brain Disease,Stroke,train,1
C:\Users\hamza\Downloads\FYP\AlzVsStr\AlzVsStr\train\Stroke\aug_Stroke 1 (755).jpg,aug_Stroke 1 (755).jpg,Brain Disease,Stroke,train,1
C:\Users\hamza\Downloads\FYP\AlzVsStr\AlzVsStr\train\Stroke\aug_Stroke 1 (756).jpg,aug_Stroke 1 (756).jpg,Brain Disease,Stroke,train,1
C:\Users\hamza\Downloads\FYP\AlzVsStr\AlzVsStr\train\Stroke\aug_Stroke 1 (757).jpg,aug_Stroke 1 (757).jpg,Brain Disease,Stroke,train,1
C:\Users\hamza\Downloads\FYP\AlzVsStr\AlzVsStr\train\Stroke\aug_Stroke 1 (758).jpg,aug_Stroke 1 (758).jpg,Brain Disease,Stroke,train,1
C:\Users\hamza\Downloads\FYP\AlzVsStr\AlzVsStr\train\Stroke\aug_Stroke 1 (759).jpg,aug_Stroke 1 (759).jpg,Brain Disease,Stroke,train,1
C:\Users\hamza\Downloads\FYP\AlzVsStr\AlzVsStr\train\Stroke\aug_Stroke 1 (76).jpg,aug_Stroke 1 (76).jpg,Brain Disease,Stroke,train,1
C:\Users\hamza\Downloads\FYP\AlzVsStr\AlzVsStr\train\Stroke\aug_Stroke 1 (760).jpg,aug_Stroke 1 (760).jpg,Brain Disease,Stroke,train,1
C:\Users\hamza\Downloads\FYP\AlzVsStr\AlzVsStr\train\Stroke\aug_Stroke 1 (761).jpg,aug_Stroke 1 (761).jpg,Brain Disease,Stroke,train,1
C:\Users\hamza\Downloads\FYP\AlzVsStr\AlzVsStr\train\Stroke\aug_Stroke 1 (762).jpg,aug_Stroke 1 (762).jpg,Brain Disease,Stroke,train,1
C:\Users\hamza\Downloads\FYP\AlzVsStr\AlzVsStr\train\Stroke\aug_Stroke 1 (763).jpg,aug_Stroke 1 (763).jpg,Brain Disease,Stroke,train,1
C:\Users\hamza\Downloads\FYP\AlzVsStr\AlzVsStr\train\Stroke\aug_Stroke 1 (764).jpg,aug_Stroke 1 (764).jpg,Brain Disease,Stroke,train,1
C:\Users\hamza\Downloads\FYP\AlzVsStr\AlzVsStr\train\Stroke\aug_Stroke 1 (765).jpg,aug_Stroke 1 (765).jpg,Brain Disease,Stroke,train,1
C:\Users\hamza\Downloads\FYP\AlzVsStr\AlzVsStr\train\Stroke\aug_Stroke 1 (766).jpg,aug_Stroke 1 (766).jpg,Brain Disease,Stroke,train,1
C:\Users\hamza\Downloads\FYP\AlzVsStr\AlzVsStr\train\Stroke\aug_Stroke 1 (767).jpg,aug_Stroke 1 (767).jpg,Brain Disease,Stroke,train,1
C:\Users\hamza\Downloads\FYP\AlzVsStr\AlzVsStr\train\Stroke\aug_Stroke 1 (768).jpg,aug_Stroke 1 (768).jpg,Brain Disease,Stroke,train,1
C:\Users\hamza\Downloads\FYP\AlzVsStr\AlzVsStr\train\Stroke\aug_Stroke 1 (769).jpg,aug_Stroke 1 (769).jpg,Brain Disease,Stroke,train,1
C:\Users\hamza\Downloads\FYP\AlzVsStr\AlzVsStr\train\Stroke\aug_Stroke 1 (77).jpg,aug_Stroke 1 (77).jpg,Brain Disease,Stroke,train,1
C:\Users\hamza\Downloads\FYP\AlzVsStr\AlzVsStr\train\Stroke\aug_Stroke 1 (770).jpg,aug_Stroke 1 (770).jpg,Brain Disease,Stroke,train,1
C:\Users\hamza\Downloads\FYP\AlzVsStr\AlzVsStr\train\Stroke\aug_Stroke 1 (771).jpg,aug_Stroke 1 (771).jpg,Brain Disease,Stroke,train,1
C:\Users\hamza\Downloads\FYP\AlzVsStr\AlzVsStr\train\Stroke\aug_Stroke 1 (772).jpg,aug_Stroke 1 (772).jpg,Brain Disease,Stroke,train,1
C:\Users\hamza\Downloads\FYP\AlzVsStr\AlzVsStr\train\Stroke\aug_Stroke 1 (773).jpg,aug_Stroke 1 (773).jpg,Brain Disease,Stroke,train,1
C:\Users\hamza\Downloads\FYP\AlzVsStr\AlzVsStr\train\Stroke\aug_Stroke 1 (774).jpg,aug_Stroke 1 (774).jpg,Brain Disease,Stroke,train,1
C:\Users\hamza\Downloads\FYP\AlzVsStr\AlzVsStr\train\Stroke\aug_Stroke 1 (775).jpg,aug_Stroke 1 (775).jpg,Brain Disease,Stroke,train,1
C:\Users\hamza\Downloads\FYP\AlzVsStr\AlzVsStr\train\Stroke\aug_Stroke 1 (776).jpg,aug_Stroke 1 (776).jpg,Brain Disease,Stroke,train,1
C:\Users\hamza\Downloads\FYP\AlzVsStr\AlzVsStr\train\Stroke\aug_Stroke 1 (777).jpg,aug_Stroke 1 (777).jpg,Brain Disease,Stroke,train,1
C:\Users\hamza\Downloads\FYP\AlzVsStr\AlzVsStr\train\Stroke\aug_Stroke 1 (778).jpg,aug_Stroke 1 (778).jpg,Brain Disease,Stroke,train,1
C:\Users\hamza\Downloads\FYP\AlzVsStr\AlzVsStr\train\Stroke\aug_Stroke 1 (779).jpg,aug_Stroke 1 (779).jpg,Brain Disease,Stroke,train,1
C:\Users\hamza\Downloads\FYP\AlzVsStr\AlzVsStr\train\Stroke\aug_Stroke 1 (78).jpg,aug_Stroke 1 (78).jpg,Brain Disease,Stroke,train,1
C:\Users\hamza\Downloads\FYP\AlzVsStr\AlzVsStr\train\Stroke\aug_Stroke 1 (780).jpg,aug_Stroke 1 (780).jpg,Brain Disease,Stroke,train,1
C:\Users\hamza\Downloads\FYP\AlzVsStr\AlzVsStr\train\Stroke\aug_Stroke 1 (781).jpg,aug_Stroke 1 (781).jpg,Brain Disease,Stroke,train,1
C:\Users\hamza\Downloads\FYP\AlzVsStr\AlzVsStr\train\Stroke\aug_Stroke 1 (782).jpg,aug_Stroke 1 (782).jpg,Brain Disease,Stroke,train,1
C:\Users\hamza\Downloads\FYP\AlzVsStr\AlzVsStr\train\Stroke\aug_Stroke 1 (783).jpg,aug_Stroke 1 (783).jpg,Brain Disease,Stroke,train,1
C:\Users\hamza\Downloads\FYP\AlzVsStr\AlzVsStr\train\Stroke\aug_Stroke 1 (784).jpg,aug_Stroke 1 (784).jpg,Brain Disease,Stroke,train,1
C:\Users\hamza\Downloads\FYP\AlzVsStr\AlzVsStr\train\Stroke\aug_Stroke 1 (785).jpg,aug_Stroke 1 (785).jpg,Brain Disease,Stroke,train,1
C:\Users\hamza\Downloads\FYP\AlzVsStr\AlzVsStr\train\Stroke\aug_Stroke 1 (786).jpg,aug_Stroke 1 (786).jpg,Brain Disease,Stroke,train,1
C:\Users\hamza\Downloads\FYP\AlzVsStr\AlzVsStr\train\Stroke\aug_Stroke 1 (787).jpg,aug_Stroke 1 (787).jpg,Brain Disease,Stroke,train,1
C:\Users\hamza\Downloads\FYP\AlzVsStr\AlzVsStr\train\Stroke\aug_Stroke 1 (788).jpg,aug_Stroke 1 (788).jpg,Brain Disease,Stroke,train,1
C:\Users\hamza\Downloads\FYP\AlzVsStr\AlzVsStr\train\Stroke\aug_Stroke 1 (789).jpg,aug_Stroke 1 (789).jpg,Brain Disease,Stroke,train,1
C:\Users\hamza\Downloads\FYP\AlzVsStr\AlzVsStr\train\Stroke\aug_Stroke 1 (79).jpg,aug_Stroke 1 (79).jpg,Brain Disease,Stroke,train,1
C:\Users\hamza\Downloads\FYP\AlzVsStr\AlzVsStr\train\Stroke\aug_Stroke 1 (790).jpg,aug_Stroke 1 (790).jpg,Brain Disease,Stroke,train,1
C:\Users\hamza\Downloads\FYP\AlzVsStr\AlzVsStr\train\Stroke\aug_Stroke 1 (791).jpg,aug_Stroke 1 (791).jpg,Brain Disease,Stroke,train,1
C:\Users\hamza\Downloads\FYP\AlzVsStr\AlzVsStr\train\Stroke\aug_Stroke 1 (792).jpg,aug_Stroke 1 (792).jpg,Brain Disease,Stroke,train,1
C:\Users\hamza\Downloads\FYP\AlzVsStr\AlzVsStr\train\Stroke\aug_Stroke 1 (793).jpg,aug_Stroke 1 (793).jpg,Brain Disease,Stroke,train,1
C:\Users\hamza\Downloads\FYP\AlzVsStr\AlzVsStr\train\Stroke\aug_Stroke 1 (794).jpg,aug_Stroke 1 (794).jpg,Brain Disease,Stroke,train,1
C:\Users\hamza\Downloads\FYP\AlzVsStr\AlzVsStr\train\Stroke\aug_Stroke 1 (795).jpg,aug_Stroke 1 (795).jpg,Brain Disease,Stroke,train,1
C:\Users\hamza\Downloads\FYP\AlzVsStr\AlzVsStr\train\Stroke\aug_Stroke 1 (796).jpg,aug_Stroke 1 (796).jpg,Brain Disease,Stroke,train,1
C:\Users\hamza\Downloads\FYP\AlzVsStr\AlzVsStr\train\Stroke\aug_Stroke 1 (797).jpg,aug_Stroke 1 (797).jpg,Brain Disease,Stroke,train,1
C:\Users\hamza\Downloads\FYP\AlzVsStr\AlzVsStr\train\Stroke\aug_Stroke 1 (798).jpg,aug_Stroke 1 (798).jpg,Brain Disease,Stroke,train,1
C:\Users\hamza\Downloads\FYP\AlzVsStr\AlzVsStr\train\Stroke\aug_Stroke 1 (799).jpg,aug_Stroke 1 (799).jpg,Brain Disease,Stroke,train,1
C:\Users\hamza\Downloads\FYP\AlzVsStr\AlzVsStr\train\Stroke\aug_Stroke 1 (8).jpg,aug_Stroke 1 (8).jpg,Brain Disease,Stroke,train,1
C:\Users\hamza\Downloads\FYP\AlzVsStr\AlzVsStr\train\Stroke\aug_Stroke 1 (80).jpg,aug_Stroke 1 (80).jpg,Brain Disease,Stroke,train,1
C:\Users\hamza\Downloads\FYP\AlzVsStr\AlzVsStr\train\Stroke\aug_Stroke 1 (800).jpg,aug_Stroke 1 (800).jpg,Brain Disease,Stroke,train,1
C:\Users\hamza\Downloads\FYP\AlzVsStr\AlzVsStr\train\Stroke\aug_Stroke 1 (801).jpg,aug_Stroke 1 (801).jpg,Brain Disease,Stroke,train,1
C:\Users\hamza\Downloads\FYP\AlzVsStr\AlzVsStr\train\Stroke\aug_Stroke 1 (802).jpg,aug_Stroke 1 (802).jpg,Brain Disease,Stroke,train,1
C:\Users\hamza\Downloads\FYP\AlzVsStr\AlzVsStr\train\Stroke\aug_Stroke 1 (803).jpg,aug_Stroke 1 (803).jpg,Brain Disease,Stroke,train,1
C:\Users\hamza\Downloads\FYP\AlzVsStr\AlzVsStr\train\Stroke\aug_Stroke 1 (804).jpg,aug_Stroke 1 (804).jpg,Brain Disease,Stroke,train,1
C:\Users\hamza\Downloads\FYP\AlzVsStr\AlzVsStr\train\Stroke\aug_Stroke 1 (805).jpg,aug_Stroke 1 (805).jpg,Brain Disease,Stroke,train,1
C:\Users\hamza\Downloads\FYP\AlzVsStr\AlzVsStr\train\Stroke\aug_Stroke 1 (806).jpg,aug_Stroke 1 (806).jpg,Brain Disease,Stroke,train,1
C:\Users\hamza\Downloads\FYP\AlzVsStr\AlzVsStr\train\Stroke\aug_Stroke 1 (807).jpg,aug_Stroke 1 (807).jpg,Brain Disease,Stroke,train,1
C:\Users\hamza\Downloads\FYP\AlzVsStr\AlzVsStr\train\Stroke\aug_Stroke 1 (808).jpg,aug_Stroke 1 (808).jpg,Brain Disease,Stroke,train,1
C:\Users\hamza\Downloads\FYP\AlzVsStr\AlzVsStr\train\Stroke\aug_Stroke 1 (809).jpg,aug_Stroke 1 (809).jpg,Brain Disease,Stroke,train,1
C:\Users\hamza\Downloads\FYP\AlzVsStr\AlzVsStr\train\Stroke\aug_Stroke 1 (81).jpg,aug_Stroke 1 (81).jpg,Brain Disease,Stroke,train,1
C:\Users\hamza\Downloads\FYP\AlzVsStr\AlzVsStr\train\Stroke\aug_Stroke 1 (810).jpg,aug_Stroke 1 (810).jpg,Brain Disease,Stroke,train,1
C:\Users\hamza\Downloads\FYP\AlzVsStr\AlzVsStr\train\Stroke\aug_Stroke 1 (811).jpg,aug_Stroke 1 (811).jpg,Brain Disease,Stroke,train,1
C:\Users\hamza\Downloads\FYP\AlzVsStr\AlzVsStr\train\Stroke\aug_Stroke 1 (812).jpg,aug_Stroke 1 (812).jpg,Brain Disease,Stroke,train,1
C:\Users\hamza\Downloads\FYP\AlzVsStr\AlzVsStr\train\Stroke\aug_Stroke 1 (813).jpg,aug_Stroke 1 (813).jpg,Brain Disease,Stroke,train,1
C:\Users\hamza\Downloads\FYP\AlzVsStr\AlzVsStr\train\Stroke\aug_Stroke 1 (814).jpg,aug_Stroke 1 (814).jpg,Brain Disease,Stroke,train,1
C:\Users\hamza\Downloads\FYP\AlzVsStr\AlzVsStr\train\Stroke\aug_Stroke 1 (815).jpg,aug_Stroke 1 (815).jpg,Brain Disease,Stroke,train,1
C:\Users\hamza\Downloads\FYP\AlzVsStr\AlzVsStr\train\Stroke\aug_Stroke 1 (816).jpg,aug_Stroke 1 (816).jpg,Brain Disease,Stroke,train,1
C:\Users\hamza\Downloads\FYP\AlzVsStr\AlzVsStr\train\Stroke\aug_Stroke 1 (817).jpg,aug_Stroke 1 (817).jpg,Brain Disease,Stroke,train,1
C:\Users\hamza\Downloads\FYP\AlzVsStr\AlzVsStr\train\Stroke\aug_Stroke 1 (818).jpg,aug_Stroke 1 (818).jpg,Brain Disease,Stroke,train,1
C:\Users\hamza\Downloads\FYP\AlzVsStr\AlzVsStr\train\Stroke\aug_Stroke 1 (819).jpg,aug_Stroke 1 (819).jpg,Brain Disease,Stroke,train,1
C:\Users\hamza\Downloads\FYP\AlzVsStr\AlzVsStr\train\Stroke\aug_Stroke 1 (82).jpg,aug_Stroke 1 (82).jpg,Brain Disease,Stroke,train,1
C:\Users\hamza\Downloads\FYP\AlzVsStr\AlzVsStr\train\Stroke\aug_Stroke 1 (820).jpg,aug_Stroke 1 (820).jpg,Brain Disease,Stroke,train,1
C:\Users\hamza\Downloads\FYP\AlzVsStr\AlzVsStr\train\Stroke\aug_Stroke 1 (821).jpg,aug_Stroke 1 (821).jpg,Brain Disease,Stroke,train,1
C:\Users\hamza\Downloads\FYP\AlzVsStr\AlzVsStr\train\Stroke\aug_Stroke 1 (822).jpg,aug_Stroke 1 (822).jpg,Brain Disease,Stroke,train,1
C:\Users\hamza\Downloads\FYP\AlzVsStr\AlzVsStr\train\Stroke\aug_Stroke 1 (823).jpg,aug_Stroke 1 (823).jpg,Brain Disease,Stroke,train,1
C:\Users\hamza\Downloads\FYP\AlzVsStr\AlzVsStr\train\Stroke\aug_Stroke 1 (824).jpg,aug_Stroke 1 (824).jpg,Brain Disease,Stroke,train,1
C:\Users\hamza\Downloads\FYP\AlzVsStr\AlzVsStr\train\Stroke\aug_Stroke 1 (825).jpg,aug_Stroke 1 (825).jpg,Brain Disease,Stroke,train,1
C:\Users\hamza\Downloads\FYP\AlzVsStr\AlzVsStr\train\Stroke\aug_Stroke 1 (826).jpg,aug_Stroke 1 (826).jpg,Brain Disease,Stroke,train,1
C:\Users\hamza\Downloads\FYP\AlzVsStr\AlzVsStr\train\Stroke\aug_Stroke 1 (827).jpg,aug_Stroke 1 (827).jpg,Brain Disease,Stroke,train,1
C:\Users\hamza\Downloads\FYP\AlzVsStr\AlzVsStr\train\Stroke\aug_Stroke 1 (828).jpg,aug_Stroke 1 (828).jpg,Brain Disease,Stroke,train,1
C:\Users\hamza\Downloads\FYP\AlzVsStr\AlzVsStr\train\Stroke\aug_Stroke 1 (829).jpg,aug_Stroke 1 (829).jpg,Brain Disease,Stroke,train,1
C:\Users\hamza\Downloads\FYP\AlzVsStr\AlzVsStr\train\Stroke\aug_Stroke 1 (83).jpg,aug_Stroke 1 (83).jpg,Brain Disease,Stroke,train,1
C:\Users\hamza\Downloads\FYP\AlzVsStr\AlzVsStr\train\Stroke\aug_Stroke 1 (830).jpg,aug_Stroke 1 (830).jpg,Brain Disease,Stroke,train,1
C:\Users\hamza\Downloads\FYP\AlzVsStr\AlzVsStr\train\Stroke\aug_Stroke 1 (831).jpg,aug_Stroke 1 (831).jpg,Brain Disease,Stroke,train,1
C:\Users\hamza\Downloads\FYP\AlzVsStr\AlzVsStr\train\Stroke\aug_Stroke 1 (832).jpg,aug_Stroke 1 (832).jpg,Brain Disease,Stroke,train,1
C:\Users\hamza\Downloads\FYP\AlzVsStr\AlzVsStr\train\Stroke\aug_Stroke 1 (833).jpg,aug_Stroke 1 (833).jpg,Brain Disease,Stroke,train,1
C:\Users\hamza\Downloads\FYP\AlzVsStr\AlzVsStr\train\Stroke\aug_Stroke 1 (834).jpg,aug_Stroke 1 (834).jpg,Brain Disease,Stroke,train,1
C:\Users\hamza\Downloads\FYP\AlzVsStr\AlzVsStr\train\Stroke\aug_Stroke 1 (835).jpg,aug_Stroke 1 (835).jpg,Brain Disease,Stroke,train,1
C:\Users\hamza\Downloads\FYP\AlzVsStr\AlzVsStr\train\Stroke\aug_Stroke 1 (836).jpg,aug_Stroke 1 (836).jpg,Brain Disease,Stroke,train,1
C:\Users\hamza\Downloads\FYP\AlzVsStr\AlzVsStr\train\Stroke\aug_Stroke 1 (837).jpg,aug_Stroke 1 (837).jpg,Brain Disease,Stroke,train,1
C:\Users\hamza\Downloads\FYP\AlzVsStr\AlzVsStr\train\Stroke\aug_Stroke 1 (838).jpg,aug_Stroke 1 (838).jpg,Brain Disease,Stroke,train,1
C:\Users\hamza\Downloads\FYP\AlzVsStr\AlzVsStr\train\Stroke\aug_Stroke 1 (839).jpg,aug_Stroke 1 (839).jpg,Brain Disease,Stroke,train,1
C:\Users\hamza\Downloads\FYP\AlzVsStr\AlzVsStr\train\Stroke\aug_Stroke 1 (84).jpg,aug_Stroke 1 (84).jpg,Brain Disease,Stroke,train,1
C:\Users\hamza\Downloads\FYP\AlzVsStr\AlzVsStr\train\Stroke\aug_Stroke 1 (840).jpg,aug_Stroke 1 (840).jpg,Brain Disease,Stroke,train,1
C:\Users\hamza\Downloads\FYP\AlzVsStr\AlzVsStr\train\Stroke\aug_Stroke 1 (841).jpg,aug_Stroke 1 (841).jpg,Brain Disease,Stroke,train,1
C:\Users\hamza\Downloads\FYP\AlzVsStr\AlzVsStr\train\Stroke\aug_Stroke 1 (842).jpg,aug_Stroke 1 (842).jpg,Brain Disease,Stroke,train,1
C:\Users\hamza\Downloads\FYP\AlzVsStr\AlzVsStr\train\Stroke\aug_Stroke 1 (843).jpg,aug_Stroke 1 (843).jpg,Brain Disease,Stroke,train,1
C:\Users\hamza\Downloads\FYP\AlzVsStr\AlzVsStr\train\Stroke\aug_Stroke 1 (844).jpg,aug_Stroke 1 (844).jpg,Brain Disease,Stroke,train,1
C:\Users\hamza\Downloads\FYP\AlzVsStr\AlzVsStr\train\Stroke\aug_Stroke 1 (845).jpg,aug_Stroke 1 (845).jpg,Brain Disease,Stroke,train,1
C:\Users\hamza\Downloads\FYP\AlzVsStr\AlzVsStr\train\Stroke\aug_Stroke 1 (846).jpg,aug_Stroke 1 (846).jpg,Brain Disease,Stroke,train,1
C:\Users\hamza\Downloads\FYP\AlzVsStr\AlzVsStr\train\Stroke\aug_Stroke 1 (847).jpg,aug_Stroke 1 (847).jpg,Brain Disease,Stroke,train,1
C:\Users\hamza\Downloads\FYP\AlzVsStr\AlzVsStr\train\Stroke\aug_Stroke 1 (848).jpg,aug_Stroke 1 (848).jpg,Brain Disease,Stroke,train,1
C:\Users\hamza\Downloads\FYP\AlzVsStr\AlzVsStr\train\Stroke\aug_Stroke 1 (849).jpg,aug_Stroke 1 (849).jpg,Brain Disease,Stroke,train,1
C:\Users\hamza\Downloads\FYP\AlzVsStr\AlzVsStr\train\Stroke\aug_Stroke 1 (85).jpg,aug_Stroke 1 (85).jpg,Brain Disease,Stroke,train,1
C:\Users\hamza\Downloads\FYP\AlzVsStr\AlzVsStr\train\Stroke\aug_Stroke 1 (850).jpg,aug_Stroke 1 (850).jpg,Brain Disease,Stroke,train,1
C:\Users\hamza\Downloads\FYP\AlzVsStr\AlzVsStr\train\Stroke\aug_Stroke 1 (851).jpg,aug_Stroke 1 (851).jpg,Brain Disease,Stroke,train,1
C:\Users\hamza\Downloads\FYP\AlzVsStr\AlzVsStr\train\Stroke\aug_Stroke 1 (852).jpg,aug_Stroke 1 (852).jpg,Brain Disease,Stroke,train,1
C:\Users\hamza\Downloads\FYP\AlzVsStr\AlzVsStr\train\Stroke\aug_Stroke 1 (853).jpg,aug_Stroke 1 (853).jpg,Brain Disease,Stroke,train,1
C:\Users\hamza\Downloads\FYP\AlzVsStr\AlzVsStr\train\Stroke\aug_Stroke 1 (854).jpg,aug_Stroke 1 (854).jpg,Brain Disease,Stroke,train,1
C:\Users\hamza\Downloads\FYP\AlzVsStr\AlzVsStr\train\Stroke\aug_Stroke 1 (855).jpg,aug_Stroke 1 (855).jpg,Brain Disease,Stroke,train,1
C:\Users\hamza\Downloads\FYP\AlzVsStr\AlzVsStr\train\Stroke\aug_Stroke 1 (856).jpg,aug_Stroke 1 (856).jpg,Brain Disease,Stroke,train,1
C:\Users\hamza\Downloads\FYP\AlzVsStr\AlzVsStr\train\Stroke\aug_Stroke 1 (857).jpg,aug_Stroke 1 (857).jpg,Brain Disease,Stroke,train,1
C:\Users\hamza\Downloads\FYP\AlzVsStr\AlzVsStr\train\Stroke\aug_Stroke 1 (858).jpg,aug_Stroke 1 (858).jpg,Brain Disease,Stroke,train,1
C:\Users\hamza\Downloads\FYP\AlzVsStr\AlzVsStr\train\Stroke\aug_Stroke 1 (859).jpg,aug_Stroke 1 (859).jpg,Brain Disease,Stroke,train,1
C:\Users\hamza\Downloads\FYP\AlzVsStr\AlzVsStr\train\Stroke\aug_Stroke 1 (86).jpg,aug_Stroke 1 (86).jpg,Brain Disease,Stroke,train,1
C:\Users\hamza\Downloads\FYP\AlzVsStr\AlzVsStr\train\Stroke\aug_Stroke 1 (860).jpg,aug_Stroke 1 (860).jpg,Brain Disease,Stroke,train,1
C:\Users\hamza\Downloads\FYP\AlzVsStr\AlzVsStr\train\Stroke\aug_Stroke 1 (861).jpg,aug_Stroke 1 (861).jpg,Brain Disease,Stroke,train,1
C:\Users\hamza\Downloads\FYP\AlzVsStr\AlzVsStr\train\Stroke\aug_Stroke 1 (862).jpg,aug_Stroke 1 (862).jpg,Brain Disease,Stroke,train,1
C:\Users\hamza\Downloads\FYP\AlzVsStr\AlzVsStr\train\Stroke\aug_Stroke 1 (863).jpg,aug_Stroke 1 (863).jpg,Brain Disease,Stroke,train,1
C:\Users\hamza\Downloads\FYP\AlzVsStr\AlzVsStr\train\Stroke\aug_Stroke 1 (864).jpg,aug_Stroke 1 (864).jpg,Brain Disease,Stroke,train,1
C:\Users\hamza\Downloads\FYP\AlzVsStr\AlzVsStr\train\Stroke\aug_Stroke 1 (865).jpg,aug_Stroke 1 (865).jpg,Brain Disease,Stroke,train,1
C:\Users\hamza\Downloads\FYP\AlzVsStr\AlzVsStr\train\Stroke\aug_Stroke 1 (866).jpg,aug_Stroke 1 (866).jpg,Brain Disease,Stroke,train,1
C:\Users\hamza\Downloads\FYP\AlzVsStr\AlzVsStr\train\Stroke\aug_Stroke 1 (867).jpg,aug_Stroke 1 (867).jpg,Brain Disease,Stroke,train,1
C:\Users\hamza\Downloads\FYP\AlzVsStr\AlzVsStr\train\Stroke\aug_Stroke 1 (868).jpg,aug_Stroke 1 (868).jpg,Brain Disease,Stroke,train,1
C:\Users\hamza\Downloads\FYP\AlzVsStr\AlzVsStr\train\Stroke\aug_Stroke 1 (869).jpg,aug_Stroke 1 (869).jpg,Brain Disease,Stroke,train,1
C:\Users\hamza\Downloads\FYP\AlzVsStr\AlzVsStr\train\Stroke\aug_Stroke 1 (87).jpg,aug_Stroke 1 (87).jpg,Brain Disease,Stroke,train,1
C:\Users\hamza\Downloads\FYP\AlzVsStr\AlzVsStr\train\Stroke\aug_Stroke 1 (870).jpg,aug_Stroke 1 (870).jpg,Brain Disease,Stroke,train,1
C:\Users\hamza\Downloads\FYP\AlzVsStr\AlzVsStr\train\Stroke\aug_Stroke 1 (871).jpg,aug_Stroke 1 (871).jpg,Brain Disease,Stroke,train,1
C:\Users\hamza\Downloads\FYP\AlzVsStr\AlzVsStr\train\Stroke\aug_Stroke 1 (872).jpg,aug_Stroke 1 (872).jpg,Brain Disease,Stroke,train,1
C:\Users\hamza\Downloads\FYP\AlzVsStr\AlzVsStr\train\Stroke\aug_Stroke 1 (873).jpg,aug_Stroke 1 (873).jpg,Brain Disease,Stroke,train,1
C:\Users\hamza\Downloads\FYP\AlzVsStr\AlzVsStr\train\Stroke\aug_Stroke 1 (874).jpg,aug_Stroke 1 (874).jpg,Brain Disease,Stroke,train,1
C:\Users\hamza\Downloads\FYP\AlzVsStr\AlzVsStr\train\Stroke\aug_Stroke 1 (875).jpg,aug_Stroke 1 (875).jpg,Brain Disease,Stroke,train,1
C:\Users\hamza\Downloads\FYP\AlzVsStr\AlzVsStr\train\Stroke\aug_Stroke 1 (876).jpg,aug_Stroke 1 (876).jpg,Brain Disease,Stroke,train,1
C:\Users\hamza\Downloads\FYP\AlzVsStr\AlzVsStr\train\Stroke\aug_Stroke 1 (877).jpg,aug_Stroke 1 (877).jpg,Brain Disease,Stroke,train,1
C:\Users\hamza\Downloads\FYP\AlzVsStr\AlzVsStr\train\Stroke\aug_Stroke 1 (878).jpg,aug_Stroke 1 (878).jpg,Brain Disease,Stroke,train,1
C:\Users\hamza\Downloads\FYP\AlzVsStr\AlzVsStr\train\Stroke\aug_Stroke 1 (879).jpg,aug_Stroke 1 (879).jpg,Brain Disease,Stroke,train,1
C:\Users\hamza\Downloads\FYP\AlzVsStr\AlzVsStr\train\Stroke\aug_Stroke 1 (88).jpg,aug_Stroke 1 (88).jpg,Brain Disease,Stroke,train,1
C:\Users\hamza\Downloads\FYP\AlzVsStr\AlzVsStr\train\Stroke\aug_Stroke 1 (880).jpg,aug_Stroke 1 (880).jpg,Brain Disease,Stroke,train,1
C:\Users\hamza\Downloads\FYP\AlzVsStr\AlzVsStr\train\Stroke\aug_Stroke 1 (881).jpg,aug_Stroke 1 (881).jpg,Brain Disease,Stroke,train,1
C:\Users\hamza\Downloads\FYP\AlzVsStr\AlzVsStr\train\Stroke\aug_Stroke 1 (882).jpg,aug_Stroke 1 (882).jpg,Brain Disease,Stroke,train,1
C:\Users\hamza\Downloads\FYP\AlzVsStr\AlzVsStr\train\Stroke\aug_Stroke 1 (883).jpg,aug_Stroke 1 (883).jpg,Brain Disease,Stroke,train,1
C:\Users\hamza\Downloads\FYP\AlzVsStr\AlzVsStr\train\Stroke\aug_Stroke 1 (884).jpg,aug_Stroke 1 (884).jpg,Brain Disease,Stroke,train,1
C:\Users\hamza\Downloads\FYP\AlzVsStr\AlzVsStr\train\Stroke\aug_Stroke 1 (885).jpg,aug_Stroke 1 (885).jpg,Brain Disease,Stroke,train,1
C:\Users\hamza\Downloads\FYP\AlzVsStr\AlzVsStr\train\Stroke\aug_Stroke 1 (886).jpg,aug_Stroke 1 (886).jpg,Brain Disease,Stroke,train,1
C:\Users\hamza\Downloads\FYP\AlzVsStr\AlzVsStr\train\Stroke\aug_Stroke 1 (887).jpg,aug_Stroke 1 (887).jpg,Brain Disease,Stroke,train,1
C:\Users\hamza\Downloads\FYP\AlzVsStr\AlzVsStr\train\Stroke\aug_Stroke 1 (888).jpg,aug_Stroke 1 (888).jpg,Brain Disease,Stroke,train,1
C:\Users\hamza\Downloads\FYP\AlzVsStr\AlzVsStr\train\Stroke\aug_Stroke 1 (889).jpg,aug_Stroke 1 (889).jpg,Brain Disease,Stroke,train,1
C:\Users\hamza\Downloads\FYP\AlzVsStr\AlzVsStr\train\Stroke\aug_Stroke 1 (89).jpg,aug_Stroke 1 (89).jpg,Brain Disease,Stroke,train,1
C:\Users\hamza\Downloads\FYP\AlzVsStr\AlzVsStr\train\Stroke\aug_Stroke 1 (890).jpg,aug_Stroke 1 (890).jpg,Brain Disease,Stroke,train,1
C:\Users\hamza\Downloads\FYP\AlzVsStr\AlzVsStr\train\Stroke\aug_Stroke 1 (891).jpg,aug_Stroke 1 (891).jpg,Brain Disease,Stroke,train,1
C:\Users\hamza\Downloads\FYP\AlzVsStr\AlzVsStr\train\Stroke\aug_Stroke 1 (892).jpg,aug_Stroke 1 (892).jpg,Brain Disease,Stroke,train,1
C:\Users\hamza\Downloads\FYP\AlzVsStr\AlzVsStr\train\Stroke\aug_Stroke 1 (893).jpg,aug_Stroke 1 (893).jpg,Brain Disease,Stroke,train,1
C:\Users\hamza\Downloads\FYP\AlzVsStr\AlzVsStr\train\Stroke\aug_Stroke 1 (894).jpg,aug_Stroke 1 (894).jpg,Brain Disease,Stroke,train,1
C:\Users\hamza\Downloads\FYP\AlzVsStr\AlzVsStr\train\Stroke\aug_Stroke 1 (895).jpg,aug_Stroke 1 (895).jpg,Brain Disease,Stroke,train,1
C:\Users\hamza\Downloads\FYP\AlzVsStr\AlzVsStr\train\Stroke\aug_Stroke 1 (896).jpg,aug_Stroke 1 (896).jpg,Brain Disease,Stroke,train,1
C:\Users\hamza\Downloads\FYP\AlzVsStr\AlzVsStr\train\Stroke\aug_Stroke 1 (897).jpg,aug_Stroke 1 (897).jpg,Brain Disease,Stroke,train,1
C:\Users\hamza\Downloads\FYP\AlzVsStr\AlzVsStr\train\Stroke\aug_Stroke 1 (898).jpg,aug_Stroke 1 (898).jpg,Brain Disease,Stroke,train,1
C:\Users\hamza\Downloads\FYP\AlzVsStr\AlzVsStr\train\Stroke\aug_Stroke 1 (899).jpg,aug_Stroke 1 (899).jpg,Brain Disease,Stroke,train,1
C:\Users\hamza\Downloads\FYP\AlzVsStr\AlzVsStr\train\Stroke\aug_Stroke 1 (9).jpg,aug_Stroke 1 (9).jpg,Brain Disease,Stroke,train,1
C:\Users\hamza\Downloads\FYP\AlzVsStr\AlzVsStr\train\Stroke\aug_Stroke 1 (90).jpg,aug_Stroke 1 (90).jpg,Brain Disease,Stroke,train,1
C:\Users\hamza\Downloads\FYP\AlzVsStr\AlzVsStr\train\Stroke\aug_Stroke 1 (900).jpg,aug_Stroke 1 (900).jpg,Brain Disease,Stroke,train,1
C:\Users\hamza\Downloads\FYP\AlzVsStr\AlzVsStr\train\Stroke\aug_Stroke 1 (901).jpg,aug_Stroke 1 (901).jpg,Brain Disease,Stroke,train,1
C:\Users\hamza\Downloads\FYP\AlzVsStr\AlzVsStr\train\Stroke\aug_Stroke 1 (902).jpg,aug_Stroke 1 (902).jpg,Brain Disease,Stroke,train,1
C:\Users\hamza\Downloads\FYP\AlzVsStr\AlzVsStr\train\Stroke\aug_Stroke 1 (903).jpg,aug_Stroke 1 (903).jpg,Brain Disease,Stroke,train,1
C:\Users\hamza\Downloads\FYP\AlzVsStr\AlzVsStr\train\Stroke\aug_Stroke 1 (904).jpg,aug_Stroke 1 (904).jpg,Brain Disease,Stroke,train,1
C:\Users\hamza\Downloads\FYP\AlzVsStr\AlzVsStr\train\Stroke\aug_Stroke 1 (905).jpg,aug_Stroke 1 (905).jpg,Brain Disease,Stroke,train,1
C:\Users\hamza\Downloads\FYP\AlzVsStr\AlzVsStr\train\Stroke\aug_Stroke 1 (906).jpg,aug_Stroke 1 (906).jpg,Brain Disease,Stroke,train,1
C:\Users\hamza\Downloads\FYP\AlzVsStr\AlzVsStr\train\Stroke\aug_Stroke 1 (907).jpg,aug_Stroke 1 (907).jpg,Brain Disease,Stroke,train,1
C:\Users\hamza\Downloads\FYP\AlzVsStr\AlzVsStr\train\Stroke\aug_Stroke 1 (908).jpg,aug_Stroke 1 (908).jpg,Brain Disease,Stroke,train,1
C:\Users\hamza\Downloads\FYP\AlzVsStr\AlzVsStr\train\Stroke\aug_Stroke 1 (909).jpg,aug_Stroke 1 (909).jpg,Brain Disease,Stroke,train,1
C:\Users\hamza\Downloads\FYP\AlzVsStr\AlzVsStr\train\Stroke\aug_Stroke 1 (91).jpg,aug_Stroke 1 (91).jpg,Brain Disease,Stroke,train,1
C:\Users\hamza\Downloads\FYP\AlzVsStr\AlzVsStr\train\Stroke\aug_Stroke 1 (910).jpg,aug_Stroke 1 (910).jpg,Brain Disease,Stroke,train,1
C:\Users\hamza\Downloads\FYP\AlzVsStr\AlzVsStr\train\Stroke\aug_Stroke 1 (911).jpg,aug_Stroke 1 (911).jpg,Brain Disease,Stroke,train,1
C:\Users\hamza\Downloads\FYP\AlzVsStr\AlzVsStr\train\Stroke\aug_Stroke 1 (912).jpg,aug_Stroke 1 (912).jpg,Brain Disease,Stroke,train,1
C:\Users\hamza\Downloads\FYP\AlzVsStr\AlzVsStr\train\Stroke\aug_Stroke 1 (913).jpg,aug_Stroke 1 (913).jpg,Brain Disease,Stroke,train,1
C:\Users\hamza\Downloads\FYP\AlzVsStr\AlzVsStr\train\Stroke\aug_Stroke 1 (914).jpg,aug_Stroke 1 (914).jpg,Brain Disease,Stroke,train,1
C:\Users\hamza\Downloads\FYP\AlzVsStr\AlzVsStr\train\Stroke\aug_Stroke 1 (915).jpg,aug_Stroke 1 (915).jpg,Brain Disease,Stroke,train,1
C:\Users\hamza\Downloads\FYP\AlzVsStr\AlzVsStr\train\Stroke\aug_Stroke 1 (916).jpg,aug_Stroke 1 (916).jpg,Brain Disease,Stroke,train,1
C:\Users\hamza\Downloads\FYP\AlzVsStr\AlzVsStr\train\Stroke\aug_Stroke 1 (917).jpg,aug_Stroke 1 (917).jpg,Brain Disease,Stroke,train,1
C:\Users\hamza\Downloads\FYP\AlzVsStr\AlzVsStr\train\Stroke\aug_Stroke 1 (918).jpg,aug_Stroke 1 (918).jpg,Brain Disease,Stroke,train,1
C:\Users\hamza\Downloads\FYP\AlzVsStr\AlzVsStr\train\Stroke\aug_Stroke 1 (919).jpg,aug_Stroke 1 (919).jpg,Brain Disease,Stroke,train,1
C:\Users\hamza\Downloads\FYP\AlzVsStr\AlzVsStr\train\Stroke\aug_Stroke 1 (92).jpg,aug_Stroke 1 (92).jpg,Brain Disease,Stroke,train,1
C:\Users\hamza\Downloads\FYP\AlzVsStr\AlzVsStr\train\Stroke\aug_Stroke 1 (920).jpg,aug_Stroke 1 (920).jpg,Brain Disease,Stroke,train,1
C:\Users\hamza\Downloads\FYP\AlzVsStr\AlzVsStr\train\Stroke\aug_Stroke 1 (921).jpg,aug_Stroke 1 (921).jpg,Brain Disease,Stroke,train,1
C:\Users\hamza\Downloads\FYP\AlzVsStr\AlzVsStr\train\Stroke\aug_Stroke 1 (922).jpg,aug_Stroke 1 (922).jpg,Brain Disease,Stroke,train,1
C:\Users\hamza\Downloads\FYP\AlzVsStr\AlzVsStr\train\Stroke\aug_Stroke 1 (923).jpg,aug_Stroke 1 (923).jpg,Brain Disease,Stroke,train,1
C:\Users\hamza\Downloads\FYP\AlzVsStr\AlzVsStr\train\Stroke\aug_Stroke 1 (924).jpg,aug_Stroke 1 (924).jpg,Brain Disease,Stroke,train,1
C:\Users\hamza\Downloads\FYP\AlzVsStr\AlzVsStr\train\Stroke\aug_Stroke 1 (925).jpg,aug_Stroke 1 (925).jpg,Brain Disease,Stroke,train,1
C:\Users\hamza\Downloads\FYP\AlzVsStr\AlzVsStr\train\Stroke\aug_Stroke 1 (926).jpg,aug_Stroke 1 (926).jpg,Brain Disease,Stroke,train,1
C:\Users\hamza\Downloads\FYP\AlzVsStr\AlzVsStr\train\Stroke\aug_Stroke 1 (927).jpg,aug_Stroke 1 (927).jpg,Brain Disease,Stroke,train,1
C:\Users\hamza\Downloads\FYP\AlzVsStr\AlzVsStr\train\Stroke\aug_Stroke 1 (928).jpg,aug_Stroke 1 (928).jpg,Brain Disease,Stroke,train,1
C:\Users\hamza\Downloads\FYP\AlzVsStr\AlzVsStr\train\Stroke\aug_Stroke 1 (929).jpg,aug_Stroke 1 (929).jpg,Brain Disease,Stroke,train,1
C:\Users\hamza\Downloads\FYP\AlzVsStr\AlzVsStr\train\Stroke\aug_Stroke 1 (93).jpg,aug_Stroke 1 (93).jpg,Brain Disease,Stroke,train,1
C:\Users\hamza\Downloads\FYP\AlzVsStr\AlzVsStr\train\Stroke\aug_Stroke 1 (930).jpg,aug_Stroke 1 (930).jpg,Brain Disease,Stroke,train,1
C:\Users\hamza\Downloads\FYP\AlzVsStr\AlzVsStr\train\Stroke\aug_Stroke 1 (931).jpg,aug_Stroke 1 (931).jpg,Brain Disease,Stroke,train,1
C:\Users\hamza\Downloads\FYP\AlzVsStr\AlzVsStr\train\Stroke\aug_Stroke 1 (932).jpg,aug_Stroke 1 (932).jpg,Brain Disease,Stroke,train,1
C:\Users\hamza\Downloads\FYP\AlzVsStr\AlzVsStr\train\Stroke\aug_Stroke 1 (933).jpg,aug_Stroke 1 (933).jpg,Brain Disease,Stroke,train,1
C:\Users\hamza\Downloads\FYP\AlzVsStr\AlzVsStr\train\Stroke\aug_Stroke 1 (934).jpg,aug_Stroke 1 (934).jpg,Brain Disease,Stroke,train,1
C:\Users\hamza\Downloads\FYP\AlzVsStr\AlzVsStr\train\Stroke\aug_Stroke 1 (935).jpg,aug_Stroke 1 (935).jpg,Brain Disease,Stroke,train,1
C:\Users\hamza\Downloads\FYP\AlzVsStr\AlzVsStr\train\Stroke\aug_Stroke 1 (936).jpg,aug_Stroke 1 (936).jpg,Brain Disease,Stroke,train,1
C:\Users\hamza\Downloads\FYP\AlzVsStr\AlzVsStr\train\Stroke\aug_Stroke 1 (937).jpg,aug_Stroke 1 (937).jpg,Brain Disease,Stroke,train,1
C:\Users\hamza\Downloads\FYP\AlzVsStr\AlzVsStr\train\Stroke\aug_Stroke 1 (938).jpg,aug_Stroke 1 (938).jpg,Brain Disease,Stroke,train,1
C:\Users\hamza\Downloads\FYP\AlzVsStr\AlzVsStr\train\Stroke\aug_Stroke 1 (939).jpg,aug_Stroke 1 (939).jpg,Brain Disease,Stroke,train,1
C:\Users\hamza\Downloads\FYP\AlzVsStr\AlzVsStr\train\Stroke\aug_Stroke 1 (94).jpg,aug_Stroke 1 (94).jpg,Brain Disease,Stroke,train,1
C:\Users\hamza\Downloads\FYP\AlzVsStr\AlzVsStr\train\Stroke\aug_Stroke 1 (940).jpg,aug_Stroke 1 (940).jpg,Brain Disease,Stroke,train,1
C:\Users\hamza\Downloads\FYP\AlzVsStr\AlzVsStr\train\Stroke\aug_Stroke 1 (941).jpg,aug_Stroke 1 (941).jpg,Brain Disease,Stroke,train,1
C:\Users\hamza\Downloads\FYP\AlzVsStr\AlzVsStr\train\Stroke\aug_Stroke 1 (942).jpg,aug_Stroke 1 (942).jpg,Brain Disease,Stroke,train,1
C:\Users\hamza\Downloads\FYP\AlzVsStr\AlzVsStr\train\Stroke\aug_Stroke 1 (943).jpg,aug_Stroke 1 (943).jpg,Brain Disease,Stroke,train,1
C:\Users\hamza\Downloads\FYP\AlzVsStr\AlzVsStr\train\Stroke\aug_Stroke 1 (944).jpg,aug_Stroke 1 (944).jpg,Brain Disease,Stroke,train,1
C:\Users\hamza\Downloads\FYP\AlzVsStr\AlzVsStr\train\Stroke\aug_Stroke 1 (945).jpg,aug_Stroke 1 (945).jpg,Brain Disease,Stroke,train,1
C:\Users\hamza\Downloads\FYP\AlzVsStr\AlzVsStr\train\Stroke\aug_Stroke 1 (946).jpg,aug_Stroke 1 (946).jpg,Brain Disease,Stroke,train,1
C:\Users\hamza\Downloads\FYP\AlzVsStr\AlzVsStr\train\Stroke\aug_Stroke 1 (947).jpg,aug_Stroke 1 (947).jpg,Brain Disease,Stroke,train,1
C:\Users\hamza\Downloads\FYP\AlzVsStr\AlzVsStr\train\Stroke\aug_Stroke 1 (948).jpg,aug_Stroke 1 (948).jpg,Brain Disease,Stroke,train,1
C:\Users\hamza\Downloads\FYP\AlzVsStr\AlzVsStr\train\Stroke\aug_Stroke 1 (949).jpg,aug_Stroke 1 (949).jpg,Brain Disease,Stroke,train,1
C:\Users\hamza\Downloads\FYP\AlzVsStr\AlzVsStr\train\Stroke\aug_Stroke 1 (95).jpg,aug_Stroke 1 (95).jpg,Brain Disease,Stroke,train,1
C:\Users\hamza\Downloads\FYP\AlzVsStr\AlzVsStr\train\Stroke\aug_Stroke 1 (950).jpg,aug_Stroke 1 (950).jpg,Brain Disease,Stroke,train,1
C:\Users\hamza\Downloads\FYP\AlzVsStr\AlzVsStr\train\Stroke\aug_Stroke 1 (96).jpg,aug_Stroke 1 (96).jpg,Brain Disease,Stroke,train,1
C:\Users\hamza\Downloads\FYP\AlzVsStr\AlzVsStr\train\Stroke\aug_Stroke 1 (97).jpg,aug_Stroke 1 (97).jpg,Brain Disease,Stroke,train,1
C:\Users\hamza\Downloads\FYP\AlzVsStr\AlzVsStr\train\Stroke\aug_Stroke 1 (98).jpg,aug_Stroke 1 (98).jpg,Brain Disease,Stroke,train,1
C:\Users\hamza\Downloads\FYP\AlzVsStr\AlzVsStr\train\Stroke\aug_Stroke 1 (99).jpg,aug_Stroke 1 (99).jpg,Brain Disease,Stroke,train,1
C:\Users\hamza\Downloads\FYP\AlzVsStr\AlzVsStr\train\Stroke\aug_Stroke 2 (651).jpg,aug_Stroke 2 (651).jpg,Brain Disease,Stroke,train,1
C:\Users\hamza\Downloads\FYP\AlzVsStr\AlzVsStr\train\Stroke\aug_Stroke 2 (652).jpg,aug_Stroke 2 (652).jpg,Brain Disease,Stroke,train,1
C:\Users\hamza\Downloads\FYP\AlzVsStr\AlzVsStr\train\Stroke\aug_Stroke 2 (653).jpg,aug_Stroke 2 (653).jpg,Brain Disease,Stroke,train,1
C:\Users\hamza\Downloads\FYP\AlzVsStr\AlzVsStr\train\Stroke\aug_Stroke 2 (654).jpg,aug_Stroke 2 (654).jpg,Brain Disease,Stroke,train,1
C:\Users\hamza\Downloads\FYP\AlzVsStr\AlzVsStr\train\Stroke\aug_Stroke 2 (655).jpg,aug_Stroke 2 (655).jpg,Brain Disease,Stroke,train,1
C:\Users\hamza\Downloads\FYP\AlzVsStr\AlzVsStr\train\Stroke\aug_Stroke 2 (656).jpg,aug_Stroke 2 (656).jpg,Brain Disease,Stroke,train,1
C:\Users\hamza\Downloads\FYP\AlzVsStr\AlzVsStr\train\Stroke\aug_Stroke 2 (657).jpg,aug_Stroke 2 (657).jpg,Brain Disease,Stroke,train,1
C:\Users\hamza\Downloads\FYP\AlzVsStr\AlzVsStr\train\Stroke\aug_Stroke 2 (658).jpg,aug_Stroke 2 (658).jpg,Brain Disease,Stroke,train,1
C:\Users\hamza\Downloads\FYP\AlzVsStr\AlzVsStr\train\Stroke\aug_Stroke 2 (659).jpg,aug_Stroke 2 (659).jpg,Brain Disease,Stroke,train,1
C:\Users\hamza\Downloads\FYP\AlzVsStr\AlzVsStr\train\Stroke\aug_Stroke 2 (660).jpg,aug_Stroke 2 (660).jpg,Brain Disease,Stroke,train,1
C:\Users\hamza\Downloads\FYP\AlzVsStr\AlzVsStr\train\Stroke\aug_Stroke 2 (661).jpg,aug_Stroke 2 (661).jpg,Brain Disease,Stroke,train,1
C:\Users\hamza\Downloads\FYP\AlzVsStr\AlzVsStr\train\Stroke\aug_Stroke 2 (662).jpg,aug_Stroke 2 (662).jpg,Brain Disease,Stroke,train,1
C:\Users\hamza\Downloads\FYP\AlzVsStr\AlzVsStr\train\Stroke\aug_Stroke 2 (663).jpg,aug_Stroke 2 (663).jpg,Brain Disease,Stroke,train,1
C:\Users\hamza\Downloads\FYP\AlzVsStr\AlzVsStr\train\Stroke\aug_Stroke 2 (664).jpg,aug_Stroke 2 (664).jpg,Brain Disease,Stroke,train,1
C:\Users\hamza\Downloads\FYP\AlzVsStr\AlzVsStr\train\Stroke\aug_Stroke 2 (665).jpg,aug_Stroke 2 (665).jpg,Brain Disease,Stroke,train,1
C:\Users\hamza\Downloads\FYP\AlzVsStr\AlzVsStr\train\Stroke\aug_Stroke 2 (666).jpg,aug_Stroke 2 (666).jpg,Brain Disease,Stroke,train,1
C:\Users\hamza\Downloads\FYP\AlzVsStr\AlzVsStr\train\Stroke\aug_Stroke 2 (667).jpg,aug_Stroke 2 (667).jpg,Brain Disease,Stroke,train,1
C:\Users\hamza\Downloads\FYP\AlzVsStr\AlzVsStr\train\Stroke\aug_Stroke 2 (668).jpg,aug_Stroke 2 (668).jpg,Brain Disease,Stroke,train,1
C:\Users\hamza\Downloads\FYP\AlzVsStr\AlzVsStr\train\Stroke\aug_Stroke 2 (669).jpg,aug_Stroke 2 (669).jpg,Brain Disease,Stroke,train,1
C:\Users\hamza\Downloads\FYP\AlzVsStr\AlzVsStr\train\Stroke\aug_Stroke 2 (670).jpg,aug_Stroke 2 (670).jpg,Brain Disease,Stroke,train,1
C:\Users\hamza\Downloads\FYP\AlzVsStr\AlzVsStr\train\Stroke\aug_Stroke 2 (671).jpg,aug_Stroke 2 (671).jpg,Brain Disease,Stroke,train,1
C:\Users\hamza\Downloads\FYP\AlzVsStr\AlzVsStr\train\Stroke\aug_Stroke 2 (672).jpg,aug_Stroke 2 (672).jpg,Brain Disease,Stroke,train,1
C:\Users\hamza\Downloads\FYP\AlzVsStr\AlzVsStr\train\Stroke\aug_Stroke 2 (673).jpg,aug_Stroke 2 (673).jpg,Brain Disease,Stroke,train,1
C:\Users\hamza\Downloads\FYP\AlzVsStr\AlzVsStr\train\Stroke\aug_Stroke 2 (674).jpg,aug_Stroke 2 (674).jpg,Brain Disease,Stroke,train,1
C:\Users\hamza\Downloads\FYP\AlzVsStr\AlzVsStr\train\Stroke\aug_Stroke 2 (675).jpg,aug_Stroke 2 (675).jpg,Brain Disease,Stroke,train,1
C:\Users\hamza\Downloads\FYP\AlzVsStr\AlzVsStr\train\Stroke\aug_Stroke 2 (676).jpg,aug_Stroke 2 (676).jpg,Brain Disease,Stroke,train,1
C:\Users\hamza\Downloads\FYP\AlzVsStr\AlzVsStr\train\Stroke\aug_Stroke 2 (677).jpg,aug_Stroke 2 (677).jpg,Brain Disease,Stroke,train,1
C:\Users\hamza\Downloads\FYP\AlzVsStr\AlzVsStr\train\Stroke\aug_Stroke 2 (678).jpg,aug_Stroke 2 (678).jpg,Brain Disease,Stroke,train,1
C:\Users\hamza\Downloads\FYP\AlzVsStr\AlzVsStr\train\Stroke\aug_Stroke 2 (679).jpg,aug_Stroke 2 (679).jpg,Brain Disease,Stroke,train,1
C:\Users\hamza\Downloads\FYP\AlzVsStr\AlzVsStr\train\Stroke\aug_Stroke 2 (680).jpg,aug_Stroke 2 (680).jpg,Brain Disease,Stroke,train,1
C:\Users\hamza\Downloads\FYP\AlzVsStr\AlzVsStr\train\Stroke\aug_Stroke 2 (681).jpg,aug_Stroke 2 (681).jpg,Brain Disease,Stroke,train,1
C:\Users\hamza\Downloads\FYP\AlzVsStr\AlzVsStr\train\Stroke\aug_Stroke 2 (682).jpg,aug_Stroke 2 (682).jpg,Brain Disease,Stroke,train,1
C:\Users\hamza\Downloads\FYP\AlzVsStr\AlzVsStr\train\Stroke\aug_Stroke 2 (683).jpg,aug_Stroke 2 (683).jpg,Brain Disease,Stroke,train,1
C:\Users\hamza\Downloads\FYP\AlzVsStr\AlzVsStr\train\Stroke\aug_Stroke 2 (684).jpg,aug_Stroke 2 (684).jpg,Brain Disease,Stroke,train,1
C:\Users\hamza\Downloads\FYP\AlzVsStr\AlzVsStr\train\Stroke\aug_Stroke 2 (685).jpg,aug_Stroke 2 (685).jpg,Brain Disease,Stroke,train,1
C:\Users\hamza\Downloads\FYP\AlzVsStr\AlzVsStr\train\Stroke\aug_Stroke 2 (686).jpg,aug_Stroke 2 (686).jpg,Brain Disease,Stroke,train,1
C:\Users\hamza\Downloads\FYP\AlzVsStr\AlzVsStr\train\Stroke\aug_Stroke 2 (687).jpg,aug_Stroke 2 (687).jpg,Brain Disease,Stroke,train,1
C:\Users\hamza\Downloads\FYP\AlzVsStr\AlzVsStr\train\Stroke\aug_Stroke 2 (688).jpg,aug_Stroke 2 (688).jpg,Brain Disease,Stroke,train,1
C:\Users\hamza\Downloads\FYP\AlzVsStr\AlzVsStr\train\Stroke\aug_Stroke 2 (689).jpg,aug_Stroke 2 (689).jpg,Brain Disease,Stroke,train,1
C:\Users\hamza\Downloads\FYP\AlzVsStr\AlzVsStr\train\Stroke\aug_Stroke 2 (690).jpg,aug_Stroke 2 (690).jpg,Brain Disease,Stroke,train,1
C:\Users\hamza\Downloads\FYP\AlzVsStr\AlzVsStr\train\Stroke\aug_Stroke 2 (691).jpg,aug_Stroke 2 (691).jpg,Brain Disease,Stroke,train,1
C:\Users\hamza\Downloads\FYP\AlzVsStr\AlzVsStr\train\Stroke\aug_Stroke 2 (692).jpg,aug_Stroke 2 (692).jpg,Brain Disease,Stroke,train,1
C:\Users\hamza\Downloads\FYP\AlzVsStr\AlzVsStr\train\Stroke\aug_Stroke 2 (693).jpg,aug_Stroke 2 (693).jpg,Brain Disease,Stroke,train,1
C:\Users\hamza\Downloads\FYP\AlzVsStr\AlzVsStr\train\Stroke\aug_Stroke 2 (694).jpg,aug_Stroke 2 (694).jpg,Brain Disease,Stroke,train,1
C:\Users\hamza\Downloads\FYP\AlzVsStr\AlzVsStr\train\Stroke\aug_Stroke 2 (695).jpg,aug_Stroke 2 (695).jpg,Brain Disease,Stroke,train,1
C:\Users\hamza\Downloads\FYP\AlzVsStr\AlzVsStr\train\Stroke\aug_Stroke 2 (696).jpg,aug_Stroke 2 (696).jpg,Brain Disease,Stroke,train,1
C:\Users\hamza\Downloads\FYP\AlzVsStr\AlzVsStr\train\Stroke\aug_Stroke 2 (697).jpg,aug_Stroke 2 (697).jpg,Brain Disease,Stroke,train,1
C:\Users\hamza\Downloads\FYP\AlzVsStr\AlzVsStr\train\Stroke\aug_Stroke 2 (698).jpg,aug_Stroke 2 (698).jpg,Brain Disease,Stroke,train,1
C:\Users\hamza\Downloads\FYP\AlzVsStr\AlzVsStr\train\Stroke\aug_Stroke 2 (699).jpg,aug_Stroke 2 (699).jpg,Brain Disease,Stroke,train,1
C:\Users\hamza\Downloads\FYP\AlzVsStr\AlzVsStr\train\Stroke\aug_Stroke 2 (700).jpg,aug_Stroke 2 (700).jpg,Brain Disease,Stroke,train,1
C:\Users\hamza\Downloads\FYP\AlzVsStr\AlzVsStr\train\Stroke\aug_Stroke 2 (701).jpg,aug_Stroke 2 (701).jpg,Brain Disease,Stroke,train,1
C:\Users\hamza\Downloads\FYP\AlzVsStr\AlzVsStr\train\Stroke\aug_Stroke 2 (702).jpg,aug_Stroke 2 (702).jpg,Brain Disease,Stroke,train,1
C:\Users\hamza\Downloads\FYP\AlzVsStr\AlzVsStr\train\Stroke\aug_Stroke 2 (703).jpg,aug_Stroke 2 (703).jpg,Brain Disease,Stroke,train,1
C:\Users\hamza\Downloads\FYP\AlzVsStr\AlzVsStr\train\Stroke\aug_Stroke 2 (704).jpg,aug_Stroke 2 (704).jpg,Brain Disease,Stroke,train,1
C:\Users\hamza\Downloads\FYP\AlzVsStr\AlzVsStr\train\Stroke\aug_Stroke 2 (705).jpg,aug_Stroke 2 (705).jpg,Brain Disease,Stroke,train,1
C:\Users\hamza\Downloads\FYP\AlzVsStr\AlzVsStr\train\Stroke\aug_Stroke 2 (706).jpg,aug_Stroke 2 (706).jpg,Brain Disease,Stroke,train,1
C:\Users\hamza\Downloads\FYP\AlzVsStr\AlzVsStr\train\Stroke\aug_Stroke 2 (707).jpg,aug_Stroke 2 (707).jpg,Brain Disease,Stroke,train,1
C:\Users\hamza\Downloads\FYP\AlzVsStr\AlzVsStr\train\Stroke\aug_Stroke 2 (708).jpg,aug_Stroke 2 (708).jpg,Brain Disease,Stroke,train,1
C:\Users\hamza\Downloads\FYP\AlzVsStr\AlzVsStr\train\Stroke\aug_Stroke 2 (709).jpg,aug_Stroke 2 (709).jpg,Brain Disease,Stroke,train,1
C:\Users\hamza\Downloads\FYP\AlzVsStr\AlzVsStr\train\Stroke\aug_Stroke 2 (710).jpg,aug_Stroke 2 (710).jpg,Brain Disease,Stroke,train,1
C:\Users\hamza\Downloads\FYP\AlzVsStr\AlzVsStr\train\Stroke\aug_Stroke 2 (711).jpg,aug_Stroke 2 (711).jpg,Brain Disease,Stroke,train,1
C:\Users\hamza\Downloads\FYP\AlzVsStr\AlzVsStr\train\Stroke\aug_Stroke 2 (712).jpg,aug_Stroke 2 (712).jpg,Brain Disease,Stroke,train,1
C:\Users\hamza\Downloads\FYP\AlzVsStr\AlzVsStr\train\Stroke\aug_Stroke 2 (713).jpg,aug_Stroke 2 (713).jpg,Brain Disease,Stroke,train,1
C:\Users\hamza\Downloads\FYP\AlzVsStr\AlzVsStr\train\Stroke\aug_Stroke 2 (714).jpg,aug_Stroke 2 (714).jpg,Brain Disease,Stroke,train,1
C:\Users\hamza\Downloads\FYP\AlzVsStr\AlzVsStr\train\Stroke\aug_Stroke 2 (715).jpg,aug_Stroke 2 (715).jpg,Brain Disease,Stroke,train,1
C:\Users\hamza\Downloads\FYP\AlzVsStr\AlzVsStr\train\Stroke\aug_Stroke 2 (716).jpg,aug_Stroke 2 (716).jpg,Brain Disease,Stroke,train,1
C:\Users\hamza\Downloads\FYP\AlzVsStr\AlzVsStr\train\Stroke\aug_Stroke 2 (717).jpg,aug_Stroke 2 (717).jpg,Brain Disease,Stroke,train,1
C:\Users\hamza\Downloads\FYP\AlzVsStr\AlzVsStr\train\Stroke\aug_Stroke 2 (718).jpg,aug_Stroke 2 (718).jpg,Brain Disease,Stroke,train,1
C:\Users\hamza\Downloads\FYP\AlzVsStr\AlzVsStr\train\Stroke\aug_Stroke 2 (719).jpg,aug_Stroke 2 (719).jpg,Brain Disease,Stroke,train,1
C:\Users\hamza\Downloads\FYP\AlzVsStr\AlzVsStr\train\Stroke\aug_Stroke 2 (720).jpg,aug_Stroke 2 (720).jpg,Brain Disease,Stroke,train,1
C:\Users\hamza\Downloads\FYP\AlzVsStr\AlzVsStr\train\Stroke\aug_Stroke 2 (721).jpg,aug_Stroke 2 (721).jpg,Brain Disease,Stroke,train,1
C:\Users\hamza\Downloads\FYP\AlzVsStr\AlzVsStr\train\Stroke\aug_Stroke 2 (722).jpg,aug_Stroke 2 (722).jpg,Brain Disease,Stroke,train,1
C:\Users\hamza\Downloads\FYP\AlzVsStr\AlzVsStr\train\Stroke\aug_Stroke 2 (723).jpg,aug_Stroke 2 (723).jpg,Brain Disease,Stroke,train,1
C:\Users\hamza\Downloads\FYP\AlzVsStr\AlzVsStr\train\Stroke\aug_Stroke 2 (724).jpg,aug_Stroke 2 (724).jpg,Brain Disease,Stroke,train,1
C:\Users\hamza\Downloads\FYP\AlzVsStr\AlzVsStr\train\Stroke\aug_Stroke 2 (725).jpg,aug_Stroke 2 (725).jpg,Brain Disease,Stroke,train,1
C:\Users\hamza\Downloads\FYP\AlzVsStr\AlzVsStr\train\Stroke\aug_Stroke 2 (726).jpg,aug_Stroke 2 (726).jpg,Brain Disease,Stroke,train,1
C:\Users\hamza\Downloads\FYP\AlzVsStr\AlzVsStr\train\Stroke\aug_Stroke 2 (727).jpg,aug_Stroke 2 (727).jpg,Brain Disease,Stroke,train,1
C:\Users\hamza\Downloads\FYP\AlzVsStr\AlzVsStr\train\Stroke\aug_Stroke 2 (728).jpg,aug_Stroke 2 (728).jpg,Brain Disease,Stroke,train,1
C:\Users\hamza\Downloads\FYP\AlzVsStr\AlzVsStr\train\Stroke\aug_Stroke 2 (729).jpg,aug_Stroke 2 (729).jpg,Brain Disease,Stroke,train,1
C:\Users\hamza\Downloads\FYP\AlzVsStr\AlzVsStr\train\Stroke\aug_Stroke 2 (730).jpg,aug_Stroke 2 (730).jpg,Brain Disease,Stroke,train,1
C:\Users\hamza\Downloads\FYP\AlzVsStr\AlzVsStr\train\Stroke\aug_Stroke 2 (731).jpg,aug_Stroke 2 (731).jpg,Brain Disease,Stroke,train,1
C:\Users\hamza\Downloads\FYP\AlzVsStr\AlzVsStr\train\Stroke\aug_Stroke 2 (732).jpg,aug_Stroke 2 (732).jpg,Brain Disease,Stroke,train,1
C:\Users\hamza\Downloads\FYP\AlzVsStr\AlzVsStr\train\Stroke\aug_Stroke 2 (733).jpg,aug_Stroke 2 (733).jpg,Brain Disease,Stroke,train,1
C:\Users\hamza\Downloads\FYP\AlzVsStr\AlzVsStr\train\Stroke\aug_Stroke 2 (734).jpg,aug_Stroke 2 (734).jpg,Brain Disease,Stroke,train,1
C:\Users\hamza\Downloads\FYP\AlzVsStr\AlzVsStr\train\Stroke\aug_Stroke 2 (741).jpg,aug_Stroke 2 (741).jpg,Brain Disease,Stroke,train,1
C:\Users\hamza\Downloads\FYP\AlzVsStr\AlzVsStr\train\Stroke\aug_Stroke 2 (742).jpg,aug_Stroke 2 (742).jpg,Brain Disease,Stroke,train,1
C:\Users\hamza\Downloads\FYP\AlzVsStr\AlzVsStr\train\Stroke\aug_Stroke 2 (743).jpg,aug_Stroke 2 (743).jpg,Brain Disease,Stroke,train,1
C:\Users\hamza\Downloads\FYP\AlzVsStr\AlzVsStr\train\Stroke\aug_Stroke 2 (744).jpg,aug_Stroke 2 (744).jpg,Brain Disease,Stroke,train,1
C:\Users\hamza\Downloads\FYP\AlzVsStr\AlzVsStr\train\Stroke\aug_Stroke 2 (745).jpg,aug_Stroke 2 (745).jpg,Brain Disease,Stroke,train,1
C:\Users\hamza\Downloads\FYP\AlzVsStr\AlzVsStr\train\Stroke\aug_Stroke 2 (746).jpg,aug_Stroke 2 (746).jpg,Brain Disease,Stroke,train,1
C:\Users\hamza\Downloads\FYP\AlzVsStr\AlzVsStr\train\Stroke\aug_Stroke 2 (747).jpg,aug_Stroke 2 (747).jpg,Brain Disease,Stroke,train,1
C:\Users\hamza\Downloads\FYP\AlzVsStr\AlzVsStr\train\Stroke\aug_Stroke 2 (748).jpg,aug_Stroke 2 (748).jpg,Brain Disease,Stroke,train,1
C:\Users\hamza\Downloads\FYP\AlzVsStr\AlzVsStr\train\Stroke\aug_Stroke 2 (749).jpg,aug_Stroke 2 (749).jpg,Brain Disease,Stroke,train,1
C:\Users\hamza\Downloads\FYP\AlzVsStr\AlzVsStr\train\Stroke\aug_Stroke 2 (750).jpg,aug_Stroke 2 (750).jpg,Brain Disease,Stroke,train,1
C:\Users\hamza\Downloads\FYP\AlzVsStr\AlzVsStr\train\Stroke\aug_Stroke 2 (751).jpg,aug_Stroke 2 (751).jpg,Brain Disease,Stroke,train,1
C:\Users\hamza\Downloads\FYP\AlzVsStr\AlzVsStr\train\Stroke\aug_Stroke 2 (752).jpg,aug_Stroke 2 (752).jpg,Brain Disease,Stroke,train,1
C:\Users\hamza\Downloads\FYP\AlzVsStr\AlzVsStr\train\Stroke\aug_Stroke 2 (753).jpg,aug_Stroke 2 (753).jpg,Brain Disease,Stroke,train,1
C:\Users\hamza\Downloads\FYP\AlzVsStr\AlzVsStr\train\Stroke\aug_Stroke 2 (754).jpg,aug_Stroke 2 (754).jpg,Brain Disease,Stroke,train,1
C:\Users\hamza\Downloads\FYP\AlzVsStr\AlzVsStr\train\Stroke\aug_Stroke 2 (755).jpg,aug_Stroke 2 (755).jpg,Brain Disease,Stroke,train,1
C:\Users\hamza\Downloads\FYP\AlzVsStr\AlzVsStr\train\Stroke\aug_Stroke 2 (756).jpg,aug_Stroke 2 (756).jpg,Brain Disease,Stroke,train,1
C:\Users\hamza\Downloads\FYP\AlzVsStr\AlzVsStr\train\Stroke\aug_Stroke 3 (1).jpg,aug_Stroke 3 (1).jpg,Brain Disease,Stroke,train,1
C:\Users\hamza\Downloads\FYP\AlzVsStr\AlzVsStr\train\Stroke\aug_Stroke 3 (10).jpg,aug_Stroke 3 (10).jpg,Brain Disease,Stroke,train,1
C:\Users\hamza\Downloads\FYP\AlzVsStr\AlzVsStr\train\Stroke\aug_Stroke 3 (100).jpg,aug_Stroke 3 (100).jpg,Brain Disease,Stroke,train,1
C:\Users\hamza\Downloads\FYP\AlzVsStr\AlzVsStr\train\Stroke\aug_Stroke 3 (101).jpg,aug_Stroke 3 (101).jpg,Brain Disease,Stroke,train,1
C:\Users\hamza\Downloads\FYP\AlzVsStr\AlzVsStr\train\Stroke\aug_Stroke 3 (102).jpg,aug_Stroke 3 (102).jpg,Brain Disease,Stroke,train,1
C:\Users\hamza\Downloads\FYP\AlzVsStr\AlzVsStr\train\Stroke\aug_Stroke 3 (103).jpg,aug_Stroke 3 (103).jpg,Brain Disease,Stroke,train,1
C:\Users\hamza\Downloads\FYP\AlzVsStr\AlzVsStr\train\Stroke\aug_Stroke 3 (104).jpg,aug_Stroke 3 (104).jpg,Brain Disease,Stroke,train,1
C:\Users\hamza\Downloads\FYP\AlzVsStr\AlzVsStr\train\Stroke\aug_Stroke 3 (105).jpg,aug_Stroke 3 (105).jpg,Brain Disease,Stroke,train,1
C:\Users\hamza\Downloads\FYP\AlzVsStr\AlzVsStr\train\Stroke\aug_Stroke 3 (106).jpg,aug_Stroke 3 (106).jpg,Brain Disease,Stroke,train,1
C:\Users\hamza\Downloads\FYP\AlzVsStr\AlzVsStr\train\Stroke\aug_Stroke 3 (107).jpg,aug_Stroke 3 (107).jpg,Brain Disease,Stroke,train,1
C:\Users\hamza\Downloads\FYP\AlzVsStr\AlzVsStr\train\Stroke\aug_Stroke 3 (108).jpg,aug_Stroke 3 (108).jpg,Brain Disease,Stroke,train,1
C:\Users\hamza\Downloads\FYP\AlzVsStr\AlzVsStr\train\Stroke\aug_Stroke 3 (109).jpg,aug_Stroke 3 (109).jpg,Brain Disease,Stroke,train,1
C:\Users\hamza\Downloads\FYP\AlzVsStr\AlzVsStr\train\Stroke\aug_Stroke 3 (11).jpg,aug_Stroke 3 (11).jpg,Brain Disease,Stroke,train,1
C:\Users\hamza\Downloads\FYP\AlzVsStr\AlzVsStr\train\Stroke\aug_Stroke 3 (110).jpg,aug_Stroke 3 (110).jpg,Brain Disease,Stroke,train,1
C:\Users\hamza\Downloads\FYP\AlzVsStr\AlzVsStr\train\Stroke\aug_Stroke 3 (111).jpg,aug_Stroke 3 (111).jpg,Brain Disease,Stroke,train,1
C:\Users\hamza\Downloads\FYP\AlzVsStr\AlzVsStr\train\Stroke\aug_Stroke 3 (112).jpg,aug_Stroke 3 (112).jpg,Brain Disease,Stroke,train,1
C:\Users\hamza\Downloads\FYP\AlzVsStr\AlzVsStr\train\Stroke\aug_Stroke 3 (113).jpg,aug_Stroke 3 (113).jpg,Brain Disease,Stroke,train,1
C:\Users\hamza\Downloads\FYP\AlzVsStr\AlzVsStr\train\Stroke\aug_Stroke 3 (114).jpg,aug_Stroke 3 (114).jpg,Brain Disease,Stroke,train,1
C:\Users\hamza\Downloads\FYP\AlzVsStr\AlzVsStr\train\Stroke\aug_Stroke 3 (115).jpg,aug_Stroke 3 (115).jpg,Brain Disease,Stroke,train,1
C:\Users\hamza\Downloads\FYP\AlzVsStr\AlzVsStr\train\Stroke\aug_Stroke 3 (116).jpg,aug_Stroke 3 (116).jpg,Brain Disease,Stroke,train,1
C:\Users\hamza\Downloads\FYP\AlzVsStr\AlzVsStr\train\Stroke\aug_Stroke 3 (117).jpg,aug_Stroke 3 (117).jpg,Brain Disease,Stroke,train,1
C:\Users\hamza\Downloads\FYP\AlzVsStr\AlzVsStr\train\Stroke\aug_Stroke 3 (118).jpg,aug_Stroke 3 (118).jpg,Brain Disease,Stroke,train,1
C:\Users\hamza\Downloads\FYP\AlzVsStr\AlzVsStr\train\Stroke\aug_Stroke 3 (119).jpg,aug_Stroke 3 (119).jpg,Brain Disease,Stroke,train,1
C:\Users\hamza\Downloads\FYP\AlzVsStr\AlzVsStr\train\Stroke\aug_Stroke 3 (12).jpg,aug_Stroke 3 (12).jpg,Brain Disease,Stroke,train,1
C:\Users\hamza\Downloads\FYP\AlzVsStr\AlzVsStr\train\Stroke\aug_Stroke 3 (120).jpg,aug_Stroke 3 (120).jpg,Brain Disease,Stroke,train,1
C:\Users\hamza\Downloads\FYP\AlzVsStr\AlzVsStr\train\Stroke\aug_Stroke 3 (121).jpg,aug_Stroke 3 (121).jpg,Brain Disease,Stroke,train,1
C:\Users\hamza\Downloads\FYP\AlzVsStr\AlzVsStr\train\Stroke\aug_Stroke 3 (122).jpg,aug_Stroke 3 (122).jpg,Brain Disease,Stroke,train,1
C:\Users\hamza\Downloads\FYP\AlzVsStr\AlzVsStr\train\Stroke\aug_Stroke 3 (123).jpg,aug_Stroke 3 (123).jpg,Brain Disease,Stroke,train,1
C:\Users\hamza\Downloads\FYP\AlzVsStr\AlzVsStr\train\Stroke\aug_Stroke 3 (124).jpg,aug_Stroke 3 (124).jpg,Brain Disease,Stroke,train,1
C:\Users\hamza\Downloads\FYP\AlzVsStr\AlzVsStr\train\Stroke\aug_Stroke 3 (125).jpg,aug_Stroke 3 (125).jpg,Brain Disease,Stroke,train,1
C:\Users\hamza\Downloads\FYP\AlzVsStr\AlzVsStr\train\Stroke\aug_Stroke 3 (126).jpg,aug_Stroke 3 (126).jpg,Brain Disease,Stroke,train,1
C:\Users\hamza\Downloads\FYP\AlzVsStr\AlzVsStr\train\Stroke\aug_Stroke 3 (127).jpg,aug_Stroke 3 (127).jpg,Brain Disease,Stroke,train,1
C:\Users\hamza\Downloads\FYP\AlzVsStr\AlzVsStr\train\Stroke\aug_Stroke 3 (128).jpg,aug_Stroke 3 (128).jpg,Brain Disease,Stroke,train,1
C:\Users\hamza\Downloads\FYP\AlzVsStr\AlzVsStr\train\Stroke\aug_Stroke 3 (129).jpg,aug_Stroke 3 (129).jpg,Brain Disease,Stroke,train,1
C:\Users\hamza\Downloads\FYP\AlzVsStr\AlzVsStr\train\Stroke\aug_Stroke 3 (13).jpg,aug_Stroke 3 (13).jpg,Brain Disease,Stroke,train,1
C:\Users\hamza\Downloads\FYP\AlzVsStr\AlzVsStr\train\Stroke\aug_Stroke 3 (130).jpg,aug_Stroke 3 (130).jpg,Brain Disease,Stroke,train,1
C:\Users\hamza\Downloads\FYP\AlzVsStr\AlzVsStr\train\Stroke\aug_Stroke 3 (131).jpg,aug_Stroke 3 (131).jpg,Brain Disease,Stroke,train,1
C:\Users\hamza\Downloads\FYP\AlzVsStr\AlzVsStr\train\Stroke\aug_Stroke 3 (132).jpg,aug_Stroke 3 (132).jpg,Brain Disease,Stroke,train,1
C:\Users\hamza\Downloads\FYP\AlzVsStr\AlzVsStr\train\Stroke\aug_Stroke 3 (133).jpg,aug_Stroke 3 (133).jpg,Brain Disease,Stroke,train,1
C:\Users\hamza\Downloads\FYP\AlzVsStr\AlzVsStr\train\Stroke\aug_Stroke 3 (134).jpg,aug_Stroke 3 (134).jpg,Brain Disease,Stroke,train,1
C:\Users\hamza\Downloads\FYP\AlzVsStr\AlzVsStr\train\Stroke\aug_Stroke 3 (135).jpg,aug_Stroke 3 (135).jpg,Brain Disease,Stroke,train,1
C:\Users\hamza\Downloads\FYP\AlzVsStr\AlzVsStr\train\Stroke\aug_Stroke 3 (136).jpg,aug_Stroke 3 (136).jpg,Brain Disease,Stroke,train,1
C:\Users\hamza\Downloads\FYP\AlzVsStr\AlzVsStr\train\Stroke\aug_Stroke 3 (137).jpg,aug_Stroke 3 (137).jpg,Brain Disease,Stroke,train,1
C:\Users\hamza\Downloads\FYP\AlzVsStr\AlzVsStr\train\Stroke\aug_Stroke 3 (138).jpg,aug_Stroke 3 (138).jpg,Brain Disease,Stroke,train,1
C:\Users\hamza\Downloads\FYP\AlzVsStr\AlzVsStr\train\Stroke\aug_Stroke 3 (139).jpg,aug_Stroke 3 (139).jpg,Brain Disease,Stroke,train,1
C:\Users\hamza\Downloads\FYP\AlzVsStr\AlzVsStr\train\Stroke\aug_Stroke 3 (14).jpg,aug_Stroke 3 (14).jpg,Brain Disease,Stroke,train,1
C:\Users\hamza\Downloads\FYP\AlzVsStr\AlzVsStr\train\Stroke\aug_Stroke 3 (140).jpg,aug_Stroke 3 (140).jpg,Brain Disease,Stroke,train,1
C:\Users\hamza\Downloads\FYP\AlzVsStr\AlzVsStr\train\Stroke\aug_Stroke 3 (141).jpg,aug_Stroke 3 (141).jpg,Brain Disease,Stroke,train,1
C:\Users\hamza\Downloads\FYP\AlzVsStr\AlzVsStr\train\Stroke\aug_Stroke 3 (142).jpg,aug_Stroke 3 (142).jpg,Brain Disease,Stroke,train,1
C:\Users\hamza\Downloads\FYP\AlzVsStr\AlzVsStr\train\Stroke\aug_Stroke 3 (143).jpg,aug_Stroke 3 (143).jpg,Brain Disease,Stroke,train,1
C:\Users\hamza\Downloads\FYP\AlzVsStr\AlzVsStr\train\Stroke\aug_Stroke 3 (144).jpg,aug_Stroke 3 (144).jpg,Brain Disease,Stroke,train,1
C:\Users\hamza\Downloads\FYP\AlzVsStr\AlzVsStr\train\Stroke\aug_Stroke 3 (145).jpg,aug_Stroke 3 (145).jpg,Brain Disease,Stroke,train,1
C:\Users\hamza\Downloads\FYP\AlzVsStr\AlzVsStr\train\Stroke\aug_Stroke 3 (146).jpg,aug_Stroke 3 (146).jpg,Brain Disease,Stroke,train,1
C:\Users\hamza\Downloads\FYP\AlzVsStr\AlzVsStr\train\Stroke\aug_Stroke 3 (147).jpg,aug_Stroke 3 (147).jpg,Brain Disease,Stroke,train,1
C:\Users\hamza\Downloads\FYP\AlzVsStr\AlzVsStr\train\Stroke\aug_Stroke 3 (148).jpg,aug_Stroke 3 (148).jpg,Brain Disease,Stroke,train,1
C:\Users\hamza\Downloads\FYP\AlzVsStr\AlzVsStr\train\Stroke\aug_Stroke 3 (149).jpg,aug_Stroke 3 (149).jpg,Brain Disease,Stroke,train,1
C:\Users\hamza\Downloads\FYP\AlzVsStr\AlzVsStr\train\Stroke\aug_Stroke 3 (15).jpg,aug_Stroke 3 (15).jpg,Brain Disease,Stroke,train,1
C:\Users\hamza\Downloads\FYP\AlzVsStr\AlzVsStr\train\Stroke\aug_Stroke 3 (150).jpg,aug_Stroke 3 (150).jpg,Brain Disease,Stroke,train,1
C:\Users\hamza\Downloads\FYP\AlzVsStr\AlzVsStr\train\Stroke\aug_Stroke 3 (151).jpg,aug_Stroke 3 (151).jpg,Brain Disease,Stroke,train,1
C:\Users\hamza\Downloads\FYP\AlzVsStr\AlzVsStr\train\Stroke\aug_Stroke 3 (152).jpg,aug_Stroke 3 (152).jpg,Brain Disease,Stroke,train,1
C:\Users\hamza\Downloads\FYP\AlzVsStr\AlzVsStr\train\Stroke\aug_Stroke 3 (153).jpg,aug_Stroke 3 (153).jpg,Brain Disease,Stroke,train,1
C:\Users\hamza\Downloads\FYP\AlzVsStr\AlzVsStr\train\Stroke\aug_Stroke 3 (154).jpg,aug_Stroke 3 (154).jpg,Brain Disease,Stroke,train,1
C:\Users\hamza\Downloads\FYP\AlzVsStr\AlzVsStr\train\Stroke\aug_Stroke 3 (155).jpg,aug_Stroke 3 (155).jpg,Brain Disease,Stroke,train,1
C:\Users\hamza\Downloads\FYP\AlzVsStr\AlzVsStr\train\Stroke\aug_Stroke 3 (156).jpg,aug_Stroke 3 (156).jpg,Brain Disease,Stroke,train,1
C:\Users\hamza\Downloads\FYP\AlzVsStr\AlzVsStr\train\Stroke\aug_Stroke 3 (157).jpg,aug_Stroke 3 (157).jpg,Brain Disease,Stroke,train,1
C:\Users\hamza\Downloads\FYP\AlzVsStr\AlzVsStr\train\Stroke\aug_Stroke 3 (158).jpg,aug_Stroke 3 (158).jpg,Brain Disease,Stroke,train,1
C:\Users\hamza\Downloads\FYP\AlzVsStr\AlzVsStr\train\Stroke\aug_Stroke 3 (159).jpg,aug_Stroke 3 (159).jpg,Brain Disease,Stroke,train,1
C:\Users\hamza\Downloads\FYP\AlzVsStr\AlzVsStr\train\Stroke\aug_Stroke 3 (16).jpg,aug_Stroke 3 (16).jpg,Brain Disease,Stroke,train,1
C:\Users\hamza\Downloads\FYP\AlzVsStr\AlzVsStr\train\Stroke\aug_Stroke 3 (160).jpg,aug_Stroke 3 (160).jpg,Brain Disease,Stroke,train,1
C:\Users\hamza\Downloads\FYP\AlzVsStr\AlzVsStr\train\Stroke\aug_Stroke 3 (161).jpg,aug_Stroke 3 (161).jpg,Brain Disease,Stroke,train,1
C:\Users\hamza\Downloads\FYP\AlzVsStr\AlzVsStr\train\Stroke\aug_Stroke 3 (162).jpg,aug_Stroke 3 (162).jpg,Brain Disease,Stroke,train,1
C:\Users\hamza\Downloads\FYP\AlzVsStr\AlzVsStr\train\Stroke\aug_Stroke 3 (163).jpg,aug_Stroke 3 (163).jpg,Brain Disease,Stroke,train,1
C:\Users\hamza\Downloads\FYP\AlzVsStr\AlzVsStr\train\Stroke\aug_Stroke 3 (164).jpg,aug_Stroke 3 (164).jpg,Brain Disease,Stroke,train,1
C:\Users\hamza\Downloads\FYP\AlzVsStr\AlzVsStr\train\Stroke\aug_Stroke 3 (165).jpg,aug_Stroke 3 (165).jpg,Brain Disease,Stroke,train,1
C:\Users\hamza\Downloads\FYP\AlzVsStr\AlzVsStr\train\Stroke\aug_Stroke 3 (166).jpg,aug_Stroke 3 (166).jpg,Brain Disease,Stroke,train,1
C:\Users\hamza\Downloads\FYP\AlzVsStr\AlzVsStr\train\Stroke\aug_Stroke 3 (167).jpg,aug_Stroke 3 (167).jpg,Brain Disease,Stroke,train,1
C:\Users\hamza\Downloads\FYP\AlzVsStr\AlzVsStr\train\Stroke\aug_Stroke 3 (168).jpg,aug_Stroke 3 (168).jpg,Brain Disease,Stroke,train,1
C:\Users\hamza\Downloads\FYP\AlzVsStr\AlzVsStr\train\Stroke\aug_Stroke 3 (169).jpg,aug_Stroke 3 (169).jpg,Brain Disease,Stroke,train,1
C:\Users\hamza\Downloads\FYP\AlzVsStr\AlzVsStr\train\Stroke\aug_Stroke 3 (17).jpg,aug_Stroke 3 (17).jpg,Brain Disease,Stroke,train,1
C:\Users\hamza\Downloads\FYP\AlzVsStr\AlzVsStr\train\Stroke\aug_Stroke 3 (170).jpg,aug_Stroke 3 (170).jpg,Brain Disease,Stroke,train,1
C:\Users\hamza\Downloads\FYP\AlzVsStr\AlzVsStr\train\Stroke\aug_Stroke 3 (171).jpg,aug_Stroke 3 (171).jpg,Brain Disease,Stroke,train,1
C:\Users\hamza\Downloads\FYP\AlzVsStr\AlzVsStr\train\Stroke\aug_Stroke 3 (172).jpg,aug_Stroke 3 (172).jpg,Brain Disease,Stroke,train,1
C:\Users\hamza\Downloads\FYP\AlzVsStr\AlzVsStr\train\Stroke\aug_Stroke 3 (173).jpg,aug_Stroke 3 (173).jpg,Brain Disease,Stroke,train,1
C:\Users\hamza\Downloads\FYP\AlzVsStr\AlzVsStr\train\Stroke\aug_Stroke 3 (174).jpg,aug_Stroke 3 (174).jpg,Brain Disease,Stroke,train,1
C:\Users\hamza\Downloads\FYP\AlzVsStr\AlzVsStr\train\Stroke\aug_Stroke 3 (175).jpg,aug_Stroke 3 (175).jpg,Brain Disease,Stroke,train,1
C:\Users\hamza\Downloads\FYP\AlzVsStr\AlzVsStr\train\Stroke\aug_Stroke 3 (176).jpg,aug_Stroke 3 (176).jpg,Brain Disease,Stroke,train,1
C:\Users\hamza\Downloads\FYP\AlzVsStr\AlzVsStr\train\Stroke\aug_Stroke 3 (177).jpg,aug_Stroke 3 (177).jpg,Brain Disease,Stroke,train,1
C:\Users\hamza\Downloads\FYP\AlzVsStr\AlzVsStr\train\Stroke\aug_Stroke 3 (178).jpg,aug_Stroke 3 (178).jpg,Brain Disease,Stroke,train,1
C:\Users\hamza\Downloads\FYP\AlzVsStr\AlzVsStr\train\Stroke\aug_Stroke 3 (179).jpg,aug_Stroke 3 (179).jpg,Brain Disease,Stroke,train,1
C:\Users\hamza\Downloads\FYP\AlzVsStr\AlzVsStr\train\Stroke\aug_Stroke 3 (18).jpg,aug_Stroke 3 (18).jpg,Brain Disease,Stroke,train,1
C:\Users\hamza\Downloads\FYP\AlzVsStr\AlzVsStr\train\Stroke\aug_Stroke 3 (180).jpg,aug_Stroke 3 (180).jpg,Brain Disease,Stroke,train,1
C:\Users\hamza\Downloads\FYP\AlzVsStr\AlzVsStr\train\Stroke\aug_Stroke 3 (181).jpg,aug_Stroke 3 (181).jpg,Brain Disease,Stroke,train,1
C:\Users\hamza\Downloads\FYP\AlzVsStr\AlzVsStr\train\Stroke\aug_Stroke 3 (182).jpg,aug_Stroke 3 (182).jpg,Brain Disease,Stroke,train,1
C:\Users\hamza\Downloads\FYP\AlzVsStr\AlzVsStr\train\Stroke\aug_Stroke 3 (183).jpg,aug_Stroke 3 (183).jpg,Brain Disease,Stroke,train,1
C:\Users\hamza\Downloads\FYP\AlzVsStr\AlzVsStr\train\Stroke\aug_Stroke 3 (184).jpg,aug_Stroke 3 (184).jpg,Brain Disease,Stroke,train,1
C:\Users\hamza\Downloads\FYP\AlzVsStr\AlzVsStr\train\Stroke\aug_Stroke 3 (185).jpg,aug_Stroke 3 (185).jpg,Brain Disease,Stroke,train,1
C:\Users\hamza\Downloads\FYP\AlzVsStr\AlzVsStr\train\Stroke\aug_Stroke 3 (186).jpg,aug_Stroke 3 (186).jpg,Brain Disease,Stroke,train,1
C:\Users\hamza\Downloads\FYP\AlzVsStr\AlzVsStr\train\Stroke\aug_Stroke 3 (187).jpg,aug_Stroke 3 (187).jpg,Brain Disease,Stroke,train,1
C:\Users\hamza\Downloads\FYP\AlzVsStr\AlzVsStr\train\Stroke\aug_Stroke 3 (188).jpg,aug_Stroke 3 (188).jpg,Brain Disease,Stroke,train,1
C:\Users\hamza\Downloads\FYP\AlzVsStr\AlzVsStr\train\Stroke\aug_Stroke 3 (189).jpg,aug_Stroke 3 (189).jpg,Brain Disease,Stroke,train,1
C:\Users\hamza\Downloads\FYP\AlzVsStr\AlzVsStr\train\Stroke\aug_Stroke 3 (19).jpg,aug_Stroke 3 (19).jpg,Brain Disease,Stroke,train,1
C:\Users\hamza\Downloads\FYP\AlzVsStr\AlzVsStr\train\Stroke\aug_Stroke 3 (190).jpg,aug_Stroke 3 (190).jpg,Brain Disease,Stroke,train,1
C:\Users\hamza\Downloads\FYP\AlzVsStr\AlzVsStr\train\Stroke\aug_Stroke 3 (191).jpg,aug_Stroke 3 (191).jpg,Brain Disease,Stroke,train,1
C:\Users\hamza\Downloads\FYP\AlzVsStr\AlzVsStr\train\Stroke\aug_Stroke 3 (192).jpg,aug_Stroke 3 (192).jpg,Brain Disease,Stroke,train,1
C:\Users\hamza\Downloads\FYP\AlzVsStr\AlzVsStr\train\Stroke\aug_Stroke 3 (193).jpg,aug_Stroke 3 (193).jpg,Brain Disease,Stroke,train,1
C:\Users\hamza\Downloads\FYP\AlzVsStr\AlzVsStr\train\Stroke\aug_Stroke 3 (194).jpg,aug_Stroke 3 (194).jpg,Brain Disease,Stroke,train,1
C:\Users\hamza\Downloads\FYP\AlzVsStr\AlzVsStr\train\Stroke\aug_Stroke 3 (195).jpg,aug_Stroke 3 (195).jpg,Brain Disease,Stroke,train,1
C:\Users\hamza\Downloads\FYP\AlzVsStr\AlzVsStr\train\Stroke\aug_Stroke 3 (196).jpg,aug_Stroke 3 (196).jpg,Brain Disease,Stroke,train,1
C:\Users\hamza\Downloads\FYP\AlzVsStr\AlzVsStr\train\Stroke\aug_Stroke 3 (197).jpg,aug_Stroke 3 (197).jpg,Brain Disease,Stroke,train,1
C:\Users\hamza\Downloads\FYP\AlzVsStr\AlzVsStr\train\Stroke\aug_Stroke 3 (198).jpg,aug_Stroke 3 (198).jpg,Brain Disease,Stroke,train,1
C:\Users\hamza\Downloads\FYP\AlzVsStr\AlzVsStr\train\Stroke\aug_Stroke 3 (199).jpg,aug_Stroke 3 (199).jpg,Brain Disease,Stroke,train,1
C:\Users\hamza\Downloads\FYP\AlzVsStr\AlzVsStr\train\Stroke\aug_Stroke 3 (2).jpg,aug_Stroke 3 (2).jpg,Brain Disease,Stroke,train,1
C:\Users\hamza\Downloads\FYP\AlzVsStr\AlzVsStr\train\Stroke\aug_Stroke 3 (20).jpg,aug_Stroke 3 (20).jpg,Brain Disease,Stroke,train,1
C:\Users\hamza\Downloads\FYP\AlzVsStr\AlzVsStr\train\Stroke\aug_Stroke 3 (200).jpg,aug_Stroke 3 (200).jpg,Brain Disease,Stroke,train,1
C:\Users\hamza\Downloads\FYP\AlzVsStr\AlzVsStr\train\Stroke\aug_Stroke 3 (201).jpg,aug_Stroke 3 (201).jpg,Brain Disease,Stroke,train,1
C:\Users\hamza\Downloads\FYP\AlzVsStr\AlzVsStr\train\Stroke\aug_Stroke 3 (202).jpg,aug_Stroke 3 (202).jpg,Brain Disease,Stroke,train,1
C:\Users\hamza\Downloads\FYP\AlzVsStr\AlzVsStr\train\Stroke\aug_Stroke 3 (203).jpg,aug_Stroke 3 (203).jpg,Brain Disease,Stroke,train,1
C:\Users\hamza\Downloads\FYP\AlzVsStr\AlzVsStr\train\Stroke\aug_Stroke 3 (204).jpg,aug_Stroke 3 (204).jpg,Brain Disease,Stroke,train,1
C:\Users\hamza\Downloads\FYP\AlzVsStr\AlzVsStr\train\Stroke\aug_Stroke 3 (205).jpg,aug_Stroke 3 (205).jpg,Brain Disease,Stroke,train,1
C:\Users\hamza\Downloads\FYP\AlzVsStr\AlzVsStr\train\Stroke\aug_Stroke 3 (206).jpg,aug_Stroke 3 (206).jpg,Brain Disease,Stroke,train,1
C:\Users\hamza\Downloads\FYP\AlzVsStr\AlzVsStr\train\Stroke\aug_Stroke 3 (207).jpg,aug_Stroke 3 (207).jpg,Brain Disease,Stroke,train,1
C:\Users\hamza\Downloads\FYP\AlzVsStr\AlzVsStr\train\Stroke\aug_Stroke 3 (208).jpg,aug_Stroke 3 (208).jpg,Brain Disease,Stroke,train,1
C:\Users\hamza\Downloads\FYP\AlzVsStr\AlzVsStr\train\Stroke\aug_Stroke 3 (209).jpg,aug_Stroke 3 (209).jpg,Brain Disease,Stroke,train,1
C:\Users\hamza\Downloads\FYP\AlzVsStr\AlzVsStr\train\Stroke\aug_Stroke 3 (21).jpg,aug_Stroke 3 (21).jpg,Brain Disease,Stroke,train,1
C:\Users\hamza\Downloads\FYP\AlzVsStr\AlzVsStr\train\Stroke\aug_Stroke 3 (210).jpg,aug_Stroke 3 (210).jpg,Brain Disease,Stroke,train,1
C:\Users\hamza\Downloads\FYP\AlzVsStr\AlzVsStr\train\Stroke\aug_Stroke 3 (211).jpg,aug_Stroke 3 (211).jpg,Brain Disease,Stroke,train,1
C:\Users\hamza\Downloads\FYP\AlzVsStr\AlzVsStr\train\Stroke\aug_Stroke 3 (212).jpg,aug_Stroke 3 (212).jpg,Brain Disease,Stroke,train,1
C:\Users\hamza\Downloads\FYP\AlzVsStr\AlzVsStr\train\Stroke\aug_Stroke 3 (213).jpg,aug_Stroke 3 (213).jpg,Brain Disease,Stroke,train,1
C:\Users\hamza\Downloads\FYP\AlzVsStr\AlzVsStr\train\Stroke\aug_Stroke 3 (214).jpg,aug_Stroke 3 (214).jpg,Brain Disease,Stroke,train,1
C:\Users\hamza\Downloads\FYP\AlzVsStr\AlzVsStr\train\Stroke\aug_Stroke 3 (215).jpg,aug_Stroke 3 (215).jpg,Brain Disease,Stroke,train,1
C:\Users\hamza\Downloads\FYP\AlzVsStr\AlzVsStr\train\Stroke\aug_Stroke 3 (216).jpg,aug_Stroke 3 (216).jpg,Brain Disease,Stroke,train,1
C:\Users\hamza\Downloads\FYP\AlzVsStr\AlzVsStr\train\Stroke\aug_Stroke 3 (217).jpg,aug_Stroke 3 (217).jpg,Brain Disease,Stroke,train,1
C:\Users\hamza\Downloads\FYP\AlzVsStr\AlzVsStr\train\Stroke\aug_Stroke 3 (218).jpg,aug_Stroke 3 (218).jpg,Brain Disease,Stroke,train,1
C:\Users\hamza\Downloads\FYP\AlzVsStr\AlzVsStr\train\Stroke\aug_Stroke 3 (219).jpg,aug_Stroke 3 (219).jpg,Brain Disease,Stroke,train,1
C:\Users\hamza\Downloads\FYP\AlzVsStr\AlzVsStr\train\Stroke\aug_Stroke 3 (22).jpg,aug_Stroke 3 (22).jpg,Brain Disease,Stroke,train,1
C:\Users\hamza\Downloads\FYP\AlzVsStr\AlzVsStr\train\Stroke\aug_Stroke 3 (220).jpg,aug_Stroke 3 (220).jpg,Brain Disease,Stroke,train,1
C:\Users\hamza\Downloads\FYP\AlzVsStr\AlzVsStr\train\Stroke\aug_Stroke 3 (221).jpg,aug_Stroke 3 (221).jpg,Brain Disease,Stroke,train,1
C:\Users\hamza\Downloads\FYP\AlzVsStr\AlzVsStr\train\Stroke\aug_Stroke 3 (222).jpg,aug_Stroke 3 (222).jpg,Brain Disease,Stroke,train,1
C:\Users\hamza\Downloads\FYP\AlzVsStr\AlzVsStr\train\Stroke\aug_Stroke 3 (223).jpg,aug_Stroke 3 (223).jpg,Brain Disease,Stroke,train,1
C:\Users\hamza\Downloads\FYP\AlzVsStr\AlzVsStr\train\Stroke\aug_Stroke 3 (224).jpg,aug_Stroke 3 (224).jpg,Brain Disease,Stroke,train,1
C:\Users\hamza\Downloads\FYP\AlzVsStr\AlzVsStr\train\Stroke\aug_Stroke 3 (225).jpg,aug_Stroke 3 (225).jpg,Brain Disease,Stroke,train,1
C:\Users\hamza\Downloads\FYP\AlzVsStr\AlzVsStr\train\Stroke\aug_Stroke 3 (226).jpg,aug_Stroke 3 (226).jpg,Brain Disease,Stroke,train,1
C:\Users\hamza\Downloads\FYP\AlzVsStr\AlzVsStr\train\Stroke\aug_Stroke 3 (227).jpg,aug_Stroke 3 (227).jpg,Brain Disease,Stroke,train,1
C:\Users\hamza\Downloads\FYP\AlzVsStr\AlzVsStr\train\Stroke\aug_Stroke 3 (228).jpg,aug_Stroke 3 (228).jpg,Brain Disease,Stroke,train,1
C:\Users\hamza\Downloads\FYP\AlzVsStr\AlzVsStr\train\Stroke\aug_Stroke 3 (229).jpg,aug_Stroke 3 (229).jpg,Brain Disease,Stroke,train,1
C:\Users\hamza\Downloads\FYP\AlzVsStr\AlzVsStr\train\Stroke\aug_Stroke 3 (23).jpg,aug_Stroke 3 (23).jpg,Brain Disease,Stroke,train,1
C:\Users\hamza\Downloads\FYP\AlzVsStr\AlzVsStr\train\Stroke\aug_Stroke 3 (230).jpg,aug_Stroke 3 (230).jpg,Brain Disease,Stroke,train,1
C:\Users\hamza\Downloads\FYP\AlzVsStr\AlzVsStr\train\Stroke\aug_Stroke 3 (231).jpg,aug_Stroke 3 (231).jpg,Brain Disease,Stroke,train,1
C:\Users\hamza\Downloads\FYP\AlzVsStr\AlzVsStr\train\Stroke\aug_Stroke 3 (232).jpg,aug_Stroke 3 (232).jpg,Brain Disease,Stroke,train,1
C:\Users\hamza\Downloads\FYP\AlzVsStr\AlzVsStr\train\Stroke\aug_Stroke 3 (233).jpg,aug_Stroke 3 (233).jpg,Brain Disease,Stroke,train,1
C:\Users\hamza\Downloads\FYP\AlzVsStr\AlzVsStr\train\Stroke\aug_Stroke 3 (234).jpg,aug_Stroke 3 (234).jpg,Brain Disease,Stroke,train,1
C:\Users\hamza\Downloads\FYP\AlzVsStr\AlzVsStr\train\Stroke\aug_Stroke 3 (235).jpg,aug_Stroke 3 (235).jpg,Brain Disease,Stroke,train,1
C:\Users\hamza\Downloads\FYP\AlzVsStr\AlzVsStr\train\Stroke\aug_Stroke 3 (236).jpg,aug_Stroke 3 (236).jpg,Brain Disease,Stroke,train,1
C:\Users\hamza\Downloads\FYP\AlzVsStr\AlzVsStr\train\Stroke\aug_Stroke 3 (237).jpg,aug_Stroke 3 (237).jpg,Brain Disease,Stroke,train,1
C:\Users\hamza\Downloads\FYP\AlzVsStr\AlzVsStr\train\Stroke\aug_Stroke 3 (238).jpg,aug_Stroke 3 (238).jpg,Brain Disease,Stroke,train,1
C:\Users\hamza\Downloads\FYP\AlzVsStr\AlzVsStr\train\Stroke\aug_Stroke 3 (239).jpg,aug_Stroke 3 (239).jpg,Brain Disease,Stroke,train,1
C:\Users\hamza\Downloads\FYP\AlzVsStr\AlzVsStr\train\Stroke\aug_Stroke 3 (24).jpg,aug_Stroke 3 (24).jpg,Brain Disease,Stroke,train,1
C:\Users\hamza\Downloads\FYP\AlzVsStr\AlzVsStr\train\Stroke\aug_Stroke 3 (240).jpg,aug_Stroke 3 (240).jpg,Brain Disease,Stroke,train,1
C:\Users\hamza\Downloads\FYP\AlzVsStr\AlzVsStr\train\Stroke\aug_Stroke 3 (241).jpg,aug_Stroke 3 (241).jpg,Brain Disease,Stroke,train,1
C:\Users\hamza\Downloads\FYP\AlzVsStr\AlzVsStr\train\Stroke\aug_Stroke 3 (242).jpg,aug_Stroke 3 (242).jpg,Brain Disease,Stroke,train,1
C:\Users\hamza\Downloads\FYP\AlzVsStr\AlzVsStr\train\Stroke\aug_Stroke 3 (243).jpg,aug_Stroke 3 (243).jpg,Brain Disease,Stroke,train,1
C:\Users\hamza\Downloads\FYP\AlzVsStr\AlzVsStr\train\Stroke\aug_Stroke 3 (244).jpg,aug_Stroke 3 (244).jpg,Brain Disease,Stroke,train,1
C:\Users\hamza\Downloads\FYP\AlzVsStr\AlzVsStr\train\Stroke\aug_Stroke 3 (245).jpg,aug_Stroke 3 (245).jpg,Brain Disease,Stroke,train,1
C:\Users\hamza\Downloads\FYP\AlzVsStr\AlzVsStr\train\Stroke\aug_Stroke 3 (246).jpg,aug_Stroke 3 (246).jpg,Brain Disease,Stroke,train,1
C:\Users\hamza\Downloads\FYP\AlzVsStr\AlzVsStr\train\Stroke\aug_Stroke 3 (247).jpg,aug_Stroke 3 (247).jpg,Brain Disease,Stroke,train,1
C:\Users\hamza\Downloads\FYP\AlzVsStr\AlzVsStr\train\Stroke\aug_Stroke 3 (248).jpg,aug_Stroke 3 (248).jpg,Brain Disease,Stroke,train,1
C:\Users\hamza\Downloads\FYP\AlzVsStr\AlzVsStr\train\Stroke\aug_Stroke 3 (249).jpg,aug_Stroke 3 (249).jpg,Brain Disease,Stroke,train,1
C:\Users\hamza\Downloads\FYP\AlzVsStr\AlzVsStr\train\Stroke\aug_Stroke 3 (25).jpg,aug_Stroke 3 (25).jpg,Brain Disease,Stroke,train,1
C:\Users\hamza\Downloads\FYP\AlzVsStr\AlzVsStr\train\Stroke\aug_Stroke 3 (250).jpg,aug_Stroke 3 (250).jpg,Brain Disease,Stroke,train,1
C:\Users\hamza\Downloads\FYP\AlzVsStr\AlzVsStr\train\Stroke\aug_Stroke 3 (251).jpg,aug_Stroke 3 (251).jpg,Brain Disease,Stroke,train,1
C:\Users\hamza\Downloads\FYP\AlzVsStr\AlzVsStr\train\Stroke\aug_Stroke 3 (252).jpg,aug_Stroke 3 (252).jpg,Brain Disease,Stroke,train,1
C:\Users\hamza\Downloads\FYP\AlzVsStr\AlzVsStr\train\Stroke\aug_Stroke 3 (253).jpg,aug_Stroke 3 (253).jpg,Brain Disease,Stroke,train,1
C:\Users\hamza\Downloads\FYP\AlzVsStr\AlzVsStr\train\Stroke\aug_Stroke 3 (254).jpg,aug_Stroke 3 (254).jpg,Brain Disease,Stroke,train,1
C:\Users\hamza\Downloads\FYP\AlzVsStr\AlzVsStr\train\Stroke\aug_Stroke 3 (255).jpg,aug_Stroke 3 (255).jpg,Brain Disease,Stroke,train,1
C:\Users\hamza\Downloads\FYP\AlzVsStr\AlzVsStr\train\Stroke\aug_Stroke 3 (256).jpg,aug_Stroke 3 (256).jpg,Brain Disease,Stroke,train,1
C:\Users\hamza\Downloads\FYP\AlzVsStr\AlzVsStr\train\Stroke\aug_Stroke 3 (257).jpg,aug_Stroke 3 (257).jpg,Brain Disease,Stroke,train,1
C:\Users\hamza\Downloads\FYP\AlzVsStr\AlzVsStr\train\Stroke\aug_Stroke 3 (258).jpg,aug_Stroke 3 (258).jpg,Brain Disease,Stroke,train,1
C:\Users\hamza\Downloads\FYP\AlzVsStr\AlzVsStr\train\Stroke\aug_Stroke 3 (259).jpg,aug_Stroke 3 (259).jpg,Brain Disease,Stroke,train,1
C:\Users\hamza\Downloads\FYP\AlzVsStr\AlzVsStr\train\Stroke\aug_Stroke 3 (26).jpg,aug_Stroke 3 (26).jpg,Brain Disease,Stroke,train,1
C:\Users\hamza\Downloads\FYP\AlzVsStr\AlzVsStr\train\Stroke\aug_Stroke 3 (260).jpg,aug_Stroke 3 (260).jpg,Brain Disease,Stroke,train,1
C:\Users\hamza\Downloads\FYP\AlzVsStr\AlzVsStr\train\Stroke\aug_Stroke 3 (261).jpg,aug_Stroke 3 (261).jpg,Brain Disease,Stroke,train,1
C:\Users\hamza\Downloads\FYP\AlzVsStr\AlzVsStr\train\Stroke\aug_Stroke 3 (262).jpg,aug_Stroke 3 (262).jpg,Brain Disease,Stroke,train,1
C:\Users\hamza\Downloads\FYP\AlzVsStr\AlzVsStr\train\Stroke\aug_Stroke 3 (263).jpg,aug_Stroke 3 (263).jpg,Brain Disease,Stroke,train,1
C:\Users\hamza\Downloads\FYP\AlzVsStr\AlzVsStr\train\Stroke\aug_Stroke 3 (264).jpg,aug_Stroke 3 (264).jpg,Brain Disease,Stroke,train,1
C:\Users\hamza\Downloads\FYP\AlzVsStr\AlzVsStr\train\Stroke\aug_Stroke 3 (265).jpg,aug_Stroke 3 (265).jpg,Brain Disease,Stroke,train,1
C:\Users\hamza\Downloads\FYP\AlzVsStr\AlzVsStr\train\Stroke\aug_Stroke 3 (266).jpg,aug_Stroke 3 (266).jpg,Brain Disease,Stroke,train,1
C:\Users\hamza\Downloads\FYP\AlzVsStr\AlzVsStr\train\Stroke\aug_Stroke 3 (267).jpg,aug_Stroke 3 (267).jpg,Brain Disease,Stroke,train,1
C:\Users\hamza\Downloads\FYP\AlzVsStr\AlzVsStr\train\Stroke\aug_Stroke 3 (268).jpg,aug_Stroke 3 (268).jpg,Brain Disease,Stroke,train,1
C:\Users\hamza\Downloads\FYP\AlzVsStr\AlzVsStr\train\Stroke\aug_Stroke 3 (269).jpg,aug_Stroke 3 (269).jpg,Brain Disease,Stroke,train,1
C:\Users\hamza\Downloads\FYP\AlzVsStr\AlzVsStr\train\Stroke\aug_Stroke 3 (27).jpg,aug_Stroke 3 (27).jpg,Brain Disease,Stroke,train,1
C:\Users\hamza\Downloads\FYP\AlzVsStr\AlzVsStr\train\Stroke\aug_Stroke 3 (270).jpg,aug_Stroke 3 (270).jpg,Brain Disease,Stroke,train,1
C:\Users\hamza\Downloads\FYP\AlzVsStr\AlzVsStr\train\Stroke\aug_Stroke 3 (271).jpg,aug_Stroke 3 (271).jpg,Brain Disease,Stroke,train,1
C:\Users\hamza\Downloads\FYP\AlzVsStr\AlzVsStr\train\Stroke\aug_Stroke 3 (272).jpg,aug_Stroke 3 (272).jpg,Brain Disease,Stroke,train,1
C:\Users\hamza\Downloads\FYP\AlzVsStr\AlzVsStr\train\Stroke\aug_Stroke 3 (273).jpg,aug_Stroke 3 (273).jpg,Brain Disease,Stroke,train,1
C:\Users\hamza\Downloads\FYP\AlzVsStr\AlzVsStr\train\Stroke\aug_Stroke 3 (274).jpg,aug_Stroke 3 (274).jpg,Brain Disease,Stroke,train,1
C:\Users\hamza\Downloads\FYP\AlzVsStr\AlzVsStr\train\Stroke\aug_Stroke 3 (275).jpg,aug_Stroke 3 (275).jpg,Brain Disease,Stroke,train,1
C:\Users\hamza\Downloads\FYP\AlzVsStr\AlzVsStr\train\Stroke\aug_Stroke 3 (276).jpg,aug_Stroke 3 (276).jpg,Brain Disease,Stroke,train,1
C:\Users\hamza\Downloads\FYP\AlzVsStr\AlzVsStr\train\Stroke\aug_Stroke 3 (277).jpg,aug_Stroke 3 (277).jpg,Brain Disease,Stroke,train,1
C:\Users\hamza\Downloads\FYP\AlzVsStr\AlzVsStr\train\Stroke\aug_Stroke 3 (278).jpg,aug_Stroke 3 (278).jpg,Brain Disease,Stroke,train,1
C:\Users\hamza\Downloads\FYP\AlzVsStr\AlzVsStr\train\Stroke\aug_Stroke 3 (279).jpg,aug_Stroke 3 (279).jpg,Brain Disease,Stroke,train,1
C:\Users\hamza\Downloads\FYP\AlzVsStr\AlzVsStr\train\Stroke\aug_Stroke 3 (28).jpg,aug_Stroke 3 (28).jpg,Brain Disease,Stroke,train,1
C:\Users\hamza\Downloads\FYP\AlzVsStr\AlzVsStr\train\Stroke\aug_Stroke 3 (280).jpg,aug_Stroke 3 (280).jpg,Brain Disease,Stroke,train,1
C:\Users\hamza\Downloads\FYP\AlzVsStr\AlzVsStr\train\Stroke\aug_Stroke 3 (281).jpg,aug_Stroke 3 (281).jpg,Brain Disease,Stroke,train,1
C:\Users\hamza\Downloads\FYP\AlzVsStr\AlzVsStr\train\Stroke\aug_Stroke 3 (282).jpg,aug_Stroke 3 (282).jpg,Brain Disease,Stroke,train,1
C:\Users\hamza\Downloads\FYP\AlzVsStr\AlzVsStr\train\Stroke\aug_Stroke 3 (283).jpg,aug_Stroke 3 (283).jpg,Brain Disease,Stroke,train,1
C:\Users\hamza\Downloads\FYP\AlzVsStr\AlzVsStr\train\Stroke\aug_Stroke 3 (284).jpg,aug_Stroke 3 (284).jpg,Brain Disease,Stroke,train,1
C:\Users\hamza\Downloads\FYP\AlzVsStr\AlzVsStr\train\Stroke\aug_Stroke 3 (285).jpg,aug_Stroke 3 (285).jpg,Brain Disease,Stroke,train,1
C:\Users\hamza\Downloads\FYP\AlzVsStr\AlzVsStr\train\Stroke\aug_Stroke 3 (286).jpg,aug_Stroke 3 (286).jpg,Brain Disease,Stroke,train,1
C:\Users\hamza\Downloads\FYP\AlzVsStr\AlzVsStr\train\Stroke\aug_Stroke 3 (287).jpg,aug_Stroke 3 (287).jpg,Brain Disease,Stroke,train,1
C:\Users\hamza\Downloads\FYP\AlzVsStr\AlzVsStr\train\Stroke\aug_Stroke 3 (288).jpg,aug_Stroke 3 (288).jpg,Brain Disease,Stroke,train,1
C:\Users\hamza\Downloads\FYP\AlzVsStr\AlzVsStr\train\Stroke\aug_Stroke 3 (289).jpg,aug_Stroke 3 (289).jpg,Brain Disease,Stroke,train,1
C:\Users\hamza\Downloads\FYP\AlzVsStr\AlzVsStr\train\Stroke\aug_Stroke 3 (29).jpg,aug_Stroke 3 (29).jpg,Brain Disease,Stroke,train,1
C:\Users\hamza\Downloads\FYP\AlzVsStr\AlzVsStr\train\Stroke\aug_Stroke 3 (290).jpg,aug_Stroke 3 (290).jpg,Brain Disease,Stroke,train,1
C:\Users\hamza\Downloads\FYP\AlzVsStr\AlzVsStr\train\Stroke\aug_Stroke 3 (291).jpg,aug_Stroke 3 (291).jpg,Brain Disease,Stroke,train,1
C:\Users\hamza\Downloads\FYP\AlzVsStr\AlzVsStr\train\Stroke\aug_Stroke 3 (292).jpg,aug_Stroke 3 (292).jpg,Brain Disease,Stroke,train,1
C:\Users\hamza\Downloads\FYP\AlzVsStr\AlzVsStr\train\Stroke\aug_Stroke 3 (293).jpg,aug_Stroke 3 (293).jpg,Brain Disease,Stroke,train,1
C:\Users\hamza\Downloads\FYP\AlzVsStr\AlzVsStr\train\Stroke\aug_Stroke 3 (294).jpg,aug_Stroke 3 (294).jpg,Brain Disease,Stroke,train,1
C:\Users\hamza\Downloads\FYP\AlzVsStr\AlzVsStr\train\Stroke\aug_Stroke 3 (295).jpg,aug_Stroke 3 (295).jpg,Brain Disease,Stroke,train,1
C:\Users\hamza\Downloads\FYP\AlzVsStr\AlzVsStr\train\Stroke\aug_Stroke 3 (296).jpg,aug_Stroke 3 (296).jpg,Brain Disease,Stroke,train,1
C:\Users\hamza\Downloads\FYP\AlzVsStr\AlzVsStr\train\Stroke\aug_Stroke 3 (297).jpg,aug_Stroke 3 (297).jpg,Brain Disease,Stroke,train,1
C:\Users\hamza\Downloads\FYP\AlzVsStr\AlzVsStr\train\Stroke\aug_Stroke 3 (298).jpg,aug_Stroke 3 (298).jpg,Brain Disease,Stroke,train,1
C:\Users\hamza\Downloads\FYP\AlzVsStr\AlzVsStr\train\Stroke\aug_Stroke 3 (299).jpg,aug_Stroke 3 (299).jpg,Brain Disease,Stroke,train,1
C:\Users\hamza\Downloads\FYP\AlzVsStr\AlzVsStr\train\Stroke\aug_Stroke 3 (3).jpg,aug_Stroke 3 (3).jpg,Brain Disease,Stroke,train,1
C:\Users\hamza\Downloads\FYP\AlzVsStr\AlzVsStr\train\Stroke\aug_Stroke 3 (30).jpg,aug_Stroke 3 (30).jpg,Brain Disease,Stroke,train,1
C:\Users\hamza\Downloads\FYP\AlzVsStr\AlzVsStr\train\Stroke\aug_Stroke 3 (300).jpg,aug_Stroke 3 (300).jpg,Brain Disease,Stroke,train,1
C:\Users\hamza\Downloads\FYP\AlzVsStr\AlzVsStr\train\Stroke\aug_Stroke 3 (301).jpg,aug_Stroke 3 (301).jpg,Brain Disease,Stroke,train,1
C:\Users\hamza\Downloads\FYP\AlzVsStr\AlzVsStr\train\Stroke\aug_Stroke 3 (302).jpg,aug_Stroke 3 (302).jpg,Brain Disease,Stroke,train,1
C:\Users\hamza\Downloads\FYP\AlzVsStr\AlzVsStr\train\Stroke\aug_Stroke 3 (303).jpg,aug_Stroke 3 (303).jpg,Brain Disease,Stroke,train,1
C:\Users\hamza\Downloads\FYP\AlzVsStr\AlzVsStr\train\Stroke\aug_Stroke 3 (304).jpg,aug_Stroke 3 (304).jpg,Brain Disease,Stroke,train,1
C:\Users\hamza\Downloads\FYP\AlzVsStr\AlzVsStr\train\Stroke\aug_Stroke 3 (305).jpg,aug_Stroke 3 (305).jpg,Brain Disease,Stroke,train,1
C:\Users\hamza\Downloads\FYP\AlzVsStr\AlzVsStr\train\Stroke\aug_Stroke 3 (306).jpg,aug_Stroke 3 (306).jpg,Brain Disease,Stroke,train,1
C:\Users\hamza\Downloads\FYP\AlzVsStr\AlzVsStr\train\Stroke\aug_Stroke 3 (307).jpg,aug_Stroke 3 (307).jpg,Brain Disease,Stroke,train,1
C:\Users\hamza\Downloads\FYP\AlzVsStr\AlzVsStr\train\Stroke\aug_Stroke 3 (308).jpg,aug_Stroke 3 (308).jpg,Brain Disease,Stroke,train,1
C:\Users\hamza\Downloads\FYP\AlzVsStr\AlzVsStr\train\Stroke\aug_Stroke 3 (309).jpg,aug_Stroke 3 (309).jpg,Brain Disease,Stroke,train,1
C:\Users\hamza\Downloads\FYP\AlzVsStr\AlzVsStr\train\Stroke\aug_Stroke 3 (31).jpg,aug_Stroke 3 (31).jpg,Brain Disease,Stroke,train,1
C:\Users\hamza\Downloads\FYP\AlzVsStr\AlzVsStr\train\Stroke\aug_Stroke 3 (310).jpg,aug_Stroke 3 (310).jpg,Brain Disease,Stroke,train,1
C:\Users\hamza\Downloads\FYP\AlzVsStr\AlzVsStr\train\Stroke\aug_Stroke 3 (311).jpg,aug_Stroke 3 (311).jpg,Brain Disease,Stroke,train,1
C:\Users\hamza\Downloads\FYP\AlzVsStr\AlzVsStr\train\Stroke\aug_Stroke 3 (312).jpg,aug_Stroke 3 (312).jpg,Brain Disease,Stroke,train,1
C:\Users\hamza\Downloads\FYP\AlzVsStr\AlzVsStr\train\Stroke\aug_Stroke 3 (313).jpg,aug_Stroke 3 (313).jpg,Brain Disease,Stroke,train,1
C:\Users\hamza\Downloads\FYP\AlzVsStr\AlzVsStr\train\Stroke\aug_Stroke 3 (314).jpg,aug_Stroke 3 (314).jpg,Brain Disease,Stroke,train,1
C:\Users\hamza\Downloads\FYP\AlzVsStr\AlzVsStr\train\Stroke\aug_Stroke 3 (315).jpg,aug_Stroke 3 (315).jpg,Brain Disease,Stroke,train,1
C:\Users\hamza\Downloads\FYP\AlzVsStr\AlzVsStr\train\Stroke\aug_Stroke 3 (316).jpg,aug_Stroke 3 (316).jpg,Brain Disease,Stroke,train,1
C:\Users\hamza\Downloads\FYP\AlzVsStr\AlzVsStr\train\Stroke\aug_Stroke 3 (317).jpg,aug_Stroke 3 (317).jpg,Brain Disease,Stroke,train,1
C:\Users\hamza\Downloads\FYP\AlzVsStr\AlzVsStr\train\Stroke\aug_Stroke 3 (318).jpg,aug_Stroke 3 (318).jpg,Brain Disease,Stroke,train,1
C:\Users\hamza\Downloads\FYP\AlzVsStr\AlzVsStr\train\Stroke\aug_Stroke 3 (319).jpg,aug_Stroke 3 (319).jpg,Brain Disease,Stroke,train,1
C:\Users\hamza\Downloads\FYP\AlzVsStr\AlzVsStr\train\Stroke\aug_Stroke 3 (32).jpg,aug_Stroke 3 (32).jpg,Brain Disease,Stroke,train,1
C:\Users\hamza\Downloads\FYP\AlzVsStr\AlzVsStr\train\Stroke\aug_Stroke 3 (320).jpg,aug_Stroke 3 (320).jpg,Brain Disease,Stroke,train,1
C:\Users\hamza\Downloads\FYP\AlzVsStr\AlzVsStr\train\Stroke\aug_Stroke 3 (321).jpg,aug_Stroke 3 (321).jpg,Brain Disease,Stroke,train,1
C:\Users\hamza\Downloads\FYP\AlzVsStr\AlzVsStr\train\Stroke\aug_Stroke 3 (322).jpg,aug_Stroke 3 (322).jpg,Brain Disease,Stroke,train,1
C:\Users\hamza\Downloads\FYP\AlzVsStr\AlzVsStr\train\Stroke\aug_Stroke 3 (323).jpg,aug_Stroke 3 (323).jpg,Brain Disease,Stroke,train,1
C:\Users\hamza\Downloads\FYP\AlzVsStr\AlzVsStr\train\Stroke\aug_Stroke 3 (324).jpg,aug_Stroke 3 (324).jpg,Brain Disease,Stroke,train,1
C:\Users\hamza\Downloads\FYP\AlzVsStr\AlzVsStr\train\Stroke\aug_Stroke 3 (325).jpg,aug_Stroke 3 (325).jpg,Brain Disease,Stroke,train,1
C:\Users\hamza\Downloads\FYP\AlzVsStr\AlzVsStr\train\Stroke\aug_Stroke 3 (326).jpg,aug_Stroke 3 (326).jpg,Brain Disease,Stroke,train,1
C:\Users\hamza\Downloads\FYP\AlzVsStr\AlzVsStr\train\Stroke\aug_Stroke 3 (327).jpg,aug_Stroke 3 (327).jpg,Brain Disease,Stroke,train,1
C:\Users\hamza\Downloads\FYP\AlzVsStr\AlzVsStr\train\Stroke\aug_Stroke 3 (328).jpg,aug_Stroke 3 (328).jpg,Brain Disease,Stroke,train,1
C:\Users\hamza\Downloads\FYP\AlzVsStr\AlzVsStr\train\Stroke\aug_Stroke 3 (329).jpg,aug_Stroke 3 (329).jpg,Brain Disease,Stroke,train,1
C:\Users\hamza\Downloads\FYP\AlzVsStr\AlzVsStr\train\Stroke\aug_Stroke 3 (33).jpg,aug_Stroke 3 (33).jpg,Brain Disease,Stroke,train,1
C:\Users\hamza\Downloads\FYP\AlzVsStr\AlzVsStr\train\Stroke\aug_Stroke 3 (330).jpg,aug_Stroke 3 (330).jpg,Brain Disease,Stroke,train,1
C:\Users\hamza\Downloads\FYP\AlzVsStr\AlzVsStr\train\Stroke\aug_Stroke 3 (331).jpg,aug_Stroke 3 (331).jpg,Brain Disease,Stroke,train,1
C:\Users\hamza\Downloads\FYP\AlzVsStr\AlzVsStr\train\Stroke\aug_Stroke 3 (332).jpg,aug_Stroke 3 (332).jpg,Brain Disease,Stroke,train,1
C:\Users\hamza\Downloads\FYP\AlzVsStr\AlzVsStr\train\Stroke\aug_Stroke 3 (333).jpg,aug_Stroke 3 (333).jpg,Brain Disease,Stroke,train,1
C:\Users\hamza\Downloads\FYP\AlzVsStr\AlzVsStr\train\Stroke\aug_Stroke 3 (334).jpg,aug_Stroke 3 (334).jpg,Brain Disease,Stroke,train,1
C:\Users\hamza\Downloads\FYP\AlzVsStr\AlzVsStr\train\Stroke\aug_Stroke 3 (335).jpg,aug_Stroke 3 (335).jpg,Brain Disease,Stroke,train,1
C:\Users\hamza\Downloads\FYP\AlzVsStr\AlzVsStr\train\Stroke\aug_Stroke 3 (336).jpg,aug_Stroke 3 (336).jpg,Brain Disease,Stroke,train,1
C:\Users\hamza\Downloads\FYP\AlzVsStr\AlzVsStr\train\Stroke\aug_Stroke 3 (337).jpg,aug_Stroke 3 (337).jpg,Brain Disease,Stroke,train,1
C:\Users\hamza\Downloads\FYP\AlzVsStr\AlzVsStr\train\Stroke\aug_Stroke 3 (338).jpg,aug_Stroke 3 (338).jpg,Brain Disease,Stroke,train,1
C:\Users\hamza\Downloads\FYP\AlzVsStr\AlzVsStr\train\Stroke\aug_Stroke 3 (339).jpg,aug_Stroke 3 (339).jpg,Brain Disease,Stroke,train,1
C:\Users\hamza\Downloads\FYP\AlzVsStr\AlzVsStr\train\Stroke\aug_Stroke 3 (34).jpg,aug_Stroke 3 (34).jpg,Brain Disease,Stroke,train,1
C:\Users\hamza\Downloads\FYP\AlzVsStr\AlzVsStr\train\Stroke\aug_Stroke 3 (340).jpg,aug_Stroke 3 (340).jpg,Brain Disease,Stroke,train,1
C:\Users\hamza\Downloads\FYP\AlzVsStr\AlzVsStr\train\Stroke\aug_Stroke 3 (341).jpg,aug_Stroke 3 (341).jpg,Brain Disease,Stroke,train,1
C:\Users\hamza\Downloads\FYP\AlzVsStr\AlzVsStr\train\Stroke\aug_Stroke 3 (342).jpg,aug_Stroke 3 (342).jpg,Brain Disease,Stroke,train,1
C:\Users\hamza\Downloads\FYP\AlzVsStr\AlzVsStr\train\Stroke\aug_Stroke 3 (343).jpg,aug_Stroke 3 (343).jpg,Brain Disease,Stroke,train,1
C:\Users\hamza\Downloads\FYP\AlzVsStr\AlzVsStr\train\Stroke\aug_Stroke 3 (344).jpg,aug_Stroke 3 (344).jpg,Brain Disease,Stroke,train,1
C:\Users\hamza\Downloads\FYP\AlzVsStr\AlzVsStr\train\Stroke\aug_Stroke 3 (345).jpg,aug_Stroke 3 (345).jpg,Brain Disease,Stroke,train,1
C:\Users\hamza\Downloads\FYP\AlzVsStr\AlzVsStr\train\Stroke\aug_Stroke 3 (346).jpg,aug_Stroke 3 (346).jpg,Brain Disease,Stroke,train,1
C:\Users\hamza\Downloads\FYP\AlzVsStr\AlzVsStr\train\Stroke\aug_Stroke 3 (347).jpg,aug_Stroke 3 (347).jpg,Brain Disease,Stroke,train,1
C:\Users\hamza\Downloads\FYP\AlzVsStr\AlzVsStr\train\Stroke\aug_Stroke 3 (348).jpg,aug_Stroke 3 (348).jpg,Brain Disease,Stroke,train,1
C:\Users\hamza\Downloads\FYP\AlzVsStr\AlzVsStr\train\Stroke\aug_Stroke 3 (349).jpg,aug_Stroke 3 (349).jpg,Brain Disease,Stroke,train,1
C:\Users\hamza\Downloads\FYP\AlzVsStr\AlzVsStr\train\Stroke\aug_Stroke 3 (35).jpg,aug_Stroke 3 (35).jpg,Brain Disease,Stroke,train,1
C:\Users\hamza\Downloads\FYP\AlzVsStr\AlzVsStr\train\Stroke\aug_Stroke 3 (350).jpg,aug_Stroke 3 (350).jpg,Brain Disease,Stroke,train,1
C:\Users\hamza\Downloads\FYP\AlzVsStr\AlzVsStr\train\Stroke\aug_Stroke 3 (351).jpg,aug_Stroke 3 (351).jpg,Brain Disease,Stroke,train,1
C:\Users\hamza\Downloads\FYP\AlzVsStr\AlzVsStr\train\Stroke\aug_Stroke 3 (352).jpg,aug_Stroke 3 (352).jpg,Brain Disease,Stroke,train,1
C:\Users\hamza\Downloads\FYP\AlzVsStr\AlzVsStr\train\Stroke\aug_Stroke 3 (353).jpg,aug_Stroke 3 (353).jpg,Brain Disease,Stroke,train,1
C:\Users\hamza\Downloads\FYP\AlzVsStr\AlzVsStr\train\Stroke\aug_Stroke 3 (354).jpg,aug_Stroke 3 (354).jpg,Brain Disease,Stroke,train,1
C:\Users\hamza\Downloads\FYP\AlzVsStr\AlzVsStr\train\Stroke\aug_Stroke 3 (355).jpg,aug_Stroke 3 (355).jpg,Brain Disease,Stroke,train,1
C:\Users\hamza\Downloads\FYP\AlzVsStr\AlzVsStr\train\Stroke\aug_Stroke 3 (356).jpg,aug_Stroke 3 (356).jpg,Brain Disease,Stroke,train,1
C:\Users\hamza\Downloads\FYP\AlzVsStr\AlzVsStr\train\Stroke\aug_Stroke 3 (357).jpg,aug_Stroke 3 (357).jpg,Brain Disease,Stroke,train,1
C:\Users\hamza\Downloads\FYP\AlzVsStr\AlzVsStr\train\Stroke\aug_Stroke 3 (358).jpg,aug_Stroke 3 (358).jpg,Brain Disease,Stroke,train,1
C:\Users\hamza\Downloads\FYP\AlzVsStr\AlzVsStr\train\Stroke\aug_Stroke 3 (359).jpg,aug_Stroke 3 (359).jpg,Brain Disease,Stroke,train,1
C:\Users\hamza\Downloads\FYP\AlzVsStr\AlzVsStr\train\Stroke\aug_Stroke 3 (36).jpg,aug_Stroke 3 (36).jpg,Brain Disease,Stroke,train,1
C:\Users\hamza\Downloads\FYP\AlzVsStr\AlzVsStr\train\Stroke\aug_Stroke 3 (360).jpg,aug_Stroke 3 (360).jpg,Brain Disease,Stroke,train,1
C:\Users\hamza\Downloads\FYP\AlzVsStr\AlzVsStr\train\Stroke\aug_Stroke 3 (361).jpg,aug_Stroke 3 (361).jpg,Brain Disease,Stroke,train,1
C:\Users\hamza\Downloads\FYP\AlzVsStr\AlzVsStr\train\Stroke\aug_Stroke 3 (362).jpg,aug_Stroke 3 (362).jpg,Brain Disease,Stroke,train,1
C:\Users\hamza\Downloads\FYP\AlzVsStr\AlzVsStr\train\Stroke\aug_Stroke 3 (363).jpg,aug_Stroke 3 (363).jpg,Brain Disease,Stroke,train,1
C:\Users\hamza\Downloads\FYP\AlzVsStr\AlzVsStr\train\Stroke\aug_Stroke 3 (364).jpg,aug_Stroke 3 (364).jpg,Brain Disease,Stroke,train,1
C:\Users\hamza\Downloads\FYP\AlzVsStr\AlzVsStr\train\Stroke\aug_Stroke 3 (365).jpg,aug_Stroke 3 (365).jpg,Brain Disease,Stroke,train,1
C:\Users\hamza\Downloads\FYP\AlzVsStr\AlzVsStr\train\Stroke\aug_Stroke 3 (366).jpg,aug_Stroke 3 (366).jpg,Brain Disease,Stroke,train,1
C:\Users\hamza\Downloads\FYP\AlzVsStr\AlzVsStr\train\Stroke\aug_Stroke 3 (367).jpg,aug_Stroke 3 (367).jpg,Brain Disease,Stroke,train,1
C:\Users\hamza\Downloads\FYP\AlzVsStr\AlzVsStr\train\Stroke\aug_Stroke 3 (368).jpg,aug_Stroke 3 (368).jpg,Brain Disease,Stroke,train,1
C:\Users\hamza\Downloads\FYP\AlzVsStr\AlzVsStr\train\Stroke\aug_Stroke 3 (369).jpg,aug_Stroke 3 (369).jpg,Brain Disease,Stroke,train,1
C:\Users\hamza\Downloads\FYP\AlzVsStr\AlzVsStr\train\Stroke\aug_Stroke 3 (37).jpg,aug_Stroke 3 (37).jpg,Brain Disease,Stroke,train,1
C:\Users\hamza\Downloads\FYP\AlzVsStr\AlzVsStr\train\Stroke\aug_Stroke 3 (370).jpg,aug_Stroke 3 (370).jpg,Brain Disease,Stroke,train,1
C:\Users\hamza\Downloads\FYP\AlzVsStr\AlzVsStr\train\Stroke\aug_Stroke 3 (371).jpg,aug_Stroke 3 (371).jpg,Brain Disease,Stroke,train,1
C:\Users\hamza\Downloads\FYP\AlzVsStr\AlzVsStr\train\Stroke\aug_Stroke 3 (372).jpg,aug_Stroke 3 (372).jpg,Brain Disease,Stroke,train,1
C:\Users\hamza\Downloads\FYP\AlzVsStr\AlzVsStr\train\Stroke\aug_Stroke 3 (373).jpg,aug_Stroke 3 (373).jpg,Brain Disease,Stroke,train,1
C:\Users\hamza\Downloads\FYP\AlzVsStr\AlzVsStr\train\Stroke\aug_Stroke 3 (374).jpg,aug_Stroke 3 (374).jpg,Brain Disease,Stroke,train,1
C:\Users\hamza\Downloads\FYP\AlzVsStr\AlzVsStr\train\Stroke\aug_Stroke 3 (375).jpg,aug_Stroke 3 (375).jpg,Brain Disease,Stroke,train,1
C:\Users\hamza\Downloads\FYP\AlzVsStr\AlzVsStr\train\Stroke\aug_Stroke 3 (376).jpg,aug_Stroke 3 (376).jpg,Brain Disease,Stroke,train,1
C:\Users\hamza\Downloads\FYP\AlzVsStr\AlzVsStr\train\Stroke\aug_Stroke 3 (377).jpg,aug_Stroke 3 (377).jpg,Brain Disease,Stroke,train,1
C:\Users\hamza\Downloads\FYP\AlzVsStr\AlzVsStr\train\Stroke\aug_Stroke 3 (378).jpg,aug_Stroke 3 (378).jpg,Brain Disease,Stroke,train,1
C:\Users\hamza\Downloads\FYP\AlzVsStr\AlzVsStr\train\Stroke\aug_Stroke 3 (379).jpg,aug_Stroke 3 (379).jpg,Brain Disease,Stroke,train,1
C:\Users\hamza\Downloads\FYP\AlzVsStr\AlzVsStr\train\Stroke\aug_Stroke 3 (38).jpg,aug_Stroke 3 (38).jpg,Brain Disease,Stroke,train,1
C:\Users\hamza\Downloads\FYP\AlzVsStr\AlzVsStr\train\Stroke\aug_Stroke 3 (380).jpg,aug_Stroke 3 (380).jpg,Brain Disease,Stroke,train,1
C:\Users\hamza\Downloads\FYP\AlzVsStr\AlzVsStr\train\Stroke\aug_Stroke 3 (381).jpg,aug_Stroke 3 (381).jpg,Brain Disease,Stroke,train,1
C:\Users\hamza\Downloads\FYP\AlzVsStr\AlzVsStr\train\Stroke\aug_Stroke 3 (382).jpg,aug_Stroke 3 (382).jpg,Brain Disease,Stroke,train,1
C:\Users\hamza\Downloads\FYP\AlzVsStr\AlzVsStr\train\Stroke\aug_Stroke 3 (383).jpg,aug_Stroke 3 (383).jpg,Brain Disease,Stroke,train,1
C:\Users\hamza\Downloads\FYP\AlzVsStr\AlzVsStr\train\Stroke\aug_Stroke 3 (384).jpg,aug_Stroke 3 (384).jpg,Brain Disease,Stroke,train,1
C:\Users\hamza\Downloads\FYP\AlzVsStr\AlzVsStr\train\Stroke\aug_Stroke 3 (385).jpg,aug_Stroke 3 (385).jpg,Brain Disease,Stroke,train,1
C:\Users\hamza\Downloads\FYP\AlzVsStr\AlzVsStr\train\Stroke\aug_Stroke 3 (386).jpg,aug_Stroke 3 (386).jpg,Brain Disease,Stroke,train,1
C:\Users\hamza\Downloads\FYP\AlzVsStr\AlzVsStr\train\Stroke\aug_Stroke 3 (387).jpg,aug_Stroke 3 (387).jpg,Brain Disease,Stroke,train,1
C:\Users\hamza\Downloads\FYP\AlzVsStr\AlzVsStr\train\Stroke\aug_Stroke 3 (388).jpg,aug_Stroke 3 (388).jpg,Brain Disease,Stroke,train,1
C:\Users\hamza\Downloads\FYP\AlzVsStr\AlzVsStr\train\Stroke\aug_Stroke 3 (389).jpg,aug_Stroke 3 (389).jpg,Brain Disease,Stroke,train,1
C:\Users\hamza\Downloads\FYP\AlzVsStr\AlzVsStr\train\Stroke\aug_Stroke 3 (39).jpg,aug_Stroke 3 (39).jpg,Brain Disease,Stroke,train,1
C:\Users\hamza\Downloads\FYP\AlzVsStr\AlzVsStr\train\Stroke\aug_Stroke 3 (390).jpg,aug_Stroke 3 (390).jpg,Brain Disease,Stroke,train,1
C:\Users\hamza\Downloads\FYP\AlzVsStr\AlzVsStr\train\Stroke\aug_Stroke 3 (391).jpg,aug_Stroke 3 (391).jpg,Brain Disease,Stroke,train,1
C:\Users\hamza\Downloads\FYP\AlzVsStr\AlzVsStr\train\Stroke\aug_Stroke 3 (392).jpg,aug_Stroke 3 (392).jpg,Brain Disease,Stroke,train,1
C:\Users\hamza\Downloads\FYP\AlzVsStr\AlzVsStr\train\Stroke\aug_Stroke 3 (393).jpg,aug_Stroke 3 (393).jpg,Brain Disease,Stroke,train,1
C:\Users\hamza\Downloads\FYP\AlzVsStr\AlzVsStr\train\Stroke\aug_Stroke 3 (394).jpg,aug_Stroke 3 (394).jpg,Brain Disease,Stroke,train,1
C:\Users\hamza\Downloads\FYP\AlzVsStr\AlzVsStr\train\Stroke\aug_Stroke 3 (395).jpg,aug_Stroke 3 (395).jpg,Brain Disease,Stroke,train,1
C:\Users\hamza\Downloads\FYP\AlzVsStr\AlzVsStr\train\Stroke\aug_Stroke 3 (396).jpg,aug_Stroke 3 (396).jpg,Brain Disease,Stroke,train,1
C:\Users\hamza\Downloads\FYP\AlzVsStr\AlzVsStr\train\Stroke\aug_Stroke 3 (397).jpg,aug_Stroke 3 (397).jpg,Brain Disease,Stroke,train,1
C:\Users\hamza\Downloads\FYP\AlzVsStr\AlzVsStr\train\Stroke\aug_Stroke 3 (398).jpg,aug_Stroke 3 (398).jpg,Brain Disease,Stroke,train,1
C:\Users\hamza\Downloads\FYP\AlzVsStr\AlzVsStr\train\Stroke\aug_Stroke 3 (399).jpg,aug_Stroke 3 (399).jpg,Brain Disease,Stroke,train,1
C:\Users\hamza\Downloads\FYP\AlzVsStr\AlzVsStr\train\Stroke\aug_Stroke 3 (4).jpg,aug_Stroke 3 (4).jpg,Brain Disease,Stroke,train,1
C:\Users\hamza\Downloads\FYP\AlzVsStr\AlzVsStr\train\Stroke\aug_Stroke 3 (40).jpg,aug_Stroke 3 (40).jpg,Brain Disease,Stroke,train,1
C:\Users\hamza\Downloads\FYP\AlzVsStr\AlzVsStr\train\Stroke\aug_Stroke 3 (400).jpg,aug_Stroke 3 (400).jpg,Brain Disease,Stroke,train,1
C:\Users\hamza\Downloads\FYP\AlzVsStr\AlzVsStr\train\Stroke\aug_Stroke 3 (401).jpg,aug_Stroke 3 (401).jpg,Brain Disease,Stroke,train,1
C:\Users\hamza\Downloads\FYP\AlzVsStr\AlzVsStr\train\Stroke\aug_Stroke 3 (402).jpg,aug_Stroke 3 (402).jpg,Brain Disease,Stroke,train,1
C:\Users\hamza\Downloads\FYP\AlzVsStr\AlzVsStr\train\Stroke\aug_Stroke 3 (403).jpg,aug_Stroke 3 (403).jpg,Brain Disease,Stroke,train,1
C:\Users\hamza\Downloads\FYP\AlzVsStr\AlzVsStr\train\Stroke\aug_Stroke 3 (404).jpg,aug_Stroke 3 (404).jpg,Brain Disease,Stroke,train,1
C:\Users\hamza\Downloads\FYP\AlzVsStr\AlzVsStr\train\Stroke\aug_Stroke 3 (405).jpg,aug_Stroke 3 (405).jpg,Brain Disease,Stroke,train,1
C:\Users\hamza\Downloads\FYP\AlzVsStr\AlzVsStr\train\Stroke\aug_Stroke 3 (406).jpg,aug_Stroke 3 (406).jpg,Brain Disease,Stroke,train,1
C:\Users\hamza\Downloads\FYP\AlzVsStr\AlzVsStr\train\Stroke\aug_Stroke 3 (407).jpg,aug_Stroke 3 (407).jpg,Brain Disease,Stroke,train,1
C:\Users\hamza\Downloads\FYP\AlzVsStr\AlzVsStr\train\Stroke\aug_Stroke 3 (408).jpg,aug_Stroke 3 (408).jpg,Brain Disease,Stroke,train,1
C:\Users\hamza\Downloads\FYP\AlzVsStr\AlzVsStr\train\Stroke\aug_Stroke 3 (409).jpg,aug_Stroke 3 (409).jpg,Brain Disease,Stroke,train,1
C:\Users\hamza\Downloads\FYP\AlzVsStr\AlzVsStr\train\Stroke\aug_Stroke 3 (41).jpg,aug_Stroke 3 (41).jpg,Brain Disease,Stroke,train,1
C:\Users\hamza\Downloads\FYP\AlzVsStr\AlzVsStr\train\Stroke\aug_Stroke 3 (410).jpg,aug_Stroke 3 (410).jpg,Brain Disease,Stroke,train,1
C:\Users\hamza\Downloads\FYP\AlzVsStr\AlzVsStr\train\Stroke\aug_Stroke 3 (411).jpg,aug_Stroke 3 (411).jpg,Brain Disease,Stroke,train,1
C:\Users\hamza\Downloads\FYP\AlzVsStr\AlzVsStr\train\Stroke\aug_Stroke 3 (412).jpg,aug_Stroke 3 (412).jpg,Brain Disease,Stroke,train,1
C:\Users\hamza\Downloads\FYP\AlzVsStr\AlzVsStr\train\Stroke\aug_Stroke 3 (413).jpg,aug_Stroke 3 (413).jpg,Brain Disease,Stroke,train,1
C:\Users\hamza\Downloads\FYP\AlzVsStr\AlzVsStr\train\Stroke\aug_Stroke 3 (414).jpg,aug_Stroke 3 (414).jpg,Brain Disease,Stroke,train,1
C:\Users\hamza\Downloads\FYP\AlzVsStr\AlzVsStr\train\Stroke\aug_Stroke 3 (415).jpg,aug_Stroke 3 (415).jpg,Brain Disease,Stroke,train,1
C:\Users\hamza\Downloads\FYP\AlzVsStr\AlzVsStr\train\Stroke\aug_Stroke 3 (416).jpg,aug_Stroke 3 (416).jpg,Brain Disease,Stroke,train,1
C:\Users\hamza\Downloads\FYP\AlzVsStr\AlzVsStr\train\Stroke\aug_Stroke 3 (417).jpg,aug_Stroke 3 (417).jpg,Brain Disease,Stroke,train,1
C:\Users\hamza\Downloads\FYP\AlzVsStr\AlzVsStr\train\Stroke\aug_Stroke 3 (418).jpg,aug_Stroke 3 (418).jpg,Brain Disease,Stroke,train,1
C:\Users\hamza\Downloads\FYP\AlzVsStr\AlzVsStr\train\Stroke\aug_Stroke 3 (419).jpg,aug_Stroke 3 (419).jpg,Brain Disease,Stroke,train,1
C:\Users\hamza\Downloads\FYP\AlzVsStr\AlzVsStr\train\Stroke\aug_Stroke 3 (42).jpg,aug_Stroke 3 (42).jpg,Brain Disease,Stroke,train,1
C:\Users\hamza\Downloads\FYP\AlzVsStr\AlzVsStr\train\Stroke\aug_Stroke 3 (420).jpg,aug_Stroke 3 (420).jpg,Brain Disease,Stroke,train,1
C:\Users\hamza\Downloads\FYP\AlzVsStr\AlzVsStr\train\Stroke\aug_Stroke 3 (421).jpg,aug_Stroke 3 (421).jpg,Brain Disease,Stroke,train,1
C:\Users\hamza\Downloads\FYP\AlzVsStr\AlzVsStr\train\Stroke\aug_Stroke 3 (422).jpg,aug_Stroke 3 (422).jpg,Brain Disease,Stroke,train,1
C:\Users\hamza\Downloads\FYP\AlzVsStr\AlzVsStr\train\Stroke\aug_Stroke 3 (423).jpg,aug_Stroke 3 (423).jpg,Brain Disease,Stroke,train,1
C:\Users\hamza\Downloads\FYP\AlzVsStr\AlzVsStr\train\Stroke\aug_Stroke 3 (424).jpg,aug_Stroke 3 (424).jpg,Brain Disease,Stroke,train,1
C:\Users\hamza\Downloads\FYP\AlzVsStr\AlzVsStr\train\Stroke\aug_Stroke 3 (425).jpg,aug_Stroke 3 (425).jpg,Brain Disease,Stroke,train,1
C:\Users\hamza\Downloads\FYP\AlzVsStr\AlzVsStr\train\Stroke\aug_Stroke 3 (426).jpg,aug_Stroke 3 (426).jpg,Brain Disease,Stroke,train,1
C:\Users\hamza\Downloads\FYP\AlzVsStr\AlzVsStr\train\Stroke\aug_Stroke 3 (427).jpg,aug_Stroke 3 (427).jpg,Brain Disease,Stroke,train,1
C:\Users\hamza\Downloads\FYP\AlzVsStr\AlzVsStr\train\Stroke\aug_Stroke 3 (428).jpg,aug_Stroke 3 (428).jpg,Brain Disease,Stroke,train,1
C:\Users\hamza\Downloads\FYP\AlzVsStr\AlzVsStr\train\Stroke\aug_Stroke 3 (429).jpg,aug_Stroke 3 (429).jpg,Brain Disease,Stroke,train,1
C:\Users\hamza\Downloads\FYP\AlzVsStr\AlzVsStr\train\Stroke\aug_Stroke 3 (43).jpg,aug_Stroke 3 (43).jpg,Brain Disease,Stroke,train,1
C:\Users\hamza\Downloads\FYP\AlzVsStr\AlzVsStr\train\Stroke\aug_Stroke 3 (430).jpg,aug_Stroke 3 (430).jpg,Brain Disease,Stroke,train,1
C:\Users\hamza\Downloads\FYP\AlzVsStr\AlzVsStr\train\Stroke\aug_Stroke 3 (431).jpg,aug_Stroke 3 (431).jpg,Brain Disease,Stroke,train,1
C:\Users\hamza\Downloads\FYP\AlzVsStr\AlzVsStr\train\Stroke\aug_Stroke 3 (432).jpg,aug_Stroke 3 (432).jpg,Brain Disease,Stroke,train,1
C:\Users\hamza\Downloads\FYP\AlzVsStr\AlzVsStr\train\Stroke\aug_Stroke 3 (433).jpg,aug_Stroke 3 (433).jpg,Brain Disease,Stroke,train,1
C:\Users\hamza\Downloads\FYP\AlzVsStr\AlzVsStr\train\Stroke\aug_Stroke 3 (434).jpg,aug_Stroke 3 (434).jpg,Brain Disease,Stroke,train,1
C:\Users\hamza\Downloads\FYP\AlzVsStr\AlzVsStr\train\Stroke\aug_Stroke 3 (435).jpg,aug_Stroke 3 (435).jpg,Brain Disease,Stroke,train,1
C:\Users\hamza\Downloads\FYP\AlzVsStr\AlzVsStr\train\Stroke\aug_Stroke 3 (436).jpg,aug_Stroke 3 (436).jpg,Brain Disease,Stroke,train,1
C:\Users\hamza\Downloads\FYP\AlzVsStr\AlzVsStr\train\Stroke\aug_Stroke 3 (437).jpg,aug_Stroke 3 (437).jpg,Brain Disease,Stroke,train,1
C:\Users\hamza\Downloads\FYP\AlzVsStr\AlzVsStr\train\Stroke\aug_Stroke 3 (438).jpg,aug_Stroke 3 (438).jpg,Brain Disease,Stroke,train,1
C:\Users\hamza\Downloads\FYP\AlzVsStr\AlzVsStr\train\Stroke\aug_Stroke 3 (439).jpg,aug_Stroke 3 (439).jpg,Brain Disease,Stroke,train,1
C:\Users\hamza\Downloads\FYP\AlzVsStr\AlzVsStr\train\Stroke\aug_Stroke 3 (44).jpg,aug_Stroke 3 (44).jpg,Brain Disease,Stroke,train,1
C:\Users\hamza\Downloads\FYP\AlzVsStr\AlzVsStr\train\Stroke\aug_Stroke 3 (440).jpg,aug_Stroke 3 (440).jpg,Brain Disease,Stroke,train,1
C:\Users\hamza\Downloads\FYP\AlzVsStr\AlzVsStr\train\Stroke\aug_Stroke 3 (441).jpg,aug_Stroke 3 (441).jpg,Brain Disease,Stroke,train,1
C:\Users\hamza\Downloads\FYP\AlzVsStr\AlzVsStr\train\Stroke\aug_Stroke 3 (442).jpg,aug_Stroke 3 (442).jpg,Brain Disease,Stroke,train,1
C:\Users\hamza\Downloads\FYP\AlzVsStr\AlzVsStr\train\Stroke\aug_Stroke 3 (443).jpg,aug_Stroke 3 (443).jpg,Brain Disease,Stroke,train,1
C:\Users\hamza\Downloads\FYP\AlzVsStr\AlzVsStr\train\Stroke\aug_Stroke 3 (444).jpg,aug_Stroke 3 (444).jpg,Brain Disease,Stroke,train,1
C:\Users\hamza\Downloads\FYP\AlzVsStr\AlzVsStr\train\Stroke\aug_Stroke 3 (445).jpg,aug_Stroke 3 (445).jpg,Brain Disease,Stroke,train,1
C:\Users\hamza\Downloads\FYP\AlzVsStr\AlzVsStr\train\Stroke\aug_Stroke 3 (446).jpg,aug_Stroke 3 (446).jpg,Brain Disease,Stroke,train,1
C:\Users\hamza\Downloads\FYP\AlzVsStr\AlzVsStr\train\Stroke\aug_Stroke 3 (447).jpg,aug_Stroke 3 (447).jpg,Brain Disease,Stroke,train,1
C:\Users\hamza\Downloads\FYP\AlzVsStr\AlzVsStr\train\Stroke\aug_Stroke 3 (448).jpg,aug_Stroke 3 (448).jpg,Brain Disease,Stroke,train,1
C:\Users\hamza\Downloads\FYP\AlzVsStr\AlzVsStr\train\Stroke\aug_Stroke 3 (449).jpg,aug_Stroke 3 (449).jpg,Brain Disease,Stroke,train,1
C:\Users\hamza\Downloads\FYP\AlzVsStr\AlzVsStr\train\Stroke\aug_Stroke 3 (45).jpg,aug_Stroke 3 (45).jpg,Brain Disease,Stroke,train,1
C:\Users\hamza\Downloads\FYP\AlzVsStr\AlzVsStr\train\Stroke\aug_Stroke 3 (450).jpg,aug_Stroke 3 (450).jpg,Brain Disease,Stroke,train,1
C:\Users\hamza\Downloads\FYP\AlzVsStr\AlzVsStr\train\Stroke\aug_Stroke 3 (451).jpg,aug_Stroke 3 (451).jpg,Brain Disease,Stroke,train,1
C:\Users\hamza\Downloads\FYP\AlzVsStr\AlzVsStr\train\Stroke\aug_Stroke 3 (452).jpg,aug_Stroke 3 (452).jpg,Brain Disease,Stroke,train,1
C:\Users\hamza\Downloads\FYP\AlzVsStr\AlzVsStr\train\Stroke\aug_Stroke 3 (453).jpg,aug_Stroke 3 (453).jpg,Brain Disease,Stroke,train,1
C:\Users\hamza\Downloads\FYP\AlzVsStr\AlzVsStr\train\Stroke\aug_Stroke 3 (454).jpg,aug_Stroke 3 (454).jpg,Brain Disease,Stroke,train,1
C:\Users\hamza\Downloads\FYP\AlzVsStr\AlzVsStr\train\Stroke\aug_Stroke 3 (455).jpg,aug_Stroke 3 (455).jpg,Brain Disease,Stroke,train,1
C:\Users\hamza\Downloads\FYP\AlzVsStr\AlzVsStr\train\Stroke\aug_Stroke 3 (456).jpg,aug_Stroke 3 (456).jpg,Brain Disease,Stroke,train,1
C:\Users\hamza\Downloads\FYP\AlzVsStr\AlzVsStr\train\Stroke\aug_Stroke 3 (457).jpg,aug_Stroke 3 (457).jpg,Brain Disease,Stroke,train,1
C:\Users\hamza\Downloads\FYP\AlzVsStr\AlzVsStr\train\Stroke\aug_Stroke 3 (458).jpg,aug_Stroke 3 (458).jpg,Brain Disease,Stroke,train,1
C:\Users\hamza\Downloads\FYP\AlzVsStr\AlzVsStr\train\Stroke\aug_Stroke 3 (459).jpg,aug_Stroke 3 (459).jpg,Brain Disease,Stroke,train,1
C:\Users\hamza\Downloads\FYP\AlzVsStr\AlzVsStr\train\Stroke\aug_Stroke 3 (46).jpg,aug_Stroke 3 (46).jpg,Brain Disease,Stroke,train,1
C:\Users\hamza\Downloads\FYP\AlzVsStr\AlzVsStr\train\Stroke\aug_Stroke 3 (460).jpg,aug_Stroke 3 (460).jpg,Brain Disease,Stroke,train,1
C:\Users\hamza\Downloads\FYP\AlzVsStr\AlzVsStr\train\Stroke\aug_Stroke 3 (461).jpg,aug_Stroke 3 (461).jpg,Brain Disease,Stroke,train,1
C:\Users\hamza\Downloads\FYP\AlzVsStr\AlzVsStr\train\Stroke\aug_Stroke 3 (462).jpg,aug_Stroke 3 (462).jpg,Brain Disease,Stroke,train,1
C:\Users\hamza\Downloads\FYP\AlzVsStr\AlzVsStr\train\Stroke\aug_Stroke 3 (463).jpg,aug_Stroke 3 (463).jpg,Brain Disease,Stroke,train,1
C:\Users\hamza\Downloads\FYP\AlzVsStr\AlzVsStr\train\Stroke\aug_Stroke 3 (464).jpg,aug_Stroke 3 (464).jpg,Brain Disease,Stroke,train,1
C:\Users\hamza\Downloads\FYP\AlzVsStr\AlzVsStr\train\Stroke\aug_Stroke 3 (465).jpg,aug_Stroke 3 (465).jpg,Brain Disease,Stroke,train,1
C:\Users\hamza\Downloads\FYP\AlzVsStr\AlzVsStr\train\Stroke\aug_Stroke 3 (466).jpg,aug_Stroke 3 (466).jpg,Brain Disease,Stroke,train,1
C:\Users\hamza\Downloads\FYP\AlzVsStr\AlzVsStr\train\Stroke\aug_Stroke 3 (467).jpg,aug_Stroke 3 (467).jpg,Brain Disease,Stroke,train,1
C:\Users\hamza\Downloads\FYP\AlzVsStr\AlzVsStr\train\Stroke\aug_Stroke 3 (468).jpg,aug_Stroke 3 (468).jpg,Brain Disease,Stroke,train,1
C:\Users\hamza\Downloads\FYP\AlzVsStr\AlzVsStr\train\Stroke\aug_Stroke 3 (469).jpg,aug_Stroke 3 (469).jpg,Brain Disease,Stroke,train,1
C:\Users\hamza\Downloads\FYP\AlzVsStr\AlzVsStr\train\Stroke\aug_Stroke 3 (47).jpg,aug_Stroke 3 (47).jpg,Brain Disease,Stroke,train,1
C:\Users\hamza\Downloads\FYP\AlzVsStr\AlzVsStr\train\Stroke\aug_Stroke 3 (470).jpg,aug_Stroke 3 (470).jpg,Brain Disease,Stroke,train,1
C:\Users\hamza\Downloads\FYP\AlzVsStr\AlzVsStr\train\Stroke\aug_Stroke 3 (471).jpg,aug_Stroke 3 (471).jpg,Brain Disease,Stroke,train,1
C:\Users\hamza\Downloads\FYP\AlzVsStr\AlzVsStr\train\Stroke\aug_Stroke 3 (472).jpg,aug_Stroke 3 (472).jpg,Brain Disease,Stroke,train,1
C:\Users\hamza\Downloads\FYP\AlzVsStr\AlzVsStr\train\Stroke\aug_Stroke 3 (473).jpg,aug_Stroke 3 (473).jpg,Brain Disease,Stroke,train,1
C:\Users\hamza\Downloads\FYP\AlzVsStr\AlzVsStr\train\Stroke\aug_Stroke 3 (474).jpg,aug_Stroke 3 (474).jpg,Brain Disease,Stroke,train,1
C:\Users\hamza\Downloads\FYP\AlzVsStr\AlzVsStr\train\Stroke\aug_Stroke 3 (475).jpg,aug_Stroke 3 (475).jpg,Brain Disease,Stroke,train,1
C:\Users\hamza\Downloads\FYP\AlzVsStr\AlzVsStr\train\Stroke\aug_Stroke 3 (476).jpg,aug_Stroke 3 (476).jpg,Brain Disease,Stroke,train,1
C:\Users\hamza\Downloads\FYP\AlzVsStr\AlzVsStr\train\Stroke\aug_Stroke 3 (477).jpg,aug_Stroke 3 (477).jpg,Brain Disease,Stroke,train,1
C:\Users\hamza\Downloads\FYP\AlzVsStr\AlzVsStr\train\Stroke\aug_Stroke 3 (478).jpg,aug_Stroke 3 (478).jpg,Brain Disease,Stroke,train,1
C:\Users\hamza\Downloads\FYP\AlzVsStr\AlzVsStr\train\Stroke\aug_Stroke 3 (479).jpg,aug_Stroke 3 (479).jpg,Brain Disease,Stroke,train,1
C:\Users\hamza\Downloads\FYP\AlzVsStr\AlzVsStr\train\Stroke\aug_Stroke 3 (48).jpg,aug_Stroke 3 (48).jpg,Brain Disease,Stroke,train,1
C:\Users\hamza\Downloads\FYP\AlzVsStr\AlzVsStr\train\Stroke\aug_Stroke 3 (480).jpg,aug_Stroke 3 (480).jpg,Brain Disease,Stroke,train,1
C:\Users\hamza\Downloads\FYP\AlzVsStr\AlzVsStr\train\Stroke\aug_Stroke 3 (481).jpg,aug_Stroke 3 (481).jpg,Brain Disease,Stroke,train,1
C:\Users\hamza\Downloads\FYP\AlzVsStr\AlzVsStr\train\Stroke\aug_Stroke 3 (482).jpg,aug_Stroke 3 (482).jpg,Brain Disease,Stroke,train,1
C:\Users\hamza\Downloads\FYP\AlzVsStr\AlzVsStr\train\Stroke\aug_Stroke 3 (483).jpg,aug_Stroke 3 (483).jpg,Brain Disease,Stroke,train,1
C:\Users\hamza\Downloads\FYP\AlzVsStr\AlzVsStr\train\Stroke\aug_Stroke 3 (484).jpg,aug_Stroke 3 (484).jpg,Brain Disease,Stroke,train,1
C:\Users\hamza\Downloads\FYP\AlzVsStr\AlzVsStr\train\Stroke\aug_Stroke 3 (485).jpg,aug_Stroke 3 (485).jpg,Brain Disease,Stroke,train,1
C:\Users\hamza\Downloads\FYP\AlzVsStr\AlzVsStr\train\Stroke\aug_Stroke 3 (486).jpg,aug_Stroke 3 (486).jpg,Brain Disease,Stroke,train,1
C:\Users\hamza\Downloads\FYP\AlzVsStr\AlzVsStr\train\Stroke\aug_Stroke 3 (487).jpg,aug_Stroke 3 (487).jpg,Brain Disease,Stroke,train,1
C:\Users\hamza\Downloads\FYP\AlzVsStr\AlzVsStr\train\Stroke\aug_Stroke 3 (488).jpg,aug_Stroke 3 (488).jpg,Brain Disease,Stroke,train,1
C:\Users\hamza\Downloads\FYP\AlzVsStr\AlzVsStr\train\Stroke\aug_Stroke 3 (489).jpg,aug_Stroke 3 (489).jpg,Brain Disease,Stroke,train,1
C:\Users\hamza\Downloads\FYP\AlzVsStr\AlzVsStr\train\Stroke\aug_Stroke 3 (49).jpg,aug_Stroke 3 (49).jpg,Brain Disease,Stroke,train,1
C:\Users\hamza\Downloads\FYP\AlzVsStr\AlzVsStr\train\Stroke\aug_Stroke 3 (490).jpg,aug_Stroke 3 (490).jpg,Brain Disease,Stroke,train,1
C:\Users\hamza\Downloads\FYP\AlzVsStr\AlzVsStr\train\Stroke\aug_Stroke 3 (491).jpg,aug_Stroke 3 (491).jpg,Brain Disease,Stroke,train,1
C:\Users\hamza\Downloads\FYP\AlzVsStr\AlzVsStr\train\Stroke\aug_Stroke 3 (492).jpg,aug_Stroke 3 (492).jpg,Brain Disease,Stroke,train,1
C:\Users\hamza\Downloads\FYP\AlzVsStr\AlzVsStr\train\Stroke\aug_Stroke 3 (493).jpg,aug_Stroke 3 (493).jpg,Brain Disease,Stroke,train,1
C:\Users\hamza\Downloads\FYP\AlzVsStr\AlzVsStr\train\Stroke\aug_Stroke 3 (494).jpg,aug_Stroke 3 (494).jpg,Brain Disease,Stroke,train,1
C:\Users\hamza\Downloads\FYP\AlzVsStr\AlzVsStr\train\Stroke\aug_Stroke 3 (495).jpg,aug_Stroke 3 (495).jpg,Brain Disease,Stroke,train,1
C:\Users\hamza\Downloads\FYP\AlzVsStr\AlzVsStr\train\Stroke\aug_Stroke 3 (496).jpg,aug_Stroke 3 (496).jpg,Brain Disease,Stroke,train,1
C:\Users\hamza\Downloads\FYP\AlzVsStr\AlzVsStr\train\Stroke\aug_Stroke 3 (497).jpg,aug_Stroke 3 (497).jpg,Brain Disease,Stroke,train,1
C:\Users\hamza\Downloads\FYP\AlzVsStr\AlzVsStr\train\Stroke\aug_Stroke 3 (498).jpg,aug_Stroke 3 (498).jpg,Brain Disease,Stroke,train,1
C:\Users\hamza\Downloads\FYP\AlzVsStr\AlzVsStr\train\Stroke\aug_Stroke 3 (499).jpg,aug_Stroke 3 (499).jpg,Brain Disease,Stroke,train,1
C:\Users\hamza\Downloads\FYP\AlzVsStr\AlzVsStr\train\Stroke\aug_Stroke 3 (5).jpg,aug_Stroke 3 (5).jpg,Brain Disease,Stroke,train,1
C:\Users\hamza\Downloads\FYP\AlzVsStr\AlzVsStr\train\Stroke\aug_Stroke 3 (50).jpg,aug_Stroke 3 (50).jpg,Brain Disease,Stroke,train,1
C:\Users\hamza\Downloads\FYP\AlzVsStr\AlzVsStr\train\Stroke\aug_Stroke 3 (500).jpg,aug_Stroke 3 (500).jpg,Brain Disease,Stroke,train,1
C:\Users\hamza\Downloads\FYP\AlzVsStr\AlzVsStr\train\Stroke\aug_Stroke 3 (501).jpg,aug_Stroke 3 (501).jpg,Brain Disease,Stroke,train,1
C:\Users\hamza\Downloads\FYP\AlzVsStr\AlzVsStr\train\Stroke\aug_Stroke 3 (502).jpg,aug_Stroke 3 (502).jpg,Brain Disease,Stroke,train,1
C:\Users\hamza\Downloads\FYP\AlzVsStr\AlzVsStr\train\Stroke\aug_Stroke 3 (503).jpg,aug_Stroke 3 (503).jpg,Brain Disease,Stroke,train,1
C:\Users\hamza\Downloads\FYP\AlzVsStr\AlzVsStr\train\Stroke\aug_Stroke 3 (504).jpg,aug_Stroke 3 (504).jpg,Brain Disease,Stroke,train,1
C:\Users\hamza\Downloads\FYP\AlzVsStr\AlzVsStr\train\Stroke\aug_Stroke 3 (505).jpg,aug_Stroke 3 (505).jpg,Brain Disease,Stroke,train,1
C:\Users\hamza\Downloads\FYP\AlzVsStr\AlzVsStr\train\Stroke\aug_Stroke 3 (506).jpg,aug_Stroke 3 (506).jpg,Brain Disease,Stroke,train,1
C:\Users\hamza\Downloads\FYP\AlzVsStr\AlzVsStr\train\Stroke\aug_Stroke 3 (507).jpg,aug_Stroke 3 (507).jpg,Brain Disease,Stroke,train,1
C:\Users\hamza\Downloads\FYP\AlzVsStr\AlzVsStr\train\Stroke\aug_Stroke 3 (508).jpg,aug_Stroke 3 (508).jpg,Brain Disease,Stroke,train,1
C:\Users\hamza\Downloads\FYP\AlzVsStr\AlzVsStr\train\Stroke\aug_Stroke 3 (509).jpg,aug_Stroke 3 (509).jpg,Brain Disease,Stroke,train,1
C:\Users\hamza\Downloads\FYP\AlzVsStr\AlzVsStr\train\Stroke\aug_Stroke 3 (51).jpg,aug_Stroke 3 (51).jpg,Brain Disease,Stroke,train,1
C:\Users\hamza\Downloads\FYP\AlzVsStr\AlzVsStr\train\Stroke\aug_Stroke 3 (510).jpg,aug_Stroke 3 (510).jpg,Brain Disease,Stroke,train,1
C:\Users\hamza\Downloads\FYP\AlzVsStr\AlzVsStr\train\Stroke\aug_Stroke 3 (511).jpg,aug_Stroke 3 (511).jpg,Brain Disease,Stroke,train,1
C:\Users\hamza\Downloads\FYP\AlzVsStr\AlzVsStr\train\Stroke\aug_Stroke 3 (512).jpg,aug_Stroke 3 (512).jpg,Brain Disease,Stroke,train,1
C:\Users\hamza\Downloads\FYP\AlzVsStr\AlzVsStr\train\Stroke\aug_Stroke 3 (513).jpg,aug_Stroke 3 (513).jpg,Brain Disease,Stroke,train,1
C:\Users\hamza\Downloads\FYP\AlzVsStr\AlzVsStr\train\Stroke\aug_Stroke 3 (514).jpg,aug_Stroke 3 (514).jpg,Brain Disease,Stroke,train,1
C:\Users\hamza\Downloads\FYP\AlzVsStr\AlzVsStr\train\Stroke\aug_Stroke 3 (515).jpg,aug_Stroke 3 (515).jpg,Brain Disease,Stroke,train,1
C:\Users\hamza\Downloads\FYP\AlzVsStr\AlzVsStr\train\Stroke\aug_Stroke 3 (516).jpg,aug_Stroke 3 (516).jpg,Brain Disease,Stroke,train,1
C:\Users\hamza\Downloads\FYP\AlzVsStr\AlzVsStr\train\Stroke\aug_Stroke 3 (517).jpg,aug_Stroke 3 (517).jpg,Brain Disease,Stroke,train,1
C:\Users\hamza\Downloads\FYP\AlzVsStr\AlzVsStr\train\Stroke\aug_Stroke 3 (518).jpg,aug_Stroke 3 (518).jpg,Brain Disease,Stroke,train,1
C:\Users\hamza\Downloads\FYP\AlzVsStr\AlzVsStr\train\Stroke\aug_Stroke 3 (519).jpg,aug_Stroke 3 (519).jpg,Brain Disease,Stroke,train,1
C:\Users\hamza\Downloads\FYP\AlzVsStr\AlzVsStr\train\Stroke\aug_Stroke 3 (52).jpg,aug_Stroke 3 (52).jpg,Brain Disease,Stroke,train,1
C:\Users\hamza\Downloads\FYP\AlzVsStr\AlzVsStr\train\Stroke\aug_Stroke 3 (520).jpg,aug_Stroke 3 (520).jpg,Brain Disease,Stroke,train,1
C:\Users\hamza\Downloads\FYP\AlzVsStr\AlzVsStr\train\Stroke\aug_Stroke 3 (521).jpg,aug_Stroke 3 (521).jpg,Brain Disease,Stroke,train,1
C:\Users\hamza\Downloads\FYP\AlzVsStr\AlzVsStr\train\Stroke\aug_Stroke 3 (522).jpg,aug_Stroke 3 (522).jpg,Brain Disease,Stroke,train,1
C:\Users\hamza\Downloads\FYP\AlzVsStr\AlzVsStr\train\Stroke\aug_Stroke 3 (523).jpg,aug_Stroke 3 (523).jpg,Brain Disease,Stroke,train,1
C:\Users\hamza\Downloads\FYP\AlzVsStr\AlzVsStr\train\Stroke\aug_Stroke 3 (524).jpg,aug_Stroke 3 (524).jpg,Brain Disease,Stroke,train,1
C:\Users\hamza\Downloads\FYP\AlzVsStr\AlzVsStr\train\Stroke\aug_Stroke 3 (525).jpg,aug_Stroke 3 (525).jpg,Brain Disease,Stroke,train,1
C:\Users\hamza\Downloads\FYP\AlzVsStr\AlzVsStr\train\Stroke\aug_Stroke 3 (526).jpg,aug_Stroke 3 (526).jpg,Brain Disease,Stroke,train,1
C:\Users\hamza\Downloads\FYP\AlzVsStr\AlzVsStr\train\Stroke\aug_Stroke 3 (527).jpg,aug_Stroke 3 (527).jpg,Brain Disease,Stroke,train,1
C:\Users\hamza\Downloads\FYP\AlzVsStr\AlzVsStr\train\Stroke\aug_Stroke 3 (528).jpg,aug_Stroke 3 (528).jpg,Brain Disease,Stroke,train,1
C:\Users\hamza\Downloads\FYP\AlzVsStr\AlzVsStr\train\Stroke\aug_Stroke 3 (529).jpg,aug_Stroke 3 (529).jpg,Brain Disease,Stroke,train,1
C:\Users\hamza\Downloads\FYP\AlzVsStr\AlzVsStr\train\Stroke\aug_Stroke 3 (53).jpg,aug_Stroke 3 (53).jpg,Brain Disease,Stroke,train,1
C:\Users\hamza\Downloads\FYP\AlzVsStr\AlzVsStr\train\Stroke\aug_Stroke 3 (530).jpg,aug_Stroke 3 (530).jpg,Brain Disease,Stroke,train,1
C:\Users\hamza\Downloads\FYP\AlzVsStr\AlzVsStr\train\Stroke\aug_Stroke 3 (531).jpg,aug_Stroke 3 (531).jpg,Brain Disease,Stroke,train,1
C:\Users\hamza\Downloads\FYP\AlzVsStr\AlzVsStr\train\Stroke\aug_Stroke 3 (532).jpg,aug_Stroke 3 (532).jpg,Brain Disease,Stroke,train,1
C:\Users\hamza\Downloads\FYP\AlzVsStr\AlzVsStr\train\Stroke\aug_Stroke 3 (533).jpg,aug_Stroke 3 (533).jpg,Brain Disease,Stroke,train,1
C:\Users\hamza\Downloads\FYP\AlzVsStr\AlzVsStr\train\Stroke\aug_Stroke 3 (534).jpg,aug_Stroke 3 (534).jpg,Brain Disease,Stroke,train,1
C:\Users\hamza\Downloads\FYP\AlzVsStr\AlzVsStr\train\Stroke\aug_Stroke 3 (535).jpg,aug_Stroke 3 (535).jpg,Brain Disease,Stroke,train,1
C:\Users\hamza\Downloads\FYP\AlzVsStr\AlzVsStr\train\Stroke\aug_Stroke 3 (536).jpg,aug_Stroke 3 (536).jpg,Brain Disease,Stroke,train,1
C:\Users\hamza\Downloads\FYP\AlzVsStr\AlzVsStr\train\Stroke\aug_Stroke 3 (537).jpg,aug_Stroke 3 (537).jpg,Brain Disease,Stroke,train,1
C:\Users\hamza\Downloads\FYP\AlzVsStr\AlzVsStr\train\Stroke\aug_Stroke 3 (538).jpg,aug_Stroke 3 (538).jpg,Brain Disease,Stroke,train,1
C:\Users\hamza\Downloads\FYP\AlzVsStr\AlzVsStr\train\Stroke\aug_Stroke 3 (539).jpg,aug_Stroke 3 (539).jpg,Brain Disease,Stroke,train,1
C:\Users\hamza\Downloads\FYP\AlzVsStr\AlzVsStr\train\Stroke\aug_Stroke 3 (54).jpg,aug_Stroke 3 (54).jpg,Brain Disease,Stroke,train,1
C:\Users\hamza\Downloads\FYP\AlzVsStr\AlzVsStr\train\Stroke\aug_Stroke 3 (540).jpg,aug_Stroke 3 (540).jpg,Brain Disease,Stroke,train,1
C:\Users\hamza\Downloads\FYP\AlzVsStr\AlzVsStr\train\Stroke\aug_Stroke 3 (541).jpg,aug_Stroke 3 (541).jpg,Brain Disease,Stroke,train,1
C:\Users\hamza\Downloads\FYP\AlzVsStr\AlzVsStr\train\Stroke\aug_Stroke 3 (542).jpg,aug_Stroke 3 (542).jpg,Brain Disease,Stroke,train,1
C:\Users\hamza\Downloads\FYP\AlzVsStr\AlzVsStr\train\Stroke\aug_Stroke 3 (543).jpg,aug_Stroke 3 (543).jpg,Brain Disease,Stroke,train,1
C:\Users\hamza\Downloads\FYP\AlzVsStr\AlzVsStr\train\Stroke\aug_Stroke 3 (544).jpg,aug_Stroke 3 (544).jpg,Brain Disease,Stroke,train,1
C:\Users\hamza\Downloads\FYP\AlzVsStr\AlzVsStr\train\Stroke\aug_Stroke 3 (545).jpg,aug_Stroke 3 (545).jpg,Brain Disease,Stroke,train,1
C:\Users\hamza\Downloads\FYP\AlzVsStr\AlzVsStr\train\Stroke\aug_Stroke 3 (546).jpg,aug_Stroke 3 (546).jpg,Brain Disease,Stroke,train,1
C:\Users\hamza\Downloads\FYP\AlzVsStr\AlzVsStr\train\Stroke\aug_Stroke 3 (547).jpg,aug_Stroke 3 (547).jpg,Brain Disease,Stroke,train,1
C:\Users\hamza\Downloads\FYP\AlzVsStr\AlzVsStr\train\Stroke\aug_Stroke 3 (548).jpg,aug_Stroke 3 (548).jpg,Brain Disease,Stroke,train,1
C:\Users\hamza\Downloads\FYP\AlzVsStr\AlzVsStr\train\Stroke\aug_Stroke 3 (549).jpg,aug_Stroke 3 (549).jpg,Brain Disease,Stroke,train,1
C:\Users\hamza\Downloads\FYP\AlzVsStr\AlzVsStr\train\Stroke\aug_Stroke 3 (55).jpg,aug_Stroke 3 (55).jpg,Brain Disease,Stroke,train,1
C:\Users\hamza\Downloads\FYP\AlzVsStr\AlzVsStr\train\Stroke\aug_Stroke 3 (550).jpg,aug_Stroke 3 (550).jpg,Brain Disease,Stroke,train,1
C:\Users\hamza\Downloads\FYP\AlzVsStr\AlzVsStr\train\Stroke\aug_Stroke 3 (551).jpg,aug_Stroke 3 (551).jpg,Brain Disease,Stroke,train,1
C:\Users\hamza\Downloads\FYP\AlzVsStr\AlzVsStr\train\Stroke\aug_Stroke 3 (552).jpg,aug_Stroke 3 (552).jpg,Brain Disease,Stroke,train,1
C:\Users\hamza\Downloads\FYP\AlzVsStr\AlzVsStr\train\Stroke\aug_Stroke 3 (553).jpg,aug_Stroke 3 (553).jpg,Brain Disease,Stroke,train,1
C:\Users\hamza\Downloads\FYP\AlzVsStr\AlzVsStr\train\Stroke\aug_Stroke 3 (554).jpg,aug_Stroke 3 (554).jpg,Brain Disease,Stroke,train,1
C:\Users\hamza\Downloads\FYP\AlzVsStr\AlzVsStr\train\Stroke\aug_Stroke 3 (555).jpg,aug_Stroke 3 (555).jpg,Brain Disease,Stroke,train,1
C:\Users\hamza\Downloads\FYP\AlzVsStr\AlzVsStr\train\Stroke\aug_Stroke 3 (556).jpg,aug_Stroke 3 (556).jpg,Brain Disease,Stroke,train,1
C:\Users\hamza\Downloads\FYP\AlzVsStr\AlzVsStr\train\Stroke\aug_Stroke 3 (557).jpg,aug_Stroke 3 (557).jpg,Brain Disease,Stroke,train,1
C:\Users\hamza\Downloads\FYP\AlzVsStr\AlzVsStr\train\Stroke\aug_Stroke 3 (558).jpg,aug_Stroke 3 (558).jpg,Brain Disease,Stroke,train,1
C:\Users\hamza\Downloads\FYP\AlzVsStr\AlzVsStr\train\Stroke\aug_Stroke 3 (559).jpg,aug_Stroke 3 (559).jpg,Brain Disease,Stroke,train,1
C:\Users\hamza\Downloads\FYP\AlzVsStr\AlzVsStr\train\Stroke\aug_Stroke 3 (56).jpg,aug_Stroke 3 (56).jpg,Brain Disease,Stroke,train,1
C:\Users\hamza\Downloads\FYP\AlzVsStr\AlzVsStr\train\Stroke\aug_Stroke 3 (560).jpg,aug_Stroke 3 (560).jpg,Brain Disease,Stroke,train,1
C:\Users\hamza\Downloads\FYP\AlzVsStr\AlzVsStr\train\Stroke\aug_Stroke 3 (561).jpg,aug_Stroke 3 (561).jpg,Brain Disease,Stroke,train,1
C:\Users\hamza\Downloads\FYP\AlzVsStr\AlzVsStr\train\Stroke\aug_Stroke 3 (562).jpg,aug_Stroke 3 (562).jpg,Brain Disease,Stroke,train,1
C:\Users\hamza\Downloads\FYP\AlzVsStr\AlzVsStr\train\Stroke\aug_Stroke 3 (563).jpg,aug_Stroke 3 (563).jpg,Brain Disease,Stroke,train,1
C:\Users\hamza\Downloads\FYP\AlzVsStr\AlzVsStr\train\Stroke\aug_Stroke 3 (564).jpg,aug_Stroke 3 (564).jpg,Brain Disease,Stroke,train,1
C:\Users\hamza\Downloads\FYP\AlzVsStr\AlzVsStr\train\Stroke\aug_Stroke 3 (565).jpg,aug_Stroke 3 (565).jpg,Brain Disease,Stroke,train,1
C:\Users\hamza\Downloads\FYP\AlzVsStr\AlzVsStr\train\Stroke\aug_Stroke 3 (566).jpg,aug_Stroke 3 (566).jpg,Brain Disease,Stroke,train,1
C:\Users\hamza\Downloads\FYP\AlzVsStr\AlzVsStr\train\Stroke\aug_Stroke 3 (567).jpg,aug_Stroke 3 (567).jpg,Brain Disease,Stroke,train,1
C:\Users\hamza\Downloads\FYP\AlzVsStr\AlzVsStr\train\Stroke\aug_Stroke 3 (568).jpg,aug_Stroke 3 (568).jpg,Brain Disease,Stroke,train,1
C:\Users\hamza\Downloads\FYP\AlzVsStr\AlzVsStr\train\Stroke\aug_Stroke 3 (569).jpg,aug_Stroke 3 (569).jpg,Brain Disease,Stroke,train,1
C:\Users\hamza\Downloads\FYP\AlzVsStr\AlzVsStr\train\Stroke\aug_Stroke 3 (57).jpg,aug_Stroke 3 (57).jpg,Brain Disease,Stroke,train,1
C:\Users\hamza\Downloads\FYP\AlzVsStr\AlzVsStr\train\Stroke\aug_Stroke 3 (570).jpg,aug_Stroke 3 (570).jpg,Brain Disease,Stroke,train,1
C:\Users\hamza\Downloads\FYP\AlzVsStr\AlzVsStr\train\Stroke\aug_Stroke 3 (571).jpg,aug_Stroke 3 (571).jpg,Brain Disease,Stroke,train,1
C:\Users\hamza\Downloads\FYP\AlzVsStr\AlzVsStr\train\Stroke\aug_Stroke 3 (572).jpg,aug_Stroke 3 (572).jpg,Brain Disease,Stroke,train,1
C:\Users\hamza\Downloads\FYP\AlzVsStr\AlzVsStr\train\Stroke\aug_Stroke 3 (573).jpg,aug_Stroke 3 (573).jpg,Brain Disease,Stroke,train,1
C:\Users\hamza\Downloads\FYP\AlzVsStr\AlzVsStr\train\Stroke\aug_Stroke 3 (574).jpg,aug_Stroke 3 (574).jpg,Brain Disease,Stroke,train,1
C:\Users\hamza\Downloads\FYP\AlzVsStr\AlzVsStr\train\Stroke\aug_Stroke 3 (575).jpg,aug_Stroke 3 (575).jpg,Brain Disease,Stroke,train,1
C:\Users\hamza\Downloads\FYP\AlzVsStr\AlzVsStr\train\Stroke\aug_Stroke 3 (576).jpg,aug_Stroke 3 (576).jpg,Brain Disease,Stroke,train,1
C:\Users\hamza\Downloads\FYP\AlzVsStr\AlzVsStr\train\Stroke\aug_Stroke 3 (577).jpg,aug_Stroke 3 (577).jpg,Brain Disease,Stroke,train,1
C:\Users\hamza\Downloads\FYP\AlzVsStr\AlzVsStr\train\Stroke\aug_Stroke 3 (578).jpg,aug_Stroke 3 (578).jpg,Brain Disease,Stroke,train,1
C:\Users\hamza\Downloads\FYP\AlzVsStr\AlzVsStr\train\Stroke\aug_Stroke 3 (579).jpg,aug_Stroke 3 (579).jpg,Brain Disease,Stroke,train,1
C:\Users\hamza\Downloads\FYP\AlzVsStr\AlzVsStr\train\Stroke\aug_Stroke 3 (58).jpg,aug_Stroke 3 (58).jpg,Brain Disease,Stroke,train,1
C:\Users\hamza\Downloads\FYP\AlzVsStr\AlzVsStr\train\Stroke\aug_Stroke 3 (580).jpg,aug_Stroke 3 (580).jpg,Brain Disease,Stroke,train,1
C:\Users\hamza\Downloads\FYP\AlzVsStr\AlzVsStr\train\Stroke\aug_Stroke 3 (581).jpg,aug_Stroke 3 (581).jpg,Brain Disease,Stroke,train,1
C:\Users\hamza\Downloads\FYP\AlzVsStr\AlzVsStr\train\Stroke\aug_Stroke 3 (582).jpg,aug_Stroke 3 (582).jpg,Brain Disease,Stroke,train,1
C:\Users\hamza\Downloads\FYP\AlzVsStr\AlzVsStr\train\Stroke\aug_Stroke 3 (583).jpg,aug_Stroke 3 (583).jpg,Brain Disease,Stroke,train,1
C:\Users\hamza\Downloads\FYP\AlzVsStr\AlzVsStr\train\Stroke\aug_Stroke 3 (584).jpg,aug_Stroke 3 (584).jpg,Brain Disease,Stroke,train,1
C:\Users\hamza\Downloads\FYP\AlzVsStr\AlzVsStr\train\Stroke\aug_Stroke 3 (585).jpg,aug_Stroke 3 (585).jpg,Brain Disease,Stroke,train,1
C:\Users\hamza\Downloads\FYP\AlzVsStr\AlzVsStr\train\Stroke\aug_Stroke 3 (586).jpg,aug_Stroke 3 (586).jpg,Brain Disease,Stroke,train,1
C:\Users\hamza\Downloads\FYP\AlzVsStr\AlzVsStr\train\Stroke\aug_Stroke 3 (587).jpg,aug_Stroke 3 (587).jpg,Brain Disease,Stroke,train,1
C:\Users\hamza\Downloads\FYP\AlzVsStr\AlzVsStr\train\Stroke\aug_Stroke 3 (588).jpg,aug_Stroke 3 (588).jpg,Brain Disease,Stroke,train,1
C:\Users\hamza\Downloads\FYP\AlzVsStr\AlzVsStr\train\Stroke\aug_Stroke 3 (589).jpg,aug_Stroke 3 (589).jpg,Brain Disease,Stroke,train,1
C:\Users\hamza\Downloads\FYP\AlzVsStr\AlzVsStr\train\Stroke\aug_Stroke 3 (59).jpg,aug_Stroke 3 (59).jpg,Brain Disease,Stroke,train,1
C:\Users\hamza\Downloads\FYP\AlzVsStr\AlzVsStr\train\Stroke\aug_Stroke 3 (590).jpg,aug_Stroke 3 (590).jpg,Brain Disease,Stroke,train,1
C:\Users\hamza\Downloads\FYP\AlzVsStr\AlzVsStr\train\Stroke\aug_Stroke 3 (591).jpg,aug_Stroke 3 (591).jpg,Brain Disease,Stroke,train,1
C:\Users\hamza\Downloads\FYP\AlzVsStr\AlzVsStr\train\Stroke\aug_Stroke 3 (592).jpg,aug_Stroke 3 (592).jpg,Brain Disease,Stroke,train,1
C:\Users\hamza\Downloads\FYP\AlzVsStr\AlzVsStr\train\Stroke\aug_Stroke 3 (593).jpg,aug_Stroke 3 (593).jpg,Brain Disease,Stroke,train,1
C:\Users\hamza\Downloads\FYP\AlzVsStr\AlzVsStr\train\Stroke\aug_Stroke 3 (594).jpg,aug_Stroke 3 (594).jpg,Brain Disease,Stroke,train,1
C:\Users\hamza\Downloads\FYP\AlzVsStr\AlzVsStr\train\Stroke\aug_Stroke 3 (595).jpg,aug_Stroke 3 (595).jpg,Brain Disease,Stroke,train,1
C:\Users\hamza\Downloads\FYP\AlzVsStr\AlzVsStr\train\Stroke\aug_Stroke 3 (596).jpg,aug_Stroke 3 (596).jpg,Brain Disease,Stroke,train,1
C:\Users\hamza\Downloads\FYP\AlzVsStr\AlzVsStr\train\Stroke\aug_Stroke 3 (597).jpg,aug_Stroke 3 (597).jpg,Brain Disease,Stroke,train,1
C:\Users\hamza\Downloads\FYP\AlzVsStr\AlzVsStr\train\Stroke\aug_Stroke 3 (598).jpg,aug_Stroke 3 (598).jpg,Brain Disease,Stroke,train,1
C:\Users\hamza\Downloads\FYP\AlzVsStr\AlzVsStr\train\Stroke\aug_Stroke 3 (599).jpg,aug_Stroke 3 (599).jpg,Brain Disease,Stroke,train,1
C:\Users\hamza\Downloads\FYP\AlzVsStr\AlzVsStr\train\Stroke\aug_Stroke 3 (6).jpg,aug_Stroke 3 (6).jpg,Brain Disease,Stroke,train,1
C:\Users\hamza\Downloads\FYP\AlzVsStr\AlzVsStr\train\Stroke\aug_Stroke 3 (60).jpg,aug_Stroke 3 (60).jpg,Brain Disease,Stroke,train,1
C:\Users\hamza\Downloads\FYP\AlzVsStr\AlzVsStr\train\Stroke\aug_Stroke 3 (600).jpg,aug_Stroke 3 (600).jpg,Brain Disease,Stroke,train,1
C:\Users\hamza\Downloads\FYP\AlzVsStr\AlzVsStr\train\Stroke\aug_Stroke 3 (601).jpg,aug_Stroke 3 (601).jpg,Brain Disease,Stroke,train,1
C:\Users\hamza\Downloads\FYP\AlzVsStr\AlzVsStr\train\Stroke\aug_Stroke 3 (602).jpg,aug_Stroke 3 (602).jpg,Brain Disease,Stroke,train,1
C:\Users\hamza\Downloads\FYP\AlzVsStr\AlzVsStr\train\Stroke\aug_Stroke 3 (603).jpg,aug_Stroke 3 (603).jpg,Brain Disease,Stroke,train,1
C:\Users\hamza\Downloads\FYP\AlzVsStr\AlzVsStr\train\Stroke\aug_Stroke 3 (604).jpg,aug_Stroke 3 (604).jpg,Brain Disease,Stroke,train,1
C:\Users\hamza\Downloads\FYP\AlzVsStr\AlzVsStr\train\Stroke\aug_Stroke 3 (605).jpg,aug_Stroke 3 (605).jpg,Brain Disease,Stroke,train,1
C:\Users\hamza\Downloads\FYP\AlzVsStr\AlzVsStr\train\Stroke\aug_Stroke 3 (606).jpg,aug_Stroke 3 (606).jpg,Brain Disease,Stroke,train,1
C:\Users\hamza\Downloads\FYP\AlzVsStr\AlzVsStr\train\Stroke\aug_Stroke 3 (607).jpg,aug_Stroke 3 (607).jpg,Brain Disease,Stroke,train,1
C:\Users\hamza\Downloads\FYP\AlzVsStr\AlzVsStr\train\Stroke\aug_Stroke 3 (608).jpg,aug_Stroke 3 (608).jpg,Brain Disease,Stroke,train,1
C:\Users\hamza\Downloads\FYP\AlzVsStr\AlzVsStr\train\Stroke\aug_Stroke 3 (609).jpg,aug_Stroke 3 (609).jpg,Brain Disease,Stroke,train,1
C:\Users\hamza\Downloads\FYP\AlzVsStr\AlzVsStr\train\Stroke\aug_Stroke 3 (61).jpg,aug_Stroke 3 (61).jpg,Brain Disease,Stroke,train,1
C:\Users\hamza\Downloads\FYP\AlzVsStr\AlzVsStr\train\Stroke\aug_Stroke 3 (610).jpg,aug_Stroke 3 (610).jpg,Brain Disease,Stroke,train,1
C:\Users\hamza\Downloads\FYP\AlzVsStr\AlzVsStr\train\Stroke\aug_Stroke 3 (611).jpg,aug_Stroke 3 (611).jpg,Brain Disease,Stroke,train,1
C:\Users\hamza\Downloads\FYP\AlzVsStr\AlzVsStr\train\Stroke\aug_Stroke 3 (612).jpg,aug_Stroke 3 (612).jpg,Brain Disease,Stroke,train,1
C:\Users\hamza\Downloads\FYP\AlzVsStr\AlzVsStr\train\Stroke\aug_Stroke 3 (613).jpg,aug_Stroke 3 (613).jpg,Brain Disease,Stroke,train,1
C:\Users\hamza\Downloads\FYP\AlzVsStr\AlzVsStr\train\Stroke\aug_Stroke 3 (614).jpg,aug_Stroke 3 (614).jpg,Brain Disease,Stroke,train,1
C:\Users\hamza\Downloads\FYP\AlzVsStr\AlzVsStr\train\Stroke\aug_Stroke 3 (615).jpg,aug_Stroke 3 (615).jpg,Brain Disease,Stroke,train,1
C:\Users\hamza\Downloads\FYP\AlzVsStr\AlzVsStr\train\Stroke\aug_Stroke 3 (616).jpg,aug_Stroke 3 (616).jpg,Brain Disease,Stroke,train,1
C:\Users\hamza\Downloads\FYP\AlzVsStr\AlzVsStr\train\Stroke\aug_Stroke 3 (617).jpg,aug_Stroke 3 (617).jpg,Brain Disease,Stroke,train,1
C:\Users\hamza\Downloads\FYP\AlzVsStr\AlzVsStr\train\Stroke\aug_Stroke 3 (618).jpg,aug_Stroke 3 (618).jpg,Brain Disease,Stroke,train,1
C:\Users\hamza\Downloads\FYP\AlzVsStr\AlzVsStr\train\Stroke\aug_Stroke 3 (619).jpg,aug_Stroke 3 (619).jpg,Brain Disease,Stroke,train,1
C:\Users\hamza\Downloads\FYP\AlzVsStr\AlzVsStr\train\Stroke\aug_Stroke 3 (62).jpg,aug_Stroke 3 (62).jpg,Brain Disease,Stroke,train,1
C:\Users\hamza\Downloads\FYP\AlzVsStr\AlzVsStr\train\Stroke\aug_Stroke 3 (620).jpg,aug_Stroke 3 (620).jpg,Brain Disease,Stroke,train,1
C:\Users\hamza\Downloads\FYP\AlzVsStr\AlzVsStr\train\Stroke\aug_Stroke 3 (621).jpg,aug_Stroke 3 (621).jpg,Brain Disease,Stroke,train,1
C:\Users\hamza\Downloads\FYP\AlzVsStr\AlzVsStr\train\Stroke\aug_Stroke 3 (622).jpg,aug_Stroke 3 (622).jpg,Brain Disease,Stroke,train,1
C:\Users\hamza\Downloads\FYP\AlzVsStr\AlzVsStr\train\Stroke\aug_Stroke 3 (623).jpg,aug_Stroke 3 (623).jpg,Brain Disease,Stroke,train,1
C:\Users\hamza\Downloads\FYP\AlzVsStr\AlzVsStr\train\Stroke\aug_Stroke 3 (624).jpg,aug_Stroke 3 (624).jpg,Brain Disease,Stroke,train,1
C:\Users\hamza\Downloads\FYP\AlzVsStr\AlzVsStr\train\Stroke\aug_Stroke 3 (625).jpg,aug_Stroke 3 (625).jpg,Brain Disease,Stroke,train,1
C:\Users\hamza\Downloads\FYP\AlzVsStr\AlzVsStr\train\Stroke\aug_Stroke 3 (626).jpg,aug_Stroke 3 (626).jpg,Brain Disease,Stroke,train,1
C:\Users\hamza\Downloads\FYP\AlzVsStr\AlzVsStr\train\Stroke\aug_Stroke 3 (627).jpg,aug_Stroke 3 (627).jpg,Brain Disease,Stroke,train,1
C:\Users\hamza\Downloads\FYP\AlzVsStr\AlzVsStr\train\Stroke\aug_Stroke 3 (628).jpg,aug_Stroke 3 (628).jpg,Brain Disease,Stroke,train,1
C:\Users\hamza\Downloads\FYP\AlzVsStr\AlzVsStr\train\Stroke\aug_Stroke 3 (629).jpg,aug_Stroke 3 (629).jpg,Brain Disease,Stroke,train,1
C:\Users\hamza\Downloads\FYP\AlzVsStr\AlzVsStr\train\Stroke\aug_Stroke 3 (63).jpg,aug_Stroke 3 (63).jpg,Brain Disease,Stroke,train,1
C:\Users\hamza\Downloads\FYP\AlzVsStr\AlzVsStr\train\Stroke\aug_Stroke 3 (630).jpg,aug_Stroke 3 (630).jpg,Brain Disease,Stroke,train,1
C:\Users\hamza\Downloads\FYP\AlzVsStr\AlzVsStr\train\Stroke\aug_Stroke 3 (631).jpg,aug_Stroke 3 (631).jpg,Brain Disease,Stroke,train,1
C:\Users\hamza\Downloads\FYP\AlzVsStr\AlzVsStr\train\Stroke\aug_Stroke 3 (632).jpg,aug_Stroke 3 (632).jpg,Brain Disease,Stroke,train,1
C:\Users\hamza\Downloads\FYP\AlzVsStr\AlzVsStr\train\Stroke\aug_Stroke 3 (633).jpg,aug_Stroke 3 (633).jpg,Brain Disease,Stroke,train,1
C:\Users\hamza\Downloads\FYP\AlzVsStr\AlzVsStr\train\Stroke\aug_Stroke 3 (634).jpg,aug_Stroke 3 (634).jpg,Brain Disease,Stroke,train,1
C:\Users\hamza\Downloads\FYP\AlzVsStr\AlzVsStr\train\Stroke\aug_Stroke 3 (635).jpg,aug_Stroke 3 (635).jpg,Brain Disease,Stroke,train,1
C:\Users\hamza\Downloads\FYP\AlzVsStr\AlzVsStr\train\Stroke\aug_Stroke 3 (636).jpg,aug_Stroke 3 (636).jpg,Brain Disease,Stroke,train,1
C:\Users\hamza\Downloads\FYP\AlzVsStr\AlzVsStr\train\Stroke\aug_Stroke 3 (637).jpg,aug_Stroke 3 (637).jpg,Brain Disease,Stroke,train,1
C:\Users\hamza\Downloads\FYP\AlzVsStr\AlzVsStr\train\Stroke\aug_Stroke 3 (638).jpg,aug_Stroke 3 (638).jpg,Brain Disease,Stroke,train,1
C:\Users\hamza\Downloads\FYP\AlzVsStr\AlzVsStr\train\Stroke\aug_Stroke 3 (639).jpg,aug_Stroke 3 (639).jpg,Brain Disease,Stroke,train,1
C:\Users\hamza\Downloads\FYP\AlzVsStr\AlzVsStr\train\Stroke\aug_Stroke 3 (64).jpg,aug_Stroke 3 (64).jpg,Brain Disease,Stroke,train,1
C:\Users\hamza\Downloads\FYP\AlzVsStr\AlzVsStr\train\Stroke\aug_Stroke 3 (640).jpg,aug_Stroke 3 (640).jpg,Brain Disease,Stroke,train,1
C:\Users\hamza\Downloads\FYP\AlzVsStr\AlzVsStr\train\Stroke\aug_Stroke 3 (641).jpg,aug_Stroke 3 (641).jpg,Brain Disease,Stroke,train,1
C:\Users\hamza\Downloads\FYP\AlzVsStr\AlzVsStr\train\Stroke\aug_Stroke 3 (642).jpg,aug_Stroke 3 (642).jpg,Brain Disease,Stroke,train,1
C:\Users\hamza\Downloads\FYP\AlzVsStr\AlzVsStr\train\Stroke\aug_Stroke 3 (643).jpg,aug_Stroke 3 (643).jpg,Brain Disease,Stroke,train,1
C:\Users\hamza\Downloads\FYP\AlzVsStr\AlzVsStr\train\Stroke\aug_Stroke 3 (644).jpg,aug_Stroke 3 (644).jpg,Brain Disease,Stroke,train,1
C:\Users\hamza\Downloads\FYP\AlzVsStr\AlzVsStr\train\Stroke\aug_Stroke 3 (645).jpg,aug_Stroke 3 (645).jpg,Brain Disease,Stroke,train,1
C:\Users\hamza\Downloads\FYP\AlzVsStr\AlzVsStr\train\Stroke\aug_Stroke 3 (646).jpg,aug_Stroke 3 (646).jpg,Brain Disease,Stroke,train,1
C:\Users\hamza\Downloads\FYP\AlzVsStr\AlzVsStr\train\Stroke\aug_Stroke 3 (647).jpg,aug_Stroke 3 (647).jpg,Brain Disease,Stroke,train,1
C:\Users\hamza\Downloads\FYP\AlzVsStr\AlzVsStr\train\Stroke\aug_Stroke 3 (648).jpg,aug_Stroke 3 (648).jpg,Brain Disease,Stroke,train,1
C:\Users\hamza\Downloads\FYP\AlzVsStr\AlzVsStr\train\Stroke\aug_Stroke 3 (649).jpg,aug_Stroke 3 (649).jpg,Brain Disease,Stroke,train,1
C:\Users\hamza\Downloads\FYP\AlzVsStr\AlzVsStr\train\Stroke\aug_Stroke 3 (65).jpg,aug_Stroke 3 (65).jpg,Brain Disease,Stroke,train,1
C:\Users\hamza\Downloads\FYP\AlzVsStr\AlzVsStr\train\Stroke\aug_Stroke 3 (650).jpg,aug_Stroke 3 (650).jpg,Brain Disease,Stroke,train,1
C:\Users\hamza\Downloads\FYP\AlzVsStr\AlzVsStr\train\Stroke\aug_Stroke 3 (651).jpg,aug_Stroke 3 (651).jpg,Brain Disease,Stroke,train,1
C:\Users\hamza\Downloads\FYP\AlzVsStr\AlzVsStr\train\Stroke\aug_Stroke 3 (652).jpg,aug_Stroke 3 (652).jpg,Brain Disease,Stroke,train,1
C:\Users\hamza\Downloads\FYP\AlzVsStr\AlzVsStr\train\Stroke\aug_Stroke 3 (653).jpg,aug_Stroke 3 (653).jpg,Brain Disease,Stroke,train,1
C:\Users\hamza\Downloads\FYP\AlzVsStr\AlzVsStr\train\Stroke\aug_Stroke 3 (654).jpg,aug_Stroke 3 (654).jpg,Brain Disease,Stroke,train,1
C:\Users\hamza\Downloads\FYP\AlzVsStr\AlzVsStr\train\Stroke\aug_Stroke 3 (655).jpg,aug_Stroke 3 (655).jpg,Brain Disease,Stroke,train,1
C:\Users\hamza\Downloads\FYP\AlzVsStr\AlzVsStr\train\Stroke\aug_Stroke 3 (656).jpg,aug_Stroke 3 (656).jpg,Brain Disease,Stroke,train,1
C:\Users\hamza\Downloads\FYP\AlzVsStr\AlzVsStr\train\Stroke\aug_Stroke 3 (657).jpg,aug_Stroke 3 (657).jpg,Brain Disease,Stroke,train,1
C:\Users\hamza\Downloads\FYP\AlzVsStr\AlzVsStr\train\Stroke\aug_Stroke 3 (658).jpg,aug_Stroke 3 (658).jpg,Brain Disease,Stroke,train,1
C:\Users\hamza\Downloads\FYP\AlzVsStr\AlzVsStr\train\Stroke\aug_Stroke 3 (659).jpg,aug_Stroke 3 (659).jpg,Brain Disease,Stroke,train,1
C:\Users\hamza\Downloads\FYP\AlzVsStr\AlzVsStr\train\Stroke\aug_Stroke 3 (66).jpg,aug_Stroke 3 (66).jpg,Brain Disease,Stroke,train,1
C:\Users\hamza\Downloads\FYP\AlzVsStr\AlzVsStr\train\Stroke\aug_Stroke 3 (660).jpg,aug_Stroke 3 (660).jpg,Brain Disease,Stroke,train,1
C:\Users\hamza\Downloads\FYP\AlzVsStr\AlzVsStr\train\Stroke\aug_Stroke 3 (661).jpg,aug_Stroke 3 (661).jpg,Brain Disease,Stroke,train,1
C:\Users\hamza\Downloads\FYP\AlzVsStr\AlzVsStr\train\Stroke\aug_Stroke 3 (662).jpg,aug_Stroke 3 (662).jpg,Brain Disease,Stroke,train,1
C:\Users\hamza\Downloads\FYP\AlzVsStr\AlzVsStr\train\Stroke\aug_Stroke 3 (663).jpg,aug_Stroke 3 (663).jpg,Brain Disease,Stroke,train,1
C:\Users\hamza\Downloads\FYP\AlzVsStr\AlzVsStr\train\Stroke\aug_Stroke 3 (664).jpg,aug_Stroke 3 (664).jpg,Brain Disease,Stroke,train,1
C:\Users\hamza\Downloads\FYP\AlzVsStr\AlzVsStr\train\Stroke\aug_Stroke 3 (665).jpg,aug_Stroke 3 (665).jpg,Brain Disease,Stroke,train,1
C:\Users\hamza\Downloads\FYP\AlzVsStr\AlzVsStr\train\Stroke\aug_Stroke 3 (666).jpg,aug_Stroke 3 (666).jpg,Brain Disease,Stroke,train,1
C:\Users\hamza\Downloads\FYP\AlzVsStr\AlzVsStr\train\Stroke\aug_Stroke 3 (667).jpg,aug_Stroke 3 (667).jpg,Brain Disease,Stroke,train,1
C:\Users\hamza\Downloads\FYP\AlzVsStr\AlzVsStr\train\Stroke\aug_Stroke 3 (668).jpg,aug_Stroke 3 (668).jpg,Brain Disease,Stroke,train,1
C:\Users\hamza\Downloads\FYP\AlzVsStr\AlzVsStr\train\Stroke\aug_Stroke 3 (669).jpg,aug_Stroke 3 (669).jpg,Brain Disease,Stroke,train,1
C:\Users\hamza\Downloads\FYP\AlzVsStr\AlzVsStr\train\Stroke\aug_Stroke 3 (67).jpg,aug_Stroke 3 (67).jpg,Brain Disease,Stroke,train,1
C:\Users\hamza\Downloads\FYP\AlzVsStr\AlzVsStr\train\Stroke\aug_Stroke 3 (670).jpg,aug_Stroke 3 (670).jpg,Brain Disease,Stroke,train,1
C:\Users\hamza\Downloads\FYP\AlzVsStr\AlzVsStr\train\Stroke\aug_Stroke 3 (671).jpg,aug_Stroke 3 (671).jpg,Brain Disease,Stroke,train,1
C:\Users\hamza\Downloads\FYP\AlzVsStr\AlzVsStr\train\Stroke\aug_Stroke 3 (672).jpg,aug_Stroke 3 (672).jpg,Brain Disease,Stroke,train,1
C:\Users\hamza\Downloads\FYP\AlzVsStr\AlzVsStr\train\Stroke\aug_Stroke 3 (673).jpg,aug_Stroke 3 (673).jpg,Brain Disease,Stroke,train,1
C:\Users\hamza\Downloads\FYP\AlzVsStr\AlzVsStr\train\Stroke\aug_Stroke 3 (674).jpg,aug_Stroke 3 (674).jpg,Brain Disease,Stroke,train,1
C:\Users\hamza\Downloads\FYP\AlzVsStr\AlzVsStr\train\Stroke\aug_Stroke 3 (675).jpg,aug_Stroke 3 (675).jpg,Brain Disease,Stroke,train,1
C:\Users\hamza\Downloads\FYP\AlzVsStr\AlzVsStr\train\Stroke\aug_Stroke 3 (676).jpg,aug_Stroke 3 (676).jpg,Brain Disease,Stroke,train,1
C:\Users\hamza\Downloads\FYP\AlzVsStr\AlzVsStr\train\Stroke\aug_Stroke 3 (677).jpg,aug_Stroke 3 (677).jpg,Brain Disease,Stroke,train,1
C:\Users\hamza\Downloads\FYP\AlzVsStr\AlzVsStr\train\Stroke\aug_Stroke 3 (678).jpg,aug_Stroke 3 (678).jpg,Brain Disease,Stroke,train,1
C:\Users\hamza\Downloads\FYP\AlzVsStr\AlzVsStr\train\Stroke\aug_Stroke 3 (679).jpg,aug_Stroke 3 (679).jpg,Brain Disease,Stroke,train,1
C:\Users\hamza\Downloads\FYP\AlzVsStr\AlzVsStr\train\Stroke\aug_Stroke 3 (68).jpg,aug_Stroke 3 (68).jpg,Brain Disease,Stroke,train,1
C:\Users\hamza\Downloads\FYP\AlzVsStr\AlzVsStr\train\Stroke\aug_Stroke 3 (680).jpg,aug_Stroke 3 (680).jpg,Brain Disease,Stroke,train,1
C:\Users\hamza\Downloads\FYP\AlzVsStr\AlzVsStr\train\Stroke\aug_Stroke 3 (681).jpg,aug_Stroke 3 (681).jpg,Brain Disease,Stroke,train,1
C:\Users\hamza\Downloads\FYP\AlzVsStr\AlzVsStr\train\Stroke\aug_Stroke 3 (682).jpg,aug_Stroke 3 (682).jpg,Brain Disease,Stroke,train,1
C:\Users\hamza\Downloads\FYP\AlzVsStr\AlzVsStr\train\Stroke\aug_Stroke 3 (683).jpg,aug_Stroke 3 (683).jpg,Brain Disease,Stroke,train,1
C:\Users\hamza\Downloads\FYP\AlzVsStr\AlzVsStr\train\Stroke\aug_Stroke 3 (684).jpg,aug_Stroke 3 (684).jpg,Brain Disease,Stroke,train,1
C:\Users\hamza\Downloads\FYP\AlzVsStr\AlzVsStr\train\Stroke\aug_Stroke 3 (685).jpg,aug_Stroke 3 (685).jpg,Brain Disease,Stroke,train,1
C:\Users\hamza\Downloads\FYP\AlzVsStr\AlzVsStr\train\Stroke\aug_Stroke 3 (686).jpg,aug_Stroke 3 (686).jpg,Brain Disease,Stroke,train,1
C:\Users\hamza\Downloads\FYP\AlzVsStr\AlzVsStr\train\Stroke\aug_Stroke 3 (687).jpg,aug_Stroke 3 (687).jpg,Brain Disease,Stroke,train,1
C:\Users\hamza\Downloads\FYP\AlzVsStr\AlzVsStr\train\Stroke\aug_Stroke 3 (688).jpg,aug_Stroke 3 (688).jpg,Brain Disease,Stroke,train,1
C:\Users\hamza\Downloads\FYP\AlzVsStr\AlzVsStr\train\Stroke\aug_Stroke 3 (689).jpg,aug_Stroke 3 (689).jpg,Brain Disease,Stroke,train,1
C:\Users\hamza\Downloads\FYP\AlzVsStr\AlzVsStr\train\Stroke\aug_Stroke 3 (69).jpg,aug_Stroke 3 (69).jpg,Brain Disease,Stroke,train,1
C:\Users\hamza\Downloads\FYP\AlzVsStr\AlzVsStr\train\Stroke\aug_Stroke 3 (690).jpg,aug_Stroke 3 (690).jpg,Brain Disease,Stroke,train,1
C:\Users\hamza\Downloads\FYP\AlzVsStr\AlzVsStr\train\Stroke\aug_Stroke 3 (691).jpg,aug_Stroke 3 (691).jpg,Brain Disease,Stroke,train,1
C:\Users\hamza\Downloads\FYP\AlzVsStr\AlzVsStr\train\Stroke\aug_Stroke 3 (692).jpg,aug_Stroke 3 (692).jpg,Brain Disease,Stroke,train,1
C:\Users\hamza\Downloads\FYP\AlzVsStr\AlzVsStr\train\Stroke\aug_Stroke 3 (693).jpg,aug_Stroke 3 (693).jpg,Brain Disease,Stroke,train,1
C:\Users\hamza\Downloads\FYP\AlzVsStr\AlzVsStr\train\Stroke\aug_Stroke 3 (694).jpg,aug_Stroke 3 (694).jpg,Brain Disease,Stroke,train,1
C:\Users\hamza\Downloads\FYP\AlzVsStr\AlzVsStr\train\Stroke\aug_Stroke 3 (695).jpg,aug_Stroke 3 (695).jpg,Brain Disease,Stroke,train,1
C:\Users\hamza\Downloads\FYP\AlzVsStr\AlzVsStr\train\Stroke\aug_Stroke 3 (696).jpg,aug_Stroke 3 (696).jpg,Brain Disease,Stroke,train,1
C:\Users\hamza\Downloads\FYP\AlzVsStr\AlzVsStr\train\Stroke\aug_Stroke 3 (697).jpg,aug_Stroke 3 (697).jpg,Brain Disease,Stroke,train,1
C:\Users\hamza\Downloads\FYP\AlzVsStr\AlzVsStr\train\Stroke\aug_Stroke 3 (698).jpg,aug_Stroke 3 (698).jpg,Brain Disease,Stroke,train,1
C:\Users\hamza\Downloads\FYP\AlzVsStr\AlzVsStr\train\Stroke\aug_Stroke 3 (699).jpg,aug_Stroke 3 (699).jpg,Brain Disease,Stroke,train,1
C:\Users\hamza\Downloads\FYP\AlzVsStr\AlzVsStr\train\Stroke\aug_Stroke 3 (7).jpg,aug_Stroke 3 (7).jpg,Brain Disease,Stroke,train,1
C:\Users\hamza\Downloads\FYP\AlzVsStr\AlzVsStr\train\Stroke\aug_Stroke 3 (70).jpg,aug_Stroke 3 (70).jpg,Brain Disease,Stroke,train,1
C:\Users\hamza\Downloads\FYP\AlzVsStr\AlzVsStr\train\Stroke\aug_Stroke 3 (700).jpg,aug_Stroke 3 (700).jpg,Brain Disease,Stroke,train,1
C:\Users\hamza\Downloads\FYP\AlzVsStr\AlzVsStr\train\Stroke\aug_Stroke 3 (701).jpg,aug_Stroke 3 (701).jpg,Brain Disease,Stroke,train,1
C:\Users\hamza\Downloads\FYP\AlzVsStr\AlzVsStr\train\Stroke\aug_Stroke 3 (702).jpg,aug_Stroke 3 (702).jpg,Brain Disease,Stroke,train,1
C:\Users\hamza\Downloads\FYP\AlzVsStr\AlzVsStr\train\Stroke\aug_Stroke 3 (703).jpg,aug_Stroke 3 (703).jpg,Brain Disease,Stroke,train,1
C:\Users\hamza\Downloads\FYP\AlzVsStr\AlzVsStr\train\Stroke\aug_Stroke 3 (704).jpg,aug_Stroke 3 (704).jpg,Brain Disease,Stroke,train,1
C:\Users\hamza\Downloads\FYP\AlzVsStr\AlzVsStr\train\Stroke\aug_Stroke 3 (705).jpg,aug_Stroke 3 (705).jpg,Brain Disease,Stroke,train,1
C:\Users\hamza\Downloads\FYP\AlzVsStr\AlzVsStr\train\Stroke\aug_Stroke 3 (706).jpg,aug_Stroke 3 (706).jpg,Brain Disease,Stroke,train,1
C:\Users\hamza\Downloads\FYP\AlzVsStr\AlzVsStr\train\Stroke\aug_Stroke 3 (707).jpg,aug_Stroke 3 (707).jpg,Brain Disease,Stroke,train,1
C:\Users\hamza\Downloads\FYP\AlzVsStr\AlzVsStr\train\Stroke\aug_Stroke 3 (708).jpg,aug_Stroke 3 (708).jpg,Brain Disease,Stroke,train,1
C:\Users\hamza\Downloads\FYP\AlzVsStr\AlzVsStr\train\Stroke\aug_Stroke 3 (709).jpg,aug_Stroke 3 (709).jpg,Brain Disease,Stroke,train,1
C:\Users\hamza\Downloads\FYP\AlzVsStr\AlzVsStr\train\Stroke\aug_Stroke 3 (71).jpg,aug_Stroke 3 (71).jpg,Brain Disease,Stroke,train,1
C:\Users\hamza\Downloads\FYP\AlzVsStr\AlzVsStr\train\Stroke\aug_Stroke 3 (710).jpg,aug_Stroke 3 (710).jpg,Brain Disease,Stroke,train,1
C:\Users\hamza\Downloads\FYP\AlzVsStr\AlzVsStr\train\Stroke\aug_Stroke 3 (711).jpg,aug_Stroke 3 (711).jpg,Brain Disease,Stroke,train,1
C:\Users\hamza\Downloads\FYP\AlzVsStr\AlzVsStr\train\Stroke\aug_Stroke 3 (712).jpg,aug_Stroke 3 (712).jpg,Brain Disease,Stroke,train,1
C:\Users\hamza\Downloads\FYP\AlzVsStr\AlzVsStr\train\Stroke\aug_Stroke 3 (713).jpg,aug_Stroke 3 (713).jpg,Brain Disease,Stroke,train,1
C:\Users\hamza\Downloads\FYP\AlzVsStr\AlzVsStr\train\Stroke\aug_Stroke 3 (714).jpg,aug_Stroke 3 (714).jpg,Brain Disease,Stroke,train,1
C:\Users\hamza\Downloads\FYP\AlzVsStr\AlzVsStr\train\Stroke\aug_Stroke 3 (715).jpg,aug_Stroke 3 (715).jpg,Brain Disease,Stroke,train,1
C:\Users\hamza\Downloads\FYP\AlzVsStr\AlzVsStr\train\Stroke\aug_Stroke 3 (716).jpg,aug_Stroke 3 (716).jpg,Brain Disease,Stroke,train,1
C:\Users\hamza\Downloads\FYP\AlzVsStr\AlzVsStr\train\Stroke\aug_Stroke 3 (717).jpg,aug_Stroke 3 (717).jpg,Brain Disease,Stroke,train,1
C:\Users\hamza\Downloads\FYP\AlzVsStr\AlzVsStr\train\Stroke\aug_Stroke 3 (718).jpg,aug_Stroke 3 (718).jpg,Brain Disease,Stroke,train,1
C:\Users\hamza\Downloads\FYP\AlzVsStr\AlzVsStr\train\Stroke\aug_Stroke 3 (719).jpg,aug_Stroke 3 (719).jpg,Brain Disease,Stroke,train,1
C:\Users\hamza\Downloads\FYP\AlzVsStr\AlzVsStr\train\Stroke\aug_Stroke 3 (72).jpg,aug_Stroke 3 (72).jpg,Brain Disease,Stroke,train,1
C:\Users\hamza\Downloads\FYP\AlzVsStr\AlzVsStr\train\Stroke\aug_Stroke 3 (720).jpg,aug_Stroke 3 (720).jpg,Brain Disease,Stroke,train,1
C:\Users\hamza\Downloads\FYP\AlzVsStr\AlzVsStr\train\Stroke\aug_Stroke 3 (721).jpg,aug_Stroke 3 (721).jpg,Brain Disease,Stroke,train,1
C:\Users\hamza\Downloads\FYP\AlzVsStr\AlzVsStr\train\Stroke\aug_Stroke 3 (722).jpg,aug_Stroke 3 (722).jpg,Brain Disease,Stroke,train,1
C:\Users\hamza\Downloads\FYP\AlzVsStr\AlzVsStr\train\Stroke\aug_Stroke 3 (723).jpg,aug_Stroke 3 (723).jpg,Brain Disease,Stroke,train,1
C:\Users\hamza\Downloads\FYP\AlzVsStr\AlzVsStr\train\Stroke\aug_Stroke 3 (724).jpg,aug_Stroke 3 (724).jpg,Brain Disease,Stroke,train,1
C:\Users\hamza\Downloads\FYP\AlzVsStr\AlzVsStr\train\Stroke\aug_Stroke 3 (725).jpg,aug_Stroke 3 (725).jpg,Brain Disease,Stroke,train,1
C:\Users\hamza\Downloads\FYP\AlzVsStr\AlzVsStr\train\Stroke\aug_Stroke 3 (726).jpg,aug_Stroke 3 (726).jpg,Brain Disease,Stroke,train,1
C:\Users\hamza\Downloads\FYP\AlzVsStr\AlzVsStr\train\Stroke\aug_Stroke 3 (727).jpg,aug_Stroke 3 (727).jpg,Brain Disease,Stroke,train,1
C:\Users\hamza\Downloads\FYP\AlzVsStr\AlzVsStr\train\Stroke\aug_Stroke 3 (728).jpg,aug_Stroke 3 (728).jpg,Brain Disease,Stroke,train,1
C:\Users\hamza\Downloads\FYP\AlzVsStr\AlzVsStr\train\Stroke\aug_Stroke 3 (729).jpg,aug_Stroke 3 (729).jpg,Brain Disease,Stroke,train,1
C:\Users\hamza\Downloads\FYP\AlzVsStr\AlzVsStr\train\Stroke\aug_Stroke 3 (73).jpg,aug_Stroke 3 (73).jpg,Brain Disease,Stroke,train,1
C:\Users\hamza\Downloads\FYP\AlzVsStr\AlzVsStr\train\Stroke\aug_Stroke 3 (730).jpg,aug_Stroke 3 (730).jpg,Brain Disease,Stroke,train,1
C:\Users\hamza\Downloads\FYP\AlzVsStr\AlzVsStr\train\Stroke\aug_Stroke 3 (731).jpg,aug_Stroke 3 (731).jpg,Brain Disease,Stroke,train,1
C:\Users\hamza\Downloads\FYP\AlzVsStr\AlzVsStr\train\Stroke\aug_Stroke 3 (732).jpg,aug_Stroke 3 (732).jpg,Brain Disease,Stroke,train,1
C:\Users\hamza\Downloads\FYP\AlzVsStr\AlzVsStr\train\Stroke\aug_Stroke 3 (733).jpg,aug_Stroke 3 (733).jpg,Brain Disease,Stroke,train,1
C:\Users\hamza\Downloads\FYP\AlzVsStr\AlzVsStr\train\Stroke\aug_Stroke 3 (734).jpg,aug_Stroke 3 (734).jpg,Brain Disease,Stroke,train,1
C:\Users\hamza\Downloads\FYP\AlzVsStr\AlzVsStr\train\Stroke\aug_Stroke 3 (735).jpg,aug_Stroke 3 (735).jpg,Brain Disease,Stroke,train,1
C:\Users\hamza\Downloads\FYP\AlzVsStr\AlzVsStr\train\Stroke\aug_Stroke 3 (736).jpg,aug_Stroke 3 (736).jpg,Brain Disease,Stroke,train,1
C:\Users\hamza\Downloads\FYP\AlzVsStr\AlzVsStr\train\Stroke\aug_Stroke 3 (737).jpg,aug_Stroke 3 (737).jpg,Brain Disease,Stroke,train,1
C:\Users\hamza\Downloads\FYP\AlzVsStr\AlzVsStr\train\Stroke\aug_Stroke 3 (738).jpg,aug_Stroke 3 (738).jpg,Brain Disease,Stroke,train,1
C:\Users\hamza\Downloads\FYP\AlzVsStr\AlzVsStr\train\Stroke\aug_Stroke 3 (739).jpg,aug_Stroke 3 (739).jpg,Brain Disease,Stroke,train,1
C:\Users\hamza\Downloads\FYP\AlzVsStr\AlzVsStr\train\Stroke\aug_Stroke 3 (74).jpg,aug_Stroke 3 (74).jpg,Brain Disease,Stroke,train,1
C:\Users\hamza\Downloads\FYP\AlzVsStr\AlzVsStr\train\Stroke\aug_Stroke 3 (740).jpg,aug_Stroke 3 (740).jpg,Brain Disease,Stroke,train,1
C:\Users\hamza\Downloads\FYP\AlzVsStr\AlzVsStr\train\Stroke\aug_Stroke 3 (741).jpg,aug_Stroke 3 (741).jpg,Brain Disease,Stroke,train,1
C:\Users\hamza\Downloads\FYP\AlzVsStr\AlzVsStr\train\Stroke\aug_Stroke 3 (742).jpg,aug_Stroke 3 (742).jpg,Brain Disease,Stroke,train,1
C:\Users\hamza\Downloads\FYP\AlzVsStr\AlzVsStr\train\Stroke\aug_Stroke 3 (743).jpg,aug_Stroke 3 (743).jpg,Brain Disease,Stroke,train,1
C:\Users\hamza\Downloads\FYP\AlzVsStr\AlzVsStr\train\Stroke\aug_Stroke 3 (744).jpg,aug_Stroke 3 (744).jpg,Brain Disease,Stroke,train,1
C:\Users\hamza\Downloads\FYP\AlzVsStr\AlzVsStr\train\Stroke\aug_Stroke 3 (745).jpg,aug_Stroke 3 (745).jpg,Brain Disease,Stroke,train,1
C:\Users\hamza\Downloads\FYP\AlzVsStr\AlzVsStr\train\Stroke\aug_Stroke 3 (746).jpg,aug_Stroke 3 (746).jpg,Brain Disease,Stroke,train,1
C:\Users\hamza\Downloads\FYP\AlzVsStr\AlzVsStr\train\Stroke\aug_Stroke 3 (747).jpg,aug_Stroke 3 (747).jpg,Brain Disease,Stroke,train,1
C:\Users\hamza\Downloads\FYP\AlzVsStr\AlzVsStr\train\Stroke\aug_Stroke 3 (748).jpg,aug_Stroke 3 (748).jpg,Brain Disease,Stroke,train,1
C:\Users\hamza\Downloads\FYP\AlzVsStr\AlzVsStr\train\Stroke\aug_Stroke 3 (749).jpg,aug_Stroke 3 (749).jpg,Brain Disease,Stroke,train,1
C:\Users\hamza\Downloads\FYP\AlzVsStr\AlzVsStr\train\Stroke\aug_Stroke 3 (75).jpg,aug_Stroke 3 (75).jpg,Brain Disease,Stroke,train,1
C:\Users\hamza\Downloads\FYP\AlzVsStr\AlzVsStr\train\Stroke\aug_Stroke 3 (750).jpg,aug_Stroke 3 (750).jpg,Brain Disease,Stroke,train,1
C:\Users\hamza\Downloads\FYP\AlzVsStr\AlzVsStr\train\Stroke\aug_Stroke 3 (751).jpg,aug_Stroke 3 (751).jpg,Brain Disease,Stroke,train,1
C:\Users\hamza\Downloads\FYP\AlzVsStr\AlzVsStr\train\Stroke\aug_Stroke 3 (752).jpg,aug_Stroke 3 (752).jpg,Brain Disease,Stroke,train,1
C:\Users\hamza\Downloads\FYP\AlzVsStr\AlzVsStr\train\Stroke\aug_Stroke 3 (753).jpg,aug_Stroke 3 (753).jpg,Brain Disease,Stroke,train,1
C:\Users\hamza\Downloads\FYP\AlzVsStr\AlzVsStr\train\Stroke\aug_Stroke 3 (754).jpg,aug_Stroke 3 (754).jpg,Brain Disease,Stroke,train,1
C:\Users\hamza\Downloads\FYP\AlzVsStr\AlzVsStr\train\Stroke\aug_Stroke 3 (755).jpg,aug_Stroke 3 (755).jpg,Brain Disease,Stroke,train,1
C:\Users\hamza\Downloads\FYP\AlzVsStr\AlzVsStr\train\Stroke\aug_Stroke 3 (756).jpg,aug_Stroke 3 (756).jpg,Brain Disease,Stroke,train,1
C:\Users\hamza\Downloads\FYP\AlzVsStr\AlzVsStr\train\Stroke\aug_Stroke 3 (757).jpg,aug_Stroke 3 (757).jpg,Brain Disease,Stroke,train,1
C:\Users\hamza\Downloads\FYP\AlzVsStr\AlzVsStr\train\Stroke\aug_Stroke 3 (758).jpg,aug_Stroke 3 (758).jpg,Brain Disease,Stroke,train,1
C:\Users\hamza\Downloads\FYP\AlzVsStr\AlzVsStr\train\Stroke\aug_Stroke 3 (759).jpg,aug_Stroke 3 (759).jpg,Brain Disease,Stroke,train,1
C:\Users\hamza\Downloads\FYP\AlzVsStr\AlzVsStr\train\Stroke\aug_Stroke 3 (76).jpg,aug_Stroke 3 (76).jpg,Brain Disease,Stroke,train,1
C:\Users\hamza\Downloads\FYP\AlzVsStr\AlzVsStr\train\Stroke\aug_Stroke 3 (760).jpg,aug_Stroke 3 (760).jpg,Brain Disease,Stroke,train,1
C:\Users\hamza\Downloads\FYP\AlzVsStr\AlzVsStr\train\Stroke\aug_Stroke 3 (761).jpg,aug_Stroke 3 (761).jpg,Brain Disease,Stroke,train,1
C:\Users\hamza\Downloads\FYP\AlzVsStr\AlzVsStr\train\Stroke\aug_Stroke 3 (762).jpg,aug_Stroke 3 (762).jpg,Brain Disease,Stroke,train,1
C:\Users\hamza\Downloads\FYP\AlzVsStr\AlzVsStr\train\Stroke\aug_Stroke 3 (763).jpg,aug_Stroke 3 (763).jpg,Brain Disease,Stroke,train,1
C:\Users\hamza\Downloads\FYP\AlzVsStr\AlzVsStr\train\Stroke\aug_Stroke 3 (764).jpg,aug_Stroke 3 (764).jpg,Brain Disease,Stroke,train,1
C:\Users\hamza\Downloads\FYP\AlzVsStr\AlzVsStr\train\Stroke\aug_Stroke 3 (765).jpg,aug_Stroke 3 (765).jpg,Brain Disease,Stroke,train,1
C:\Users\hamza\Downloads\FYP\AlzVsStr\AlzVsStr\train\Stroke\aug_Stroke 3 (766).jpg,aug_Stroke 3 (766).jpg,Brain Disease,Stroke,train,1
C:\Users\hamza\Downloads\FYP\AlzVsStr\AlzVsStr\train\Stroke\aug_Stroke 3 (767).jpg,aug_Stroke 3 (767).jpg,Brain Disease,Stroke,train,1
C:\Users\hamza\Downloads\FYP\AlzVsStr\AlzVsStr\train\Stroke\aug_Stroke 3 (768).jpg,aug_Stroke 3 (768).jpg,Brain Disease,Stroke,train,1
C:\Users\hamza\Downloads\FYP\AlzVsStr\AlzVsStr\train\Stroke\aug_Stroke 3 (769).jpg,aug_Stroke 3 (769).jpg,Brain Disease,Stroke,train,1
C:\Users\hamza\Downloads\FYP\AlzVsStr\AlzVsStr\train\Stroke\aug_Stroke 3 (77).jpg,aug_Stroke 3 (77).jpg,Brain Disease,Stroke,train,1
C:\Users\hamza\Downloads\FYP\AlzVsStr\AlzVsStr\train\Stroke\aug_Stroke 3 (770).jpg,aug_Stroke 3 (770).jpg,Brain Disease,Stroke,train,1
C:\Users\hamza\Downloads\FYP\AlzVsStr\AlzVsStr\train\Stroke\aug_Stroke 3 (771).jpg,aug_Stroke 3 (771).jpg,Brain Disease,Stroke,train,1
C:\Users\hamza\Downloads\FYP\AlzVsStr\AlzVsStr\train\Stroke\aug_Stroke 3 (772).jpg,aug_Stroke 3 (772).jpg,Brain Disease,Stroke,train,1
C:\Users\hamza\Downloads\FYP\AlzVsStr\AlzVsStr\train\Stroke\aug_Stroke 3 (773).jpg,aug_Stroke 3 (773).jpg,Brain Disease,Stroke,train,1
C:\Users\hamza\Downloads\FYP\AlzVsStr\AlzVsStr\train\Stroke\aug_Stroke 3 (774).jpg,aug_Stroke 3 (774).jpg,Brain Disease,Stroke,train,1
C:\Users\hamza\Downloads\FYP\AlzVsStr\AlzVsStr\train\Stroke\aug_Stroke 3 (775).jpg,aug_Stroke 3 (775).jpg,Brain Disease,Stroke,train,1
C:\Users\hamza\Downloads\FYP\AlzVsStr\AlzVsStr\train\Stroke\aug_Stroke 3 (776).jpg,aug_Stroke 3 (776).jpg,Brain Disease,Stroke,train,1
C:\Users\hamza\Downloads\FYP\AlzVsStr\AlzVsStr\train\Stroke\aug_Stroke 3 (777).jpg,aug_Stroke 3 (777).jpg,Brain Disease,Stroke,train,1
C:\Users\hamza\Downloads\FYP\AlzVsStr\AlzVsStr\train\Stroke\aug_Stroke 3 (778).jpg,aug_Stroke 3 (778).jpg,Brain Disease,Stroke,train,1
C:\Users\hamza\Downloads\FYP\AlzVsStr\AlzVsStr\train\Stroke\aug_Stroke 3 (779).jpg,aug_Stroke 3 (779).jpg,Brain Disease,Stroke,train,1
C:\Users\hamza\Downloads\FYP\AlzVsStr\AlzVsStr\train\Stroke\aug_Stroke 3 (78).jpg,aug_Stroke 3 (78).jpg,Brain Disease,Stroke,train,1
C:\Users\hamza\Downloads\FYP\AlzVsStr\AlzVsStr\train\Stroke\aug_Stroke 3 (780).jpg,aug_Stroke 3 (780).jpg,Brain Disease,Stroke,train,1
C:\Users\hamza\Downloads\FYP\AlzVsStr\AlzVsStr\train\Stroke\aug_Stroke 3 (781).jpg,aug_Stroke 3 (781).jpg,Brain Disease,Stroke,train,1
C:\Users\hamza\Downloads\FYP\AlzVsStr\AlzVsStr\train\Stroke\aug_Stroke 3 (782).jpg,aug_Stroke 3 (782).jpg,Brain Disease,Stroke,train,1
C:\Users\hamza\Downloads\FYP\AlzVsStr\AlzVsStr\train\Stroke\aug_Stroke 3 (783).jpg,aug_Stroke 3 (783).jpg,Brain Disease,Stroke,train,1
C:\Users\hamza\Downloads\FYP\AlzVsStr\AlzVsStr\train\Stroke\aug_Stroke 3 (784).jpg,aug_Stroke 3 (784).jpg,Brain Disease,Stroke,train,1
C:\Users\hamza\Downloads\FYP\AlzVsStr\AlzVsStr\train\Stroke\aug_Stroke 3 (785).jpg,aug_Stroke 3 (785).jpg,Brain Disease,Stroke,train,1
C:\Users\hamza\Downloads\FYP\AlzVsStr\AlzVsStr\train\Stroke\aug_Stroke 3 (786).jpg,aug_Stroke 3 (786).jpg,Brain Disease,Stroke,train,1
C:\Users\hamza\Downloads\FYP\AlzVsStr\AlzVsStr\train\Stroke\aug_Stroke 3 (787).jpg,aug_Stroke 3 (787).jpg,Brain Disease,Stroke,train,1
C:\Users\hamza\Downloads\FYP\AlzVsStr\AlzVsStr\train\Stroke\aug_Stroke 3 (788).jpg,aug_Stroke 3 (788).jpg,Brain Disease,Stroke,train,1
C:\Users\hamza\Downloads\FYP\AlzVsStr\AlzVsStr\train\Stroke\aug_Stroke 3 (789).jpg,aug_Stroke 3 (789).jpg,Brain Disease,Stroke,train,1
C:\Users\hamza\Downloads\FYP\AlzVsStr\AlzVsStr\train\Stroke\aug_Stroke 3 (79).jpg,aug_Stroke 3 (79).jpg,Brain Disease,Stroke,train,1
C:\Users\hamza\Downloads\FYP\AlzVsStr\AlzVsStr\train\Stroke\aug_Stroke 3 (790).jpg,aug_Stroke 3 (790).jpg,Brain Disease,Stroke,train,1
C:\Users\hamza\Downloads\FYP\AlzVsStr\AlzVsStr\train\Stroke\aug_Stroke 3 (791).jpg,aug_Stroke 3 (791).jpg,Brain Disease,Stroke,train,1
C:\Users\hamza\Downloads\FYP\AlzVsStr\AlzVsStr\train\Stroke\aug_Stroke 3 (792).jpg,aug_Stroke 3 (792).jpg,Brain Disease,Stroke,train,1
C:\Users\hamza\Downloads\FYP\AlzVsStr\AlzVsStr\train\Stroke\aug_Stroke 3 (793).jpg,aug_Stroke 3 (793).jpg,Brain Disease,Stroke,train,1
C:\Users\hamza\Downloads\FYP\AlzVsStr\AlzVsStr\train\Stroke\aug_Stroke 3 (794).jpg,aug_Stroke 3 (794).jpg,Brain Disease,Stroke,train,1
C:\Users\hamza\Downloads\FYP\AlzVsStr\AlzVsStr\train\Stroke\aug_Stroke 3 (795).jpg,aug_Stroke 3 (795).jpg,Brain Disease,Stroke,train,1
C:\Users\hamza\Downloads\FYP\AlzVsStr\AlzVsStr\train\Stroke\aug_Stroke 3 (796).jpg,aug_Stroke 3 (796).jpg,Brain Disease,Stroke,train,1
C:\Users\hamza\Downloads\FYP\AlzVsStr\AlzVsStr\train\Stroke\aug_Stroke 3 (797).jpg,aug_Stroke 3 (797).jpg,Brain Disease,Stroke,train,1
C:\Users\hamza\Downloads\FYP\AlzVsStr\AlzVsStr\train\Stroke\aug_Stroke 3 (798).jpg,aug_Stroke 3 (798).jpg,Brain Disease,Stroke,train,1
C:\Users\hamza\Downloads\FYP\AlzVsStr\AlzVsStr\train\Stroke\aug_Stroke 3 (799).jpg,aug_Stroke 3 (799).jpg,Brain Disease,Stroke,train,1
C:\Users\hamza\Downloads\FYP\AlzVsStr\AlzVsStr\train\Stroke\aug_Stroke 3 (8).jpg,aug_Stroke 3 (8).jpg,Brain Disease,Stroke,train,1
C:\Users\hamza\Downloads\FYP\AlzVsStr\AlzVsStr\train\Stroke\aug_Stroke 3 (80).jpg,aug_Stroke 3 (80).jpg,Brain Disease,Stroke,train,1
C:\Users\hamza\Downloads\FYP\AlzVsStr\AlzVsStr\train\Stroke\aug_Stroke 3 (800).jpg,aug_Stroke 3 (800).jpg,Brain Disease,Stroke,train,1
C:\Users\hamza\Downloads\FYP\AlzVsStr\AlzVsStr\train\Stroke\aug_Stroke 3 (801).jpg,aug_Stroke 3 (801).jpg,Brain Disease,Stroke,train,1
C:\Users\hamza\Downloads\FYP\AlzVsStr\AlzVsStr\train\Stroke\aug_Stroke 3 (802).jpg,aug_Stroke 3 (802).jpg,Brain Disease,Stroke,train,1
C:\Users\hamza\Downloads\FYP\AlzVsStr\AlzVsStr\train\Stroke\aug_Stroke 3 (803).jpg,aug_Stroke 3 (803).jpg,Brain Disease,Stroke,train,1
C:\Users\hamza\Downloads\FYP\AlzVsStr\AlzVsStr\train\Stroke\aug_Stroke 3 (804).jpg,aug_Stroke 3 (804).jpg,Brain Disease,Stroke,train,1
C:\Users\hamza\Downloads\FYP\AlzVsStr\AlzVsStr\train\Stroke\aug_Stroke 3 (805).jpg,aug_Stroke 3 (805).jpg,Brain Disease,Stroke,train,1
C:\Users\hamza\Downloads\FYP\AlzVsStr\AlzVsStr\train\Stroke\aug_Stroke 3 (806).jpg,aug_Stroke 3 (806).jpg,Brain Disease,Stroke,train,1
C:\Users\hamza\Downloads\FYP\AlzVsStr\AlzVsStr\train\Stroke\aug_Stroke 3 (812).jpg,aug_Stroke 3 (812).jpg,Brain Disease,Stroke,train,1
C:\Users\hamza\Downloads\FYP\AlzVsStr\AlzVsStr\train\Stroke\aug_Stroke 3 (813).jpg,aug_Stroke 3 (813).jpg,Brain Disease,Stroke,train,1
C:\Users\hamza\Downloads\FYP\AlzVsStr\AlzVsStr\train\Stroke\aug_Stroke 3 (814).jpg,aug_Stroke 3 (814).jpg,Brain Disease,Stroke,train,1
C:\Users\hamza\Downloads\FYP\AlzVsStr\AlzVsStr\train\Stroke\aug_Stroke 3 (815).jpg,aug_Stroke 3 (815).jpg,Brain Disease,Stroke,train,1
C:\Users\hamza\Downloads\FYP\AlzVsStr\AlzVsStr\train\Stroke\aug_Stroke 3 (816).jpg,aug_Stroke 3 (816).jpg,Brain Disease,Stroke,train,1
C:\Users\hamza\Downloads\FYP\AlzVsStr\AlzVsStr\train\Stroke\aug_Stroke 3 (817).jpg,aug_Stroke 3 (817).jpg,Brain Disease,Stroke,train,1
C:\Users\hamza\Downloads\FYP\AlzVsStr\AlzVsStr\train\Stroke\aug_Stroke 3 (818).jpg,aug_Stroke 3 (818).jpg,Brain Disease,Stroke,train,1
C:\Users\hamza\Downloads\FYP\AlzVsStr\AlzVsStr\train\Stroke\aug_Stroke 3 (819).jpg,aug_Stroke 3 (819).jpg,Brain Disease,Stroke,train,1
C:\Users\hamza\Downloads\FYP\AlzVsStr\AlzVsStr\train\Stroke\aug_Stroke 3 (820).jpg,aug_Stroke 3 (820).jpg,Brain Disease,Stroke,train,1
C:\Users\hamza\Downloads\FYP\AlzVsStr\AlzVsStr\train\Stroke\aug_Stroke 3 (821).jpg,aug_Stroke 3 (821).jpg,Brain Disease,Stroke,train,1
C:\Users\hamza\Downloads\FYP\AlzVsStr\AlzVsStr\train\Stroke\aug_Stroke 3 (822).jpg,aug_Stroke 3 (822).jpg,Brain Disease,Stroke,train,1
C:\Users\hamza\Downloads\FYP\AlzVsStr\AlzVsStr\train\Stroke\aug_Stroke 3 (823).jpg,aug_Stroke 3 (823).jpg,Brain Disease,Stroke,train,1
C:\Users\hamza\Downloads\FYP\AlzVsStr\AlzVsStr\train\Stroke\aug_Stroke 3 (824).jpg,aug_Stroke 3 (824).jpg,Brain Disease,Stroke,train,1
C:\Users\hamza\Downloads\FYP\AlzVsStr\AlzVsStr\train\Stroke\aug_Stroke 3 (825).jpg,aug_Stroke 3 (825).jpg,Brain Disease,Stroke,train,1
C:\Users\hamza\Downloads\FYP\AlzVsStr\AlzVsStr\train\Stroke\aug_Stroke 3 (826).jpg,aug_Stroke 3 (826).jpg,Brain Disease,Stroke,train,1
C:\Users\hamza\Downloads\FYP\AlzVsStr\AlzVsStr\train\Stroke\aug_Stroke 3 (827).jpg,aug_Stroke 3 (827).jpg,Brain Disease,Stroke,train,1
C:\Users\hamza\Downloads\FYP\AlzVsStr\AlzVsStr\train\Stroke\aug_Stroke 3 (828).jpg,aug_Stroke 3 (828).jpg,Brain Disease,Stroke,train,1
C:\Users\hamza\Downloads\FYP\AlzVsStr\AlzVsStr\train\Stroke\aug_Stroke 3 (829).jpg,aug_Stroke 3 (829).jpg,Brain Disease,Stroke,train,1
C:\Users\hamza\Downloads\FYP\AlzVsStr\AlzVsStr\train\Stroke\aug_Stroke 3 (830).jpg,aug_Stroke 3 (830).jpg,Brain Disease,Stroke,train,1
C:\Users\hamza\Downloads\FYP\AlzVsStr\AlzVsStr\train\Stroke\aug_Stroke 3 (831).jpg,aug_Stroke 3 (831).jpg,Brain Disease,Stroke,train,1
C:\Users\hamza\Downloads\FYP\AlzVsStr\AlzVsStr\train\Stroke\aug_Stroke 3 (832).jpg,aug_Stroke 3 (832).jpg,Brain Disease,Stroke,train,1
C:\Users\hamza\Downloads\FYP\AlzVsStr\AlzVsStr\train\Stroke\aug_Stroke 3 (833).jpg,aug_Stroke 3 (833).jpg,Brain Disease,Stroke,train,1
C:\Users\hamza\Downloads\FYP\AlzVsStr\AlzVsStr\train\Stroke\aug_Stroke 3 (834).jpg,aug_Stroke 3 (834).jpg,Brain Disease,Stroke,train,1
C:\Users\hamza\Downloads\FYP\AlzVsStr\AlzVsStr\train\Stroke\aug_Stroke 3 (835).jpg,aug_Stroke 3 (835).jpg,Brain Disease,Stroke,train,1
C:\Users\hamza\Downloads\FYP\AlzVsStr\AlzVsStr\train\Stroke\aug_Stroke 3 (836).jpg,aug_Stroke 3 (836).jpg,Brain Disease,Stroke,train,1
C:\Users\hamza\Downloads\FYP\AlzVsStr\AlzVsStr\train\Stroke\aug_Stroke 3 (837).jpg,aug_Stroke 3 (837).jpg,Brain Disease,Stroke,train,1
C:\Users\hamza\Downloads\FYP\AlzVsStr\AlzVsStr\train\Stroke\aug_Stroke 3 (838).jpg,aug_Stroke 3 (838).jpg,Brain Disease,Stroke,train,1
C:\Users\hamza\Downloads\FYP\AlzVsStr\AlzVsStr\train\Stroke\aug_Stroke 3 (839).jpg,aug_Stroke 3 (839).jpg,Brain Disease,Stroke,train,1
C:\Users\hamza\Downloads\FYP\AlzVsStr\AlzVsStr\train\Stroke\aug_Stroke 3 (840).jpg,aug_Stroke 3 (840).jpg,Brain Disease,Stroke,train,1
C:\Users\hamza\Downloads\FYP\AlzVsStr\AlzVsStr\train\Stroke\aug_Stroke 3 (841).jpg,aug_Stroke 3 (841).jpg,Brain Disease,Stroke,train,1
C:\Users\hamza\Downloads\FYP\AlzVsStr\AlzVsStr\train\Stroke\aug_Stroke 3 (842).jpg,aug_Stroke 3 (842).jpg,Brain Disease,Stroke,train,1
C:\Users\hamza\Downloads\FYP\AlzVsStr\AlzVsStr\train\Alzheimer\Alzheimer (1).jpg,Alzheimer (1).jpg,Brain Disease,Alzheimer,train,0
C:\Users\hamza\Downloads\FYP\AlzVsStr\AlzVsStr\train\Alzheimer\Alzheimer (10).jpg,Alzheimer (10).jpg,Brain Disease,Alzheimer,train,0
C:\Users\hamza\Downloads\FYP\AlzVsStr\AlzVsStr\train\Alzheimer\Alzheimer (100).jpg,Alzheimer (100).jpg,Brain Disease,Alzheimer,train,0
C:\Users\hamza\Downloads\FYP\AlzVsStr\AlzVsStr\train\Alzheimer\Alzheimer (1000).jpg,Alzheimer (1000).jpg,Brain Disease,Alzheimer,train,0
C:\Users\hamza\Downloads\FYP\AlzVsStr\AlzVsStr\train\Alzheimer\Alzheimer (1001).jpg,Alzheimer (1001).jpg,Brain Disease,Alzheimer,train,0
C:\Users\hamza\Downloads\FYP\AlzVsStr\AlzVsStr\train\Alzheimer\Alzheimer (1002).jpg,Alzheimer (1002).jpg,Brain Disease,Alzheimer,train,0
C:\Users\hamza\Downloads\FYP\AlzVsStr\AlzVsStr\train\Alzheimer\Alzheimer (1003).jpg,Alzheimer (1003).jpg,Brain Disease,Alzheimer,train,0
C:\Users\hamza\Downloads\FYP\AlzVsStr\AlzVsStr\train\Alzheimer\Alzheimer (1004).jpg,Alzheimer (1004).jpg,Brain Disease,Alzheimer,train,0
C:\Users\hamza\Downloads\FYP\AlzVsStr\AlzVsStr\train\Alzheimer\Alzheimer (1005).jpg,Alzheimer (1005).jpg,Brain Disease,Alzheimer,train,0
C:\Users\hamza\Downloads\FYP\AlzVsStr\AlzVsStr\train\Alzheimer\Alzheimer (1006).jpg,Alzheimer (1006).jpg,Brain Disease,Alzheimer,train,0
C:\Users\hamza\Downloads\FYP\AlzVsStr\AlzVsStr\train\Alzheimer\Alzheimer (1007).jpg,Alzheimer (1007).jpg,Brain Disease,Alzheimer,train,0
C:\Users\hamza\Downloads\FYP\AlzVsStr\AlzVsStr\train\Alzheimer\Alzheimer (1008).jpg,Alzheimer (1008).jpg,Brain Disease,Alzheimer,train,0
C:\Users\hamza\Downloads\FYP\AlzVsStr\AlzVsStr\train\Alzheimer\Alzheimer (1009).jpg,Alzheimer (1009).jpg,Brain Disease,Alzheimer,train,0
C:\Users\hamza\Downloads\FYP\AlzVsStr\AlzVsStr\train\Alzheimer\Alzheimer (101).jpg,Alzheimer (101).jpg,Brain Disease,Alzheimer,train,0
C:\Users\hamza\Downloads\FYP\AlzVsStr\AlzVsStr\train\Alzheimer\Alzheimer (1010).jpg,Alzheimer (1010).jpg,Brain Disease,Alzheimer,train,0
C:\Users\hamza\Downloads\FYP\AlzVsStr\AlzVsStr\train\Alzheimer\Alzheimer (1011).jpg,Alzheimer (1011).jpg,Brain Disease,Alzheimer,train,0
C:\Users\hamza\Downloads\FYP\AlzVsStr\AlzVsStr\train\Alzheimer\Alzheimer (1012).jpg,Alzheimer (1012).jpg,Brain Disease,Alzheimer,train,0
C:\Users\hamza\Downloads\FYP\AlzVsStr\AlzVsStr\train\Alzheimer\Alzheimer (1013).jpg,Alzheimer (1013).jpg,Brain Disease,Alzheimer,train,0
C:\Users\hamza\Downloads\FYP\AlzVsStr\AlzVsStr\train\Alzheimer\Alzheimer (1014).jpg,Alzheimer (1014).jpg,Brain Disease,Alzheimer,train,0
C:\Users\hamza\Downloads\FYP\AlzVsStr\AlzVsStr\train\Alzheimer\Alzheimer (1015).jpg,Alzheimer (1015).jpg,Brain Disease,Alzheimer,train,0
C:\Users\hamza\Downloads\FYP\AlzVsStr\AlzVsStr\train\Alzheimer\Alzheimer (1016).jpg,Alzheimer (1016).jpg,Brain Disease,Alzheimer,train,0
C:\Users\hamza\Downloads\FYP\AlzVsStr\AlzVsStr\train\Alzheimer\Alzheimer (1017).jpg,Alzheimer (1017).jpg,Brain Disease,Alzheimer,train,0
C:\Users\hamza\Downloads\FYP\AlzVsStr\AlzVsStr\train\Alzheimer\Alzheimer (1018).jpg,Alzheimer (1018).jpg,Brain Disease,Alzheimer,train,0
C:\Users\hamza\Downloads\FYP\AlzVsStr\AlzVsStr\train\Alzheimer\Alzheimer (1019).jpg,Alzheimer (1019).jpg,Brain Disease,Alzheimer,train,0
C:\Users\hamza\Downloads\FYP\AlzVsStr\AlzVsStr\train\Alzheimer\Alzheimer (102).jpg,Alzheimer (102).jpg,Brain Disease,Alzheimer,train,0
C:\Users\hamza\Downloads\FYP\AlzVsStr\AlzVsStr\train\Alzheimer\Alzheimer (1020).jpg,Alzheimer (1020).jpg,Brain Disease,Alzheimer,train,0
C:\Users\hamza\Downloads\FYP\AlzVsStr\AlzVsStr\train\Alzheimer\Alzheimer (1021).jpg,Alzheimer (1021).jpg,Brain Disease,Alzheimer,train,0
C:\Users\hamza\Downloads\FYP\AlzVsStr\AlzVsStr\train\Alzheimer\Alzheimer (1022).jpg,Alzheimer (1022).jpg,Brain Disease,Alzheimer,train,0
C:\Users\hamza\Downloads\FYP\AlzVsStr\AlzVsStr\train\Alzheimer\Alzheimer (1023).jpg,Alzheimer (1023).jpg,Brain Disease,Alzheimer,train,0
C:\Users\hamza\Downloads\FYP\AlzVsStr\AlzVsStr\train\Alzheimer\Alzheimer (1024).jpg,Alzheimer (1024).jpg,Brain Disease,Alzheimer,train,0
C:\Users\hamza\Downloads\FYP\AlzVsStr\AlzVsStr\train\Alzheimer\Alzheimer (1025).jpg,Alzheimer (1025).jpg,Brain Disease,Alzheimer,train,0
C:\Users\hamza\Downloads\FYP\AlzVsStr\AlzVsStr\train\Alzheimer\Alzheimer (1026).jpg,Alzheimer (1026).jpg,Brain Disease,Alzheimer,train,0
C:\Users\hamza\Downloads\FYP\AlzVsStr\AlzVsStr\train\Alzheimer\Alzheimer (1027).jpg,Alzheimer (1027).jpg,Brain Disease,Alzheimer,train,0
C:\Users\hamza\Downloads\FYP\AlzVsStr\AlzVsStr\train\Alzheimer\Alzheimer (1028).jpg,Alzheimer (1028).jpg,Brain Disease,Alzheimer,train,0
C:\Users\hamza\Downloads\FYP\AlzVsStr\AlzVsStr\train\Alzheimer\Alzheimer (1029).jpg,Alzheimer (1029).jpg,Brain Disease,Alzheimer,train,0
C:\Users\hamza\Downloads\FYP\AlzVsStr\AlzVsStr\train\Alzheimer\Alzheimer (103).jpg,Alzheimer (103).jpg,Brain Disease,Alzheimer,train,0
C:\Users\hamza\Downloads\FYP\AlzVsStr\AlzVsStr\train\Alzheimer\Alzheimer (1030).jpg,Alzheimer (1030).jpg,Brain Disease,Alzheimer,train,0
C:\Users\hamza\Downloads\FYP\AlzVsStr\AlzVsStr\train\Alzheimer\Alzheimer (1031).jpg,Alzheimer (1031).jpg,Brain Disease,Alzheimer,train,0
C:\Users\hamza\Downloads\FYP\AlzVsStr\AlzVsStr\train\Alzheimer\Alzheimer (1032).jpg,Alzheimer (1032).jpg,Brain Disease,Alzheimer,train,0
C:\Users\hamza\Downloads\FYP\AlzVsStr\AlzVsStr\train\Alzheimer\Alzheimer (1033).jpg,Alzheimer (1033).jpg,Brain Disease,Alzheimer,train,0
C:\Users\hamza\Downloads\FYP\AlzVsStr\AlzVsStr\train\Alzheimer\Alzheimer (1034).jpg,Alzheimer (1034).jpg,Brain Disease,Alzheimer,train,0
C:\Users\hamza\Downloads\FYP\AlzVsStr\AlzVsStr\train\Alzheimer\Alzheimer (1035).jpg,Alzheimer (1035).jpg,Brain Disease,Alzheimer,train,0
C:\Users\hamza\Downloads\FYP\AlzVsStr\AlzVsStr\train\Alzheimer\Alzheimer (1036).jpg,Alzheimer (1036).jpg,Brain Disease,Alzheimer,train,0
C:\Users\hamza\Downloads\FYP\AlzVsStr\AlzVsStr\train\Alzheimer\Alzheimer (1037).jpg,Alzheimer (1037).jpg,Brain Disease,Alzheimer,train,0
C:\Users\hamza\Downloads\FYP\AlzVsStr\AlzVsStr\train\Alzheimer\Alzheimer (1038).jpg,Alzheimer (1038).jpg,Brain Disease,Alzheimer,train,0
C:\Users\hamza\Downloads\FYP\AlzVsStr\AlzVsStr\train\Alzheimer\Alzheimer (1039).jpg,Alzheimer (1039).jpg,Brain Disease,Alzheimer,train,0
C:\Users\hamza\Downloads\FYP\AlzVsStr\AlzVsStr\train\Alzheimer\Alzheimer (104).jpg,Alzheimer (104).jpg,Brain Disease,Alzheimer,train,0
C:\Users\hamza\Downloads\FYP\AlzVsStr\AlzVsStr\train\Alzheimer\Alzheimer (1040).jpg,Alzheimer (1040).jpg,Brain Disease,Alzheimer,train,0
C:\Users\hamza\Downloads\FYP\AlzVsStr\AlzVsStr\train\Alzheimer\Alzheimer (1041).jpg,Alzheimer (1041).jpg,Brain Disease,Alzheimer,train,0
C:\Users\hamza\Downloads\FYP\AlzVsStr\AlzVsStr\train\Alzheimer\Alzheimer (1042).jpg,Alzheimer (1042).jpg,Brain Disease,Alzheimer,train,0
C:\Users\hamza\Downloads\FYP\AlzVsStr\AlzVsStr\train\Alzheimer\Alzheimer (1043).jpg,Alzheimer (1043).jpg,Brain Disease,Alzheimer,train,0
C:\Users\hamza\Downloads\FYP\AlzVsStr\AlzVsStr\train\Alzheimer\Alzheimer (1044).jpg,Alzheimer (1044).jpg,Brain Disease,Alzheimer,train,0
C:\Users\hamza\Downloads\FYP\AlzVsStr\AlzVsStr\train\Alzheimer\Alzheimer (1045).jpg,Alzheimer (1045).jpg,Brain Disease,Alzheimer,train,0
C:\Users\hamza\Downloads\FYP\AlzVsStr\AlzVsStr\train\Alzheimer\Alzheimer (1046).jpg,Alzheimer (1046).jpg,Brain Disease,Alzheimer,train,0
C:\Users\hamza\Downloads\FYP\AlzVsStr\AlzVsStr\train\Alzheimer\Alzheimer (1047).jpg,Alzheimer (1047).jpg,Brain Disease,Alzheimer,train,0
C:\Users\hamza\Downloads\FYP\AlzVsStr\AlzVsStr\train\Alzheimer\Alzheimer (1048).jpg,Alzheimer (1048).jpg,Brain Disease,Alzheimer,train,0
C:\Users\hamza\Downloads\FYP\AlzVsStr\AlzVsStr\train\Alzheimer\Alzheimer (1049).jpg,Alzheimer (1049).jpg,Brain Disease,Alzheimer,train,0
C:\Users\hamza\Downloads\FYP\AlzVsStr\AlzVsStr\train\Alzheimer\Alzheimer (105).jpg,Alzheimer (105).jpg,Brain Disease,Alzheimer,train,0
C:\Users\hamza\Downloads\FYP\AlzVsStr\AlzVsStr\train\Alzheimer\Alzheimer (1050).jpg,Alzheimer (1050).jpg,Brain Disease,Alzheimer,train,0
C:\Users\hamza\Downloads\FYP\AlzVsStr\AlzVsStr\train\Alzheimer\Alzheimer (1051).jpg,Alzheimer (1051).jpg,Brain Disease,Alzheimer,train,0
C:\Users\hamza\Downloads\FYP\AlzVsStr\AlzVsStr\train\Alzheimer\Alzheimer (1052).jpg,Alzheimer (1052).jpg,Brain Disease,Alzheimer,train,0
C:\Users\hamza\Downloads\FYP\AlzVsStr\AlzVsStr\train\Alzheimer\Alzheimer (1053).jpg,Alzheimer (1053).jpg,Brain Disease,Alzheimer,train,0
C:\Users\hamza\Downloads\FYP\AlzVsStr\AlzVsStr\train\Alzheimer\Alzheimer (1054).jpg,Alzheimer (1054).jpg,Brain Disease,Alzheimer,train,0
C:\Users\hamza\Downloads\FYP\AlzVsStr\AlzVsStr\train\Alzheimer\Alzheimer (1055).jpg,Alzheimer (1055).jpg,Brain Disease,Alzheimer,train,0
C:\Users\hamza\Downloads\FYP\AlzVsStr\AlzVsStr\train\Alzheimer\Alzheimer (1056).jpg,Alzheimer (1056).jpg,Brain Disease,Alzheimer,train,0
C:\Users\hamza\Downloads\FYP\AlzVsStr\AlzVsStr\train\Alzheimer\Alzheimer (1057).jpg,Alzheimer (1057).jpg,Brain Disease,Alzheimer,train,0
C:\Users\hamza\Downloads\FYP\AlzVsStr\AlzVsStr\train\Alzheimer\Alzheimer (1058).jpg,Alzheimer (1058).jpg,Brain Disease,Alzheimer,train,0
C:\Users\hamza\Downloads\FYP\AlzVsStr\AlzVsStr\train\Alzheimer\Alzheimer (1059).jpg,Alzheimer (1059).jpg,Brain Disease,Alzheimer,train,0
C:\Users\hamza\Downloads\FYP\AlzVsStr\AlzVsStr\train\Alzheimer\Alzheimer (106).jpg,Alzheimer (106).jpg,Brain Disease,Alzheimer,train,0
C:\Users\hamza\Downloads\FYP\AlzVsStr\AlzVsStr\train\Alzheimer\Alzheimer (1060).jpg,Alzheimer (1060).jpg,Brain Disease,Alzheimer,train,0
C:\Users\hamza\Downloads\FYP\AlzVsStr\AlzVsStr\train\Alzheimer\Alzheimer (1061).jpg,Alzheimer (1061).jpg,Brain Disease,Alzheimer,train,0
C:\Users\hamza\Downloads\FYP\AlzVsStr\AlzVsStr\train\Alzheimer\Alzheimer (1062).jpg,Alzheimer (1062).jpg,Brain Disease,Alzheimer,train,0
C:\Users\hamza\Downloads\FYP\AlzVsStr\AlzVsStr\train\Alzheimer\Alzheimer (1063).jpg,Alzheimer (1063).jpg,Brain Disease,Alzheimer,train,0
C:\Users\hamza\Downloads\FYP\AlzVsStr\AlzVsStr\train\Alzheimer\Alzheimer (1064).jpg,Alzheimer (1064).jpg,Brain Disease,Alzheimer,train,0
C:\Users\hamza\Downloads\FYP\AlzVsStr\AlzVsStr\train\Alzheimer\Alzheimer (1065).jpg,Alzheimer (1065).jpg,Brain Disease,Alzheimer,train,0
C:\Users\hamza\Downloads\FYP\AlzVsStr\AlzVsStr\train\Alzheimer\Alzheimer (1066).jpg,Alzheimer (1066).jpg,Brain Disease,Alzheimer,train,0
C:\Users\hamza\Downloads\FYP\AlzVsStr\AlzVsStr\train\Alzheimer\Alzheimer (1067).jpg,Alzheimer (1067).jpg,Brain Disease,Alzheimer,train,0
C:\Users\hamza\Downloads\FYP\AlzVsStr\AlzVsStr\train\Alzheimer\Alzheimer (1068).jpg,Alzheimer (1068).jpg,Brain Disease,Alzheimer,train,0
C:\Users\hamza\Downloads\FYP\AlzVsStr\AlzVsStr\train\Alzheimer\Alzheimer (1069).jpg,Alzheimer (1069).jpg,Brain Disease,Alzheimer,train,0
C:\Users\hamza\Downloads\FYP\AlzVsStr\AlzVsStr\train\Alzheimer\Alzheimer (107).jpg,Alzheimer (107).jpg,Brain Disease,Alzheimer,train,0
C:\Users\hamza\Downloads\FYP\AlzVsStr\AlzVsStr\train\Alzheimer\Alzheimer (1070).jpg,Alzheimer (1070).jpg,Brain Disease,Alzheimer,train,0
C:\Users\hamza\Downloads\FYP\AlzVsStr\AlzVsStr\train\Alzheimer\Alzheimer (1071).jpg,Alzheimer (1071).jpg,Brain Disease,Alzheimer,train,0
C:\Users\hamza\Downloads\FYP\AlzVsStr\AlzVsStr\train\Alzheimer\Alzheimer (1072).jpg,Alzheimer (1072).jpg,Brain Disease,Alzheimer,train,0
C:\Users\hamza\Downloads\FYP\AlzVsStr\AlzVsStr\train\Alzheimer\Alzheimer (1073).jpg,Alzheimer (1073).jpg,Brain Disease,Alzheimer,train,0
C:\Users\hamza\Downloads\FYP\AlzVsStr\AlzVsStr\train\Alzheimer\Alzheimer (1074).jpg,Alzheimer (1074).jpg,Brain Disease,Alzheimer,train,0
C:\Users\hamza\Downloads\FYP\AlzVsStr\AlzVsStr\train\Alzheimer\Alzheimer (1075).jpg,Alzheimer (1075).jpg,Brain Disease,Alzheimer,train,0
C:\Users\hamza\Downloads\FYP\AlzVsStr\AlzVsStr\train\Alzheimer\Alzheimer (1076).jpg,Alzheimer (1076).jpg,Brain Disease,Alzheimer,train,0
C:\Users\hamza\Downloads\FYP\AlzVsStr\AlzVsStr\train\Alzheimer\Alzheimer (1077).jpg,Alzheimer (1077).jpg,Brain Disease,Alzheimer,train,0
C:\Users\hamza\Downloads\FYP\AlzVsStr\AlzVsStr\train\Alzheimer\Alzheimer (1078).jpg,Alzheimer (1078).jpg,Brain Disease,Alzheimer,train,0
C:\Users\hamza\Downloads\FYP\AlzVsStr\AlzVsStr\train\Alzheimer\Alzheimer (1079).jpg,Alzheimer (1079).jpg,Brain Disease,Alzheimer,train,0
C:\Users\hamza\Downloads\FYP\AlzVsStr\AlzVsStr\train\Alzheimer\Alzheimer (108).jpg,Alzheimer (108).jpg,Brain Disease,Alzheimer,train,0
C:\Users\hamza\Downloads\FYP\AlzVsStr\AlzVsStr\train\Alzheimer\Alzheimer (1080).jpg,Alzheimer (1080).jpg,Brain Disease,Alzheimer,train,0
C:\Users\hamza\Downloads\FYP\AlzVsStr\AlzVsStr\train\Alzheimer\Alzheimer (1081).jpg,Alzheimer (1081).jpg,Brain Disease,Alzheimer,train,0
C:\Users\hamza\Downloads\FYP\AlzVsStr\AlzVsStr\train\Alzheimer\Alzheimer (1082).jpg,Alzheimer (1082).jpg,Brain Disease,Alzheimer,train,0
C:\Users\hamza\Downloads\FYP\AlzVsStr\AlzVsStr\train\Alzheimer\Alzheimer (1083).jpg,Alzheimer (1083).jpg,Brain Disease,Alzheimer,train,0
C:\Users\hamza\Downloads\FYP\AlzVsStr\AlzVsStr\train\Alzheimer\Alzheimer (1084).jpg,Alzheimer (1084).jpg,Brain Disease,Alzheimer,train,0
C:\Users\hamza\Downloads\FYP\AlzVsStr\AlzVsStr\train\Alzheimer\Alzheimer (1085).jpg,Alzheimer (1085).jpg,Brain Disease,Alzheimer,train,0
C:\Users\hamza\Downloads\FYP\AlzVsStr\AlzVsStr\train\Alzheimer\Alzheimer (1086).jpg,Alzheimer (1086).jpg,Brain Disease,Alzheimer,train,0
C:\Users\hamza\Downloads\FYP\AlzVsStr\AlzVsStr\train\Alzheimer\Alzheimer (1087).jpg,Alzheimer (1087).jpg,Brain Disease,Alzheimer,train,0
C:\Users\hamza\Downloads\FYP\AlzVsStr\AlzVsStr\train\Alzheimer\Alzheimer (1088).jpg,Alzheimer (1088).jpg,Brain Disease,Alzheimer,train,0
C:\Users\hamza\Downloads\FYP\AlzVsStr\AlzVsStr\train\Alzheimer\Alzheimer (1089).jpg,Alzheimer (1089).jpg,Brain Disease,Alzheimer,train,0
C:\Users\hamza\Downloads\FYP\AlzVsStr\AlzVsStr\train\Alzheimer\Alzheimer (109).jpg,Alzheimer (109).jpg,Brain Disease,Alzheimer,train,0
C:\Users\hamza\Downloads\FYP\AlzVsStr\AlzVsStr\train\Alzheimer\Alzheimer (1090).jpg,Alzheimer (1090).jpg,Brain Disease,Alzheimer,train,0
C:\Users\hamza\Downloads\FYP\AlzVsStr\AlzVsStr\train\Alzheimer\Alzheimer (1091).jpg,Alzheimer (1091).jpg,Brain Disease,Alzheimer,train,0
C:\Users\hamza\Downloads\FYP\AlzVsStr\AlzVsStr\train\Alzheimer\Alzheimer (1092).jpg,Alzheimer (1092).jpg,Brain Disease,Alzheimer,train,0
C:\Users\hamza\Downloads\FYP\AlzVsStr\AlzVsStr\train\Alzheimer\Alzheimer (1093).jpg,Alzheimer (1093).jpg,Brain Disease,Alzheimer,train,0
C:\Users\hamza\Downloads\FYP\AlzVsStr\AlzVsStr\train\Alzheimer\Alzheimer (1094).jpg,Alzheimer (1094).jpg,Brain Disease,Alzheimer,train,0
C:\Users\hamza\Downloads\FYP\AlzVsStr\AlzVsStr\train\Alzheimer\Alzheimer (1095).jpg,Alzheimer (1095).jpg,Brain Disease,Alzheimer,train,0
C:\Users\hamza\Downloads\FYP\AlzVsStr\AlzVsStr\train\Alzheimer\Alzheimer (1096).jpg,Alzheimer (1096).jpg,Brain Disease,Alzheimer,train,0
C:\Users\hamza\Downloads\FYP\AlzVsStr\AlzVsStr\train\Alzheimer\Alzheimer (1097).jpg,Alzheimer (1097).jpg,Brain Disease,Alzheimer,train,0
C:\Users\hamza\Downloads\FYP\AlzVsStr\AlzVsStr\train\Alzheimer\Alzheimer (1098).jpg,Alzheimer (1098).jpg,Brain Disease,Alzheimer,train,0
C:\Users\hamza\Downloads\FYP\AlzVsStr\AlzVsStr\train\Alzheimer\Alzheimer (1099).jpg,Alzheimer (1099).jpg,Brain Disease,Alzheimer,train,0
C:\Users\hamza\Downloads\FYP\AlzVsStr\AlzVsStr\train\Alzheimer\Alzheimer (11).jpg,Alzheimer (11).jpg,Brain Disease,Alzheimer,train,0
C:\Users\hamza\Downloads\FYP\AlzVsStr\AlzVsStr\train\Alzheimer\Alzheimer (110).jpg,Alzheimer (110).jpg,Brain Disease,Alzheimer,train,0
C:\Users\hamza\Downloads\FYP\AlzVsStr\AlzVsStr\train\Alzheimer\Alzheimer (1100).jpg,Alzheimer (1100).jpg,Brain Disease,Alzheimer,train,0
C:\Users\hamza\Downloads\FYP\AlzVsStr\AlzVsStr\train\Alzheimer\Alzheimer (1101).jpg,Alzheimer (1101).jpg,Brain Disease,Alzheimer,train,0
C:\Users\hamza\Downloads\FYP\AlzVsStr\AlzVsStr\train\Alzheimer\Alzheimer (1102).jpg,Alzheimer (1102).jpg,Brain Disease,Alzheimer,train,0
C:\Users\hamza\Downloads\FYP\AlzVsStr\AlzVsStr\train\Alzheimer\Alzheimer (1103).jpg,Alzheimer (1103).jpg,Brain Disease,Alzheimer,train,0
C:\Users\hamza\Downloads\FYP\AlzVsStr\AlzVsStr\train\Alzheimer\Alzheimer (1104).jpg,Alzheimer (1104).jpg,Brain Disease,Alzheimer,train,0
C:\Users\hamza\Downloads\FYP\AlzVsStr\AlzVsStr\train\Alzheimer\Alzheimer (1105).jpg,Alzheimer (1105).jpg,Brain Disease,Alzheimer,train,0
C:\Users\hamza\Downloads\FYP\AlzVsStr\AlzVsStr\train\Alzheimer\Alzheimer (1106).jpg,Alzheimer (1106).jpg,Brain Disease,Alzheimer,train,0
C:\Users\hamza\Downloads\FYP\AlzVsStr\AlzVsStr\train\Alzheimer\Alzheimer (1107).jpg,Alzheimer (1107).jpg,Brain Disease,Alzheimer,train,0
C:\Users\hamza\Downloads\FYP\AlzVsStr\AlzVsStr\train\Alzheimer\Alzheimer (1108).jpg,Alzheimer (1108).jpg,Brain Disease,Alzheimer,train,0
C:\Users\hamza\Downloads\FYP\AlzVsStr\AlzVsStr\train\Alzheimer\Alzheimer (1109).jpg,Alzheimer (1109).jpg,Brain Disease,Alzheimer,train,0
C:\Users\hamza\Downloads\FYP\AlzVsStr\AlzVsStr\train\Alzheimer\Alzheimer (111).jpg,Alzheimer (111).jpg,Brain Disease,Alzheimer,train,0
C:\Users\hamza\Downloads\FYP\AlzVsStr\AlzVsStr\train\Alzheimer\Alzheimer (1110).jpg,Alzheimer (1110).jpg,Brain Disease,Alzheimer,train,0
C:\Users\hamza\Downloads\FYP\AlzVsStr\AlzVsStr\train\Alzheimer\Alzheimer (1111).jpg,Alzheimer (1111).jpg,Brain Disease,Alzheimer,train,0
C:\Users\hamza\Downloads\FYP\AlzVsStr\AlzVsStr\train\Alzheimer\Alzheimer (1112).jpg,Alzheimer (1112).jpg,Brain Disease,Alzheimer,train,0
C:\Users\hamza\Downloads\FYP\AlzVsStr\AlzVsStr\train\Alzheimer\Alzheimer (1113).jpg,Alzheimer (1113).jpg,Brain Disease,Alzheimer,train,0
C:\Users\hamza\Downloads\FYP\AlzVsStr\AlzVsStr\train\Alzheimer\Alzheimer (1114).jpg,Alzheimer (1114).jpg,Brain Disease,Alzheimer,train,0
C:\Users\hamza\Downloads\FYP\AlzVsStr\AlzVsStr\train\Alzheimer\Alzheimer (1115).jpg,Alzheimer (1115).jpg,Brain Disease,Alzheimer,train,0
C:\Users\hamza\Downloads\FYP\AlzVsStr\AlzVsStr\train\Alzheimer\Alzheimer (1116).jpg,Alzheimer (1116).jpg,Brain Disease,Alzheimer,train,0
C:\Users\hamza\Downloads\FYP\AlzVsStr\AlzVsStr\train\Alzheimer\Alzheimer (1117).jpg,Alzheimer (1117).jpg,Brain Disease,Alzheimer,train,0
C:\Users\hamza\Downloads\FYP\AlzVsStr\AlzVsStr\train\Alzheimer\Alzheimer (1118).jpg,Alzheimer (1118).jpg,Brain Disease,Alzheimer,train,0
C:\Users\hamza\Downloads\FYP\AlzVsStr\AlzVsStr\train\Alzheimer\Alzheimer (1119).jpg,Alzheimer (1119).jpg,Brain Disease,Alzheimer,train,0
C:\Users\hamza\Downloads\FYP\AlzVsStr\AlzVsStr\train\Alzheimer\Alzheimer (112).jpg,Alzheimer (112).jpg,Brain Disease,Alzheimer,train,0
C:\Users\hamza\Downloads\FYP\AlzVsStr\AlzVsStr\train\Alzheimer\Alzheimer (1120).jpg,Alzheimer (1120).jpg,Brain Disease,Alzheimer,train,0
C:\Users\hamza\Downloads\FYP\AlzVsStr\AlzVsStr\train\Alzheimer\Alzheimer (1121).jpg,Alzheimer (1121).jpg,Brain Disease,Alzheimer,train,0
C:\Users\hamza\Downloads\FYP\AlzVsStr\AlzVsStr\train\Alzheimer\Alzheimer (1122).jpg,Alzheimer (1122).jpg,Brain Disease,Alzheimer,train,0
C:\Users\hamza\Downloads\FYP\AlzVsStr\AlzVsStr\train\Alzheimer\Alzheimer (1123).jpg,Alzheimer (1123).jpg,Brain Disease,Alzheimer,train,0
C:\Users\hamza\Downloads\FYP\AlzVsStr\AlzVsStr\train\Alzheimer\Alzheimer (1124).jpg,Alzheimer (1124).jpg,Brain Disease,Alzheimer,train,0
C:\Users\hamza\Downloads\FYP\AlzVsStr\AlzVsStr\train\Alzheimer\Alzheimer (1125).jpg,Alzheimer (1125).jpg,Brain Disease,Alzheimer,train,0
C:\Users\hamza\Downloads\FYP\AlzVsStr\AlzVsStr\train\Alzheimer\Alzheimer (1126).jpg,Alzheimer (1126).jpg,Brain Disease,Alzheimer,train,0
C:\Users\hamza\Downloads\FYP\AlzVsStr\AlzVsStr\train\Alzheimer\Alzheimer (1127).jpg,Alzheimer (1127).jpg,Brain Disease,Alzheimer,train,0
C:\Users\hamza\Downloads\FYP\AlzVsStr\AlzVsStr\train\Alzheimer\Alzheimer (1128).jpg,Alzheimer (1128).jpg,Brain Disease,Alzheimer,train,0
C:\Users\hamza\Downloads\FYP\AlzVsStr\AlzVsStr\train\Alzheimer\Alzheimer (1129).jpg,Alzheimer (1129).jpg,Brain Disease,Alzheimer,train,0
C:\Users\hamza\Downloads\FYP\AlzVsStr\AlzVsStr\train\Alzheimer\Alzheimer (113).jpg,Alzheimer (113).jpg,Brain Disease,Alzheimer,train,0
C:\Users\hamza\Downloads\FYP\AlzVsStr\AlzVsStr\train\Alzheimer\Alzheimer (1130).jpg,Alzheimer (1130).jpg,Brain Disease,Alzheimer,train,0
C:\Users\hamza\Downloads\FYP\AlzVsStr\AlzVsStr\train\Alzheimer\Alzheimer (1131).jpg,Alzheimer (1131).jpg,Brain Disease,Alzheimer,train,0
C:\Users\hamza\Downloads\FYP\AlzVsStr\AlzVsStr\train\Alzheimer\Alzheimer (1132).jpg,Alzheimer (1132).jpg,Brain Disease,Alzheimer,train,0
C:\Users\hamza\Downloads\FYP\AlzVsStr\AlzVsStr\train\Alzheimer\Alzheimer (1133).jpg,Alzheimer (1133).jpg,Brain Disease,Alzheimer,train,0
C:\Users\hamza\Downloads\FYP\AlzVsStr\AlzVsStr\train\Alzheimer\Alzheimer (1134).jpg,Alzheimer (1134).jpg,Brain Disease,Alzheimer,train,0
C:\Users\hamza\Downloads\FYP\AlzVsStr\AlzVsStr\train\Alzheimer\Alzheimer (1135).jpg,Alzheimer (1135).jpg,Brain Disease,Alzheimer,train,0
C:\Users\hamza\Downloads\FYP\AlzVsStr\AlzVsStr\train\Alzheimer\Alzheimer (1136).jpg,Alzheimer (1136).jpg,Brain Disease,Alzheimer,train,0
C:\Users\hamza\Downloads\FYP\AlzVsStr\AlzVsStr\train\Alzheimer\Alzheimer (1137).jpg,Alzheimer (1137).jpg,Brain Disease,Alzheimer,train,0
C:\Users\hamza\Downloads\FYP\AlzVsStr\AlzVsStr\train\Alzheimer\Alzheimer (1138).jpg,Alzheimer (1138).jpg,Brain Disease,Alzheimer,train,0
C:\Users\hamza\Downloads\FYP\AlzVsStr\AlzVsStr\train\Alzheimer\Alzheimer (1139).jpg,Alzheimer (1139).jpg,Brain Disease,Alzheimer,train,0
C:\Users\hamza\Downloads\FYP\AlzVsStr\AlzVsStr\train\Alzheimer\Alzheimer (114).jpg,Alzheimer (114).jpg,Brain Disease,Alzheimer,train,0
C:\Users\hamza\Downloads\FYP\AlzVsStr\AlzVsStr\train\Alzheimer\Alzheimer (1140).jpg,Alzheimer (1140).jpg,Brain Disease,Alzheimer,train,0
C:\Users\hamza\Downloads\FYP\AlzVsStr\AlzVsStr\train\Alzheimer\Alzheimer (1141).jpg,Alzheimer (1141).jpg,Brain Disease,Alzheimer,train,0
C:\Users\hamza\Downloads\FYP\AlzVsStr\AlzVsStr\train\Alzheimer\Alzheimer (1142).jpg,Alzheimer (1142).jpg,Brain Disease,Alzheimer,train,0
C:\Users\hamza\Downloads\FYP\AlzVsStr\AlzVsStr\train\Alzheimer\Alzheimer (1143).jpg,Alzheimer (1143).jpg,Brain Disease,Alzheimer,train,0
C:\Users\hamza\Downloads\FYP\AlzVsStr\AlzVsStr\train\Alzheimer\Alzheimer (1144).jpg,Alzheimer (1144).jpg,Brain Disease,Alzheimer,train,0
C:\Users\hamza\Downloads\FYP\AlzVsStr\AlzVsStr\train\Alzheimer\Alzheimer (1145).jpg,Alzheimer (1145).jpg,Brain Disease,Alzheimer,train,0
C:\Users\hamza\Downloads\FYP\AlzVsStr\AlzVsStr\train\Alzheimer\Alzheimer (1146).jpg,Alzheimer (1146).jpg,Brain Disease,Alzheimer,train,0
C:\Users\hamza\Downloads\FYP\AlzVsStr\AlzVsStr\train\Alzheimer\Alzheimer (1147).jpg,Alzheimer (1147).jpg,Brain Disease,Alzheimer,train,0
C:\Users\hamza\Downloads\FYP\AlzVsStr\AlzVsStr\train\Alzheimer\Alzheimer (1148).jpg,Alzheimer (1148).jpg,Brain Disease,Alzheimer,train,0
C:\Users\hamza\Downloads\FYP\AlzVsStr\AlzVsStr\train\Alzheimer\Alzheimer (1149).jpg,Alzheimer (1149).jpg,Brain Disease,Alzheimer,train,0
C:\Users\hamza\Downloads\FYP\AlzVsStr\AlzVsStr\train\Alzheimer\Alzheimer (115).jpg,Alzheimer (115).jpg,Brain Disease,Alzheimer,train,0
C:\Users\hamza\Downloads\FYP\AlzVsStr\AlzVsStr\train\Alzheimer\Alzheimer (1150).jpg,Alzheimer (1150).jpg,Brain Disease,Alzheimer,train,0
C:\Users\hamza\Downloads\FYP\AlzVsStr\AlzVsStr\train\Alzheimer\Alzheimer (1151).jpg,Alzheimer (1151).jpg,Brain Disease,Alzheimer,train,0
C:\Users\hamza\Downloads\FYP\AlzVsStr\AlzVsStr\train\Alzheimer\Alzheimer (1152).jpg,Alzheimer (1152).jpg,Brain Disease,Alzheimer,train,0
C:\Users\hamza\Downloads\FYP\AlzVsStr\AlzVsStr\train\Alzheimer\Alzheimer (1153).jpg,Alzheimer (1153).jpg,Brain Disease,Alzheimer,train,0
C:\Users\hamza\Downloads\FYP\AlzVsStr\AlzVsStr\train\Alzheimer\Alzheimer (1154).jpg,Alzheimer (1154).jpg,Brain Disease,Alzheimer,train,0
C:\Users\hamza\Downloads\FYP\AlzVsStr\AlzVsStr\train\Alzheimer\Alzheimer (1155).jpg,Alzheimer (1155).jpg,Brain Disease,Alzheimer,train,0
C:\Users\hamza\Downloads\FYP\AlzVsStr\AlzVsStr\train\Alzheimer\Alzheimer (1156).jpg,Alzheimer (1156).jpg,Brain Disease,Alzheimer,train,0
C:\Users\hamza\Downloads\FYP\AlzVsStr\AlzVsStr\train\Alzheimer\Alzheimer (1157).jpg,Alzheimer (1157).jpg,Brain Disease,Alzheimer,train,0
C:\Users\hamza\Downloads\FYP\AlzVsStr\AlzVsStr\train\Alzheimer\Alzheimer (1158).jpg,Alzheimer (1158).jpg,Brain Disease,Alzheimer,train,0
C:\Users\hamza\Downloads\FYP\AlzVsStr\AlzVsStr\train\Alzheimer\Alzheimer (1159).jpg,Alzheimer (1159).jpg,Brain Disease,Alzheimer,train,0
C:\Users\hamza\Downloads\FYP\AlzVsStr\AlzVsStr\train\Alzheimer\Alzheimer (116).jpg,Alzheimer (116).jpg,Brain Disease,Alzheimer,train,0
C:\Users\hamza\Downloads\FYP\AlzVsStr\AlzVsStr\train\Alzheimer\Alzheimer (1160).jpg,Alzheimer (1160).jpg,Brain Disease,Alzheimer,train,0
C:\Users\hamza\Downloads\FYP\AlzVsStr\AlzVsStr\train\Alzheimer\Alzheimer (1161).jpg,Alzheimer (1161).jpg,Brain Disease,Alzheimer,train,0
C:\Users\hamza\Downloads\FYP\AlzVsStr\AlzVsStr\train\Alzheimer\Alzheimer (1162).jpg,Alzheimer (1162).jpg,Brain Disease,Alzheimer,train,0
C:\Users\hamza\Downloads\FYP\AlzVsStr\AlzVsStr\train\Alzheimer\Alzheimer (1163).jpg,Alzheimer (1163).jpg,Brain Disease,Alzheimer,train,0
C:\Users\hamza\Downloads\FYP\AlzVsStr\AlzVsStr\train\Alzheimer\Alzheimer (1164).jpg,Alzheimer (1164).jpg,Brain Disease,Alzheimer,train,0
C:\Users\hamza\Downloads\FYP\AlzVsStr\AlzVsStr\train\Alzheimer\Alzheimer (1165).jpg,Alzheimer (1165).jpg,Brain Disease,Alzheimer,train,0
C:\Users\hamza\Downloads\FYP\AlzVsStr\AlzVsStr\train\Alzheimer\Alzheimer (1166).jpg,Alzheimer (1166).jpg,Brain Disease,Alzheimer,train,0
C:\Users\hamza\Downloads\FYP\AlzVsStr\AlzVsStr\train\Alzheimer\Alzheimer (1167).jpg,Alzheimer (1167).jpg,Brain Disease,Alzheimer,train,0
C:\Users\hamza\Downloads\FYP\AlzVsStr\AlzVsStr\train\Alzheimer\Alzheimer (1168).jpg,Alzheimer (1168).jpg,Brain Disease,Alzheimer,train,0
C:\Users\hamza\Downloads\FYP\AlzVsStr\AlzVsStr\train\Alzheimer\Alzheimer (1169).jpg,Alzheimer (1169).jpg,Brain Disease,Alzheimer,train,0
C:\Users\hamza\Downloads\FYP\AlzVsStr\AlzVsStr\train\Alzheimer\Alzheimer (117).jpg,Alzheimer (117).jpg,Brain Disease,Alzheimer,train,0
C:\Users\hamza\Downloads\FYP\AlzVsStr\AlzVsStr\train\Alzheimer\Alzheimer (1170).jpg,Alzheimer (1170).jpg,Brain Disease,Alzheimer,train,0
C:\Users\hamza\Downloads\FYP\AlzVsStr\AlzVsStr\train\Alzheimer\Alzheimer (1171).jpg,Alzheimer (1171).jpg,Brain Disease,Alzheimer,train,0
C:\Users\hamza\Downloads\FYP\AlzVsStr\AlzVsStr\train\Alzheimer\Alzheimer (1172).jpg,Alzheimer (1172).jpg,Brain Disease,Alzheimer,train,0
C:\Users\hamza\Downloads\FYP\AlzVsStr\AlzVsStr\train\Alzheimer\Alzheimer (1173).jpg,Alzheimer (1173).jpg,Brain Disease,Alzheimer,train,0
C:\Users\hamza\Downloads\FYP\AlzVsStr\AlzVsStr\train\Alzheimer\Alzheimer (1174).jpg,Alzheimer (1174).jpg,Brain Disease,Alzheimer,train,0
C:\Users\hamza\Downloads\FYP\AlzVsStr\AlzVsStr\train\Alzheimer\Alzheimer (1175).jpg,Alzheimer (1175).jpg,Brain Disease,Alzheimer,train,0
C:\Users\hamza\Downloads\FYP\AlzVsStr\AlzVsStr\train\Alzheimer\Alzheimer (1176).jpg,Alzheimer (1176).jpg,Brain Disease,Alzheimer,train,0
C:\Users\hamza\Downloads\FYP\AlzVsStr\AlzVsStr\train\Alzheimer\Alzheimer (1177).jpg,Alzheimer (1177).jpg,Brain Disease,Alzheimer,train,0
C:\Users\hamza\Downloads\FYP\AlzVsStr\AlzVsStr\train\Alzheimer\Alzheimer (1178).jpg,Alzheimer (1178).jpg,Brain Disease,Alzheimer,train,0
C:\Users\hamza\Downloads\FYP\AlzVsStr\AlzVsStr\train\Alzheimer\Alzheimer (1179).jpg,Alzheimer (1179).jpg,Brain Disease,Alzheimer,train,0
C:\Users\hamza\Downloads\FYP\AlzVsStr\AlzVsStr\train\Alzheimer\Alzheimer (118).jpg,Alzheimer (118).jpg,Brain Disease,Alzheimer,train,0
C:\Users\hamza\Downloads\FYP\AlzVsStr\AlzVsStr\train\Alzheimer\Alzheimer (1180).jpg,Alzheimer (1180).jpg,Brain Disease,Alzheimer,train,0
C:\Users\hamza\Downloads\FYP\AlzVsStr\AlzVsStr\train\Alzheimer\Alzheimer (1181).jpg,Alzheimer (1181).jpg,Brain Disease,Alzheimer,train,0
C:\Users\hamza\Downloads\FYP\AlzVsStr\AlzVsStr\train\Alzheimer\Alzheimer (1182).jpg,Alzheimer (1182).jpg,Brain Disease,Alzheimer,train,0
C:\Users\hamza\Downloads\FYP\AlzVsStr\AlzVsStr\train\Alzheimer\Alzheimer (1183).jpg,Alzheimer (1183).jpg,Brain Disease,Alzheimer,train,0
C:\Users\hamza\Downloads\FYP\AlzVsStr\AlzVsStr\train\Alzheimer\Alzheimer (1184).jpg,Alzheimer (1184).jpg,Brain Disease,Alzheimer,train,0
C:\Users\hamza\Downloads\FYP\AlzVsStr\AlzVsStr\train\Alzheimer\Alzheimer (1185).jpg,Alzheimer (1185).jpg,Brain Disease,Alzheimer,train,0
C:\Users\hamza\Downloads\FYP\AlzVsStr\AlzVsStr\train\Alzheimer\Alzheimer (1186).jpg,Alzheimer (1186).jpg,Brain Disease,Alzheimer,train,0
C:\Users\hamza\Downloads\FYP\AlzVsStr\AlzVsStr\train\Alzheimer\Alzheimer (1187).jpg,Alzheimer (1187).jpg,Brain Disease,Alzheimer,train,0
C:\Users\hamza\Downloads\FYP\AlzVsStr\AlzVsStr\train\Alzheimer\Alzheimer (1188).jpg,Alzheimer (1188).jpg,Brain Disease,Alzheimer,train,0
C:\Users\hamza\Downloads\FYP\AlzVsStr\AlzVsStr\train\Alzheimer\Alzheimer (1189).jpg,Alzheimer (1189).jpg,Brain Disease,Alzheimer,train,0
C:\Users\hamza\Downloads\FYP\AlzVsStr\AlzVsStr\train\Alzheimer\Alzheimer (119).jpg,Alzheimer (119).jpg,Brain Disease,Alzheimer,train,0
C:\Users\hamza\Downloads\FYP\AlzVsStr\AlzVsStr\train\Alzheimer\Alzheimer (1190).jpg,Alzheimer (1190).jpg,Brain Disease,Alzheimer,train,0
C:\Users\hamza\Downloads\FYP\AlzVsStr\AlzVsStr\train\Alzheimer\Alzheimer (1191).jpg,Alzheimer (1191).jpg,Brain Disease,Alzheimer,train,0
C:\Users\hamza\Downloads\FYP\AlzVsStr\AlzVsStr\train\Alzheimer\Alzheimer (1192).jpg,Alzheimer (1192).jpg,Brain Disease,Alzheimer,train,0
C:\Users\hamza\Downloads\FYP\AlzVsStr\AlzVsStr\train\Alzheimer\Alzheimer (1193).jpg,Alzheimer (1193).jpg,Brain Disease,Alzheimer,train,0
C:\Users\hamza\Downloads\FYP\AlzVsStr\AlzVsStr\train\Alzheimer\Alzheimer (1194).jpg,Alzheimer (1194).jpg,Brain Disease,Alzheimer,train,0
C:\Users\hamza\Downloads\FYP\AlzVsStr\AlzVsStr\train\Alzheimer\Alzheimer (1195).jpg,Alzheimer (1195).jpg,Brain Disease,Alzheimer,train,0
C:\Users\hamza\Downloads\FYP\AlzVsStr\AlzVsStr\train\Alzheimer\Alzheimer (1196).jpg,Alzheimer (1196).jpg,Brain Disease,Alzheimer,train,0
C:\Users\hamza\Downloads\FYP\AlzVsStr\AlzVsStr\train\Alzheimer\Alzheimer (1197).jpg,Alzheimer (1197).jpg,Brain Disease,Alzheimer,train,0
C:\Users\hamza\Downloads\FYP\AlzVsStr\AlzVsStr\train\Alzheimer\Alzheimer (1198).jpg,Alzheimer (1198).jpg,Brain Disease,Alzheimer,train,0
C:\Users\hamza\Downloads\FYP\AlzVsStr\AlzVsStr\train\Alzheimer\Alzheimer (1199).jpg,Alzheimer (1199).jpg,Brain Disease,Alzheimer,train,0
C:\Users\hamza\Downloads\FYP\AlzVsStr\AlzVsStr\train\Alzheimer\Alzheimer (12).jpg,Alzheimer (12).jpg,Brain Disease,Alzheimer,train,0
C:\Users\hamza\Downloads\FYP\AlzVsStr\AlzVsStr\train\Alzheimer\Alzheimer (120).jpg,Alzheimer (120).jpg,Brain Disease,Alzheimer,train,0
C:\Users\hamza\Downloads\FYP\AlzVsStr\AlzVsStr\train\Alzheimer\Alzheimer (1200).jpg,Alzheimer (1200).jpg,Brain Disease,Alzheimer,train,0
C:\Users\hamza\Downloads\FYP\AlzVsStr\AlzVsStr\train\Alzheimer\Alzheimer (1201).jpg,Alzheimer (1201).jpg,Brain Disease,Alzheimer,train,0
C:\Users\hamza\Downloads\FYP\AlzVsStr\AlzVsStr\train\Alzheimer\Alzheimer (1202).jpg,Alzheimer (1202).jpg,Brain Disease,Alzheimer,train,0
C:\Users\hamza\Downloads\FYP\AlzVsStr\AlzVsStr\train\Alzheimer\Alzheimer (1203).jpg,Alzheimer (1203).jpg,Brain Disease,Alzheimer,train,0
C:\Users\hamza\Downloads\FYP\AlzVsStr\AlzVsStr\train\Alzheimer\Alzheimer (1204).jpg,Alzheimer (1204).jpg,Brain Disease,Alzheimer,train,0
C:\Users\hamza\Downloads\FYP\AlzVsStr\AlzVsStr\train\Alzheimer\Alzheimer (1205).jpg,Alzheimer (1205).jpg,Brain Disease,Alzheimer,train,0
C:\Users\hamza\Downloads\FYP\AlzVsStr\AlzVsStr\train\Alzheimer\Alzheimer (1206).jpg,Alzheimer (1206).jpg,Brain Disease,Alzheimer,train,0
C:\Users\hamza\Downloads\FYP\AlzVsStr\AlzVsStr\train\Alzheimer\Alzheimer (1207).jpg,Alzheimer (1207).jpg,Brain Disease,Alzheimer,train,0
C:\Users\hamza\Downloads\FYP\AlzVsStr\AlzVsStr\train\Alzheimer\Alzheimer (1208).jpg,Alzheimer (1208).jpg,Brain Disease,Alzheimer,train,0
C:\Users\hamza\Downloads\FYP\AlzVsStr\AlzVsStr\train\Alzheimer\Alzheimer (1209).jpg,Alzheimer (1209).jpg,Brain Disease,Alzheimer,train,0
C:\Users\hamza\Downloads\FYP\AlzVsStr\AlzVsStr\train\Alzheimer\Alzheimer (121).jpg,Alzheimer (121).jpg,Brain Disease,Alzheimer,train,0
C:\Users\hamza\Downloads\FYP\AlzVsStr\AlzVsStr\train\Alzheimer\Alzheimer (1210).jpg,Alzheimer (1210).jpg,Brain Disease,Alzheimer,train,0
C:\Users\hamza\Downloads\FYP\AlzVsStr\AlzVsStr\train\Alzheimer\Alzheimer (1211).jpg,Alzheimer (1211).jpg,Brain Disease,Alzheimer,train,0
C:\Users\hamza\Downloads\FYP\AlzVsStr\AlzVsStr\train\Alzheimer\Alzheimer (1212).jpg,Alzheimer (1212).jpg,Brain Disease,Alzheimer,train,0
C:\Users\hamza\Downloads\FYP\AlzVsStr\AlzVsStr\train\Alzheimer\Alzheimer (1213).jpg,Alzheimer (1213).jpg,Brain Disease,Alzheimer,train,0
C:\Users\hamza\Downloads\FYP\AlzVsStr\AlzVsStr\train\Alzheimer\Alzheimer (1214).jpg,Alzheimer (1214).jpg,Brain Disease,Alzheimer,train,0
C:\Users\hamza\Downloads\FYP\AlzVsStr\AlzVsStr\train\Alzheimer\Alzheimer (1215).jpg,Alzheimer (1215).jpg,Brain Disease,Alzheimer,train,0
C:\Users\hamza\Downloads\FYP\AlzVsStr\AlzVsStr\train\Alzheimer\Alzheimer (1216).jpg,Alzheimer (1216).jpg,Brain Disease,Alzheimer,train,0
C:\Users\hamza\Downloads\FYP\AlzVsStr\AlzVsStr\train\Alzheimer\Alzheimer (1217).jpg,Alzheimer (1217).jpg,Brain Disease,Alzheimer,train,0
C:\Users\hamza\Downloads\FYP\AlzVsStr\AlzVsStr\train\Alzheimer\Alzheimer (1218).jpg,Alzheimer (1218).jpg,Brain Disease,Alzheimer,train,0
C:\Users\hamza\Downloads\FYP\AlzVsStr\AlzVsStr\train\Alzheimer\Alzheimer (1219).jpg,Alzheimer (1219).jpg,Brain Disease,Alzheimer,train,0
C:\Users\hamza\Downloads\FYP\AlzVsStr\AlzVsStr\train\Alzheimer\Alzheimer (122).jpg,Alzheimer (122).jpg,Brain Disease,Alzheimer,train,0
C:\Users\hamza\Downloads\FYP\AlzVsStr\AlzVsStr\train\Alzheimer\Alzheimer (1220).jpg,Alzheimer (1220).jpg,Brain Disease,Alzheimer,train,0
C:\Users\hamza\Downloads\FYP\AlzVsStr\AlzVsStr\train\Alzheimer\Alzheimer (1221).jpg,Alzheimer (1221).jpg,Brain Disease,Alzheimer,train,0
C:\Users\hamza\Downloads\FYP\AlzVsStr\AlzVsStr\train\Alzheimer\Alzheimer (1222).jpg,Alzheimer (1222).jpg,Brain Disease,Alzheimer,train,0
C:\Users\hamza\Downloads\FYP\AlzVsStr\AlzVsStr\train\Alzheimer\Alzheimer (1223).jpg,Alzheimer (1223).jpg,Brain Disease,Alzheimer,train,0
C:\Users\hamza\Downloads\FYP\AlzVsStr\AlzVsStr\train\Alzheimer\Alzheimer (1224).jpg,Alzheimer (1224).jpg,Brain Disease,Alzheimer,train,0
C:\Users\hamza\Downloads\FYP\AlzVsStr\AlzVsStr\train\Alzheimer\Alzheimer (1225).jpg,Alzheimer (1225).jpg,Brain Disease,Alzheimer,train,0
C:\Users\hamza\Downloads\FYP\AlzVsStr\AlzVsStr\train\Alzheimer\Alzheimer (1226).jpg,Alzheimer (1226).jpg,Brain Disease,Alzheimer,train,0
C:\Users\hamza\Downloads\FYP\AlzVsStr\AlzVsStr\train\Alzheimer\Alzheimer (1227).jpg,Alzheimer (1227).jpg,Brain Disease,Alzheimer,train,0
C:\Users\hamza\Downloads\FYP\AlzVsStr\AlzVsStr\train\Alzheimer\Alzheimer (1228).jpg,Alzheimer (1228).jpg,Brain Disease,Alzheimer,train,0
C:\Users\hamza\Downloads\FYP\AlzVsStr\AlzVsStr\train\Alzheimer\Alzheimer (1229).jpg,Alzheimer (1229).jpg,Brain Disease,Alzheimer,train,0
C:\Users\hamza\Downloads\FYP\AlzVsStr\AlzVsStr\train\Alzheimer\Alzheimer (123).jpg,Alzheimer (123).jpg,Brain Disease,Alzheimer,train,0
C:\Users\hamza\Downloads\FYP\AlzVsStr\AlzVsStr\train\Alzheimer\Alzheimer (1230).jpg,Alzheimer (1230).jpg,Brain Disease,Alzheimer,train,0
C:\Users\hamza\Downloads\FYP\AlzVsStr\AlzVsStr\train\Alzheimer\Alzheimer (1231).jpg,Alzheimer (1231).jpg,Brain Disease,Alzheimer,train,0
C:\Users\hamza\Downloads\FYP\AlzVsStr\AlzVsStr\train\Alzheimer\Alzheimer (1232).jpg,Alzheimer (1232).jpg,Brain Disease,Alzheimer,train,0
C:\Users\hamza\Downloads\FYP\AlzVsStr\AlzVsStr\train\Alzheimer\Alzheimer (1233).jpg,Alzheimer (1233).jpg,Brain Disease,Alzheimer,train,0
C:\Users\hamza\Downloads\FYP\AlzVsStr\AlzVsStr\train\Alzheimer\Alzheimer (1234).jpg,Alzheimer (1234).jpg,Brain Disease,Alzheimer,train,0
C:\Users\hamza\Downloads\FYP\AlzVsStr\AlzVsStr\train\Alzheimer\Alzheimer (1235).jpg,Alzheimer (1235).jpg,Brain Disease,Alzheimer,train,0
C:\Users\hamza\Downloads\FYP\AlzVsStr\AlzVsStr\train\Alzheimer\Alzheimer (1236).jpg,Alzheimer (1236).jpg,Brain Disease,Alzheimer,train,0
C:\Users\hamza\Downloads\FYP\AlzVsStr\AlzVsStr\train\Alzheimer\Alzheimer (1237).jpg,Alzheimer (1237).jpg,Brain Disease,Alzheimer,train,0
C:\Users\hamza\Downloads\FYP\AlzVsStr\AlzVsStr\train\Alzheimer\Alzheimer (1238).jpg,Alzheimer (1238).jpg,Brain Disease,Alzheimer,train,0
C:\Users\hamza\Downloads\FYP\AlzVsStr\AlzVsStr\train\Alzheimer\Alzheimer (1239).jpg,Alzheimer (1239).jpg,Brain Disease,Alzheimer,train,0
C:\Users\hamza\Downloads\FYP\AlzVsStr\AlzVsStr\train\Alzheimer\Alzheimer (124).jpg,Alzheimer (124).jpg,Brain Disease,Alzheimer,train,0
C:\Users\hamza\Downloads\FYP\AlzVsStr\AlzVsStr\train\Alzheimer\Alzheimer (1240).jpg,Alzheimer (1240).jpg,Brain Disease,Alzheimer,train,0
C:\Users\hamza\Downloads\FYP\AlzVsStr\AlzVsStr\train\Alzheimer\Alzheimer (1241).jpg,Alzheimer (1241).jpg,Brain Disease,Alzheimer,train,0
C:\Users\hamza\Downloads\FYP\AlzVsStr\AlzVsStr\train\Alzheimer\Alzheimer (1242).jpg,Alzheimer (1242).jpg,Brain Disease,Alzheimer,train,0
C:\Users\hamza\Downloads\FYP\AlzVsStr\AlzVsStr\train\Alzheimer\Alzheimer (1243).jpg,Alzheimer (1243).jpg,Brain Disease,Alzheimer,train,0
C:\Users\hamza\Downloads\FYP\AlzVsStr\AlzVsStr\train\Alzheimer\Alzheimer (1244).jpg,Alzheimer (1244).jpg,Brain Disease,Alzheimer,train,0
C:\Users\hamza\Downloads\FYP\AlzVsStr\AlzVsStr\train\Alzheimer\Alzheimer (1245).jpg,Alzheimer (1245).jpg,Brain Disease,Alzheimer,train,0
C:\Users\hamza\Downloads\FYP\AlzVsStr\AlzVsStr\train\Alzheimer\Alzheimer (1246).jpg,Alzheimer (1246).jpg,Brain Disease,Alzheimer,train,0
C:\Users\hamza\Downloads\FYP\AlzVsStr\AlzVsStr\train\Alzheimer\Alzheimer (1247).jpg,Alzheimer (1247).jpg,Brain Disease,Alzheimer,train,0
C:\Users\hamza\Downloads\FYP\AlzVsStr\AlzVsStr\train\Alzheimer\Alzheimer (1248).jpg,Alzheimer (1248).jpg,Brain Disease,Alzheimer,train,0
C:\Users\hamza\Downloads\FYP\AlzVsStr\AlzVsStr\train\Alzheimer\Alzheimer (1249).jpg,Alzheimer (1249).jpg,Brain Disease,Alzheimer,train,0
C:\Users\hamza\Downloads\FYP\AlzVsStr\AlzVsStr\train\Alzheimer\Alzheimer (125).jpg,Alzheimer (125).jpg,Brain Disease,Alzheimer,train,0
C:\Users\hamza\Downloads\FYP\AlzVsStr\AlzVsStr\train\Alzheimer\Alzheimer (1250).jpg,Alzheimer (1250).jpg,Brain Disease,Alzheimer,train,0
C:\Users\hamza\Downloads\FYP\AlzVsStr\AlzVsStr\train\Alzheimer\Alzheimer (1251).jpg,Alzheimer (1251).jpg,Brain Disease,Alzheimer,train,0
C:\Users\hamza\Downloads\FYP\AlzVsStr\AlzVsStr\train\Alzheimer\Alzheimer (1252).jpg,Alzheimer (1252).jpg,Brain Disease,Alzheimer,train,0
C:\Users\hamza\Downloads\FYP\AlzVsStr\AlzVsStr\train\Alzheimer\Alzheimer (1253).jpg,Alzheimer (1253).jpg,Brain Disease,Alzheimer,train,0
C:\Users\hamza\Downloads\FYP\AlzVsStr\AlzVsStr\train\Alzheimer\Alzheimer (1254).jpg,Alzheimer (1254).jpg,Brain Disease,Alzheimer,train,0
C:\Users\hamza\Downloads\FYP\AlzVsStr\AlzVsStr\train\Alzheimer\Alzheimer (1255).jpg,Alzheimer (1255).jpg,Brain Disease,Alzheimer,train,0
C:\Users\hamza\Downloads\FYP\AlzVsStr\AlzVsStr\train\Alzheimer\Alzheimer (1256).jpg,Alzheimer (1256).jpg,Brain Disease,Alzheimer,train,0
C:\Users\hamza\Downloads\FYP\AlzVsStr\AlzVsStr\train\Alzheimer\Alzheimer (1257).jpg,Alzheimer (1257).jpg,Brain Disease,Alzheimer,train,0
C:\Users\hamza\Downloads\FYP\AlzVsStr\AlzVsStr\train\Alzheimer\Alzheimer (1258).jpg,Alzheimer (1258).jpg,Brain Disease,Alzheimer,train,0
C:\Users\hamza\Downloads\FYP\AlzVsStr\AlzVsStr\train\Alzheimer\Alzheimer (1259).jpg,Alzheimer (1259).jpg,Brain Disease,Alzheimer,train,0
C:\Users\hamza\Downloads\FYP\AlzVsStr\AlzVsStr\train\Alzheimer\Alzheimer (126).jpg,Alzheimer (126).jpg,Brain Disease,Alzheimer,train,0
C:\Users\hamza\Downloads\FYP\AlzVsStr\AlzVsStr\train\Alzheimer\Alzheimer (1260).jpg,Alzheimer (1260).jpg,Brain Disease,Alzheimer,train,0
C:\Users\hamza\Downloads\FYP\AlzVsStr\AlzVsStr\train\Alzheimer\Alzheimer (1261).jpg,Alzheimer (1261).jpg,Brain Disease,Alzheimer,train,0
C:\Users\hamza\Downloads\FYP\AlzVsStr\AlzVsStr\train\Alzheimer\Alzheimer (1262).jpg,Alzheimer (1262).jpg,Brain Disease,Alzheimer,train,0
C:\Users\hamza\Downloads\FYP\AlzVsStr\AlzVsStr\train\Alzheimer\Alzheimer (1263).jpg,Alzheimer (1263).jpg,Brain Disease,Alzheimer,train,0
C:\Users\hamza\Downloads\FYP\AlzVsStr\AlzVsStr\train\Alzheimer\Alzheimer (1264).jpg,Alzheimer (1264).jpg,Brain Disease,Alzheimer,train,0
C:\Users\hamza\Downloads\FYP\AlzVsStr\AlzVsStr\train\Alzheimer\Alzheimer (1265).jpg,Alzheimer (1265).jpg,Brain Disease,Alzheimer,train,0
C:\Users\hamza\Downloads\FYP\AlzVsStr\AlzVsStr\train\Alzheimer\Alzheimer (1266).jpg,Alzheimer (1266).jpg,Brain Disease,Alzheimer,train,0
C:\Users\hamza\Downloads\FYP\AlzVsStr\AlzVsStr\train\Alzheimer\Alzheimer (1267).jpg,Alzheimer (1267).jpg,Brain Disease,Alzheimer,train,0
C:\Users\hamza\Downloads\FYP\AlzVsStr\AlzVsStr\train\Alzheimer\Alzheimer (1268).jpg,Alzheimer (1268).jpg,Brain Disease,Alzheimer,train,0
C:\Users\hamza\Downloads\FYP\AlzVsStr\AlzVsStr\train\Alzheimer\Alzheimer (1269).jpg,Alzheimer (1269).jpg,Brain Disease,Alzheimer,train,0
C:\Users\hamza\Downloads\FYP\AlzVsStr\AlzVsStr\train\Alzheimer\Alzheimer (127).jpg,Alzheimer (127).jpg,Brain Disease,Alzheimer,train,0
C:\Users\hamza\Downloads\FYP\AlzVsStr\AlzVsStr\train\Alzheimer\Alzheimer (1270).jpg,Alzheimer (1270).jpg,Brain Disease,Alzheimer,train,0
C:\Users\hamza\Downloads\FYP\AlzVsStr\AlzVsStr\train\Alzheimer\Alzheimer (1271).jpg,Alzheimer (1271).jpg,Brain Disease,Alzheimer,train,0
C:\Users\hamza\Downloads\FYP\AlzVsStr\AlzVsStr\train\Alzheimer\Alzheimer (1272).jpg,Alzheimer (1272).jpg,Brain Disease,Alzheimer,train,0
C:\Users\hamza\Downloads\FYP\AlzVsStr\AlzVsStr\train\Alzheimer\Alzheimer (1273).jpg,Alzheimer (1273).jpg,Brain Disease,Alzheimer,train,0
C:\Users\hamza\Downloads\FYP\AlzVsStr\AlzVsStr\train\Alzheimer\Alzheimer (1274).jpg,Alzheimer (1274).jpg,Brain Disease,Alzheimer,train,0
C:\Users\hamza\Downloads\FYP\AlzVsStr\AlzVsStr\train\Alzheimer\Alzheimer (1275).jpg,Alzheimer (1275).jpg,Brain Disease,Alzheimer,train,0
C:\Users\hamza\Downloads\FYP\AlzVsStr\AlzVsStr\train\Alzheimer\Alzheimer (1276).jpg,Alzheimer (1276).jpg,Brain Disease,Alzheimer,train,0
C:\Users\hamza\Downloads\FYP\AlzVsStr\AlzVsStr\train\Alzheimer\Alzheimer (1277).jpg,Alzheimer (1277).jpg,Brain Disease,Alzheimer,train,0
C:\Users\hamza\Downloads\FYP\AlzVsStr\AlzVsStr\train\Alzheimer\Alzheimer (1278).jpg,Alzheimer (1278).jpg,Brain Disease,Alzheimer,train,0
C:\Users\hamza\Downloads\FYP\AlzVsStr\AlzVsStr\train\Alzheimer\Alzheimer (1279).jpg,Alzheimer (1279).jpg,Brain Disease,Alzheimer,train,0
C:\Users\hamza\Downloads\FYP\AlzVsStr\AlzVsStr\train\Alzheimer\Alzheimer (128).jpg,Alzheimer (128).jpg,Brain Disease,Alzheimer,train,0
C:\Users\hamza\Downloads\FYP\AlzVsStr\AlzVsStr\train\Alzheimer\Alzheimer (1280).jpg,Alzheimer (1280).jpg,Brain Disease,Alzheimer,train,0
C:\Users\hamza\Downloads\FYP\AlzVsStr\AlzVsStr\train\Alzheimer\Alzheimer (1281).jpg,Alzheimer (1281).jpg,Brain Disease,Alzheimer,train,0
C:\Users\hamza\Downloads\FYP\AlzVsStr\AlzVsStr\train\Alzheimer\Alzheimer (1282).jpg,Alzheimer (1282).jpg,Brain Disease,Alzheimer,train,0
C:\Users\hamza\Downloads\FYP\AlzVsStr\AlzVsStr\train\Alzheimer\Alzheimer (1283).jpg,Alzheimer (1283).jpg,Brain Disease,Alzheimer,train,0
C:\Users\hamza\Downloads\FYP\AlzVsStr\AlzVsStr\train\Alzheimer\Alzheimer (1284).jpg,Alzheimer (1284).jpg,Brain Disease,Alzheimer,train,0
C:\Users\hamza\Downloads\FYP\AlzVsStr\AlzVsStr\train\Alzheimer\Alzheimer (1285).jpg,Alzheimer (1285).jpg,Brain Disease,Alzheimer,train,0
C:\Users\hamza\Downloads\FYP\AlzVsStr\AlzVsStr\train\Alzheimer\Alzheimer (1286).jpg,Alzheimer (1286).jpg,Brain Disease,Alzheimer,train,0
C:\Users\hamza\Downloads\FYP\AlzVsStr\AlzVsStr\train\Alzheimer\Alzheimer (1287).jpg,Alzheimer (1287).jpg,Brain Disease,Alzheimer,train,0
C:\Users\hamza\Downloads\FYP\AlzVsStr\AlzVsStr\train\Alzheimer\Alzheimer (1288).jpg,Alzheimer (1288).jpg,Brain Disease,Alzheimer,train,0
C:\Users\hamza\Downloads\FYP\AlzVsStr\AlzVsStr\train\Alzheimer\Alzheimer (1289).jpg,Alzheimer (1289).jpg,Brain Disease,Alzheimer,train,0
C:\Users\hamza\Downloads\FYP\AlzVsStr\AlzVsStr\train\Alzheimer\Alzheimer (129).jpg,Alzheimer (129).jpg,Brain Disease,Alzheimer,train,0
C:\Users\hamza\Downloads\FYP\AlzVsStr\AlzVsStr\train\Alzheimer\Alzheimer (1290).jpg,Alzheimer (1290).jpg,Brain Disease,Alzheimer,train,0
C:\Users\hamza\Downloads\FYP\AlzVsStr\AlzVsStr\train\Alzheimer\Alzheimer (1291).jpg,Alzheimer (1291).jpg,Brain Disease,Alzheimer,train,0
C:\Users\hamza\Downloads\FYP\AlzVsStr\AlzVsStr\train\Alzheimer\Alzheimer (1292).jpg,Alzheimer (1292).jpg,Brain Disease,Alzheimer,train,0
C:\Users\hamza\Downloads\FYP\AlzVsStr\AlzVsStr\train\Alzheimer\Alzheimer (1293).jpg,Alzheimer (1293).jpg,Brain Disease,Alzheimer,train,0
C:\Users\hamza\Downloads\FYP\AlzVsStr\AlzVsStr\train\Alzheimer\Alzheimer (1294).jpg,Alzheimer (1294).jpg,Brain Disease,Alzheimer,train,0
C:\Users\hamza\Downloads\FYP\AlzVsStr\AlzVsStr\train\Alzheimer\Alzheimer (1295).jpg,Alzheimer (1295).jpg,Brain Disease,Alzheimer,train,0
C:\Users\hamza\Downloads\FYP\AlzVsStr\AlzVsStr\train\Alzheimer\Alzheimer (1296).jpg,Alzheimer (1296).jpg,Brain Disease,Alzheimer,train,0
C:\Users\hamza\Downloads\FYP\AlzVsStr\AlzVsStr\train\Alzheimer\Alzheimer (1297).jpg,Alzheimer (1297).jpg,Brain Disease,Alzheimer,train,0
C:\Users\hamza\Downloads\FYP\AlzVsStr\AlzVsStr\train\Alzheimer\Alzheimer (1298).jpg,Alzheimer (1298).jpg,Brain Disease,Alzheimer,train,0
C:\Users\hamza\Downloads\FYP\AlzVsStr\AlzVsStr\train\Alzheimer\Alzheimer (1299).jpg,Alzheimer (1299).jpg,Brain Disease,Alzheimer,train,0
C:\Users\hamza\Downloads\FYP\AlzVsStr\AlzVsStr\train\Alzheimer\Alzheimer (13).jpg,Alzheimer (13).jpg,Brain Disease,Alzheimer,train,0
C:\Users\hamza\Downloads\FYP\AlzVsStr\AlzVsStr\train\Alzheimer\Alzheimer (130).jpg,Alzheimer (130).jpg,Brain Disease,Alzheimer,train,0
C:\Users\hamza\Downloads\FYP\AlzVsStr\AlzVsStr\train\Alzheimer\Alzheimer (1300).jpg,Alzheimer (1300).jpg,Brain Disease,Alzheimer,train,0
C:\Users\hamza\Downloads\FYP\AlzVsStr\AlzVsStr\train\Alzheimer\Alzheimer (1301).jpg,Alzheimer (1301).jpg,Brain Disease,Alzheimer,train,0
C:\Users\hamza\Downloads\FYP\AlzVsStr\AlzVsStr\train\Alzheimer\Alzheimer (1302).jpg,Alzheimer (1302).jpg,Brain Disease,Alzheimer,train,0
C:\Users\hamza\Downloads\FYP\AlzVsStr\AlzVsStr\train\Alzheimer\Alzheimer (1303).jpg,Alzheimer (1303).jpg,Brain Disease,Alzheimer,train,0
C:\Users\hamza\Downloads\FYP\AlzVsStr\AlzVsStr\train\Alzheimer\Alzheimer (1304).jpg,Alzheimer (1304).jpg,Brain Disease,Alzheimer,train,0
C:\Users\hamza\Downloads\FYP\AlzVsStr\AlzVsStr\train\Alzheimer\Alzheimer (1305).jpg,Alzheimer (1305).jpg,Brain Disease,Alzheimer,train,0
C:\Users\hamza\Downloads\FYP\AlzVsStr\AlzVsStr\train\Alzheimer\Alzheimer (1306).jpg,Alzheimer (1306).jpg,Brain Disease,Alzheimer,train,0
C:\Users\hamza\Downloads\FYP\AlzVsStr\AlzVsStr\train\Alzheimer\Alzheimer (1307).jpg,Alzheimer (1307).jpg,Brain Disease,Alzheimer,train,0
C:\Users\hamza\Downloads\FYP\AlzVsStr\AlzVsStr\train\Alzheimer\Alzheimer (1308).jpg,Alzheimer (1308).jpg,Brain Disease,Alzheimer,train,0
C:\Users\hamza\Downloads\FYP\AlzVsStr\AlzVsStr\train\Alzheimer\Alzheimer (1309).jpg,Alzheimer (1309).jpg,Brain Disease,Alzheimer,train,0
C:\Users\hamza\Downloads\FYP\AlzVsStr\AlzVsStr\train\Alzheimer\Alzheimer (131).jpg,Alzheimer (131).jpg,Brain Disease,Alzheimer,train,0
C:\Users\hamza\Downloads\FYP\AlzVsStr\AlzVsStr\train\Alzheimer\Alzheimer (1310).jpg,Alzheimer (1310).jpg,Brain Disease,Alzheimer,train,0
C:\Users\hamza\Downloads\FYP\AlzVsStr\AlzVsStr\train\Alzheimer\Alzheimer (1311).jpg,Alzheimer (1311).jpg,Brain Disease,Alzheimer,train,0
C:\Users\hamza\Downloads\FYP\AlzVsStr\AlzVsStr\train\Alzheimer\Alzheimer (1312).jpg,Alzheimer (1312).jpg,Brain Disease,Alzheimer,train,0
C:\Users\hamza\Downloads\FYP\AlzVsStr\AlzVsStr\train\Alzheimer\Alzheimer (1313).jpg,Alzheimer (1313).jpg,Brain Disease,Alzheimer,train,0
C:\Users\hamza\Downloads\FYP\AlzVsStr\AlzVsStr\train\Alzheimer\Alzheimer (1314).jpg,Alzheimer (1314).jpg,Brain Disease,Alzheimer,train,0
C:\Users\hamza\Downloads\FYP\AlzVsStr\AlzVsStr\train\Alzheimer\Alzheimer (1315).jpg,Alzheimer (1315).jpg,Brain Disease,Alzheimer,train,0
C:\Users\hamza\Downloads\FYP\AlzVsStr\AlzVsStr\train\Alzheimer\Alzheimer (1316).jpg,Alzheimer (1316).jpg,Brain Disease,Alzheimer,train,0
C:\Users\hamza\Downloads\FYP\AlzVsStr\AlzVsStr\train\Alzheimer\Alzheimer (1317).jpg,Alzheimer (1317).jpg,Brain Disease,Alzheimer,train,0
C:\Users\hamza\Downloads\FYP\AlzVsStr\AlzVsStr\train\Alzheimer\Alzheimer (1318).jpg,Alzheimer (1318).jpg,Brain Disease,Alzheimer,train,0
C:\Users\hamza\Downloads\FYP\AlzVsStr\AlzVsStr\train\Alzheimer\Alzheimer (1319).jpg,Alzheimer (1319).jpg,Brain Disease,Alzheimer,train,0
C:\Users\hamza\Downloads\FYP\AlzVsStr\AlzVsStr\train\Alzheimer\Alzheimer (132).jpg,Alzheimer (132).jpg,Brain Disease,Alzheimer,train,0
C:\Users\hamza\Downloads\FYP\AlzVsStr\AlzVsStr\train\Alzheimer\Alzheimer (1320).jpg,Alzheimer (1320).jpg,Brain Disease,Alzheimer,train,0
C:\Users\hamza\Downloads\FYP\AlzVsStr\AlzVsStr\train\Alzheimer\Alzheimer (1321).jpg,Alzheimer (1321).jpg,Brain Disease,Alzheimer,train,0
C:\Users\hamza\Downloads\FYP\AlzVsStr\AlzVsStr\train\Alzheimer\Alzheimer (1322).jpg,Alzheimer (1322).jpg,Brain Disease,Alzheimer,train,0
C:\Users\hamza\Downloads\FYP\AlzVsStr\AlzVsStr\train\Alzheimer\Alzheimer (1323).jpg,Alzheimer (1323).jpg,Brain Disease,Alzheimer,train,0
C:\Users\hamza\Downloads\FYP\AlzVsStr\AlzVsStr\train\Alzheimer\Alzheimer (1324).jpg,Alzheimer (1324).jpg,Brain Disease,Alzheimer,train,0
C:\Users\hamza\Downloads\FYP\AlzVsStr\AlzVsStr\train\Alzheimer\Alzheimer (1325).jpg,Alzheimer (1325).jpg,Brain Disease,Alzheimer,train,0
C:\Users\hamza\Downloads\FYP\AlzVsStr\AlzVsStr\train\Alzheimer\Alzheimer (1326).jpg,Alzheimer (1326).jpg,Brain Disease,Alzheimer,train,0
C:\Users\hamza\Downloads\FYP\AlzVsStr\AlzVsStr\train\Alzheimer\Alzheimer (1327).jpg,Alzheimer (1327).jpg,Brain Disease,Alzheimer,train,0
C:\Users\hamza\Downloads\FYP\AlzVsStr\AlzVsStr\train\Alzheimer\Alzheimer (1328).jpg,Alzheimer (1328).jpg,Brain Disease,Alzheimer,train,0
C:\Users\hamza\Downloads\FYP\AlzVsStr\AlzVsStr\train\Alzheimer\Alzheimer (1329).jpg,Alzheimer (1329).jpg,Brain Disease,Alzheimer,train,0
C:\Users\hamza\Downloads\FYP\AlzVsStr\AlzVsStr\train\Alzheimer\Alzheimer (133).jpg,Alzheimer (133).jpg,Brain Disease,Alzheimer,train,0
C:\Users\hamza\Downloads\FYP\AlzVsStr\AlzVsStr\train\Alzheimer\Alzheimer (1330).jpg,Alzheimer (1330).jpg,Brain Disease,Alzheimer,train,0
C:\Users\hamza\Downloads\FYP\AlzVsStr\AlzVsStr\train\Alzheimer\Alzheimer (1331).jpg,Alzheimer (1331).jpg,Brain Disease,Alzheimer,train,0
C:\Users\hamza\Downloads\FYP\AlzVsStr\AlzVsStr\train\Alzheimer\Alzheimer (1332).jpg,Alzheimer (1332).jpg,Brain Disease,Alzheimer,train,0
C:\Users\hamza\Downloads\FYP\AlzVsStr\AlzVsStr\train\Alzheimer\Alzheimer (1333).jpg,Alzheimer (1333).jpg,Brain Disease,Alzheimer,train,0
C:\Users\hamza\Downloads\FYP\AlzVsStr\AlzVsStr\train\Alzheimer\Alzheimer (1334).jpg,Alzheimer (1334).jpg,Brain Disease,Alzheimer,train,0
C:\Users\hamza\Downloads\FYP\AlzVsStr\AlzVsStr\train\Alzheimer\Alzheimer (1335).jpg,Alzheimer (1335).jpg,Brain Disease,Alzheimer,train,0
C:\Users\hamza\Downloads\FYP\AlzVsStr\AlzVsStr\train\Alzheimer\Alzheimer (1336).jpg,Alzheimer (1336).jpg,Brain Disease,Alzheimer,train,0
C:\Users\hamza\Downloads\FYP\AlzVsStr\AlzVsStr\train\Alzheimer\Alzheimer (1337).jpg,Alzheimer (1337).jpg,Brain Disease,Alzheimer,train,0
C:\Users\hamza\Downloads\FYP\AlzVsStr\AlzVsStr\train\Alzheimer\Alzheimer (1338).jpg,Alzheimer (1338).jpg,Brain Disease,Alzheimer,train,0
C:\Users\hamza\Downloads\FYP\AlzVsStr\AlzVsStr\train\Alzheimer\Alzheimer (1339).jpg,Alzheimer (1339).jpg,Brain Disease,Alzheimer,train,0
C:\Users\hamza\Downloads\FYP\AlzVsStr\AlzVsStr\train\Alzheimer\Alzheimer (134).jpg,Alzheimer (134).jpg,Brain Disease,Alzheimer,train,0
C:\Users\hamza\Downloads\FYP\AlzVsStr\AlzVsStr\train\Alzheimer\Alzheimer (1340).jpg,Alzheimer (1340).jpg,Brain Disease,Alzheimer,train,0
C:\Users\hamza\Downloads\FYP\AlzVsStr\AlzVsStr\train\Alzheimer\Alzheimer (1341).jpg,Alzheimer (1341).jpg,Brain Disease,Alzheimer,train,0
C:\Users\hamza\Downloads\FYP\AlzVsStr\AlzVsStr\train\Alzheimer\Alzheimer (1342).jpg,Alzheimer (1342).jpg,Brain Disease,Alzheimer,train,0
C:\Users\hamza\Downloads\FYP\AlzVsStr\AlzVsStr\train\Alzheimer\Alzheimer (1343).jpg,Alzheimer (1343).jpg,Brain Disease,Alzheimer,train,0
C:\Users\hamza\Downloads\FYP\AlzVsStr\AlzVsStr\train\Alzheimer\Alzheimer (1344).jpg,Alzheimer (1344).jpg,Brain Disease,Alzheimer,train,0
C:\Users\hamza\Downloads\FYP\AlzVsStr\AlzVsStr\train\Alzheimer\Alzheimer (1345).jpg,Alzheimer (1345).jpg,Brain Disease,Alzheimer,train,0
C:\Users\hamza\Downloads\FYP\AlzVsStr\AlzVsStr\train\Alzheimer\Alzheimer (1346).jpg,Alzheimer (1346).jpg,Brain Disease,Alzheimer,train,0
C:\Users\hamza\Downloads\FYP\AlzVsStr\AlzVsStr\train\Alzheimer\Alzheimer (1347).jpg,Alzheimer (1347).jpg,Brain Disease,Alzheimer,train,0
C:\Users\hamza\Downloads\FYP\AlzVsStr\AlzVsStr\train\Alzheimer\Alzheimer (1348).jpg,Alzheimer (1348).jpg,Brain Disease,Alzheimer,train,0
C:\Users\hamza\Downloads\FYP\AlzVsStr\AlzVsStr\train\Alzheimer\Alzheimer (1349).jpg,Alzheimer (1349).jpg,Brain Disease,Alzheimer,train,0
C:\Users\hamza\Downloads\FYP\AlzVsStr\AlzVsStr\train\Alzheimer\Alzheimer (135).jpg,Alzheimer (135).jpg,Brain Disease,Alzheimer,train,0
C:\Users\hamza\Downloads\FYP\AlzVsStr\AlzVsStr\train\Alzheimer\Alzheimer (1350).jpg,Alzheimer (1350).jpg,Brain Disease,Alzheimer,train,0
C:\Users\hamza\Downloads\FYP\AlzVsStr\AlzVsStr\train\Alzheimer\Alzheimer (1351).jpg,Alzheimer (1351).jpg,Brain Disease,Alzheimer,train,0
C:\Users\hamza\Downloads\FYP\AlzVsStr\AlzVsStr\train\Alzheimer\Alzheimer (1352).jpg,Alzheimer (1352).jpg,Brain Disease,Alzheimer,train,0
C:\Users\hamza\Downloads\FYP\AlzVsStr\AlzVsStr\train\Alzheimer\Alzheimer (1353).jpg,Alzheimer (1353).jpg,Brain Disease,Alzheimer,train,0
C:\Users\hamza\Downloads\FYP\AlzVsStr\AlzVsStr\train\Alzheimer\Alzheimer (1354).jpg,Alzheimer (1354).jpg,Brain Disease,Alzheimer,train,0
C:\Users\hamza\Downloads\FYP\AlzVsStr\AlzVsStr\train\Alzheimer\Alzheimer (1355).jpg,Alzheimer (1355).jpg,Brain Disease,Alzheimer,train,0
C:\Users\hamza\Downloads\FYP\AlzVsStr\AlzVsStr\train\Alzheimer\Alzheimer (1356).jpg,Alzheimer (1356).jpg,Brain Disease,Alzheimer,train,0
C:\Users\hamza\Downloads\FYP\AlzVsStr\AlzVsStr\train\Alzheimer\Alzheimer (1357).jpg,Alzheimer (1357).jpg,Brain Disease,Alzheimer,train,0
C:\Users\hamza\Downloads\FYP\AlzVsStr\AlzVsStr\train\Alzheimer\Alzheimer (1358).jpg,Alzheimer (1358).jpg,Brain Disease,Alzheimer,train,0
C:\Users\hamza\Downloads\FYP\AlzVsStr\AlzVsStr\train\Alzheimer\Alzheimer (1359).jpg,Alzheimer (1359).jpg,Brain Disease,Alzheimer,train,0
C:\Users\hamza\Downloads\FYP\AlzVsStr\AlzVsStr\train\Alzheimer\Alzheimer (136).jpg,Alzheimer (136).jpg,Brain Disease,Alzheimer,train,0
C:\Users\hamza\Downloads\FYP\AlzVsStr\AlzVsStr\train\Alzheimer\Alzheimer (1360).jpg,Alzheimer (1360).jpg,Brain Disease,Alzheimer,train,0
C:\Users\hamza\Downloads\FYP\AlzVsStr\AlzVsStr\train\Alzheimer\Alzheimer (1361).jpg,Alzheimer (1361).jpg,Brain Disease,Alzheimer,train,0
C:\Users\hamza\Downloads\FYP\AlzVsStr\AlzVsStr\train\Alzheimer\Alzheimer (1362).jpg,Alzheimer (1362).jpg,Brain Disease,Alzheimer,train,0
C:\Users\hamza\Downloads\FYP\AlzVsStr\AlzVsStr\train\Alzheimer\Alzheimer (1363).jpg,Alzheimer (1363).jpg,Brain Disease,Alzheimer,train,0
C:\Users\hamza\Downloads\FYP\AlzVsStr\AlzVsStr\train\Alzheimer\Alzheimer (1364).jpg,Alzheimer (1364).jpg,Brain Disease,Alzheimer,train,0
C:\Users\hamza\Downloads\FYP\AlzVsStr\AlzVsStr\train\Alzheimer\Alzheimer (1365).jpg,Alzheimer (1365).jpg,Brain Disease,Alzheimer,train,0
C:\Users\hamza\Downloads\FYP\AlzVsStr\AlzVsStr\train\Alzheimer\Alzheimer (1366).jpg,Alzheimer (1366).jpg,Brain Disease,Alzheimer,train,0
C:\Users\hamza\Downloads\FYP\AlzVsStr\AlzVsStr\train\Alzheimer\Alzheimer (1367).jpg,Alzheimer (1367).jpg,Brain Disease,Alzheimer,train,0
C:\Users\hamza\Downloads\FYP\AlzVsStr\AlzVsStr\train\Alzheimer\Alzheimer (1368).jpg,Alzheimer (1368).jpg,Brain Disease,Alzheimer,train,0
C:\Users\hamza\Downloads\FYP\AlzVsStr\AlzVsStr\train\Alzheimer\Alzheimer (1369).jpg,Alzheimer (1369).jpg,Brain Disease,Alzheimer,train,0
C:\Users\hamza\Downloads\FYP\AlzVsStr\AlzVsStr\train\Alzheimer\Alzheimer (137).jpg,Alzheimer (137).jpg,Brain Disease,Alzheimer,train,0
C:\Users\hamza\Downloads\FYP\AlzVsStr\AlzVsStr\train\Alzheimer\Alzheimer (1370).jpg,Alzheimer (1370).jpg,Brain Disease,Alzheimer,train,0
C:\Users\hamza\Downloads\FYP\AlzVsStr\AlzVsStr\train\Alzheimer\Alzheimer (1371).jpg,Alzheimer (1371).jpg,Brain Disease,Alzheimer,train,0
C:\Users\hamza\Downloads\FYP\AlzVsStr\AlzVsStr\train\Alzheimer\Alzheimer (1372).jpg,Alzheimer (1372).jpg,Brain Disease,Alzheimer,train,0
C:\Users\hamza\Downloads\FYP\AlzVsStr\AlzVsStr\train\Alzheimer\Alzheimer (1373).jpg,Alzheimer (1373).jpg,Brain Disease,Alzheimer,train,0
C:\Users\hamza\Downloads\FYP\AlzVsStr\AlzVsStr\train\Alzheimer\Alzheimer (1374).jpg,Alzheimer (1374).jpg,Brain Disease,Alzheimer,train,0
C:\Users\hamza\Downloads\FYP\AlzVsStr\AlzVsStr\train\Alzheimer\Alzheimer (1375).jpg,Alzheimer (1375).jpg,Brain Disease,Alzheimer,train,0
C:\Users\hamza\Downloads\FYP\AlzVsStr\AlzVsStr\train\Alzheimer\Alzheimer (1376).jpg,Alzheimer (1376).jpg,Brain Disease,Alzheimer,train,0
C:\Users\hamza\Downloads\FYP\AlzVsStr\AlzVsStr\train\Alzheimer\Alzheimer (1377).jpg,Alzheimer (1377).jpg,Brain Disease,Alzheimer,train,0
C:\Users\hamza\Downloads\FYP\AlzVsStr\AlzVsStr\train\Alzheimer\Alzheimer (1378).jpg,Alzheimer (1378).jpg,Brain Disease,Alzheimer,train,0
C:\Users\hamza\Downloads\FYP\AlzVsStr\AlzVsStr\train\Alzheimer\Alzheimer (1379).jpg,Alzheimer (1379).jpg,Brain Disease,Alzheimer,train,0
C:\Users\hamza\Downloads\FYP\AlzVsStr\AlzVsStr\train\Alzheimer\Alzheimer (138).jpg,Alzheimer (138).jpg,Brain Disease,Alzheimer,train,0
C:\Users\hamza\Downloads\FYP\AlzVsStr\AlzVsStr\train\Alzheimer\Alzheimer (1380).jpg,Alzheimer (1380).jpg,Brain Disease,Alzheimer,train,0
C:\Users\hamza\Downloads\FYP\AlzVsStr\AlzVsStr\train\Alzheimer\Alzheimer (1381).jpg,Alzheimer (1381).jpg,Brain Disease,Alzheimer,train,0
C:\Users\hamza\Downloads\FYP\AlzVsStr\AlzVsStr\train\Alzheimer\Alzheimer (1382).jpg,Alzheimer (1382).jpg,Brain Disease,Alzheimer,train,0
C:\Users\hamza\Downloads\FYP\AlzVsStr\AlzVsStr\train\Alzheimer\Alzheimer (1383).jpg,Alzheimer (1383).jpg,Brain Disease,Alzheimer,train,0
C:\Users\hamza\Downloads\FYP\AlzVsStr\AlzVsStr\train\Alzheimer\Alzheimer (1384).jpg,Alzheimer (1384).jpg,Brain Disease,Alzheimer,train,0
C:\Users\hamza\Downloads\FYP\AlzVsStr\AlzVsStr\train\Alzheimer\Alzheimer (1385).jpg,Alzheimer (1385).jpg,Brain Disease,Alzheimer,train,0
C:\Users\hamza\Downloads\FYP\AlzVsStr\AlzVsStr\train\Alzheimer\Alzheimer (1386).jpg,Alzheimer (1386).jpg,Brain Disease,Alzheimer,train,0
C:\Users\hamza\Downloads\FYP\AlzVsStr\AlzVsStr\train\Alzheimer\Alzheimer (1387).jpg,Alzheimer (1387).jpg,Brain Disease,Alzheimer,train,0
C:\Users\hamza\Downloads\FYP\AlzVsStr\AlzVsStr\train\Alzheimer\Alzheimer (1388).jpg,Alzheimer (1388).jpg,Brain Disease,Alzheimer,train,0
C:\Users\hamza\Downloads\FYP\AlzVsStr\AlzVsStr\train\Alzheimer\Alzheimer (1389).jpg,Alzheimer (1389).jpg,Brain Disease,Alzheimer,train,0
C:\Users\hamza\Downloads\FYP\AlzVsStr\AlzVsStr\train\Alzheimer\Alzheimer (139).jpg,Alzheimer (139).jpg,Brain Disease,Alzheimer,train,0
C:\Users\hamza\Downloads\FYP\AlzVsStr\AlzVsStr\train\Alzheimer\Alzheimer (1390).jpg,Alzheimer (1390).jpg,Brain Disease,Alzheimer,train,0
C:\Users\hamza\Downloads\FYP\AlzVsStr\AlzVsStr\train\Alzheimer\Alzheimer (1391).jpg,Alzheimer (1391).jpg,Brain Disease,Alzheimer,train,0
C:\Users\hamza\Downloads\FYP\AlzVsStr\AlzVsStr\train\Alzheimer\Alzheimer (1392).jpg,Alzheimer (1392).jpg,Brain Disease,Alzheimer,train,0
C:\Users\hamza\Downloads\FYP\AlzVsStr\AlzVsStr\train\Alzheimer\Alzheimer (1393).jpg,Alzheimer (1393).jpg,Brain Disease,Alzheimer,train,0
C:\Users\hamza\Downloads\FYP\AlzVsStr\AlzVsStr\train\Alzheimer\Alzheimer (1394).jpg,Alzheimer (1394).jpg,Brain Disease,Alzheimer,train,0
C:\Users\hamza\Downloads\FYP\AlzVsStr\AlzVsStr\train\Alzheimer\Alzheimer (1395).jpg,Alzheimer (1395).jpg,Brain Disease,Alzheimer,train,0
C:\Users\hamza\Downloads\FYP\AlzVsStr\AlzVsStr\train\Alzheimer\Alzheimer (1396).jpg,Alzheimer (1396).jpg,Brain Disease,Alzheimer,train,0
C:\Users\hamza\Downloads\FYP\AlzVsStr\AlzVsStr\train\Alzheimer\Alzheimer (1397).jpg,Alzheimer (1397).jpg,Brain Disease,Alzheimer,train,0
C:\Users\hamza\Downloads\FYP\AlzVsStr\AlzVsStr\train\Alzheimer\Alzheimer (1398).jpg,Alzheimer (1398).jpg,Brain Disease,Alzheimer,train,0
C:\Users\hamza\Downloads\FYP\AlzVsStr\AlzVsStr\train\Alzheimer\Alzheimer (1399).jpg,Alzheimer (1399).jpg,Brain Disease,Alzheimer,train,0
C:\Users\hamza\Downloads\FYP\AlzVsStr\AlzVsStr\train\Alzheimer\Alzheimer (14).jpg,Alzheimer (14).jpg,Brain Disease,Alzheimer,train,0
C:\Users\hamza\Downloads\FYP\AlzVsStr\AlzVsStr\train\Alzheimer\Alzheimer (140).jpg,Alzheimer (140).jpg,Brain Disease,Alzheimer,train,0
C:\Users\hamza\Downloads\FYP\AlzVsStr\AlzVsStr\train\Alzheimer\Alzheimer (1400).jpg,Alzheimer (1400).jpg,Brain Disease,Alzheimer,train,0
C:\Users\hamza\Downloads\FYP\AlzVsStr\AlzVsStr\train\Alzheimer\Alzheimer (1401).jpg,Alzheimer (1401).jpg,Brain Disease,Alzheimer,train,0
C:\Users\hamza\Downloads\FYP\AlzVsStr\AlzVsStr\train\Alzheimer\Alzheimer (1402).jpg,Alzheimer (1402).jpg,Brain Disease,Alzheimer,train,0
C:\Users\hamza\Downloads\FYP\AlzVsStr\AlzVsStr\train\Alzheimer\Alzheimer (1403).jpg,Alzheimer (1403).jpg,Brain Disease,Alzheimer,train,0
C:\Users\hamza\Downloads\FYP\AlzVsStr\AlzVsStr\train\Alzheimer\Alzheimer (1404).jpg,Alzheimer (1404).jpg,Brain Disease,Alzheimer,train,0
C:\Users\hamza\Downloads\FYP\AlzVsStr\AlzVsStr\train\Alzheimer\Alzheimer (1405).jpg,Alzheimer (1405).jpg,Brain Disease,Alzheimer,train,0
C:\Users\hamza\Downloads\FYP\AlzVsStr\AlzVsStr\train\Alzheimer\Alzheimer (1406).jpg,Alzheimer (1406).jpg,Brain Disease,Alzheimer,train,0
C:\Users\hamza\Downloads\FYP\AlzVsStr\AlzVsStr\train\Alzheimer\Alzheimer (1407).jpg,Alzheimer (1407).jpg,Brain Disease,Alzheimer,train,0
C:\Users\hamza\Downloads\FYP\AlzVsStr\AlzVsStr\train\Alzheimer\Alzheimer (1408).jpg,Alzheimer (1408).jpg,Brain Disease,Alzheimer,train,0
C:\Users\hamza\Downloads\FYP\AlzVsStr\AlzVsStr\train\Alzheimer\Alzheimer (1409).jpg,Alzheimer (1409).jpg,Brain Disease,Alzheimer,train,0
C:\Users\hamza\Downloads\FYP\AlzVsStr\AlzVsStr\train\Alzheimer\Alzheimer (141).jpg,Alzheimer (141).jpg,Brain Disease,Alzheimer,train,0
C:\Users\hamza\Downloads\FYP\AlzVsStr\AlzVsStr\train\Alzheimer\Alzheimer (1410).jpg,Alzheimer (1410).jpg,Brain Disease,Alzheimer,train,0
C:\Users\hamza\Downloads\FYP\AlzVsStr\AlzVsStr\train\Alzheimer\Alzheimer (1411).jpg,Alzheimer (1411).jpg,Brain Disease,Alzheimer,train,0
C:\Users\hamza\Downloads\FYP\AlzVsStr\AlzVsStr\train\Alzheimer\Alzheimer (1412).jpg,Alzheimer (1412).jpg,Brain Disease,Alzheimer,train,0
C:\Users\hamza\Downloads\FYP\AlzVsStr\AlzVsStr\train\Alzheimer\Alzheimer (1413).jpg,Alzheimer (1413).jpg,Brain Disease,Alzheimer,train,0
C:\Users\hamza\Downloads\FYP\AlzVsStr\AlzVsStr\train\Alzheimer\Alzheimer (1414).jpg,Alzheimer (1414).jpg,Brain Disease,Alzheimer,train,0
C:\Users\hamza\Downloads\FYP\AlzVsStr\AlzVsStr\train\Alzheimer\Alzheimer (1415).jpg,Alzheimer (1415).jpg,Brain Disease,Alzheimer,train,0
C:\Users\hamza\Downloads\FYP\AlzVsStr\AlzVsStr\train\Alzheimer\Alzheimer (1416).jpg,Alzheimer (1416).jpg,Brain Disease,Alzheimer,train,0
C:\Users\hamza\Downloads\FYP\AlzVsStr\AlzVsStr\train\Alzheimer\Alzheimer (1417).jpg,Alzheimer (1417).jpg,Brain Disease,Alzheimer,train,0
C:\Users\hamza\Downloads\FYP\AlzVsStr\AlzVsStr\train\Alzheimer\Alzheimer (1418).jpg,Alzheimer (1418).jpg,Brain Disease,Alzheimer,train,0
C:\Users\hamza\Downloads\FYP\AlzVsStr\AlzVsStr\train\Alzheimer\Alzheimer (1419).jpg,Alzheimer (1419).jpg,Brain Disease,Alzheimer,train,0
C:\Users\hamza\Downloads\FYP\AlzVsStr\AlzVsStr\train\Alzheimer\Alzheimer (142).jpg,Alzheimer (142).jpg,Brain Disease,Alzheimer,train,0
C:\Users\hamza\Downloads\FYP\AlzVsStr\AlzVsStr\train\Alzheimer\Alzheimer (1420).jpg,Alzheimer (1420).jpg,Brain Disease,Alzheimer,train,0
C:\Users\hamza\Downloads\FYP\AlzVsStr\AlzVsStr\train\Alzheimer\Alzheimer (1421).jpg,Alzheimer (1421).jpg,Brain Disease,Alzheimer,train,0
C:\Users\hamza\Downloads\FYP\AlzVsStr\AlzVsStr\train\Alzheimer\Alzheimer (1422).jpg,Alzheimer (1422).jpg,Brain Disease,Alzheimer,train,0
C:\Users\hamza\Downloads\FYP\AlzVsStr\AlzVsStr\train\Alzheimer\Alzheimer (1423).jpg,Alzheimer (1423).jpg,Brain Disease,Alzheimer,train,0
C:\Users\hamza\Downloads\FYP\AlzVsStr\AlzVsStr\train\Alzheimer\Alzheimer (1424).jpg,Alzheimer (1424).jpg,Brain Disease,Alzheimer,train,0
C:\Users\hamza\Downloads\FYP\AlzVsStr\AlzVsStr\train\Alzheimer\Alzheimer (1425).jpg,Alzheimer (1425).jpg,Brain Disease,Alzheimer,train,0
C:\Users\hamza\Downloads\FYP\AlzVsStr\AlzVsStr\train\Alzheimer\Alzheimer (1426).jpg,Alzheimer (1426).jpg,Brain Disease,Alzheimer,train,0
C:\Users\hamza\Downloads\FYP\AlzVsStr\AlzVsStr\train\Alzheimer\Alzheimer (1427).jpg,Alzheimer (1427).jpg,Brain Disease,Alzheimer,train,0
C:\Users\hamza\Downloads\FYP\AlzVsStr\AlzVsStr\train\Alzheimer\Alzheimer (1428).jpg,Alzheimer (1428).jpg,Brain Disease,Alzheimer,train,0
C:\Users\hamza\Downloads\FYP\AlzVsStr\AlzVsStr\train\Alzheimer\Alzheimer (1429).jpg,Alzheimer (1429).jpg,Brain Disease,Alzheimer,train,0
C:\Users\hamza\Downloads\FYP\AlzVsStr\AlzVsStr\train\Alzheimer\Alzheimer (143).jpg,Alzheimer (143).jpg,Brain Disease,Alzheimer,train,0
C:\Users\hamza\Downloads\FYP\AlzVsStr\AlzVsStr\train\Alzheimer\Alzheimer (1430).jpg,Alzheimer (1430).jpg,Brain Disease,Alzheimer,train,0
C:\Users\hamza\Downloads\FYP\AlzVsStr\AlzVsStr\train\Alzheimer\Alzheimer (1431).jpg,Alzheimer (1431).jpg,Brain Disease,Alzheimer,train,0
C:\Users\hamza\Downloads\FYP\AlzVsStr\AlzVsStr\train\Alzheimer\Alzheimer (1432).jpg,Alzheimer (1432).jpg,Brain Disease,Alzheimer,train,0
C:\Users\hamza\Downloads\FYP\AlzVsStr\AlzVsStr\train\Alzheimer\Alzheimer (1433).jpg,Alzheimer (1433).jpg,Brain Disease,Alzheimer,train,0
C:\Users\hamza\Downloads\FYP\AlzVsStr\AlzVsStr\train\Alzheimer\Alzheimer (1434).jpg,Alzheimer (1434).jpg,Brain Disease,Alzheimer,train,0
C:\Users\hamza\Downloads\FYP\AlzVsStr\AlzVsStr\train\Alzheimer\Alzheimer (1435).jpg,Alzheimer (1435).jpg,Brain Disease,Alzheimer,train,0
C:\Users\hamza\Downloads\FYP\AlzVsStr\AlzVsStr\train\Alzheimer\Alzheimer (1436).jpg,Alzheimer (1436).jpg,Brain Disease,Alzheimer,train,0
C:\Users\hamza\Downloads\FYP\AlzVsStr\AlzVsStr\train\Alzheimer\Alzheimer (1437).jpg,Alzheimer (1437).jpg,Brain Disease,Alzheimer,train,0
C:\Users\hamza\Downloads\FYP\AlzVsStr\AlzVsStr\train\Alzheimer\Alzheimer (1438).jpg,Alzheimer (1438).jpg,Brain Disease,Alzheimer,train,0
C:\Users\hamza\Downloads\FYP\AlzVsStr\AlzVsStr\train\Alzheimer\Alzheimer (1439).jpg,Alzheimer (1439).jpg,Brain Disease,Alzheimer,train,0
C:\Users\hamza\Downloads\FYP\AlzVsStr\AlzVsStr\train\Alzheimer\Alzheimer (144).jpg,Alzheimer (144).jpg,Brain Disease,Alzheimer,train,0
C:\Users\hamza\Downloads\FYP\AlzVsStr\AlzVsStr\train\Alzheimer\Alzheimer (1440).jpg,Alzheimer (1440).jpg,Brain Disease,Alzheimer,train,0
C:\Users\hamza\Downloads\FYP\AlzVsStr\AlzVsStr\train\Alzheimer\Alzheimer (1441).jpg,Alzheimer (1441).jpg,Brain Disease,Alzheimer,train,0
C:\Users\hamza\Downloads\FYP\AlzVsStr\AlzVsStr\train\Alzheimer\Alzheimer (1442).jpg,Alzheimer (1442).jpg,Brain Disease,Alzheimer,train,0
C:\Users\hamza\Downloads\FYP\AlzVsStr\AlzVsStr\train\Alzheimer\Alzheimer (1443).jpg,Alzheimer (1443).jpg,Brain Disease,Alzheimer,train,0
C:\Users\hamza\Downloads\FYP\AlzVsStr\AlzVsStr\train\Alzheimer\Alzheimer (1444).jpg,Alzheimer (1444).jpg,Brain Disease,Alzheimer,train,0
C:\Users\hamza\Downloads\FYP\AlzVsStr\AlzVsStr\train\Alzheimer\Alzheimer (1445).jpg,Alzheimer (1445).jpg,Brain Disease,Alzheimer,train,0
C:\Users\hamza\Downloads\FYP\AlzVsStr\AlzVsStr\train\Alzheimer\Alzheimer (1446).jpg,Alzheimer (1446).jpg,Brain Disease,Alzheimer,train,0
C:\Users\hamza\Downloads\FYP\AlzVsStr\AlzVsStr\train\Alzheimer\Alzheimer (1447).jpg,Alzheimer (1447).jpg,Brain Disease,Alzheimer,train,0
C:\Users\hamza\Downloads\FYP\AlzVsStr\AlzVsStr\train\Alzheimer\Alzheimer (1448).jpg,Alzheimer (1448).jpg,Brain Disease,Alzheimer,train,0
C:\Users\hamza\Downloads\FYP\AlzVsStr\AlzVsStr\train\Alzheimer\Alzheimer (1449).jpg,Alzheimer (1449).jpg,Brain Disease,Alzheimer,train,0
C:\Users\hamza\Downloads\FYP\AlzVsStr\AlzVsStr\train\Alzheimer\Alzheimer (145).jpg,Alzheimer (145).jpg,Brain Disease,Alzheimer,train,0
C:\Users\hamza\Downloads\FYP\AlzVsStr\AlzVsStr\train\Alzheimer\Alzheimer (1450).jpg,Alzheimer (1450).jpg,Brain Disease,Alzheimer,train,0
C:\Users\hamza\Downloads\FYP\AlzVsStr\AlzVsStr\train\Alzheimer\Alzheimer (1451).jpg,Alzheimer (1451).jpg,Brain Disease,Alzheimer,train,0
C:\Users\hamza\Downloads\FYP\AlzVsStr\AlzVsStr\train\Alzheimer\Alzheimer (1452).jpg,Alzheimer (1452).jpg,Brain Disease,Alzheimer,train,0
C:\Users\hamza\Downloads\FYP\AlzVsStr\AlzVsStr\train\Alzheimer\Alzheimer (1453).jpg,Alzheimer (1453).jpg,Brain Disease,Alzheimer,train,0
C:\Users\hamza\Downloads\FYP\AlzVsStr\AlzVsStr\train\Alzheimer\Alzheimer (1454).jpg,Alzheimer (1454).jpg,Brain Disease,Alzheimer,train,0
C:\Users\hamza\Downloads\FYP\AlzVsStr\AlzVsStr\train\Alzheimer\Alzheimer (1455).jpg,Alzheimer (1455).jpg,Brain Disease,Alzheimer,train,0
C:\Users\hamza\Downloads\FYP\AlzVsStr\AlzVsStr\train\Alzheimer\Alzheimer (1456).jpg,Alzheimer (1456).jpg,Brain Disease,Alzheimer,train,0
C:\Users\hamza\Downloads\FYP\AlzVsStr\AlzVsStr\train\Alzheimer\Alzheimer (1457).jpg,Alzheimer (1457).jpg,Brain Disease,Alzheimer,train,0
C:\Users\hamza\Downloads\FYP\AlzVsStr\AlzVsStr\train\Alzheimer\Alzheimer (1458).jpg,Alzheimer (1458).jpg,Brain Disease,Alzheimer,train,0
C:\Users\hamza\Downloads\FYP\AlzVsStr\AlzVsStr\train\Alzheimer\Alzheimer (1459).jpg,Alzheimer (1459).jpg,Brain Disease,Alzheimer,train,0
C:\Users\hamza\Downloads\FYP\AlzVsStr\AlzVsStr\train\Alzheimer\Alzheimer (146).jpg,Alzheimer (146).jpg,Brain Disease,Alzheimer,train,0
C:\Users\hamza\Downloads\FYP\AlzVsStr\AlzVsStr\train\Alzheimer\Alzheimer (1460).jpg,Alzheimer (1460).jpg,Brain Disease,Alzheimer,train,0
C:\Users\hamza\Downloads\FYP\AlzVsStr\AlzVsStr\train\Alzheimer\Alzheimer (1461).jpg,Alzheimer (1461).jpg,Brain Disease,Alzheimer,train,0
C:\Users\hamza\Downloads\FYP\AlzVsStr\AlzVsStr\train\Alzheimer\Alzheimer (1462).jpg,Alzheimer (1462).jpg,Brain Disease,Alzheimer,train,0
C:\Users\hamza\Downloads\FYP\AlzVsStr\AlzVsStr\train\Alzheimer\Alzheimer (1463).jpg,Alzheimer (1463).jpg,Brain Disease,Alzheimer,train,0
C:\Users\hamza\Downloads\FYP\AlzVsStr\AlzVsStr\train\Alzheimer\Alzheimer (1464).jpg,Alzheimer (1464).jpg,Brain Disease,Alzheimer,train,0
C:\Users\hamza\Downloads\FYP\AlzVsStr\AlzVsStr\train\Alzheimer\Alzheimer (1465).jpg,Alzheimer (1465).jpg,Brain Disease,Alzheimer,train,0
C:\Users\hamza\Downloads\FYP\AlzVsStr\AlzVsStr\train\Alzheimer\Alzheimer (1466).jpg,Alzheimer (1466).jpg,Brain Disease,Alzheimer,train,0
C:\Users\hamza\Downloads\FYP\AlzVsStr\AlzVsStr\train\Alzheimer\Alzheimer (1467).jpg,Alzheimer (1467).jpg,Brain Disease,Alzheimer,train,0
C:\Users\hamza\Downloads\FYP\AlzVsStr\AlzVsStr\train\Alzheimer\Alzheimer (1468).jpg,Alzheimer (1468).jpg,Brain Disease,Alzheimer,train,0
C:\Users\hamza\Downloads\FYP\AlzVsStr\AlzVsStr\train\Alzheimer\Alzheimer (1469).jpg,Alzheimer (1469).jpg,Brain Disease,Alzheimer,train,0
C:\Users\hamza\Downloads\FYP\AlzVsStr\AlzVsStr\train\Alzheimer\Alzheimer (147).jpg,Alzheimer (147).jpg,Brain Disease,Alzheimer,train,0
C:\Users\hamza\Downloads\FYP\AlzVsStr\AlzVsStr\train\Alzheimer\Alzheimer (1470).jpg,Alzheimer (1470).jpg,Brain Disease,Alzheimer,train,0
C:\Users\hamza\Downloads\FYP\AlzVsStr\AlzVsStr\train\Alzheimer\Alzheimer (1471).jpg,Alzheimer (1471).jpg,Brain Disease,Alzheimer,train,0
C:\Users\hamza\Downloads\FYP\AlzVsStr\AlzVsStr\train\Alzheimer\Alzheimer (1472).jpg,Alzheimer (1472).jpg,Brain Disease,Alzheimer,train,0
C:\Users\hamza\Downloads\FYP\AlzVsStr\AlzVsStr\train\Alzheimer\Alzheimer (1473).jpg,Alzheimer (1473).jpg,Brain Disease,Alzheimer,train,0
C:\Users\hamza\Downloads\FYP\AlzVsStr\AlzVsStr\train\Alzheimer\Alzheimer (1474).jpg,Alzheimer (1474).jpg,Brain Disease,Alzheimer,train,0
C:\Users\hamza\Downloads\FYP\AlzVsStr\AlzVsStr\train\Alzheimer\Alzheimer (1475).jpg,Alzheimer (1475).jpg,Brain Disease,Alzheimer,train,0
C:\Users\hamza\Downloads\FYP\AlzVsStr\AlzVsStr\train\Alzheimer\Alzheimer (1476).jpg,Alzheimer (1476).jpg,Brain Disease,Alzheimer,train,0
C:\Users\hamza\Downloads\FYP\AlzVsStr\AlzVsStr\train\Alzheimer\Alzheimer (1477).jpg,Alzheimer (1477).jpg,Brain Disease,Alzheimer,train,0
C:\Users\hamza\Downloads\FYP\AlzVsStr\AlzVsStr\train\Alzheimer\Alzheimer (1478).jpg,Alzheimer (1478).jpg,Brain Disease,Alzheimer,train,0
C:\Users\hamza\Downloads\FYP\AlzVsStr\AlzVsStr\train\Alzheimer\Alzheimer (1479).jpg,Alzheimer (1479).jpg,Brain Disease,Alzheimer,train,0
C:\Users\hamza\Downloads\FYP\AlzVsStr\AlzVsStr\train\Alzheimer\Alzheimer (148).jpg,Alzheimer (148).jpg,Brain Disease,Alzheimer,train,0
C:\Users\hamza\Downloads\FYP\AlzVsStr\AlzVsStr\train\Alzheimer\Alzheimer (1480).jpg,Alzheimer (1480).jpg,Brain Disease,Alzheimer,train,0
C:\Users\hamza\Downloads\FYP\AlzVsStr\AlzVsStr\train\Alzheimer\Alzheimer (1481).jpg,Alzheimer (1481).jpg,Brain Disease,Alzheimer,train,0
C:\Users\hamza\Downloads\FYP\AlzVsStr\AlzVsStr\train\Alzheimer\Alzheimer (1482).jpg,Alzheimer (1482).jpg,Brain Disease,Alzheimer,train,0
C:\Users\hamza\Downloads\FYP\AlzVsStr\AlzVsStr\train\Alzheimer\Alzheimer (1483).jpg,Alzheimer (1483).jpg,Brain Disease,Alzheimer,train,0
C:\Users\hamza\Downloads\FYP\AlzVsStr\AlzVsStr\train\Alzheimer\Alzheimer (1484).jpg,Alzheimer (1484).jpg,Brain Disease,Alzheimer,train,0
C:\Users\hamza\Downloads\FYP\AlzVsStr\AlzVsStr\train\Alzheimer\Alzheimer (1485).jpg,Alzheimer (1485).jpg,Brain Disease,Alzheimer,train,0
C:\Users\hamza\Downloads\FYP\AlzVsStr\AlzVsStr\train\Alzheimer\Alzheimer (1486).jpg,Alzheimer (1486).jpg,Brain Disease,Alzheimer,train,0
C:\Users\hamza\Downloads\FYP\AlzVsStr\AlzVsStr\train\Alzheimer\Alzheimer (1487).jpg,Alzheimer (1487).jpg,Brain Disease,Alzheimer,train,0
C:\Users\hamza\Downloads\FYP\AlzVsStr\AlzVsStr\train\Alzheimer\Alzheimer (1488).jpg,Alzheimer (1488).jpg,Brain Disease,Alzheimer,train,0
C:\Users\hamza\Downloads\FYP\AlzVsStr\AlzVsStr\train\Alzheimer\Alzheimer (1489).jpg,Alzheimer (1489).jpg,Brain Disease,Alzheimer,train,0
C:\Users\hamza\Downloads\FYP\AlzVsStr\AlzVsStr\train\Alzheimer\Alzheimer (149).jpg,Alzheimer (149).jpg,Brain Disease,Alzheimer,train,0
C:\Users\hamza\Downloads\FYP\AlzVsStr\AlzVsStr\train\Alzheimer\Alzheimer (1490).jpg,Alzheimer (1490).jpg,Brain Disease,Alzheimer,train,0
C:\Users\hamza\Downloads\FYP\AlzVsStr\AlzVsStr\train\Alzheimer\Alzheimer (1491).jpg,Alzheimer (1491).jpg,Brain Disease,Alzheimer,train,0
C:\Users\hamza\Downloads\FYP\AlzVsStr\AlzVsStr\train\Alzheimer\Alzheimer (1492).jpg,Alzheimer (1492).jpg,Brain Disease,Alzheimer,train,0
C:\Users\hamza\Downloads\FYP\AlzVsStr\AlzVsStr\train\Alzheimer\Alzheimer (1493).jpg,Alzheimer (1493).jpg,Brain Disease,Alzheimer,train,0
C:\Users\hamza\Downloads\FYP\AlzVsStr\AlzVsStr\train\Alzheimer\Alzheimer (1494).jpg,Alzheimer (1494).jpg,Brain Disease,Alzheimer,train,0
C:\Users\hamza\Downloads\FYP\AlzVsStr\AlzVsStr\train\Alzheimer\Alzheimer (1495).jpg,Alzheimer (1495).jpg,Brain Disease,Alzheimer,train,0
C:\Users\hamza\Downloads\FYP\AlzVsStr\AlzVsStr\train\Alzheimer\Alzheimer (1496).jpg,Alzheimer (1496).jpg,Brain Disease,Alzheimer,train,0
C:\Users\hamza\Downloads\FYP\AlzVsStr\AlzVsStr\train\Alzheimer\Alzheimer (1497).jpg,Alzheimer (1497).jpg,Brain Disease,Alzheimer,train,0
C:\Users\hamza\Downloads\FYP\AlzVsStr\AlzVsStr\train\Alzheimer\Alzheimer (1498).jpg,Alzheimer (1498).jpg,Brain Disease,Alzheimer,train,0
C:\Users\hamza\Downloads\FYP\AlzVsStr\AlzVsStr\train\Alzheimer\Alzheimer (1499).jpg,Alzheimer (1499).jpg,Brain Disease,Alzheimer,train,0
C:\Users\hamza\Downloads\FYP\AlzVsStr\AlzVsStr\train\Alzheimer\Alzheimer (15).jpg,Alzheimer (15).jpg,Brain Disease,Alzheimer,train,0
C:\Users\hamza\Downloads\FYP\AlzVsStr\AlzVsStr\train\Alzheimer\Alzheimer (150).jpg,Alzheimer (150).jpg,Brain Disease,Alzheimer,train,0
C:\Users\hamza\Downloads\FYP\AlzVsStr\AlzVsStr\train\Alzheimer\Alzheimer (1500).jpg,Alzheimer (1500).jpg,Brain Disease,Alzheimer,train,0
C:\Users\hamza\Downloads\FYP\AlzVsStr\AlzVsStr\train\Alzheimer\Alzheimer (1501).jpg,Alzheimer (1501).jpg,Brain Disease,Alzheimer,train,0
C:\Users\hamza\Downloads\FYP\AlzVsStr\AlzVsStr\train\Alzheimer\Alzheimer (1502).jpg,Alzheimer (1502).jpg,Brain Disease,Alzheimer,train,0
C:\Users\hamza\Downloads\FYP\AlzVsStr\AlzVsStr\train\Alzheimer\Alzheimer (1503).jpg,Alzheimer (1503).jpg,Brain Disease,Alzheimer,train,0
C:\Users\hamza\Downloads\FYP\AlzVsStr\AlzVsStr\train\Alzheimer\Alzheimer (1504).jpg,Alzheimer (1504).jpg,Brain Disease,Alzheimer,train,0
C:\Users\hamza\Downloads\FYP\AlzVsStr\AlzVsStr\train\Alzheimer\Alzheimer (1505).jpg,Alzheimer (1505).jpg,Brain Disease,Alzheimer,train,0
C:\Users\hamza\Downloads\FYP\AlzVsStr\AlzVsStr\train\Alzheimer\Alzheimer (1506).jpg,Alzheimer (1506).jpg,Brain Disease,Alzheimer,train,0
C:\Users\hamza\Downloads\FYP\AlzVsStr\AlzVsStr\train\Alzheimer\Alzheimer (1507).jpg,Alzheimer (1507).jpg,Brain Disease,Alzheimer,train,0
C:\Users\hamza\Downloads\FYP\AlzVsStr\AlzVsStr\train\Alzheimer\Alzheimer (1508).jpg,Alzheimer (1508).jpg,Brain Disease,Alzheimer,train,0
C:\Users\hamza\Downloads\FYP\AlzVsStr\AlzVsStr\train\Alzheimer\Alzheimer (1509).jpg,Alzheimer (1509).jpg,Brain Disease,Alzheimer,train,0
C:\Users\hamza\Downloads\FYP\AlzVsStr\AlzVsStr\train\Alzheimer\Alzheimer (151).jpg,Alzheimer (151).jpg,Brain Disease,Alzheimer,train,0
C:\Users\hamza\Downloads\FYP\AlzVsStr\AlzVsStr\train\Alzheimer\Alzheimer (1510).jpg,Alzheimer (1510).jpg,Brain Disease,Alzheimer,train,0
C:\Users\hamza\Downloads\FYP\AlzVsStr\AlzVsStr\train\Alzheimer\Alzheimer (1511).jpg,Alzheimer (1511).jpg,Brain Disease,Alzheimer,train,0
C:\Users\hamza\Downloads\FYP\AlzVsStr\AlzVsStr\train\Alzheimer\Alzheimer (1512).jpg,Alzheimer (1512).jpg,Brain Disease,Alzheimer,train,0
C:\Users\hamza\Downloads\FYP\AlzVsStr\AlzVsStr\train\Alzheimer\Alzheimer (1513).jpg,Alzheimer (1513).jpg,Brain Disease,Alzheimer,train,0
C:\Users\hamza\Downloads\FYP\AlzVsStr\AlzVsStr\train\Alzheimer\Alzheimer (1514).jpg,Alzheimer (1514).jpg,Brain Disease,Alzheimer,train,0
C:\Users\hamza\Downloads\FYP\AlzVsStr\AlzVsStr\train\Alzheimer\Alzheimer (1515).jpg,Alzheimer (1515).jpg,Brain Disease,Alzheimer,train,0
C:\Users\hamza\Downloads\FYP\AlzVsStr\AlzVsStr\train\Alzheimer\Alzheimer (1516).jpg,Alzheimer (1516).jpg,Brain Disease,Alzheimer,train,0
C:\Users\hamza\Downloads\FYP\AlzVsStr\AlzVsStr\train\Alzheimer\Alzheimer (1517).jpg,Alzheimer (1517).jpg,Brain Disease,Alzheimer,train,0
C:\Users\hamza\Downloads\FYP\AlzVsStr\AlzVsStr\train\Alzheimer\Alzheimer (1518).jpg,Alzheimer (1518).jpg,Brain Disease,Alzheimer,train,0
C:\Users\hamza\Downloads\FYP\AlzVsStr\AlzVsStr\train\Alzheimer\Alzheimer (1519).jpg,Alzheimer (1519).jpg,Brain Disease,Alzheimer,train,0
C:\Users\hamza\Downloads\FYP\AlzVsStr\AlzVsStr\train\Alzheimer\Alzheimer (152).jpg,Alzheimer (152).jpg,Brain Disease,Alzheimer,train,0
C:\Users\hamza\Downloads\FYP\AlzVsStr\AlzVsStr\train\Alzheimer\Alzheimer (1520).jpg,Alzheimer (1520).jpg,Brain Disease,Alzheimer,train,0
C:\Users\hamza\Downloads\FYP\AlzVsStr\AlzVsStr\train\Alzheimer\Alzheimer (1521).jpg,Alzheimer (1521).jpg,Brain Disease,Alzheimer,train,0
C:\Users\hamza\Downloads\FYP\AlzVsStr\AlzVsStr\train\Alzheimer\Alzheimer (1522).jpg,Alzheimer (1522).jpg,Brain Disease,Alzheimer,train,0
C:\Users\hamza\Downloads\FYP\AlzVsStr\AlzVsStr\train\Alzheimer\Alzheimer (1523).jpg,Alzheimer (1523).jpg,Brain Disease,Alzheimer,train,0
C:\Users\hamza\Downloads\FYP\AlzVsStr\AlzVsStr\train\Alzheimer\Alzheimer (1524).jpg,Alzheimer (1524).jpg,Brain Disease,Alzheimer,train,0
C:\Users\hamza\Downloads\FYP\AlzVsStr\AlzVsStr\train\Alzheimer\Alzheimer (1525).jpg,Alzheimer (1525).jpg,Brain Disease,Alzheimer,train,0
C:\Users\hamza\Downloads\FYP\AlzVsStr\AlzVsStr\train\Alzheimer\Alzheimer (1526).jpg,Alzheimer (1526).jpg,Brain Disease,Alzheimer,train,0
C:\Users\hamza\Downloads\FYP\AlzVsStr\AlzVsStr\train\Alzheimer\Alzheimer (1527).jpg,Alzheimer (1527).jpg,Brain Disease,Alzheimer,train,0
C:\Users\hamza\Downloads\FYP\AlzVsStr\AlzVsStr\train\Alzheimer\Alzheimer (1528).jpg,Alzheimer (1528).jpg,Brain Disease,Alzheimer,train,0
C:\Users\hamza\Downloads\FYP\AlzVsStr\AlzVsStr\train\Alzheimer\Alzheimer (1529).jpg,Alzheimer (1529).jpg,Brain Disease,Alzheimer,train,0
C:\Users\hamza\Downloads\FYP\AlzVsStr\AlzVsStr\train\Alzheimer\Alzheimer (153).jpg,Alzheimer (153).jpg,Brain Disease,Alzheimer,train,0
C:\Users\hamza\Downloads\FYP\AlzVsStr\AlzVsStr\train\Alzheimer\Alzheimer (1530).jpg,Alzheimer (1530).jpg,Brain Disease,Alzheimer,train,0
C:\Users\hamza\Downloads\FYP\AlzVsStr\AlzVsStr\train\Alzheimer\Alzheimer (1531).jpg,Alzheimer (1531).jpg,Brain Disease,Alzheimer,train,0
C:\Users\hamza\Downloads\FYP\AlzVsStr\AlzVsStr\train\Alzheimer\Alzheimer (1532).jpg,Alzheimer (1532).jpg,Brain Disease,Alzheimer,train,0
C:\Users\hamza\Downloads\FYP\AlzVsStr\AlzVsStr\train\Alzheimer\Alzheimer (1533).jpg,Alzheimer (1533).jpg,Brain Disease,Alzheimer,train,0
C:\Users\hamza\Downloads\FYP\AlzVsStr\AlzVsStr\train\Alzheimer\Alzheimer (1534).jpg,Alzheimer (1534).jpg,Brain Disease,Alzheimer,train,0
C:\Users\hamza\Downloads\FYP\AlzVsStr\AlzVsStr\train\Alzheimer\Alzheimer (1535).jpg,Alzheimer (1535).jpg,Brain Disease,Alzheimer,train,0
C:\Users\hamza\Downloads\FYP\AlzVsStr\AlzVsStr\train\Alzheimer\Alzheimer (1536).jpg,Alzheimer (1536).jpg,Brain Disease,Alzheimer,train,0
C:\Users\hamza\Downloads\FYP\AlzVsStr\AlzVsStr\train\Alzheimer\Alzheimer (1537).jpg,Alzheimer (1537).jpg,Brain Disease,Alzheimer,train,0
C:\Users\hamza\Downloads\FYP\AlzVsStr\AlzVsStr\train\Alzheimer\Alzheimer (1538).jpg,Alzheimer (1538).jpg,Brain Disease,Alzheimer,train,0
C:\Users\hamza\Downloads\FYP\AlzVsStr\AlzVsStr\train\Alzheimer\Alzheimer (1539).jpg,Alzheimer (1539).jpg,Brain Disease,Alzheimer,train,0
C:\Users\hamza\Downloads\FYP\AlzVsStr\AlzVsStr\train\Alzheimer\Alzheimer (154).jpg,Alzheimer (154).jpg,Brain Disease,Alzheimer,train,0
C:\Users\hamza\Downloads\FYP\AlzVsStr\AlzVsStr\train\Alzheimer\Alzheimer (1540).jpg,Alzheimer (1540).jpg,Brain Disease,Alzheimer,train,0
C:\Users\hamza\Downloads\FYP\AlzVsStr\AlzVsStr\train\Alzheimer\Alzheimer (1541).jpg,Alzheimer (1541).jpg,Brain Disease,Alzheimer,train,0
C:\Users\hamza\Downloads\FYP\AlzVsStr\AlzVsStr\train\Alzheimer\Alzheimer (1542).jpg,Alzheimer (1542).jpg,Brain Disease,Alzheimer,train,0
C:\Users\hamza\Downloads\FYP\AlzVsStr\AlzVsStr\train\Alzheimer\Alzheimer (1543).jpg,Alzheimer (1543).jpg,Brain Disease,Alzheimer,train,0
C:\Users\hamza\Downloads\FYP\AlzVsStr\AlzVsStr\train\Alzheimer\Alzheimer (1544).jpg,Alzheimer (1544).jpg,Brain Disease,Alzheimer,train,0
C:\Users\hamza\Downloads\FYP\AlzVsStr\AlzVsStr\train\Alzheimer\Alzheimer (1545).jpg,Alzheimer (1545).jpg,Brain Disease,Alzheimer,train,0
C:\Users\hamza\Downloads\FYP\AlzVsStr\AlzVsStr\train\Alzheimer\Alzheimer (1546).jpg,Alzheimer (1546).jpg,Brain Disease,Alzheimer,train,0
C:\Users\hamza\Downloads\FYP\AlzVsStr\AlzVsStr\train\Alzheimer\Alzheimer (1547).jpg,Alzheimer (1547).jpg,Brain Disease,Alzheimer,train,0
C:\Users\hamza\Downloads\FYP\AlzVsStr\AlzVsStr\train\Alzheimer\Alzheimer (1548).jpg,Alzheimer (1548).jpg,Brain Disease,Alzheimer,train,0
C:\Users\hamza\Downloads\FYP\AlzVsStr\AlzVsStr\train\Alzheimer\Alzheimer (1549).jpg,Alzheimer (1549).jpg,Brain Disease,Alzheimer,train,0
C:\Users\hamza\Downloads\FYP\AlzVsStr\AlzVsStr\train\Alzheimer\Alzheimer (155).jpg,Alzheimer (155).jpg,Brain Disease,Alzheimer,train,0
C:\Users\hamza\Downloads\FYP\AlzVsStr\AlzVsStr\train\Alzheimer\Alzheimer (1550).jpg,Alzheimer (1550).jpg,Brain Disease,Alzheimer,train,0
C:\Users\hamza\Downloads\FYP\AlzVsStr\AlzVsStr\train\Alzheimer\Alzheimer (1551).jpg,Alzheimer (1551).jpg,Brain Disease,Alzheimer,train,0
C:\Users\hamza\Downloads\FYP\AlzVsStr\AlzVsStr\train\Alzheimer\Alzheimer (1552).jpg,Alzheimer (1552).jpg,Brain Disease,Alzheimer,train,0
C:\Users\hamza\Downloads\FYP\AlzVsStr\AlzVsStr\train\Alzheimer\Alzheimer (1553).jpg,Alzheimer (1553).jpg,Brain Disease,Alzheimer,train,0
C:\Users\hamza\Downloads\FYP\AlzVsStr\AlzVsStr\train\Alzheimer\Alzheimer (1554).jpg,Alzheimer (1554).jpg,Brain Disease,Alzheimer,train,0
C:\Users\hamza\Downloads\FYP\AlzVsStr\AlzVsStr\train\Alzheimer\Alzheimer (1555).jpg,Alzheimer (1555).jpg,Brain Disease,Alzheimer,train,0
C:\Users\hamza\Downloads\FYP\AlzVsStr\AlzVsStr\train\Alzheimer\Alzheimer (1556).jpg,Alzheimer (1556).jpg,Brain Disease,Alzheimer,train,0
C:\Users\hamza\Downloads\FYP\AlzVsStr\AlzVsStr\train\Alzheimer\Alzheimer (1557).jpg,Alzheimer (1557).jpg,Brain Disease,Alzheimer,train,0
C:\Users\hamza\Downloads\FYP\AlzVsStr\AlzVsStr\train\Alzheimer\Alzheimer (1558).jpg,Alzheimer (1558).jpg,Brain Disease,Alzheimer,train,0
C:\Users\hamza\Downloads\FYP\AlzVsStr\AlzVsStr\train\Alzheimer\Alzheimer (1559).jpg,Alzheimer (1559).jpg,Brain Disease,Alzheimer,train,0
C:\Users\hamza\Downloads\FYP\AlzVsStr\AlzVsStr\train\Alzheimer\Alzheimer (156).jpg,Alzheimer (156).jpg,Brain Disease,Alzheimer,train,0
C:\Users\hamza\Downloads\FYP\AlzVsStr\AlzVsStr\train\Alzheimer\Alzheimer (1560).jpg,Alzheimer (1560).jpg,Brain Disease,Alzheimer,train,0
C:\Users\hamza\Downloads\FYP\AlzVsStr\AlzVsStr\train\Alzheimer\Alzheimer (1561).jpg,Alzheimer (1561).jpg,Brain Disease,Alzheimer,train,0
C:\Users\hamza\Downloads\FYP\AlzVsStr\AlzVsStr\train\Alzheimer\Alzheimer (1562).jpg,Alzheimer (1562).jpg,Brain Disease,Alzheimer,train,0
C:\Users\hamza\Downloads\FYP\AlzVsStr\AlzVsStr\train\Alzheimer\Alzheimer (1563).jpg,Alzheimer (1563).jpg,Brain Disease,Alzheimer,train,0
C:\Users\hamza\Downloads\FYP\AlzVsStr\AlzVsStr\train\Alzheimer\Alzheimer (1564).jpg,Alzheimer (1564).jpg,Brain Disease,Alzheimer,train,0
C:\Users\hamza\Downloads\FYP\AlzVsStr\AlzVsStr\train\Alzheimer\Alzheimer (1565).jpg,Alzheimer (1565).jpg,Brain Disease,Alzheimer,train,0
C:\Users\hamza\Downloads\FYP\AlzVsStr\AlzVsStr\train\Alzheimer\Alzheimer (1566).jpg,Alzheimer (1566).jpg,Brain Disease,Alzheimer,train,0
C:\Users\hamza\Downloads\FYP\AlzVsStr\AlzVsStr\train\Alzheimer\Alzheimer (1567).jpg,Alzheimer (1567).jpg,Brain Disease,Alzheimer,train,0
C:\Users\hamza\Downloads\FYP\AlzVsStr\AlzVsStr\train\Alzheimer\Alzheimer (1568).jpg,Alzheimer (1568).jpg,Brain Disease,Alzheimer,train,0
C:\Users\hamza\Downloads\FYP\AlzVsStr\AlzVsStr\train\Alzheimer\Alzheimer (1569).jpg,Alzheimer (1569).jpg,Brain Disease,Alzheimer,train,0
C:\Users\hamza\Downloads\FYP\AlzVsStr\AlzVsStr\train\Alzheimer\Alzheimer (157).jpg,Alzheimer (157).jpg,Brain Disease,Alzheimer,train,0
C:\Users\hamza\Downloads\FYP\AlzVsStr\AlzVsStr\train\Alzheimer\Alzheimer (1570).jpg,Alzheimer (1570).jpg,Brain Disease,Alzheimer,train,0
C:\Users\hamza\Downloads\FYP\AlzVsStr\AlzVsStr\train\Alzheimer\Alzheimer (1571).jpg,Alzheimer (1571).jpg,Brain Disease,Alzheimer,train,0
C:\Users\hamza\Downloads\FYP\AlzVsStr\AlzVsStr\train\Alzheimer\Alzheimer (1572).jpg,Alzheimer (1572).jpg,Brain Disease,Alzheimer,train,0
C:\Users\hamza\Downloads\FYP\AlzVsStr\AlzVsStr\train\Alzheimer\Alzheimer (1573).jpg,Alzheimer (1573).jpg,Brain Disease,Alzheimer,train,0
C:\Users\hamza\Downloads\FYP\AlzVsStr\AlzVsStr\train\Alzheimer\Alzheimer (1574).jpg,Alzheimer (1574).jpg,Brain Disease,Alzheimer,train,0
C:\Users\hamza\Downloads\FYP\AlzVsStr\AlzVsStr\train\Alzheimer\Alzheimer (1575).jpg,Alzheimer (1575).jpg,Brain Disease,Alzheimer,train,0
C:\Users\hamza\Downloads\FYP\AlzVsStr\AlzVsStr\train\Alzheimer\Alzheimer (1576).jpg,Alzheimer (1576).jpg,Brain Disease,Alzheimer,train,0
C:\Users\hamza\Downloads\FYP\AlzVsStr\AlzVsStr\train\Alzheimer\Alzheimer (1577).jpg,Alzheimer (1577).jpg,Brain Disease,Alzheimer,train,0
C:\Users\hamza\Downloads\FYP\AlzVsStr\AlzVsStr\train\Alzheimer\Alzheimer (1578).jpg,Alzheimer (1578).jpg,Brain Disease,Alzheimer,train,0
C:\Users\hamza\Downloads\FYP\AlzVsStr\AlzVsStr\train\Alzheimer\Alzheimer (1579).jpg,Alzheimer (1579).jpg,Brain Disease,Alzheimer,train,0
C:\Users\hamza\Downloads\FYP\AlzVsStr\AlzVsStr\train\Alzheimer\Alzheimer (158).jpg,Alzheimer (158).jpg,Brain Disease,Alzheimer,train,0
C:\Users\hamza\Downloads\FYP\AlzVsStr\AlzVsStr\train\Alzheimer\Alzheimer (1580).jpg,Alzheimer (1580).jpg,Brain Disease,Alzheimer,train,0
C:\Users\hamza\Downloads\FYP\AlzVsStr\AlzVsStr\train\Alzheimer\Alzheimer (1581).jpg,Alzheimer (1581).jpg,Brain Disease,Alzheimer,train,0
C:\Users\hamza\Downloads\FYP\AlzVsStr\AlzVsStr\train\Alzheimer\Alzheimer (1582).jpg,Alzheimer (1582).jpg,Brain Disease,Alzheimer,train,0
C:\Users\hamza\Downloads\FYP\AlzVsStr\AlzVsStr\train\Alzheimer\Alzheimer (1583).jpg,Alzheimer (1583).jpg,Brain Disease,Alzheimer,train,0
C:\Users\hamza\Downloads\FYP\AlzVsStr\AlzVsStr\train\Alzheimer\Alzheimer (1584).jpg,Alzheimer (1584).jpg,Brain Disease,Alzheimer,train,0
C:\Users\hamza\Downloads\FYP\AlzVsStr\AlzVsStr\train\Alzheimer\Alzheimer (1585).jpg,Alzheimer (1585).jpg,Brain Disease,Alzheimer,train,0
C:\Users\hamza\Downloads\FYP\AlzVsStr\AlzVsStr\train\Alzheimer\Alzheimer (1586).jpg,Alzheimer (1586).jpg,Brain Disease,Alzheimer,train,0
C:\Users\hamza\Downloads\FYP\AlzVsStr\AlzVsStr\train\Alzheimer\Alzheimer (1587).jpg,Alzheimer (1587).jpg,Brain Disease,Alzheimer,train,0
C:\Users\hamza\Downloads\FYP\AlzVsStr\AlzVsStr\train\Alzheimer\Alzheimer (1588).jpg,Alzheimer (1588).jpg,Brain Disease,Alzheimer,train,0
C:\Users\hamza\Downloads\FYP\AlzVsStr\AlzVsStr\train\Alzheimer\Alzheimer (1589).jpg,Alzheimer (1589).jpg,Brain Disease,Alzheimer,train,0
C:\Users\hamza\Downloads\FYP\AlzVsStr\AlzVsStr\train\Alzheimer\Alzheimer (159).jpg,Alzheimer (159).jpg,Brain Disease,Alzheimer,train,0
C:\Users\hamza\Downloads\FYP\AlzVsStr\AlzVsStr\train\Alzheimer\Alzheimer (1590).jpg,Alzheimer (1590).jpg,Brain Disease,Alzheimer,train,0
C:\Users\hamza\Downloads\FYP\AlzVsStr\AlzVsStr\train\Alzheimer\Alzheimer (1591).jpg,Alzheimer (1591).jpg,Brain Disease,Alzheimer,train,0
C:\Users\hamza\Downloads\FYP\AlzVsStr\AlzVsStr\train\Alzheimer\Alzheimer (1592).jpg,Alzheimer (1592).jpg,Brain Disease,Alzheimer,train,0
C:\Users\hamza\Downloads\FYP\AlzVsStr\AlzVsStr\train\Alzheimer\Alzheimer (1593).jpg,Alzheimer (1593).jpg,Brain Disease,Alzheimer,train,0
C:\Users\hamza\Downloads\FYP\AlzVsStr\AlzVsStr\train\Alzheimer\Alzheimer (1594).jpg,Alzheimer (1594).jpg,Brain Disease,Alzheimer,train,0
C:\Users\hamza\Downloads\FYP\AlzVsStr\AlzVsStr\train\Alzheimer\Alzheimer (1595).jpg,Alzheimer (1595).jpg,Brain Disease,Alzheimer,train,0
C:\Users\hamza\Downloads\FYP\AlzVsStr\AlzVsStr\train\Alzheimer\Alzheimer (1596).jpg,Alzheimer (1596).jpg,Brain Disease,Alzheimer,train,0
C:\Users\hamza\Downloads\FYP\AlzVsStr\AlzVsStr\train\Alzheimer\Alzheimer (1597).jpg,Alzheimer (1597).jpg,Brain Disease,Alzheimer,train,0
C:\Users\hamza\Downloads\FYP\AlzVsStr\AlzVsStr\train\Alzheimer\Alzheimer (1598).jpg,Alzheimer (1598).jpg,Brain Disease,Alzheimer,train,0
C:\Users\hamza\Downloads\FYP\AlzVsStr\AlzVsStr\train\Alzheimer\Alzheimer (1599).jpg,Alzheimer (1599).jpg,Brain Disease,Alzheimer,train,0
C:\Users\hamza\Downloads\FYP\AlzVsStr\AlzVsStr\train\Alzheimer\Alzheimer (16).jpg,Alzheimer (16).jpg,Brain Disease,Alzheimer,train,0
C:\Users\hamza\Downloads\FYP\AlzVsStr\AlzVsStr\train\Alzheimer\Alzheimer (160).jpg,Alzheimer (160).jpg,Brain Disease,Alzheimer,train,0
C:\Users\hamza\Downloads\FYP\AlzVsStr\AlzVsStr\train\Alzheimer\Alzheimer (1600).jpg,Alzheimer (1600).jpg,Brain Disease,Alzheimer,train,0
C:\Users\hamza\Downloads\FYP\AlzVsStr\AlzVsStr\train\Alzheimer\Alzheimer (1601).jpg,Alzheimer (1601).jpg,Brain Disease,Alzheimer,train,0
C:\Users\hamza\Downloads\FYP\AlzVsStr\AlzVsStr\train\Alzheimer\Alzheimer (1602).jpg,Alzheimer (1602).jpg,Brain Disease,Alzheimer,train,0
C:\Users\hamza\Downloads\FYP\AlzVsStr\AlzVsStr\train\Alzheimer\Alzheimer (1603).jpg,Alzheimer (1603).jpg,Brain Disease,Alzheimer,train,0
C:\Users\hamza\Downloads\FYP\AlzVsStr\AlzVsStr\train\Alzheimer\Alzheimer (1604).jpg,Alzheimer (1604).jpg,Brain Disease,Alzheimer,train,0
C:\Users\hamza\Downloads\FYP\AlzVsStr\AlzVsStr\train\Alzheimer\Alzheimer (1605).jpg,Alzheimer (1605).jpg,Brain Disease,Alzheimer,train,0
C:\Users\hamza\Downloads\FYP\AlzVsStr\AlzVsStr\train\Alzheimer\Alzheimer (1606).jpg,Alzheimer (1606).jpg,Brain Disease,Alzheimer,train,0
C:\Users\hamza\Downloads\FYP\AlzVsStr\AlzVsStr\train\Alzheimer\Alzheimer (1607).jpg,Alzheimer (1607).jpg,Brain Disease,Alzheimer,train,0
C:\Users\hamza\Downloads\FYP\AlzVsStr\AlzVsStr\train\Alzheimer\Alzheimer (1608).jpg,Alzheimer (1608).jpg,Brain Disease,Alzheimer,train,0
C:\Users\hamza\Downloads\FYP\AlzVsStr\AlzVsStr\train\Alzheimer\Alzheimer (1609).jpg,Alzheimer (1609).jpg,Brain Disease,Alzheimer,train,0
C:\Users\hamza\Downloads\FYP\AlzVsStr\AlzVsStr\train\Alzheimer\Alzheimer (161).jpg,Alzheimer (161).jpg,Brain Disease,Alzheimer,train,0
C:\Users\hamza\Downloads\FYP\AlzVsStr\AlzVsStr\train\Alzheimer\Alzheimer (1610).jpg,Alzheimer (1610).jpg,Brain Disease,Alzheimer,train,0
C:\Users\hamza\Downloads\FYP\AlzVsStr\AlzVsStr\train\Alzheimer\Alzheimer (1611).jpg,Alzheimer (1611).jpg,Brain Disease,Alzheimer,train,0
C:\Users\hamza\Downloads\FYP\AlzVsStr\AlzVsStr\train\Alzheimer\Alzheimer (1612).jpg,Alzheimer (1612).jpg,Brain Disease,Alzheimer,train,0
C:\Users\hamza\Downloads\FYP\AlzVsStr\AlzVsStr\train\Alzheimer\Alzheimer (1613).jpg,Alzheimer (1613).jpg,Brain Disease,Alzheimer,train,0
C:\Users\hamza\Downloads\FYP\AlzVsStr\AlzVsStr\train\Alzheimer\Alzheimer (1614).jpg,Alzheimer (1614).jpg,Brain Disease,Alzheimer,train,0
C:\Users\hamza\Downloads\FYP\AlzVsStr\AlzVsStr\train\Alzheimer\Alzheimer (1615).jpg,Alzheimer (1615).jpg,Brain Disease,Alzheimer,train,0
C:\Users\hamza\Downloads\FYP\AlzVsStr\AlzVsStr\train\Alzheimer\Alzheimer (1616).jpg,Alzheimer (1616).jpg,Brain Disease,Alzheimer,train,0
C:\Users\hamza\Downloads\FYP\AlzVsStr\AlzVsStr\train\Alzheimer\Alzheimer (1617).jpg,Alzheimer (1617).jpg,Brain Disease,Alzheimer,train,0
C:\Users\hamza\Downloads\FYP\AlzVsStr\AlzVsStr\train\Alzheimer\Alzheimer (1618).jpg,Alzheimer (1618).jpg,Brain Disease,Alzheimer,train,0
C:\Users\hamza\Downloads\FYP\AlzVsStr\AlzVsStr\train\Alzheimer\Alzheimer (1619).jpg,Alzheimer (1619).jpg,Brain Disease,Alzheimer,train,0
C:\Users\hamza\Downloads\FYP\AlzVsStr\AlzVsStr\train\Alzheimer\Alzheimer (162).jpg,Alzheimer (162).jpg,Brain Disease,Alzheimer,train,0
C:\Users\hamza\Downloads\FYP\AlzVsStr\AlzVsStr\train\Alzheimer\Alzheimer (1620).jpg,Alzheimer (1620).jpg,Brain Disease,Alzheimer,train,0
C:\Users\hamza\Downloads\FYP\AlzVsStr\AlzVsStr\train\Alzheimer\Alzheimer (1621).jpg,Alzheimer (1621).jpg,Brain Disease,Alzheimer,train,0
C:\Users\hamza\Downloads\FYP\AlzVsStr\AlzVsStr\train\Alzheimer\Alzheimer (1622).jpg,Alzheimer (1622).jpg,Brain Disease,Alzheimer,train,0
C:\Users\hamza\Downloads\FYP\AlzVsStr\AlzVsStr\train\Alzheimer\Alzheimer (1623).jpg,Alzheimer (1623).jpg,Brain Disease,Alzheimer,train,0
C:\Users\hamza\Downloads\FYP\AlzVsStr\AlzVsStr\train\Alzheimer\Alzheimer (1624).jpg,Alzheimer (1624).jpg,Brain Disease,Alzheimer,train,0
C:\Users\hamza\Downloads\FYP\AlzVsStr\AlzVsStr\train\Alzheimer\Alzheimer (1625).jpg,Alzheimer (1625).jpg,Brain Disease,Alzheimer,train,0
C:\Users\hamza\Downloads\FYP\AlzVsStr\AlzVsStr\train\Alzheimer\Alzheimer (1626).jpg,Alzheimer (1626).jpg,Brain Disease,Alzheimer,train,0
C:\Users\hamza\Downloads\FYP\AlzVsStr\AlzVsStr\train\Alzheimer\Alzheimer (1627).jpg,Alzheimer (1627).jpg,Brain Disease,Alzheimer,train,0
C:\Users\hamza\Downloads\FYP\AlzVsStr\AlzVsStr\train\Alzheimer\Alzheimer (1628).jpg,Alzheimer (1628).jpg,Brain Disease,Alzheimer,train,0
C:\Users\hamza\Downloads\FYP\AlzVsStr\AlzVsStr\train\Alzheimer\Alzheimer (1629).jpg,Alzheimer (1629).jpg,Brain Disease,Alzheimer,train,0
C:\Users\hamza\Downloads\FYP\AlzVsStr\AlzVsStr\train\Alzheimer\Alzheimer (163).jpg,Alzheimer (163).jpg,Brain Disease,Alzheimer,train,0
C:\Users\hamza\Downloads\FYP\AlzVsStr\AlzVsStr\train\Alzheimer\Alzheimer (1630).jpg,Alzheimer (1630).jpg,Brain Disease,Alzheimer,train,0
C:\Users\hamza\Downloads\FYP\AlzVsStr\AlzVsStr\train\Alzheimer\Alzheimer (1631).jpg,Alzheimer (1631).jpg,Brain Disease,Alzheimer,train,0
C:\Users\hamza\Downloads\FYP\AlzVsStr\AlzVsStr\train\Alzheimer\Alzheimer (1632).jpg,Alzheimer (1632).jpg,Brain Disease,Alzheimer,train,0
C:\Users\hamza\Downloads\FYP\AlzVsStr\AlzVsStr\train\Alzheimer\Alzheimer (1633).jpg,Alzheimer (1633).jpg,Brain Disease,Alzheimer,train,0
C:\Users\hamza\Downloads\FYP\AlzVsStr\AlzVsStr\train\Alzheimer\Alzheimer (1634).jpg,Alzheimer (1634).jpg,Brain Disease,Alzheimer,train,0
C:\Users\hamza\Downloads\FYP\AlzVsStr\AlzVsStr\train\Alzheimer\Alzheimer (1635).jpg,Alzheimer (1635).jpg,Brain Disease,Alzheimer,train,0
C:\Users\hamza\Downloads\FYP\AlzVsStr\AlzVsStr\train\Alzheimer\Alzheimer (1636).jpg,Alzheimer (1636).jpg,Brain Disease,Alzheimer,train,0
C:\Users\hamza\Downloads\FYP\AlzVsStr\AlzVsStr\train\Alzheimer\Alzheimer (1637).jpg,Alzheimer (1637).jpg,Brain Disease,Alzheimer,train,0
C:\Users\hamza\Downloads\FYP\AlzVsStr\AlzVsStr\train\Alzheimer\Alzheimer (1638).jpg,Alzheimer (1638).jpg,Brain Disease,Alzheimer,train,0
C:\Users\hamza\Downloads\FYP\AlzVsStr\AlzVsStr\train\Alzheimer\Alzheimer (1639).jpg,Alzheimer (1639).jpg,Brain Disease,Alzheimer,train,0
C:\Users\hamza\Downloads\FYP\AlzVsStr\AlzVsStr\train\Alzheimer\Alzheimer (164).jpg,Alzheimer (164).jpg,Brain Disease,Alzheimer,train,0
C:\Users\hamza\Downloads\FYP\AlzVsStr\AlzVsStr\train\Alzheimer\Alzheimer (1640).jpg,Alzheimer (1640).jpg,Brain Disease,Alzheimer,train,0
C:\Users\hamza\Downloads\FYP\AlzVsStr\AlzVsStr\train\Alzheimer\Alzheimer (1641).jpg,Alzheimer (1641).jpg,Brain Disease,Alzheimer,train,0
C:\Users\hamza\Downloads\FYP\AlzVsStr\AlzVsStr\train\Alzheimer\Alzheimer (1642).jpg,Alzheimer (1642).jpg,Brain Disease,Alzheimer,train,0
C:\Users\hamza\Downloads\FYP\AlzVsStr\AlzVsStr\train\Alzheimer\Alzheimer (1643).jpg,Alzheimer (1643).jpg,Brain Disease,Alzheimer,train,0
C:\Users\hamza\Downloads\FYP\AlzVsStr\AlzVsStr\train\Alzheimer\Alzheimer (1644).jpg,Alzheimer (1644).jpg,Brain Disease,Alzheimer,train,0
C:\Users\hamza\Downloads\FYP\AlzVsStr\AlzVsStr\train\Alzheimer\Alzheimer (1645).jpg,Alzheimer (1645).jpg,Brain Disease,Alzheimer,train,0
C:\Users\hamza\Downloads\FYP\AlzVsStr\AlzVsStr\train\Alzheimer\Alzheimer (1646).jpg,Alzheimer (1646).jpg,Brain Disease,Alzheimer,train,0
C:\Users\hamza\Downloads\FYP\AlzVsStr\AlzVsStr\train\Alzheimer\Alzheimer (1647).jpg,Alzheimer (1647).jpg,Brain Disease,Alzheimer,train,0
C:\Users\hamza\Downloads\FYP\AlzVsStr\AlzVsStr\train\Alzheimer\Alzheimer (1648).jpg,Alzheimer (1648).jpg,Brain Disease,Alzheimer,train,0
C:\Users\hamza\Downloads\FYP\AlzVsStr\AlzVsStr\train\Alzheimer\Alzheimer (1649).jpg,Alzheimer (1649).jpg,Brain Disease,Alzheimer,train,0
C:\Users\hamza\Downloads\FYP\AlzVsStr\AlzVsStr\train\Alzheimer\Alzheimer (165).jpg,Alzheimer (165).jpg,Brain Disease,Alzheimer,train,0
C:\Users\hamza\Downloads\FYP\AlzVsStr\AlzVsStr\train\Alzheimer\Alzheimer (1650).jpg,Alzheimer (1650).jpg,Brain Disease,Alzheimer,train,0
C:\Users\hamza\Downloads\FYP\AlzVsStr\AlzVsStr\train\Alzheimer\Alzheimer (1651).jpg,Alzheimer (1651).jpg,Brain Disease,Alzheimer,train,0
C:\Users\hamza\Downloads\FYP\AlzVsStr\AlzVsStr\train\Alzheimer\Alzheimer (1652).jpg,Alzheimer (1652).jpg,Brain Disease,Alzheimer,train,0
C:\Users\hamza\Downloads\FYP\AlzVsStr\AlzVsStr\train\Alzheimer\Alzheimer (1653).jpg,Alzheimer (1653).jpg,Brain Disease,Alzheimer,train,0
C:\Users\hamza\Downloads\FYP\AlzVsStr\AlzVsStr\train\Alzheimer\Alzheimer (1654).jpg,Alzheimer (1654).jpg,Brain Disease,Alzheimer,train,0
C:\Users\hamza\Downloads\FYP\AlzVsStr\AlzVsStr\train\Alzheimer\Alzheimer (1655).jpg,Alzheimer (1655).jpg,Brain Disease,Alzheimer,train,0
C:\Users\hamza\Downloads\FYP\AlzVsStr\AlzVsStr\train\Alzheimer\Alzheimer (1656).jpg,Alzheimer (1656).jpg,Brain Disease,Alzheimer,train,0
C:\Users\hamza\Downloads\FYP\AlzVsStr\AlzVsStr\train\Alzheimer\Alzheimer (1657).jpg,Alzheimer (1657).jpg,Brain Disease,Alzheimer,train,0
C:\Users\hamza\Downloads\FYP\AlzVsStr\AlzVsStr\train\Alzheimer\Alzheimer (1658).jpg,Alzheimer (1658).jpg,Brain Disease,Alzheimer,train,0
C:\Users\hamza\Downloads\FYP\AlzVsStr\AlzVsStr\train\Alzheimer\Alzheimer (1659).jpg,Alzheimer (1659).jpg,Brain Disease,Alzheimer,train,0
C:\Users\hamza\Downloads\FYP\AlzVsStr\AlzVsStr\train\Alzheimer\Alzheimer (166).jpg,Alzheimer (166).jpg,Brain Disease,Alzheimer,train,0
C:\Users\hamza\Downloads\FYP\AlzVsStr\AlzVsStr\train\Alzheimer\Alzheimer (1660).jpg,Alzheimer (1660).jpg,Brain Disease,Alzheimer,train,0
C:\Users\hamza\Downloads\FYP\AlzVsStr\AlzVsStr\train\Alzheimer\Alzheimer (1661).jpg,Alzheimer (1661).jpg,Brain Disease,Alzheimer,train,0
C:\Users\hamza\Downloads\FYP\AlzVsStr\AlzVsStr\train\Alzheimer\Alzheimer (1662).jpg,Alzheimer (1662).jpg,Brain Disease,Alzheimer,train,0
C:\Users\hamza\Downloads\FYP\AlzVsStr\AlzVsStr\train\Alzheimer\Alzheimer (1663).jpg,Alzheimer (1663).jpg,Brain Disease,Alzheimer,train,0
C:\Users\hamza\Downloads\FYP\AlzVsStr\AlzVsStr\train\Alzheimer\Alzheimer (1664).jpg,Alzheimer (1664).jpg,Brain Disease,Alzheimer,train,0
C:\Users\hamza\Downloads\FYP\AlzVsStr\AlzVsStr\train\Alzheimer\Alzheimer (1665).jpg,Alzheimer (1665).jpg,Brain Disease,Alzheimer,train,0
C:\Users\hamza\Downloads\FYP\AlzVsStr\AlzVsStr\train\Alzheimer\Alzheimer (1666).jpg,Alzheimer (1666).jpg,Brain Disease,Alzheimer,train,0
C:\Users\hamza\Downloads\FYP\AlzVsStr\AlzVsStr\train\Alzheimer\Alzheimer (1667).jpg,Alzheimer (1667).jpg,Brain Disease,Alzheimer,train,0
C:\Users\hamza\Downloads\FYP\AlzVsStr\AlzVsStr\train\Alzheimer\Alzheimer (1668).jpg,Alzheimer (1668).jpg,Brain Disease,Alzheimer,train,0
C:\Users\hamza\Downloads\FYP\AlzVsStr\AlzVsStr\train\Alzheimer\Alzheimer (1669).jpg,Alzheimer (1669).jpg,Brain Disease,Alzheimer,train,0
C:\Users\hamza\Downloads\FYP\AlzVsStr\AlzVsStr\train\Alzheimer\Alzheimer (167).jpg,Alzheimer (167).jpg,Brain Disease,Alzheimer,train,0
C:\Users\hamza\Downloads\FYP\AlzVsStr\AlzVsStr\train\Alzheimer\Alzheimer (1670).jpg,Alzheimer (1670).jpg,Brain Disease,Alzheimer,train,0
C:\Users\hamza\Downloads\FYP\AlzVsStr\AlzVsStr\train\Alzheimer\Alzheimer (1671).jpg,Alzheimer (1671).jpg,Brain Disease,Alzheimer,train,0
C:\Users\hamza\Downloads\FYP\AlzVsStr\AlzVsStr\train\Alzheimer\Alzheimer (1672).jpg,Alzheimer (1672).jpg,Brain Disease,Alzheimer,train,0
C:\Users\hamza\Downloads\FYP\AlzVsStr\AlzVsStr\train\Alzheimer\Alzheimer (1673).jpg,Alzheimer (1673).jpg,Brain Disease,Alzheimer,train,0
C:\Users\hamza\Downloads\FYP\AlzVsStr\AlzVsStr\train\Alzheimer\Alzheimer (1674).jpg,Alzheimer (1674).jpg,Brain Disease,Alzheimer,train,0
C:\Users\hamza\Downloads\FYP\AlzVsStr\AlzVsStr\train\Alzheimer\Alzheimer (1675).jpg,Alzheimer (1675).jpg,Brain Disease,Alzheimer,train,0
C:\Users\hamza\Downloads\FYP\AlzVsStr\AlzVsStr\train\Alzheimer\Alzheimer (1676).jpg,Alzheimer (1676).jpg,Brain Disease,Alzheimer,train,0
C:\Users\hamza\Downloads\FYP\AlzVsStr\AlzVsStr\train\Alzheimer\Alzheimer (1677).jpg,Alzheimer (1677).jpg,Brain Disease,Alzheimer,train,0
C:\Users\hamza\Downloads\FYP\AlzVsStr\AlzVsStr\train\Alzheimer\Alzheimer (1678).jpg,Alzheimer (1678).jpg,Brain Disease,Alzheimer,train,0
C:\Users\hamza\Downloads\FYP\AlzVsStr\AlzVsStr\train\Alzheimer\Alzheimer (1679).jpg,Alzheimer (1679).jpg,Brain Disease,Alzheimer,train,0
C:\Users\hamza\Downloads\FYP\AlzVsStr\AlzVsStr\train\Alzheimer\Alzheimer (168).jpg,Alzheimer (168).jpg,Brain Disease,Alzheimer,train,0
C:\Users\hamza\Downloads\FYP\AlzVsStr\AlzVsStr\train\Alzheimer\Alzheimer (1680).jpg,Alzheimer (1680).jpg,Brain Disease,Alzheimer,train,0
C:\Users\hamza\Downloads\FYP\AlzVsStr\AlzVsStr\train\Alzheimer\Alzheimer (1681).jpg,Alzheimer (1681).jpg,Brain Disease,Alzheimer,train,0
C:\Users\hamza\Downloads\FYP\AlzVsStr\AlzVsStr\train\Alzheimer\Alzheimer (1682).jpg,Alzheimer (1682).jpg,Brain Disease,Alzheimer,train,0
C:\Users\hamza\Downloads\FYP\AlzVsStr\AlzVsStr\train\Alzheimer\Alzheimer (1683).jpg,Alzheimer (1683).jpg,Brain Disease,Alzheimer,train,0
C:\Users\hamza\Downloads\FYP\AlzVsStr\AlzVsStr\train\Alzheimer\Alzheimer (1684).jpg,Alzheimer (1684).jpg,Brain Disease,Alzheimer,train,0
C:\Users\hamza\Downloads\FYP\AlzVsStr\AlzVsStr\train\Alzheimer\Alzheimer (1685).jpg,Alzheimer (1685).jpg,Brain Disease,Alzheimer,train,0
C:\Users\hamza\Downloads\FYP\AlzVsStr\AlzVsStr\train\Alzheimer\Alzheimer (1686).jpg,Alzheimer (1686).jpg,Brain Disease,Alzheimer,train,0
C:\Users\hamza\Downloads\FYP\AlzVsStr\AlzVsStr\train\Alzheimer\Alzheimer (1687).jpg,Alzheimer (1687).jpg,Brain Disease,Alzheimer,train,0
C:\Users\hamza\Downloads\FYP\AlzVsStr\AlzVsStr\train\Alzheimer\Alzheimer (1688).jpg,Alzheimer (1688).jpg,Brain Disease,Alzheimer,train,0
C:\Users\hamza\Downloads\FYP\AlzVsStr\AlzVsStr\train\Alzheimer\Alzheimer (1689).jpg,Alzheimer (1689).jpg,Brain Disease,Alzheimer,train,0
C:\Users\hamza\Downloads\FYP\AlzVsStr\AlzVsStr\train\Alzheimer\Alzheimer (169).jpg,Alzheimer (169).jpg,Brain Disease,Alzheimer,train,0
C:\Users\hamza\Downloads\FYP\AlzVsStr\AlzVsStr\train\Alzheimer\Alzheimer (1690).jpg,Alzheimer (1690).jpg,Brain Disease,Alzheimer,train,0
C:\Users\hamza\Downloads\FYP\AlzVsStr\AlzVsStr\train\Alzheimer\Alzheimer (1691).jpg,Alzheimer (1691).jpg,Brain Disease,Alzheimer,train,0
C:\Users\hamza\Downloads\FYP\AlzVsStr\AlzVsStr\train\Alzheimer\Alzheimer (1692).jpg,Alzheimer (1692).jpg,Brain Disease,Alzheimer,train,0
C:\Users\hamza\Downloads\FYP\AlzVsStr\AlzVsStr\train\Alzheimer\Alzheimer (1693).jpg,Alzheimer (1693).jpg,Brain Disease,Alzheimer,train,0
C:\Users\hamza\Downloads\FYP\AlzVsStr\AlzVsStr\train\Alzheimer\Alzheimer (1694).jpg,Alzheimer (1694).jpg,Brain Disease,Alzheimer,train,0
C:\Users\hamza\Downloads\FYP\AlzVsStr\AlzVsStr\train\Alzheimer\Alzheimer (1695).jpg,Alzheimer (1695).jpg,Brain Disease,Alzheimer,train,0
C:\Users\hamza\Downloads\FYP\AlzVsStr\AlzVsStr\train\Alzheimer\Alzheimer (1696).jpg,Alzheimer (1696).jpg,Brain Disease,Alzheimer,train,0
C:\Users\hamza\Downloads\FYP\AlzVsStr\AlzVsStr\train\Alzheimer\Alzheimer (1697).jpg,Alzheimer (1697).jpg,Brain Disease,Alzheimer,train,0
C:\Users\hamza\Downloads\FYP\AlzVsStr\AlzVsStr\train\Alzheimer\Alzheimer (1698).jpg,Alzheimer (1698).jpg,Brain Disease,Alzheimer,train,0
C:\Users\hamza\Downloads\FYP\AlzVsStr\AlzVsStr\train\Alzheimer\Alzheimer (1699).jpg,Alzheimer (1699).jpg,Brain Disease,Alzheimer,train,0
C:\Users\hamza\Downloads\FYP\AlzVsStr\AlzVsStr\train\Alzheimer\Alzheimer (17).jpg,Alzheimer (17).jpg,Brain Disease,Alzheimer,train,0
C:\Users\hamza\Downloads\FYP\AlzVsStr\AlzVsStr\train\Alzheimer\Alzheimer (170).jpg,Alzheimer (170).jpg,Brain Disease,Alzheimer,train,0
C:\Users\hamza\Downloads\FYP\AlzVsStr\AlzVsStr\train\Alzheimer\Alzheimer (1700).jpg,Alzheimer (1700).jpg,Brain Disease,Alzheimer,train,0
C:\Users\hamza\Downloads\FYP\AlzVsStr\AlzVsStr\train\Alzheimer\Alzheimer (1701).jpg,Alzheimer (1701).jpg,Brain Disease,Alzheimer,train,0
C:\Users\hamza\Downloads\FYP\AlzVsStr\AlzVsStr\train\Alzheimer\Alzheimer (1702).jpg,Alzheimer (1702).jpg,Brain Disease,Alzheimer,train,0
C:\Users\hamza\Downloads\FYP\AlzVsStr\AlzVsStr\train\Alzheimer\Alzheimer (1703).jpg,Alzheimer (1703).jpg,Brain Disease,Alzheimer,train,0
C:\Users\hamza\Downloads\FYP\AlzVsStr\AlzVsStr\train\Alzheimer\Alzheimer (1704).jpg,Alzheimer (1704).jpg,Brain Disease,Alzheimer,train,0
C:\Users\hamza\Downloads\FYP\AlzVsStr\AlzVsStr\train\Alzheimer\Alzheimer (1705).jpg,Alzheimer (1705).jpg,Brain Disease,Alzheimer,train,0
C:\Users\hamza\Downloads\FYP\AlzVsStr\AlzVsStr\train\Alzheimer\Alzheimer (1706).jpg,Alzheimer (1706).jpg,Brain Disease,Alzheimer,train,0
C:\Users\hamza\Downloads\FYP\AlzVsStr\AlzVsStr\train\Alzheimer\Alzheimer (1707).jpg,Alzheimer (1707).jpg,Brain Disease,Alzheimer,train,0
C:\Users\hamza\Downloads\FYP\AlzVsStr\AlzVsStr\train\Alzheimer\Alzheimer (1708).jpg,Alzheimer (1708).jpg,Brain Disease,Alzheimer,train,0
C:\Users\hamza\Downloads\FYP\AlzVsStr\AlzVsStr\train\Alzheimer\Alzheimer (1709).jpg,Alzheimer (1709).jpg,Brain Disease,Alzheimer,train,0
C:\Users\hamza\Downloads\FYP\AlzVsStr\AlzVsStr\train\Alzheimer\Alzheimer (171).jpg,Alzheimer (171).jpg,Brain Disease,Alzheimer,train,0
C:\Users\hamza\Downloads\FYP\AlzVsStr\AlzVsStr\train\Alzheimer\Alzheimer (1710).jpg,Alzheimer (1710).jpg,Brain Disease,Alzheimer,train,0
C:\Users\hamza\Downloads\FYP\AlzVsStr\AlzVsStr\train\Alzheimer\Alzheimer (1711).jpg,Alzheimer (1711).jpg,Brain Disease,Alzheimer,train,0
C:\Users\hamza\Downloads\FYP\AlzVsStr\AlzVsStr\train\Alzheimer\Alzheimer (1712).jpg,Alzheimer (1712).jpg,Brain Disease,Alzheimer,train,0
C:\Users\hamza\Downloads\FYP\AlzVsStr\AlzVsStr\train\Alzheimer\Alzheimer (1713).jpg,Alzheimer (1713).jpg,Brain Disease,Alzheimer,train,0
C:\Users\hamza\Downloads\FYP\AlzVsStr\AlzVsStr\train\Alzheimer\Alzheimer (1714).jpg,Alzheimer (1714).jpg,Brain Disease,Alzheimer,train,0
C:\Users\hamza\Downloads\FYP\AlzVsStr\AlzVsStr\train\Alzheimer\Alzheimer (1715).jpg,Alzheimer (1715).jpg,Brain Disease,Alzheimer,train,0
C:\Users\hamza\Downloads\FYP\AlzVsStr\AlzVsStr\train\Alzheimer\Alzheimer (1716).jpg,Alzheimer (1716).jpg,Brain Disease,Alzheimer,train,0
C:\Users\hamza\Downloads\FYP\AlzVsStr\AlzVsStr\train\Alzheimer\Alzheimer (1717).jpg,Alzheimer (1717).jpg,Brain Disease,Alzheimer,train,0
C:\Users\hamza\Downloads\FYP\AlzVsStr\AlzVsStr\train\Alzheimer\Alzheimer (1718).jpg,Alzheimer (1718).jpg,Brain Disease,Alzheimer,train,0
C:\Users\hamza\Downloads\FYP\AlzVsStr\AlzVsStr\train\Alzheimer\Alzheimer (1719).jpg,Alzheimer (1719).jpg,Brain Disease,Alzheimer,train,0
C:\Users\hamza\Downloads\FYP\AlzVsStr\AlzVsStr\train\Alzheimer\Alzheimer (172).jpg,Alzheimer (172).jpg,Brain Disease,Alzheimer,train,0
C:\Users\hamza\Downloads\FYP\AlzVsStr\AlzVsStr\train\Alzheimer\Alzheimer (1720).jpg,Alzheimer (1720).jpg,Brain Disease,Alzheimer,train,0
C:\Users\hamza\Downloads\FYP\AlzVsStr\AlzVsStr\train\Alzheimer\Alzheimer (1721).jpg,Alzheimer (1721).jpg,Brain Disease,Alzheimer,train,0
C:\Users\hamza\Downloads\FYP\AlzVsStr\AlzVsStr\train\Alzheimer\Alzheimer (1722).jpg,Alzheimer (1722).jpg,Brain Disease,Alzheimer,train,0
C:\Users\hamza\Downloads\FYP\AlzVsStr\AlzVsStr\train\Alzheimer\Alzheimer (1723).jpg,Alzheimer (1723).jpg,Brain Disease,Alzheimer,train,0
C:\Users\hamza\Downloads\FYP\AlzVsStr\AlzVsStr\train\Alzheimer\Alzheimer (1724).jpg,Alzheimer (1724).jpg,Brain Disease,Alzheimer,train,0
C:\Users\hamza\Downloads\FYP\AlzVsStr\AlzVsStr\train\Alzheimer\Alzheimer (1725).jpg,Alzheimer (1725).jpg,Brain Disease,Alzheimer,train,0
C:\Users\hamza\Downloads\FYP\AlzVsStr\AlzVsStr\train\Alzheimer\Alzheimer (1726).jpg,Alzheimer (1726).jpg,Brain Disease,Alzheimer,train,0
C:\Users\hamza\Downloads\FYP\AlzVsStr\AlzVsStr\train\Alzheimer\Alzheimer (1727).jpg,Alzheimer (1727).jpg,Brain Disease,Alzheimer,train,0
C:\Users\hamza\Downloads\FYP\AlzVsStr\AlzVsStr\train\Alzheimer\Alzheimer (1728).jpg,Alzheimer (1728).jpg,Brain Disease,Alzheimer,train,0
C:\Users\hamza\Downloads\FYP\AlzVsStr\AlzVsStr\train\Alzheimer\Alzheimer (1729).jpg,Alzheimer (1729).jpg,Brain Disease,Alzheimer,train,0
C:\Users\hamza\Downloads\FYP\AlzVsStr\AlzVsStr\train\Alzheimer\Alzheimer (173).jpg,Alzheimer (173).jpg,Brain Disease,Alzheimer,train,0
C:\Users\hamza\Downloads\FYP\AlzVsStr\AlzVsStr\train\Alzheimer\Alzheimer (1730).jpg,Alzheimer (1730).jpg,Brain Disease,Alzheimer,train,0
C:\Users\hamza\Downloads\FYP\AlzVsStr\AlzVsStr\train\Alzheimer\Alzheimer (1731).jpg,Alzheimer (1731).jpg,Brain Disease,Alzheimer,train,0
C:\Users\hamza\Downloads\FYP\AlzVsStr\AlzVsStr\train\Alzheimer\Alzheimer (1732).jpg,Alzheimer (1732).jpg,Brain Disease,Alzheimer,train,0
C:\Users\hamza\Downloads\FYP\AlzVsStr\AlzVsStr\train\Alzheimer\Alzheimer (1733).jpg,Alzheimer (1733).jpg,Brain Disease,Alzheimer,train,0
C:\Users\hamza\Downloads\FYP\AlzVsStr\AlzVsStr\train\Alzheimer\Alzheimer (1734).jpg,Alzheimer (1734).jpg,Brain Disease,Alzheimer,train,0
C:\Users\hamza\Downloads\FYP\AlzVsStr\AlzVsStr\train\Alzheimer\Alzheimer (1735).jpg,Alzheimer (1735).jpg,Brain Disease,Alzheimer,train,0
C:\Users\hamza\Downloads\FYP\AlzVsStr\AlzVsStr\train\Alzheimer\Alzheimer (1736).jpg,Alzheimer (1736).jpg,Brain Disease,Alzheimer,train,0
C:\Users\hamza\Downloads\FYP\AlzVsStr\AlzVsStr\train\Alzheimer\Alzheimer (1737).jpg,Alzheimer (1737).jpg,Brain Disease,Alzheimer,train,0
C:\Users\hamza\Downloads\FYP\AlzVsStr\AlzVsStr\train\Alzheimer\Alzheimer (1738).jpg,Alzheimer (1738).jpg,Brain Disease,Alzheimer,train,0
C:\Users\hamza\Downloads\FYP\AlzVsStr\AlzVsStr\train\Alzheimer\Alzheimer (1739).jpg,Alzheimer (1739).jpg,Brain Disease,Alzheimer,train,0
C:\Users\hamza\Downloads\FYP\AlzVsStr\AlzVsStr\train\Alzheimer\Alzheimer (174).jpg,Alzheimer (174).jpg,Brain Disease,Alzheimer,train,0
C:\Users\hamza\Downloads\FYP\AlzVsStr\AlzVsStr\train\Alzheimer\Alzheimer (1740).jpg,Alzheimer (1740).jpg,Brain Disease,Alzheimer,train,0
C:\Users\hamza\Downloads\FYP\AlzVsStr\AlzVsStr\train\Alzheimer\Alzheimer (1741).jpg,Alzheimer (1741).jpg,Brain Disease,Alzheimer,train,0
C:\Users\hamza\Downloads\FYP\AlzVsStr\AlzVsStr\train\Alzheimer\Alzheimer (1742).jpg,Alzheimer (1742).jpg,Brain Disease,Alzheimer,train,0
C:\Users\hamza\Downloads\FYP\AlzVsStr\AlzVsStr\train\Alzheimer\Alzheimer (1743).jpg,Alzheimer (1743).jpg,Brain Disease,Alzheimer,train,0
C:\Users\hamza\Downloads\FYP\AlzVsStr\AlzVsStr\train\Alzheimer\Alzheimer (1744).jpg,Alzheimer (1744).jpg,Brain Disease,Alzheimer,train,0
C:\Users\hamza\Downloads\FYP\AlzVsStr\AlzVsStr\train\Alzheimer\Alzheimer (1745).jpg,Alzheimer (1745).jpg,Brain Disease,Alzheimer,train,0
C:\Users\hamza\Downloads\FYP\AlzVsStr\AlzVsStr\train\Alzheimer\Alzheimer (1746).jpg,Alzheimer (1746).jpg,Brain Disease,Alzheimer,train,0
C:\Users\hamza\Downloads\FYP\AlzVsStr\AlzVsStr\train\Alzheimer\Alzheimer (1747).jpg,Alzheimer (1747).jpg,Brain Disease,Alzheimer,train,0
C:\Users\hamza\Downloads\FYP\AlzVsStr\AlzVsStr\train\Alzheimer\Alzheimer (1748).jpg,Alzheimer (1748).jpg,Brain Disease,Alzheimer,train,0
C:\Users\hamza\Downloads\FYP\AlzVsStr\AlzVsStr\train\Alzheimer\Alzheimer (1749).jpg,Alzheimer (1749).jpg,Brain Disease,Alzheimer,train,0
C:\Users\hamza\Downloads\FYP\AlzVsStr\AlzVsStr\train\Alzheimer\Alzheimer (175).jpg,Alzheimer (175).jpg,Brain Disease,Alzheimer,train,0
C:\Users\hamza\Downloads\FYP\AlzVsStr\AlzVsStr\train\Alzheimer\Alzheimer (1750).jpg,Alzheimer (1750).jpg,Brain Disease,Alzheimer,train,0
C:\Users\hamza\Downloads\FYP\AlzVsStr\AlzVsStr\train\Alzheimer\Alzheimer (1751).jpg,Alzheimer (1751).jpg,Brain Disease,Alzheimer,train,0
C:\Users\hamza\Downloads\FYP\AlzVsStr\AlzVsStr\train\Alzheimer\Alzheimer (1752).jpg,Alzheimer (1752).jpg,Brain Disease,Alzheimer,train,0
C:\Users\hamza\Downloads\FYP\AlzVsStr\AlzVsStr\train\Alzheimer\Alzheimer (1753).jpg,Alzheimer (1753).jpg,Brain Disease,Alzheimer,train,0
C:\Users\hamza\Downloads\FYP\AlzVsStr\AlzVsStr\train\Alzheimer\Alzheimer (1754).jpg,Alzheimer (1754).jpg,Brain Disease,Alzheimer,train,0
C:\Users\hamza\Downloads\FYP\AlzVsStr\AlzVsStr\train\Alzheimer\Alzheimer (1755).jpg,Alzheimer (1755).jpg,Brain Disease,Alzheimer,train,0
C:\Users\hamza\Downloads\FYP\AlzVsStr\AlzVsStr\train\Alzheimer\Alzheimer (1756).jpg,Alzheimer (1756).jpg,Brain Disease,Alzheimer,train,0
C:\Users\hamza\Downloads\FYP\AlzVsStr\AlzVsStr\train\Alzheimer\Alzheimer (1757).jpg,Alzheimer (1757).jpg,Brain Disease,Alzheimer,train,0
C:\Users\hamza\Downloads\FYP\AlzVsStr\AlzVsStr\train\Alzheimer\Alzheimer (1758).jpg,Alzheimer (1758).jpg,Brain Disease,Alzheimer,train,0
C:\Users\hamza\Downloads\FYP\AlzVsStr\AlzVsStr\train\Alzheimer\Alzheimer (1759).jpg,Alzheimer (1759).jpg,Brain Disease,Alzheimer,train,0
C:\Users\hamza\Downloads\FYP\AlzVsStr\AlzVsStr\train\Alzheimer\Alzheimer (176).jpg,Alzheimer (176).jpg,Brain Disease,Alzheimer,train,0
C:\Users\hamza\Downloads\FYP\AlzVsStr\AlzVsStr\train\Alzheimer\Alzheimer (1760).jpg,Alzheimer (1760).jpg,Brain Disease,Alzheimer,train,0
C:\Users\hamza\Downloads\FYP\AlzVsStr\AlzVsStr\train\Alzheimer\Alzheimer (1761).jpg,Alzheimer (1761).jpg,Brain Disease,Alzheimer,train,0
C:\Users\hamza\Downloads\FYP\AlzVsStr\AlzVsStr\train\Alzheimer\Alzheimer (1762).jpg,Alzheimer (1762).jpg,Brain Disease,Alzheimer,train,0
C:\Users\hamza\Downloads\FYP\AlzVsStr\AlzVsStr\train\Alzheimer\Alzheimer (1763).jpg,Alzheimer (1763).jpg,Brain Disease,Alzheimer,train,0
C:\Users\hamza\Downloads\FYP\AlzVsStr\AlzVsStr\train\Alzheimer\Alzheimer (1764).jpg,Alzheimer (1764).jpg,Brain Disease,Alzheimer,train,0
C:\Users\hamza\Downloads\FYP\AlzVsStr\AlzVsStr\train\Alzheimer\Alzheimer (1765).jpg,Alzheimer (1765).jpg,Brain Disease,Alzheimer,train,0
C:\Users\hamza\Downloads\FYP\AlzVsStr\AlzVsStr\train\Alzheimer\Alzheimer (1766).jpg,Alzheimer (1766).jpg,Brain Disease,Alzheimer,train,0
C:\Users\hamza\Downloads\FYP\AlzVsStr\AlzVsStr\train\Alzheimer\Alzheimer (1767).jpg,Alzheimer (1767).jpg,Brain Disease,Alzheimer,train,0
C:\Users\hamza\Downloads\FYP\AlzVsStr\AlzVsStr\train\Alzheimer\Alzheimer (1768).jpg,Alzheimer (1768).jpg,Brain Disease,Alzheimer,train,0
C:\Users\hamza\Downloads\FYP\AlzVsStr\AlzVsStr\train\Alzheimer\Alzheimer (1769).jpg,Alzheimer (1769).jpg,Brain Disease,Alzheimer,train,0
C:\Users\hamza\Downloads\FYP\AlzVsStr\AlzVsStr\train\Alzheimer\Alzheimer (177).jpg,Alzheimer (177).jpg,Brain Disease,Alzheimer,train,0
C:\Users\hamza\Downloads\FYP\AlzVsStr\AlzVsStr\train\Alzheimer\Alzheimer (1770).jpg,Alzheimer (1770).jpg,Brain Disease,Alzheimer,train,0
C:\Users\hamza\Downloads\FYP\AlzVsStr\AlzVsStr\train\Alzheimer\Alzheimer (1771).jpg,Alzheimer (1771).jpg,Brain Disease,Alzheimer,train,0
C:\Users\hamza\Downloads\FYP\AlzVsStr\AlzVsStr\train\Alzheimer\Alzheimer (1772).jpg,Alzheimer (1772).jpg,Brain Disease,Alzheimer,train,0
C:\Users\hamza\Downloads\FYP\AlzVsStr\AlzVsStr\train\Alzheimer\Alzheimer (1773).jpg,Alzheimer (1773).jpg,Brain Disease,Alzheimer,train,0
C:\Users\hamza\Downloads\FYP\AlzVsStr\AlzVsStr\train\Alzheimer\Alzheimer (1774).jpg,Alzheimer (1774).jpg,Brain Disease,Alzheimer,train,0
C:\Users\hamza\Downloads\FYP\AlzVsStr\AlzVsStr\train\Alzheimer\Alzheimer (1775).jpg,Alzheimer (1775).jpg,Brain Disease,Alzheimer,train,0
C:\Users\hamza\Downloads\FYP\AlzVsStr\AlzVsStr\train\Alzheimer\Alzheimer (1776).jpg,Alzheimer (1776).jpg,Brain Disease,Alzheimer,train,0
C:\Users\hamza\Downloads\FYP\AlzVsStr\AlzVsStr\train\Alzheimer\Alzheimer (1777).jpg,Alzheimer (1777).jpg,Brain Disease,Alzheimer,train,0
C:\Users\hamza\Downloads\FYP\AlzVsStr\AlzVsStr\train\Alzheimer\Alzheimer (1778).jpg,Alzheimer (1778).jpg,Brain Disease,Alzheimer,train,0
C:\Users\hamza\Downloads\FYP\AlzVsStr\AlzVsStr\train\Alzheimer\Alzheimer (1779).jpg,Alzheimer (1779).jpg,Brain Disease,Alzheimer,train,0
C:\Users\hamza\Downloads\FYP\AlzVsStr\AlzVsStr\train\Alzheimer\Alzheimer (178).jpg,Alzheimer (178).jpg,Brain Disease,Alzheimer,train,0
C:\Users\hamza\Downloads\FYP\AlzVsStr\AlzVsStr\train\Alzheimer\Alzheimer (1780).jpg,Alzheimer (1780).jpg,Brain Disease,Alzheimer,train,0
C:\Users\hamza\Downloads\FYP\AlzVsStr\AlzVsStr\train\Alzheimer\Alzheimer (1781).jpg,Alzheimer (1781).jpg,Brain Disease,Alzheimer,train,0
C:\Users\hamza\Downloads\FYP\AlzVsStr\AlzVsStr\train\Alzheimer\Alzheimer (1782).jpg,Alzheimer (1782).jpg,Brain Disease,Alzheimer,train,0
C:\Users\hamza\Downloads\FYP\AlzVsStr\AlzVsStr\train\Alzheimer\Alzheimer (1783).jpg,Alzheimer (1783).jpg,Brain Disease,Alzheimer,train,0
C:\Users\hamza\Downloads\FYP\AlzVsStr\AlzVsStr\train\Alzheimer\Alzheimer (1784).jpg,Alzheimer (1784).jpg,Brain Disease,Alzheimer,train,0
C:\Users\hamza\Downloads\FYP\AlzVsStr\AlzVsStr\train\Alzheimer\Alzheimer (1785).jpg,Alzheimer (1785).jpg,Brain Disease,Alzheimer,train,0
C:\Users\hamza\Downloads\FYP\AlzVsStr\AlzVsStr\train\Alzheimer\Alzheimer (1786).jpg,Alzheimer (1786).jpg,Brain Disease,Alzheimer,train,0
C:\Users\hamza\Downloads\FYP\AlzVsStr\AlzVsStr\train\Alzheimer\Alzheimer (1787).jpg,Alzheimer (1787).jpg,Brain Disease,Alzheimer,train,0
C:\Users\hamza\Downloads\FYP\AlzVsStr\AlzVsStr\train\Alzheimer\Alzheimer (1788).jpg,Alzheimer (1788).jpg,Brain Disease,Alzheimer,train,0
C:\Users\hamza\Downloads\FYP\AlzVsStr\AlzVsStr\train\Alzheimer\Alzheimer (1789).jpg,Alzheimer (1789).jpg,Brain Disease,Alzheimer,train,0
C:\Users\hamza\Downloads\FYP\AlzVsStr\AlzVsStr\train\Alzheimer\Alzheimer (179).jpg,Alzheimer (179).jpg,Brain Disease,Alzheimer,train,0
C:\Users\hamza\Downloads\FYP\AlzVsStr\AlzVsStr\train\Alzheimer\Alzheimer (1790).jpg,Alzheimer (1790).jpg,Brain Disease,Alzheimer,train,0
C:\Users\hamza\Downloads\FYP\AlzVsStr\AlzVsStr\train\Alzheimer\Alzheimer (1791).jpg,Alzheimer (1791).jpg,Brain Disease,Alzheimer,train,0
C:\Users\hamza\Downloads\FYP\AlzVsStr\AlzVsStr\train\Alzheimer\Alzheimer (1792).jpg,Alzheimer (1792).jpg,Brain Disease,Alzheimer,train,0
C:\Users\hamza\Downloads\FYP\AlzVsStr\AlzVsStr\train\Alzheimer\Alzheimer (1793).jpg,Alzheimer (1793).jpg,Brain Disease,Alzheimer,train,0
C:\Users\hamza\Downloads\FYP\AlzVsStr\AlzVsStr\train\Alzheimer\Alzheimer (1794).jpg,Alzheimer (1794).jpg,Brain Disease,Alzheimer,train,0
C:\Users\hamza\Downloads\FYP\AlzVsStr\AlzVsStr\train\Alzheimer\Alzheimer (1795).jpg,Alzheimer (1795).jpg,Brain Disease,Alzheimer,train,0
C:\Users\hamza\Downloads\FYP\AlzVsStr\AlzVsStr\train\Alzheimer\Alzheimer (1796).jpg,Alzheimer (1796).jpg,Brain Disease,Alzheimer,train,0
C:\Users\hamza\Downloads\FYP\AlzVsStr\AlzVsStr\train\Alzheimer\Alzheimer (1797).jpg,Alzheimer (1797).jpg,Brain Disease,Alzheimer,train,0
C:\Users\hamza\Downloads\FYP\AlzVsStr\AlzVsStr\train\Alzheimer\Alzheimer (1798).jpg,Alzheimer (1798).jpg,Brain Disease,Alzheimer,train,0
C:\Users\hamza\Downloads\FYP\AlzVsStr\AlzVsStr\train\Alzheimer\Alzheimer (1799).jpg,Alzheimer (1799).jpg,Brain Disease,Alzheimer,train,0
C:\Users\hamza\Downloads\FYP\AlzVsStr\AlzVsStr\train\Alzheimer\Alzheimer (18).jpg,Alzheimer (18).jpg,Brain Disease,Alzheimer,train,0
C:\Users\hamza\Downloads\FYP\AlzVsStr\AlzVsStr\train\Alzheimer\Alzheimer (180).jpg,Alzheimer (180).jpg,Brain Disease,Alzheimer,train,0
C:\Users\hamza\Downloads\FYP\AlzVsStr\AlzVsStr\train\Alzheimer\Alzheimer (1800).jpg,Alzheimer (1800).jpg,Brain Disease,Alzheimer,train,0
C:\Users\hamza\Downloads\FYP\AlzVsStr\AlzVsStr\train\Alzheimer\Alzheimer (1801).jpg,Alzheimer (1801).jpg,Brain Disease,Alzheimer,train,0
C:\Users\hamza\Downloads\FYP\AlzVsStr\AlzVsStr\train\Alzheimer\Alzheimer (1802).jpg,Alzheimer (1802).jpg,Brain Disease,Alzheimer,train,0
C:\Users\hamza\Downloads\FYP\AlzVsStr\AlzVsStr\train\Alzheimer\Alzheimer (1803).jpg,Alzheimer (1803).jpg,Brain Disease,Alzheimer,train,0
C:\Users\hamza\Downloads\FYP\AlzVsStr\AlzVsStr\train\Alzheimer\Alzheimer (1804).jpg,Alzheimer (1804).jpg,Brain Disease,Alzheimer,train,0
C:\Users\hamza\Downloads\FYP\AlzVsStr\AlzVsStr\train\Alzheimer\Alzheimer (1805).jpg,Alzheimer (1805).jpg,Brain Disease,Alzheimer,train,0
C:\Users\hamza\Downloads\FYP\AlzVsStr\AlzVsStr\train\Alzheimer\Alzheimer (1806).jpg,Alzheimer (1806).jpg,Brain Disease,Alzheimer,train,0
C:\Users\hamza\Downloads\FYP\AlzVsStr\AlzVsStr\train\Alzheimer\Alzheimer (1807).jpg,Alzheimer (1807).jpg,Brain Disease,Alzheimer,train,0
C:\Users\hamza\Downloads\FYP\AlzVsStr\AlzVsStr\train\Alzheimer\Alzheimer (1808).jpg,Alzheimer (1808).jpg,Brain Disease,Alzheimer,train,0
C:\Users\hamza\Downloads\FYP\AlzVsStr\AlzVsStr\train\Alzheimer\Alzheimer (1809).jpg,Alzheimer (1809).jpg,Brain Disease,Alzheimer,train,0
C:\Users\hamza\Downloads\FYP\AlzVsStr\AlzVsStr\train\Alzheimer\Alzheimer (181).jpg,Alzheimer (181).jpg,Brain Disease,Alzheimer,train,0
C:\Users\hamza\Downloads\FYP\AlzVsStr\AlzVsStr\train\Alzheimer\Alzheimer (1810).jpg,Alzheimer (1810).jpg,Brain Disease,Alzheimer,train,0
C:\Users\hamza\Downloads\FYP\AlzVsStr\AlzVsStr\train\Alzheimer\Alzheimer (1811).jpg,Alzheimer (1811).jpg,Brain Disease,Alzheimer,train,0
C:\Users\hamza\Downloads\FYP\AlzVsStr\AlzVsStr\train\Alzheimer\Alzheimer (1812).jpg,Alzheimer (1812).jpg,Brain Disease,Alzheimer,train,0
C:\Users\hamza\Downloads\FYP\AlzVsStr\AlzVsStr\train\Alzheimer\Alzheimer (1813).jpg,Alzheimer (1813).jpg,Brain Disease,Alzheimer,train,0
C:\Users\hamza\Downloads\FYP\AlzVsStr\AlzVsStr\train\Alzheimer\Alzheimer (1814).jpg,Alzheimer (1814).jpg,Brain Disease,Alzheimer,train,0
C:\Users\hamza\Downloads\FYP\AlzVsStr\AlzVsStr\train\Alzheimer\Alzheimer (1815).jpg,Alzheimer (1815).jpg,Brain Disease,Alzheimer,train,0
C:\Users\hamza\Downloads\FYP\AlzVsStr\AlzVsStr\train\Alzheimer\Alzheimer (1816).jpg,Alzheimer (1816).jpg,Brain Disease,Alzheimer,train,0
C:\Users\hamza\Downloads\FYP\AlzVsStr\AlzVsStr\train\Alzheimer\Alzheimer (1817).jpg,Alzheimer (1817).jpg,Brain Disease,Alzheimer,train,0
C:\Users\hamza\Downloads\FYP\AlzVsStr\AlzVsStr\train\Alzheimer\Alzheimer (1818).jpg,Alzheimer (1818).jpg,Brain Disease,Alzheimer,train,0
C:\Users\hamza\Downloads\FYP\AlzVsStr\AlzVsStr\train\Alzheimer\Alzheimer (1819).jpg,Alzheimer (1819).jpg,Brain Disease,Alzheimer,train,0
C:\Users\hamza\Downloads\FYP\AlzVsStr\AlzVsStr\train\Alzheimer\Alzheimer (182).jpg,Alzheimer (182).jpg,Brain Disease,Alzheimer,train,0
C:\Users\hamza\Downloads\FYP\AlzVsStr\AlzVsStr\train\Alzheimer\Alzheimer (1820).jpg,Alzheimer (1820).jpg,Brain Disease,Alzheimer,train,0
C:\Users\hamza\Downloads\FYP\AlzVsStr\AlzVsStr\train\Alzheimer\Alzheimer (1821).jpg,Alzheimer (1821).jpg,Brain Disease,Alzheimer,train,0
C:\Users\hamza\Downloads\FYP\AlzVsStr\AlzVsStr\train\Alzheimer\Alzheimer (1822).jpg,Alzheimer (1822).jpg,Brain Disease,Alzheimer,train,0
C:\Users\hamza\Downloads\FYP\AlzVsStr\AlzVsStr\train\Alzheimer\Alzheimer (1823).jpg,Alzheimer (1823).jpg,Brain Disease,Alzheimer,train,0
C:\Users\hamza\Downloads\FYP\AlzVsStr\AlzVsStr\train\Alzheimer\Alzheimer (1824).jpg,Alzheimer (1824).jpg,Brain Disease,Alzheimer,train,0
C:\Users\hamza\Downloads\FYP\AlzVsStr\AlzVsStr\train\Alzheimer\Alzheimer (1825).jpg,Alzheimer (1825).jpg,Brain Disease,Alzheimer,train,0
C:\Users\hamza\Downloads\FYP\AlzVsStr\AlzVsStr\train\Alzheimer\Alzheimer (1826).jpg,Alzheimer (1826).jpg,Brain Disease,Alzheimer,train,0
C:\Users\hamza\Downloads\FYP\AlzVsStr\AlzVsStr\train\Alzheimer\Alzheimer (1827).jpg,Alzheimer (1827).jpg,Brain Disease,Alzheimer,train,0
C:\Users\hamza\Downloads\FYP\AlzVsStr\AlzVsStr\train\Alzheimer\Alzheimer (1828).jpg,Alzheimer (1828).jpg,Brain Disease,Alzheimer,train,0
C:\Users\hamza\Downloads\FYP\AlzVsStr\AlzVsStr\train\Alzheimer\Alzheimer (1829).jpg,Alzheimer (1829).jpg,Brain Disease,Alzheimer,train,0
C:\Users\hamza\Downloads\FYP\AlzVsStr\AlzVsStr\train\Alzheimer\Alzheimer (183).jpg,Alzheimer (183).jpg,Brain Disease,Alzheimer,train,0
C:\Users\hamza\Downloads\FYP\AlzVsStr\AlzVsStr\train\Alzheimer\Alzheimer (1830).jpg,Alzheimer (1830).jpg,Brain Disease,Alzheimer,train,0
C:\Users\hamza\Downloads\FYP\AlzVsStr\AlzVsStr\train\Alzheimer\Alzheimer (1831).jpg,Alzheimer (1831).jpg,Brain Disease,Alzheimer,train,0
C:\Users\hamza\Downloads\FYP\AlzVsStr\AlzVsStr\train\Alzheimer\Alzheimer (1832).jpg,Alzheimer (1832).jpg,Brain Disease,Alzheimer,train,0
C:\Users\hamza\Downloads\FYP\AlzVsStr\AlzVsStr\train\Alzheimer\Alzheimer (1833).jpg,Alzheimer (1833).jpg,Brain Disease,Alzheimer,train,0
C:\Users\hamza\Downloads\FYP\AlzVsStr\AlzVsStr\train\Alzheimer\Alzheimer (1834).jpg,Alzheimer (1834).jpg,Brain Disease,Alzheimer,train,0
C:\Users\hamza\Downloads\FYP\AlzVsStr\AlzVsStr\train\Alzheimer\Alzheimer (1835).jpg,Alzheimer (1835).jpg,Brain Disease,Alzheimer,train,0
C:\Users\hamza\Downloads\FYP\AlzVsStr\AlzVsStr\train\Alzheimer\Alzheimer (1836).jpg,Alzheimer (1836).jpg,Brain Disease,Alzheimer,train,0
C:\Users\hamza\Downloads\FYP\AlzVsStr\AlzVsStr\train\Alzheimer\Alzheimer (1837).jpg,Alzheimer (1837).jpg,Brain Disease,Alzheimer,train,0
C:\Users\hamza\Downloads\FYP\AlzVsStr\AlzVsStr\train\Alzheimer\Alzheimer (1838).jpg,Alzheimer (1838).jpg,Brain Disease,Alzheimer,train,0
C:\Users\hamza\Downloads\FYP\AlzVsStr\AlzVsStr\train\Alzheimer\Alzheimer (1839).jpg,Alzheimer (1839).jpg,Brain Disease,Alzheimer,train,0
C:\Users\hamza\Downloads\FYP\AlzVsStr\AlzVsStr\train\Alzheimer\Alzheimer (184).jpg,Alzheimer (184).jpg,Brain Disease,Alzheimer,train,0
C:\Users\hamza\Downloads\FYP\AlzVsStr\AlzVsStr\train\Alzheimer\Alzheimer (1840).jpg,Alzheimer (1840).jpg,Brain Disease,Alzheimer,train,0
C:\Users\hamza\Downloads\FYP\AlzVsStr\AlzVsStr\train\Alzheimer\Alzheimer (1841).jpg,Alzheimer (1841).jpg,Brain Disease,Alzheimer,train,0
C:\Users\hamza\Downloads\FYP\AlzVsStr\AlzVsStr\train\Alzheimer\Alzheimer (1842).jpg,Alzheimer (1842).jpg,Brain Disease,Alzheimer,train,0
C:\Users\hamza\Downloads\FYP\AlzVsStr\AlzVsStr\train\Alzheimer\Alzheimer (1843).jpg,Alzheimer (1843).jpg,Brain Disease,Alzheimer,train,0
C:\Users\hamza\Downloads\FYP\AlzVsStr\AlzVsStr\train\Alzheimer\Alzheimer (1844).jpg,Alzheimer (1844).jpg,Brain Disease,Alzheimer,train,0
C:\Users\hamza\Downloads\FYP\AlzVsStr\AlzVsStr\train\Alzheimer\Alzheimer (1845).jpg,Alzheimer (1845).jpg,Brain Disease,Alzheimer,train,0
C:\Users\hamza\Downloads\FYP\AlzVsStr\AlzVsStr\train\Alzheimer\Alzheimer (1846).jpg,Alzheimer (1846).jpg,Brain Disease,Alzheimer,train,0
C:\Users\hamza\Downloads\FYP\AlzVsStr\AlzVsStr\train\Alzheimer\Alzheimer (1847).jpg,Alzheimer (1847).jpg,Brain Disease,Alzheimer,train,0
C:\Users\hamza\Downloads\FYP\AlzVsStr\AlzVsStr\train\Alzheimer\Alzheimer (1848).jpg,Alzheimer (1848).jpg,Brain Disease,Alzheimer,train,0
C:\Users\hamza\Downloads\FYP\AlzVsStr\AlzVsStr\train\Alzheimer\Alzheimer (1849).jpg,Alzheimer (1849).jpg,Brain Disease,Alzheimer,train,0
C:\Users\hamza\Downloads\FYP\AlzVsStr\AlzVsStr\train\Alzheimer\Alzheimer (185).jpg,Alzheimer (185).jpg,Brain Disease,Alzheimer,train,0
C:\Users\hamza\Downloads\FYP\AlzVsStr\AlzVsStr\train\Alzheimer\Alzheimer (1850).jpg,Alzheimer (1850).jpg,Brain Disease,Alzheimer,train,0
C:\Users\hamza\Downloads\FYP\AlzVsStr\AlzVsStr\train\Alzheimer\Alzheimer (1851).jpg,Alzheimer (1851).jpg,Brain Disease,Alzheimer,train,0
C:\Users\hamza\Downloads\FYP\AlzVsStr\AlzVsStr\train\Alzheimer\Alzheimer (1852).jpg,Alzheimer (1852).jpg,Brain Disease,Alzheimer,train,0
C:\Users\hamza\Downloads\FYP\AlzVsStr\AlzVsStr\train\Alzheimer\Alzheimer (1853).jpg,Alzheimer (1853).jpg,Brain Disease,Alzheimer,train,0
C:\Users\hamza\Downloads\FYP\AlzVsStr\AlzVsStr\train\Alzheimer\Alzheimer (1854).jpg,Alzheimer (1854).jpg,Brain Disease,Alzheimer,train,0
C:\Users\hamza\Downloads\FYP\AlzVsStr\AlzVsStr\train\Alzheimer\Alzheimer (1855).jpg,Alzheimer (1855).jpg,Brain Disease,Alzheimer,train,0
C:\Users\hamza\Downloads\FYP\AlzVsStr\AlzVsStr\train\Alzheimer\Alzheimer (1856).jpg,Alzheimer (1856).jpg,Brain Disease,Alzheimer,train,0
C:\Users\hamza\Downloads\FYP\AlzVsStr\AlzVsStr\train\Alzheimer\Alzheimer (1857).jpg,Alzheimer (1857).jpg,Brain Disease,Alzheimer,train,0
C:\Users\hamza\Downloads\FYP\AlzVsStr\AlzVsStr\train\Alzheimer\Alzheimer (1858).jpg,Alzheimer (1858).jpg,Brain Disease,Alzheimer,train,0
C:\Users\hamza\Downloads\FYP\AlzVsStr\AlzVsStr\train\Alzheimer\Alzheimer (1859).jpg,Alzheimer (1859).jpg,Brain Disease,Alzheimer,train,0
C:\Users\hamza\Downloads\FYP\AlzVsStr\AlzVsStr\train\Alzheimer\Alzheimer (186).jpg,Alzheimer (186).jpg,Brain Disease,Alzheimer,train,0
C:\Users\hamza\Downloads\FYP\AlzVsStr\AlzVsStr\train\Alzheimer\Alzheimer (1860).jpg,Alzheimer (1860).jpg,Brain Disease,Alzheimer,train,0
C:\Users\hamza\Downloads\FYP\AlzVsStr\AlzVsStr\train\Alzheimer\Alzheimer (1861).jpg,Alzheimer (1861).jpg,Brain Disease,Alzheimer,train,0
C:\Users\hamza\Downloads\FYP\AlzVsStr\AlzVsStr\train\Alzheimer\Alzheimer (1862).jpg,Alzheimer (1862).jpg,Brain Disease,Alzheimer,train,0
C:\Users\hamza\Downloads\FYP\AlzVsStr\AlzVsStr\train\Alzheimer\Alzheimer (1863).jpg,Alzheimer (1863).jpg,Brain Disease,Alzheimer,train,0
C:\Users\hamza\Downloads\FYP\AlzVsStr\AlzVsStr\train\Alzheimer\Alzheimer (1864).jpg,Alzheimer (1864).jpg,Brain Disease,Alzheimer,train,0
C:\Users\hamza\Downloads\FYP\AlzVsStr\AlzVsStr\train\Alzheimer\Alzheimer (1865).jpg,Alzheimer (1865).jpg,Brain Disease,Alzheimer,train,0
C:\Users\hamza\Downloads\FYP\AlzVsStr\AlzVsStr\train\Alzheimer\Alzheimer (1866).jpg,Alzheimer (1866).jpg,Brain Disease,Alzheimer,train,0
C:\Users\hamza\Downloads\FYP\AlzVsStr\AlzVsStr\train\Alzheimer\Alzheimer (1867).jpg,Alzheimer (1867).jpg,Brain Disease,Alzheimer,train,0
C:\Users\hamza\Downloads\FYP\AlzVsStr\AlzVsStr\train\Alzheimer\Alzheimer (1868).jpg,Alzheimer (1868).jpg,Brain Disease,Alzheimer,train,0
C:\Users\hamza\Downloads\FYP\AlzVsStr\AlzVsStr\train\Alzheimer\Alzheimer (1869).jpg,Alzheimer (1869).jpg,Brain Disease,Alzheimer,train,0
C:\Users\hamza\Downloads\FYP\AlzVsStr\AlzVsStr\train\Alzheimer\Alzheimer (187).jpg,Alzheimer (187).jpg,Brain Disease,Alzheimer,train,0
C:\Users\hamza\Downloads\FYP\AlzVsStr\AlzVsStr\train\Alzheimer\Alzheimer (1870).jpg,Alzheimer (1870).jpg,Brain Disease,Alzheimer,train,0
C:\Users\hamza\Downloads\FYP\AlzVsStr\AlzVsStr\train\Alzheimer\Alzheimer (1871).jpg,Alzheimer (1871).jpg,Brain Disease,Alzheimer,train,0
C:\Users\hamza\Downloads\FYP\AlzVsStr\AlzVsStr\train\Alzheimer\Alzheimer (1872).jpg,Alzheimer (1872).jpg,Brain Disease,Alzheimer,train,0
C:\Users\hamza\Downloads\FYP\AlzVsStr\AlzVsStr\train\Alzheimer\Alzheimer (1873).jpg,Alzheimer (1873).jpg,Brain Disease,Alzheimer,train,0
C:\Users\hamza\Downloads\FYP\AlzVsStr\AlzVsStr\train\Alzheimer\Alzheimer (1874).jpg,Alzheimer (1874).jpg,Brain Disease,Alzheimer,train,0
C:\Users\hamza\Downloads\FYP\AlzVsStr\AlzVsStr\train\Alzheimer\Alzheimer (1875).jpg,Alzheimer (1875).jpg,Brain Disease,Alzheimer,train,0
C:\Users\hamza\Downloads\FYP\AlzVsStr\AlzVsStr\train\Alzheimer\Alzheimer (1876).jpg,Alzheimer (1876).jpg,Brain Disease,Alzheimer,train,0
C:\Users\hamza\Downloads\FYP\AlzVsStr\AlzVsStr\train\Alzheimer\Alzheimer (1877).jpg,Alzheimer (1877).jpg,Brain Disease,Alzheimer,train,0
C:\Users\hamza\Downloads\FYP\AlzVsStr\AlzVsStr\train\Alzheimer\Alzheimer (1878).jpg,Alzheimer (1878).jpg,Brain Disease,Alzheimer,train,0
C:\Users\hamza\Downloads\FYP\AlzVsStr\AlzVsStr\train\Alzheimer\Alzheimer (1879).jpg,Alzheimer (1879).jpg,Brain Disease,Alzheimer,train,0
C:\Users\hamza\Downloads\FYP\AlzVsStr\AlzVsStr\train\Alzheimer\Alzheimer (188).jpg,Alzheimer (188).jpg,Brain Disease,Alzheimer,train,0
C:\Users\hamza\Downloads\FYP\AlzVsStr\AlzVsStr\train\Alzheimer\Alzheimer (1880).jpg,Alzheimer (1880).jpg,Brain Disease,Alzheimer,train,0
C:\Users\hamza\Downloads\FYP\AlzVsStr\AlzVsStr\train\Alzheimer\Alzheimer (1881).jpg,Alzheimer (1881).jpg,Brain Disease,Alzheimer,train,0
C:\Users\hamza\Downloads\FYP\AlzVsStr\AlzVsStr\train\Alzheimer\Alzheimer (1882).jpg,Alzheimer (1882).jpg,Brain Disease,Alzheimer,train,0
C:\Users\hamza\Downloads\FYP\AlzVsStr\AlzVsStr\train\Alzheimer\Alzheimer (1883).jpg,Alzheimer (1883).jpg,Brain Disease,Alzheimer,train,0
C:\Users\hamza\Downloads\FYP\AlzVsStr\AlzVsStr\train\Alzheimer\Alzheimer (1884).jpg,Alzheimer (1884).jpg,Brain Disease,Alzheimer,train,0
C:\Users\hamza\Downloads\FYP\AlzVsStr\AlzVsStr\train\Alzheimer\Alzheimer (1885).jpg,Alzheimer (1885).jpg,Brain Disease,Alzheimer,train,0
C:\Users\hamza\Downloads\FYP\AlzVsStr\AlzVsStr\train\Alzheimer\Alzheimer (1886).jpg,Alzheimer (1886).jpg,Brain Disease,Alzheimer,train,0
C:\Users\hamza\Downloads\FYP\AlzVsStr\AlzVsStr\train\Alzheimer\Alzheimer (1887).jpg,Alzheimer (1887).jpg,Brain Disease,Alzheimer,train,0
C:\Users\hamza\Downloads\FYP\AlzVsStr\AlzVsStr\train\Alzheimer\Alzheimer (1888).jpg,Alzheimer (1888).jpg,Brain Disease,Alzheimer,train,0
C:\Users\hamza\Downloads\FYP\AlzVsStr\AlzVsStr\train\Alzheimer\Alzheimer (1889).jpg,Alzheimer (1889).jpg,Brain Disease,Alzheimer,train,0
C:\Users\hamza\Downloads\FYP\AlzVsStr\AlzVsStr\train\Alzheimer\Alzheimer (189).jpg,Alzheimer (189).jpg,Brain Disease,Alzheimer,train,0
C:\Users\hamza\Downloads\FYP\AlzVsStr\AlzVsStr\train\Alzheimer\Alzheimer (1890).jpg,Alzheimer (1890).jpg,Brain Disease,Alzheimer,train,0
C:\Users\hamza\Downloads\FYP\AlzVsStr\AlzVsStr\train\Alzheimer\Alzheimer (1891).jpg,Alzheimer (1891).jpg,Brain Disease,Alzheimer,train,0
C:\Users\hamza\Downloads\FYP\AlzVsStr\AlzVsStr\train\Alzheimer\Alzheimer (1892).jpg,Alzheimer (1892).jpg,Brain Disease,Alzheimer,train,0
C:\Users\hamza\Downloads\FYP\AlzVsStr\AlzVsStr\train\Alzheimer\Alzheimer (1893).jpg,Alzheimer (1893).jpg,Brain Disease,Alzheimer,train,0
C:\Users\hamza\Downloads\FYP\AlzVsStr\AlzVsStr\train\Alzheimer\Alzheimer (1894).jpg,Alzheimer (1894).jpg,Brain Disease,Alzheimer,train,0
C:\Users\hamza\Downloads\FYP\AlzVsStr\AlzVsStr\train\Alzheimer\Alzheimer (1895).jpg,Alzheimer (1895).jpg,Brain Disease,Alzheimer,train,0
C:\Users\hamza\Downloads\FYP\AlzVsStr\AlzVsStr\train\Alzheimer\Alzheimer (1896).jpg,Alzheimer (1896).jpg,Brain Disease,Alzheimer,train,0
C:\Users\hamza\Downloads\FYP\AlzVsStr\AlzVsStr\train\Alzheimer\Alzheimer (1897).jpg,Alzheimer (1897).jpg,Brain Disease,Alzheimer,train,0
C:\Users\hamza\Downloads\FYP\AlzVsStr\AlzVsStr\train\Alzheimer\Alzheimer (1898).jpg,Alzheimer (1898).jpg,Brain Disease,Alzheimer,train,0
C:\Users\hamza\Downloads\FYP\AlzVsStr\AlzVsStr\train\Alzheimer\Alzheimer (1899).jpg,Alzheimer (1899).jpg,Brain Disease,Alzheimer,train,0
C:\Users\hamza\Downloads\FYP\AlzVsStr\AlzVsStr\train\Alzheimer\Alzheimer (19).jpg,Alzheimer (19).jpg,Brain Disease,Alzheimer,train,0
C:\Users\hamza\Downloads\FYP\AlzVsStr\AlzVsStr\train\Alzheimer\Alzheimer (190).jpg,Alzheimer (190).jpg,Brain Disease,Alzheimer,train,0
C:\Users\hamza\Downloads\FYP\AlzVsStr\AlzVsStr\train\Alzheimer\Alzheimer (1900).jpg,Alzheimer (1900).jpg,Brain Disease,Alzheimer,train,0
C:\Users\hamza\Downloads\FYP\AlzVsStr\AlzVsStr\train\Alzheimer\Alzheimer (1901).jpg,Alzheimer (1901).jpg,Brain Disease,Alzheimer,train,0
C:\Users\hamza\Downloads\FYP\AlzVsStr\AlzVsStr\train\Alzheimer\Alzheimer (1902).jpg,Alzheimer (1902).jpg,Brain Disease,Alzheimer,train,0
C:\Users\hamza\Downloads\FYP\AlzVsStr\AlzVsStr\train\Alzheimer\Alzheimer (1903).jpg,Alzheimer (1903).jpg,Brain Disease,Alzheimer,train,0
C:\Users\hamza\Downloads\FYP\AlzVsStr\AlzVsStr\train\Alzheimer\Alzheimer (1904).jpg,Alzheimer (1904).jpg,Brain Disease,Alzheimer,train,0
C:\Users\hamza\Downloads\FYP\AlzVsStr\AlzVsStr\train\Alzheimer\Alzheimer (1905).jpg,Alzheimer (1905).jpg,Brain Disease,Alzheimer,train,0
C:\Users\hamza\Downloads\FYP\AlzVsStr\AlzVsStr\train\Alzheimer\Alzheimer (1906).jpg,Alzheimer (1906).jpg,Brain Disease,Alzheimer,train,0
C:\Users\hamza\Downloads\FYP\AlzVsStr\AlzVsStr\train\Alzheimer\Alzheimer (1907).jpg,Alzheimer (1907).jpg,Brain Disease,Alzheimer,train,0
C:\Users\hamza\Downloads\FYP\AlzVsStr\AlzVsStr\train\Alzheimer\Alzheimer (1908).jpg,Alzheimer (1908).jpg,Brain Disease,Alzheimer,train,0
C:\Users\hamza\Downloads\FYP\AlzVsStr\AlzVsStr\train\Alzheimer\Alzheimer (1909).jpg,Alzheimer (1909).jpg,Brain Disease,Alzheimer,train,0
C:\Users\hamza\Downloads\FYP\AlzVsStr\AlzVsStr\train\Alzheimer\Alzheimer (191).jpg,Alzheimer (191).jpg,Brain Disease,Alzheimer,train,0
C:\Users\hamza\Downloads\FYP\AlzVsStr\AlzVsStr\train\Alzheimer\Alzheimer (1910).jpg,Alzheimer (1910).jpg,Brain Disease,Alzheimer,train,0
C:\Users\hamza\Downloads\FYP\AlzVsStr\AlzVsStr\train\Alzheimer\Alzheimer (1911).jpg,Alzheimer (1911).jpg,Brain Disease,Alzheimer,train,0
C:\Users\hamza\Downloads\FYP\AlzVsStr\AlzVsStr\train\Alzheimer\Alzheimer (1912).jpg,Alzheimer (1912).jpg,Brain Disease,Alzheimer,train,0
C:\Users\hamza\Downloads\FYP\AlzVsStr\AlzVsStr\train\Alzheimer\Alzheimer (1913).jpg,Alzheimer (1913).jpg,Brain Disease,Alzheimer,train,0
C:\Users\hamza\Downloads\FYP\AlzVsStr\AlzVsStr\train\Alzheimer\Alzheimer (1914).jpg,Alzheimer (1914).jpg,Brain Disease,Alzheimer,train,0
C:\Users\hamza\Downloads\FYP\AlzVsStr\AlzVsStr\train\Alzheimer\Alzheimer (1915).jpg,Alzheimer (1915).jpg,Brain Disease,Alzheimer,train,0
C:\Users\hamza\Downloads\FYP\AlzVsStr\AlzVsStr\train\Alzheimer\Alzheimer (1916).jpg,Alzheimer (1916).jpg,Brain Disease,Alzheimer,train,0
C:\Users\hamza\Downloads\FYP\AlzVsStr\AlzVsStr\train\Alzheimer\Alzheimer (1917).jpg,Alzheimer (1917).jpg,Brain Disease,Alzheimer,train,0
C:\Users\hamza\Downloads\FYP\AlzVsStr\AlzVsStr\train\Alzheimer\Alzheimer (1918).jpg,Alzheimer (1918).jpg,Brain Disease,Alzheimer,train,0
C:\Users\hamza\Downloads\FYP\AlzVsStr\AlzVsStr\train\Alzheimer\Alzheimer (1919).jpg,Alzheimer (1919).jpg,Brain Disease,Alzheimer,train,0
C:\Users\hamza\Downloads\FYP\AlzVsStr\AlzVsStr\train\Alzheimer\Alzheimer (192).jpg,Alzheimer (192).jpg,Brain Disease,Alzheimer,train,0
C:\Users\hamza\Downloads\FYP\AlzVsStr\AlzVsStr\train\Alzheimer\Alzheimer (1920).jpg,Alzheimer (1920).jpg,Brain Disease,Alzheimer,train,0
C:\Users\hamza\Downloads\FYP\AlzVsStr\AlzVsStr\train\Alzheimer\Alzheimer (1921).jpg,Alzheimer (1921).jpg,Brain Disease,Alzheimer,train,0
C:\Users\hamza\Downloads\FYP\AlzVsStr\AlzVsStr\train\Alzheimer\Alzheimer (1922).jpg,Alzheimer (1922).jpg,Brain Disease,Alzheimer,train,0
C:\Users\hamza\Downloads\FYP\AlzVsStr\AlzVsStr\train\Alzheimer\Alzheimer (1923).jpg,Alzheimer (1923).jpg,Brain Disease,Alzheimer,train,0
C:\Users\hamza\Downloads\FYP\AlzVsStr\AlzVsStr\train\Alzheimer\Alzheimer (1924).jpg,Alzheimer (1924).jpg,Brain Disease,Alzheimer,train,0
C:\Users\hamza\Downloads\FYP\AlzVsStr\AlzVsStr\train\Alzheimer\Alzheimer (1925).jpg,Alzheimer (1925).jpg,Brain Disease,Alzheimer,train,0
C:\Users\hamza\Downloads\FYP\AlzVsStr\AlzVsStr\train\Alzheimer\Alzheimer (1926).jpg,Alzheimer (1926).jpg,Brain Disease,Alzheimer,train,0
C:\Users\hamza\Downloads\FYP\AlzVsStr\AlzVsStr\train\Alzheimer\Alzheimer (1927).jpg,Alzheimer (1927).jpg,Brain Disease,Alzheimer,train,0
C:\Users\hamza\Downloads\FYP\AlzVsStr\AlzVsStr\train\Alzheimer\Alzheimer (1928).jpg,Alzheimer (1928).jpg,Brain Disease,Alzheimer,train,0
C:\Users\hamza\Downloads\FYP\AlzVsStr\AlzVsStr\train\Alzheimer\Alzheimer (1929).jpg,Alzheimer (1929).jpg,Brain Disease,Alzheimer,train,0
C:\Users\hamza\Downloads\FYP\AlzVsStr\AlzVsStr\train\Alzheimer\Alzheimer (193).jpg,Alzheimer (193).jpg,Brain Disease,Alzheimer,train,0
C:\Users\hamza\Downloads\FYP\AlzVsStr\AlzVsStr\train\Alzheimer\Alzheimer (1930).jpg,Alzheimer (1930).jpg,Brain Disease,Alzheimer,train,0
C:\Users\hamza\Downloads\FYP\AlzVsStr\AlzVsStr\train\Alzheimer\Alzheimer (1931).jpg,Alzheimer (1931).jpg,Brain Disease,Alzheimer,train,0
C:\Users\hamza\Downloads\FYP\AlzVsStr\AlzVsStr\train\Alzheimer\Alzheimer (1932).jpg,Alzheimer (1932).jpg,Brain Disease,Alzheimer,train,0
C:\Users\hamza\Downloads\FYP\AlzVsStr\AlzVsStr\train\Alzheimer\Alzheimer (1933).jpg,Alzheimer (1933).jpg,Brain Disease,Alzheimer,train,0
C:\Users\hamza\Downloads\FYP\AlzVsStr\AlzVsStr\train\Alzheimer\Alzheimer (1934).jpg,Alzheimer (1934).jpg,Brain Disease,Alzheimer,train,0
C:\Users\hamza\Downloads\FYP\AlzVsStr\AlzVsStr\train\Alzheimer\Alzheimer (1935).jpg,Alzheimer (1935).jpg,Brain Disease,Alzheimer,train,0
C:\Users\hamza\Downloads\FYP\AlzVsStr\AlzVsStr\train\Alzheimer\Alzheimer (1936).jpg,Alzheimer (1936).jpg,Brain Disease,Alzheimer,train,0
C:\Users\hamza\Downloads\FYP\AlzVsStr\AlzVsStr\train\Alzheimer\Alzheimer (1937).jpg,Alzheimer (1937).jpg,Brain Disease,Alzheimer,train,0
C:\Users\hamza\Downloads\FYP\AlzVsStr\AlzVsStr\train\Alzheimer\Alzheimer (1938).jpg,Alzheimer (1938).jpg,Brain Disease,Alzheimer,train,0
C:\Users\hamza\Downloads\FYP\AlzVsStr\AlzVsStr\train\Alzheimer\Alzheimer (1939).jpg,Alzheimer (1939).jpg,Brain Disease,Alzheimer,train,0
C:\Users\hamza\Downloads\FYP\AlzVsStr\AlzVsStr\train\Alzheimer\Alzheimer (194).jpg,Alzheimer (194).jpg,Brain Disease,Alzheimer,train,0
C:\Users\hamza\Downloads\FYP\AlzVsStr\AlzVsStr\train\Alzheimer\Alzheimer (1940).jpg,Alzheimer (1940).jpg,Brain Disease,Alzheimer,train,0
C:\Users\hamza\Downloads\FYP\AlzVsStr\AlzVsStr\train\Alzheimer\Alzheimer (1941).jpg,Alzheimer (1941).jpg,Brain Disease,Alzheimer,train,0
C:\Users\hamza\Downloads\FYP\AlzVsStr\AlzVsStr\train\Alzheimer\Alzheimer (1942).jpg,Alzheimer (1942).jpg,Brain Disease,Alzheimer,train,0
C:\Users\hamza\Downloads\FYP\AlzVsStr\AlzVsStr\train\Alzheimer\Alzheimer (1943).jpg,Alzheimer (1943).jpg,Brain Disease,Alzheimer,train,0
C:\Users\hamza\Downloads\FYP\AlzVsStr\AlzVsStr\train\Alzheimer\Alzheimer (1944).jpg,Alzheimer (1944).jpg,Brain Disease,Alzheimer,train,0
C:\Users\hamza\Downloads\FYP\AlzVsStr\AlzVsStr\train\Alzheimer\Alzheimer (1945).jpg,Alzheimer (1945).jpg,Brain Disease,Alzheimer,train,0
C:\Users\hamza\Downloads\FYP\AlzVsStr\AlzVsStr\train\Alzheimer\Alzheimer (1946).jpg,Alzheimer (1946).jpg,Brain Disease,Alzheimer,train,0
C:\Users\hamza\Downloads\FYP\AlzVsStr\AlzVsStr\train\Alzheimer\Alzheimer (1947).jpg,Alzheimer (1947).jpg,Brain Disease,Alzheimer,train,0
C:\Users\hamza\Downloads\FYP\AlzVsStr\AlzVsStr\train\Alzheimer\Alzheimer (1948).jpg,Alzheimer (1948).jpg,Brain Disease,Alzheimer,train,0
C:\Users\hamza\Downloads\FYP\AlzVsStr\AlzVsStr\train\Alzheimer\Alzheimer (1949).jpg,Alzheimer (1949).jpg,Brain Disease,Alzheimer,train,0
C:\Users\hamza\Downloads\FYP\AlzVsStr\AlzVsStr\train\Alzheimer\Alzheimer (195).jpg,Alzheimer (195).jpg,Brain Disease,Alzheimer,train,0
C:\Users\hamza\Downloads\FYP\AlzVsStr\AlzVsStr\train\Alzheimer\Alzheimer (1950).jpg,Alzheimer (1950).jpg,Brain Disease,Alzheimer,train,0
C:\Users\hamza\Downloads\FYP\AlzVsStr\AlzVsStr\train\Alzheimer\Alzheimer (1951).jpg,Alzheimer (1951).jpg,Brain Disease,Alzheimer,train,0
C:\Users\hamza\Downloads\FYP\AlzVsStr\AlzVsStr\train\Alzheimer\Alzheimer (1952).jpg,Alzheimer (1952).jpg,Brain Disease,Alzheimer,train,0
C:\Users\hamza\Downloads\FYP\AlzVsStr\AlzVsStr\train\Alzheimer\Alzheimer (1953).jpg,Alzheimer (1953).jpg,Brain Disease,Alzheimer,train,0
C:\Users\hamza\Downloads\FYP\AlzVsStr\AlzVsStr\train\Alzheimer\Alzheimer (1954).jpg,Alzheimer (1954).jpg,Brain Disease,Alzheimer,train,0
C:\Users\hamza\Downloads\FYP\AlzVsStr\AlzVsStr\train\Alzheimer\Alzheimer (1955).jpg,Alzheimer (1955).jpg,Brain Disease,Alzheimer,train,0
C:\Users\hamza\Downloads\FYP\AlzVsStr\AlzVsStr\train\Alzheimer\Alzheimer (1956).jpg,Alzheimer (1956).jpg,Brain Disease,Alzheimer,train,0
C:\Users\hamza\Downloads\FYP\AlzVsStr\AlzVsStr\train\Alzheimer\Alzheimer (1957).jpg,Alzheimer (1957).jpg,Brain Disease,Alzheimer,train,0
C:\Users\hamza\Downloads\FYP\AlzVsStr\AlzVsStr\train\Alzheimer\Alzheimer (1958).jpg,Alzheimer (1958).jpg,Brain Disease,Alzheimer,train,0
C:\Users\hamza\Downloads\FYP\AlzVsStr\AlzVsStr\train\Alzheimer\Alzheimer (1959).jpg,Alzheimer (1959).jpg,Brain Disease,Alzheimer,train,0
C:\Users\hamza\Downloads\FYP\AlzVsStr\AlzVsStr\train\Alzheimer\Alzheimer (196).jpg,Alzheimer (196).jpg,Brain Disease,Alzheimer,train,0
C:\Users\hamza\Downloads\FYP\AlzVsStr\AlzVsStr\train\Alzheimer\Alzheimer (1960).jpg,Alzheimer (1960).jpg,Brain Disease,Alzheimer,train,0
C:\Users\hamza\Downloads\FYP\AlzVsStr\AlzVsStr\train\Alzheimer\Alzheimer (1961).jpg,Alzheimer (1961).jpg,Brain Disease,Alzheimer,train,0
C:\Users\hamza\Downloads\FYP\AlzVsStr\AlzVsStr\train\Alzheimer\Alzheimer (1962).jpg,Alzheimer (1962).jpg,Brain Disease,Alzheimer,train,0
C:\Users\hamza\Downloads\FYP\AlzVsStr\AlzVsStr\train\Alzheimer\Alzheimer (1963).jpg,Alzheimer (1963).jpg,Brain Disease,Alzheimer,train,0
C:\Users\hamza\Downloads\FYP\AlzVsStr\AlzVsStr\train\Alzheimer\Alzheimer (1964).jpg,Alzheimer (1964).jpg,Brain Disease,Alzheimer,train,0
C:\Users\hamza\Downloads\FYP\AlzVsStr\AlzVsStr\train\Alzheimer\Alzheimer (1965).jpg,Alzheimer (1965).jpg,Brain Disease,Alzheimer,train,0
C:\Users\hamza\Downloads\FYP\AlzVsStr\AlzVsStr\train\Alzheimer\Alzheimer (1966).jpg,Alzheimer (1966).jpg,Brain Disease,Alzheimer,train,0
C:\Users\hamza\Downloads\FYP\AlzVsStr\AlzVsStr\train\Alzheimer\Alzheimer (1967).jpg,Alzheimer (1967).jpg,Brain Disease,Alzheimer,train,0
C:\Users\hamza\Downloads\FYP\AlzVsStr\AlzVsStr\train\Alzheimer\Alzheimer (1968).jpg,Alzheimer (1968).jpg,Brain Disease,Alzheimer,train,0
C:\Users\hamza\Downloads\FYP\AlzVsStr\AlzVsStr\train\Alzheimer\Alzheimer (1969).jpg,Alzheimer (1969).jpg,Brain Disease,Alzheimer,train,0
C:\Users\hamza\Downloads\FYP\AlzVsStr\AlzVsStr\train\Alzheimer\Alzheimer (197).jpg,Alzheimer (197).jpg,Brain Disease,Alzheimer,train,0
C:\Users\hamza\Downloads\FYP\AlzVsStr\AlzVsStr\train\Alzheimer\Alzheimer (1970).jpg,Alzheimer (1970).jpg,Brain Disease,Alzheimer,train,0
C:\Users\hamza\Downloads\FYP\AlzVsStr\AlzVsStr\train\Alzheimer\Alzheimer (1971).jpg,Alzheimer (1971).jpg,Brain Disease,Alzheimer,train,0
C:\Users\hamza\Downloads\FYP\AlzVsStr\AlzVsStr\train\Alzheimer\Alzheimer (1972).jpg,Alzheimer (1972).jpg,Brain Disease,Alzheimer,train,0
C:\Users\hamza\Downloads\FYP\AlzVsStr\AlzVsStr\train\Alzheimer\Alzheimer (1973).jpg,Alzheimer (1973).jpg,Brain Disease,Alzheimer,train,0
C:\Users\hamza\Downloads\FYP\AlzVsStr\AlzVsStr\train\Alzheimer\Alzheimer (1974).jpg,Alzheimer (1974).jpg,Brain Disease,Alzheimer,train,0
C:\Users\hamza\Downloads\FYP\AlzVsStr\AlzVsStr\train\Alzheimer\Alzheimer (1975).jpg,Alzheimer (1975).jpg,Brain Disease,Alzheimer,train,0
C:\Users\hamza\Downloads\FYP\AlzVsStr\AlzVsStr\train\Alzheimer\Alzheimer (1976).jpg,Alzheimer (1976).jpg,Brain Disease,Alzheimer,train,0
C:\Users\hamza\Downloads\FYP\AlzVsStr\AlzVsStr\train\Alzheimer\Alzheimer (1977).jpg,Alzheimer (1977).jpg,Brain Disease,Alzheimer,train,0
C:\Users\hamza\Downloads\FYP\AlzVsStr\AlzVsStr\train\Alzheimer\Alzheimer (1978).jpg,Alzheimer (1978).jpg,Brain Disease,Alzheimer,train,0
C:\Users\hamza\Downloads\FYP\AlzVsStr\AlzVsStr\train\Alzheimer\Alzheimer (1979).jpg,Alzheimer (1979).jpg,Brain Disease,Alzheimer,train,0
C:\Users\hamza\Downloads\FYP\AlzVsStr\AlzVsStr\train\Alzheimer\Alzheimer (198).jpg,Alzheimer (198).jpg,Brain Disease,Alzheimer,train,0
C:\Users\hamza\Downloads\FYP\AlzVsStr\AlzVsStr\train\Alzheimer\Alzheimer (1980).jpg,Alzheimer (1980).jpg,Brain Disease,Alzheimer,train,0
C:\Users\hamza\Downloads\FYP\AlzVsStr\AlzVsStr\train\Alzheimer\Alzheimer (1981).jpg,Alzheimer (1981).jpg,Brain Disease,Alzheimer,train,0
C:\Users\hamza\Downloads\FYP\AlzVsStr\AlzVsStr\train\Alzheimer\Alzheimer (1982).jpg,Alzheimer (1982).jpg,Brain Disease,Alzheimer,train,0
C:\Users\hamza\Downloads\FYP\AlzVsStr\AlzVsStr\train\Alzheimer\Alzheimer (1983).jpg,Alzheimer (1983).jpg,Brain Disease,Alzheimer,train,0
C:\Users\hamza\Downloads\FYP\AlzVsStr\AlzVsStr\train\Alzheimer\Alzheimer (1984).jpg,Alzheimer (1984).jpg,Brain Disease,Alzheimer,train,0
C:\Users\hamza\Downloads\FYP\AlzVsStr\AlzVsStr\train\Alzheimer\Alzheimer (1985).jpg,Alzheimer (1985).jpg,Brain Disease,Alzheimer,train,0
C:\Users\hamza\Downloads\FYP\AlzVsStr\AlzVsStr\train\Alzheimer\Alzheimer (1986).jpg,Alzheimer (1986).jpg,Brain Disease,Alzheimer,train,0
C:\Users\hamza\Downloads\FYP\AlzVsStr\AlzVsStr\train\Alzheimer\Alzheimer (1987).jpg,Alzheimer (1987).jpg,Brain Disease,Alzheimer,train,0
C:\Users\hamza\Downloads\FYP\AlzVsStr\AlzVsStr\train\Alzheimer\Alzheimer (1988).jpg,Alzheimer (1988).jpg,Brain Disease,Alzheimer,train,0
C:\Users\hamza\Downloads\FYP\AlzVsStr\AlzVsStr\train\Alzheimer\Alzheimer (1989).jpg,Alzheimer (1989).jpg,Brain Disease,Alzheimer,train,0
C:\Users\hamza\Downloads\FYP\AlzVsStr\AlzVsStr\train\Alzheimer\Alzheimer (199).jpg,Alzheimer (199).jpg,Brain Disease,Alzheimer,train,0
C:\Users\hamza\Downloads\FYP\AlzVsStr\AlzVsStr\train\Alzheimer\Alzheimer (1990).jpg,Alzheimer (1990).jpg,Brain Disease,Alzheimer,train,0
C:\Users\hamza\Downloads\FYP\AlzVsStr\AlzVsStr\train\Alzheimer\Alzheimer (1991).jpg,Alzheimer (1991).jpg,Brain Disease,Alzheimer,train,0
C:\Users\hamza\Downloads\FYP\AlzVsStr\AlzVsStr\train\Alzheimer\Alzheimer (1992).jpg,Alzheimer (1992).jpg,Brain Disease,Alzheimer,train,0
C:\Users\hamza\Downloads\FYP\AlzVsStr\AlzVsStr\train\Alzheimer\Alzheimer (1993).jpg,Alzheimer (1993).jpg,Brain Disease,Alzheimer,train,0
C:\Users\hamza\Downloads\FYP\AlzVsStr\AlzVsStr\train\Alzheimer\Alzheimer (1994).jpg,Alzheimer (1994).jpg,Brain Disease,Alzheimer,train,0
C:\Users\hamza\Downloads\FYP\AlzVsStr\AlzVsStr\train\Alzheimer\Alzheimer (1995).jpg,Alzheimer (1995).jpg,Brain Disease,Alzheimer,train,0
C:\Users\hamza\Downloads\FYP\AlzVsStr\AlzVsStr\train\Alzheimer\Alzheimer (1996).jpg,Alzheimer (1996).jpg,Brain Disease,Alzheimer,train,0
C:\Users\hamza\Downloads\FYP\AlzVsStr\AlzVsStr\train\Alzheimer\Alzheimer (1997).jpg,Alzheimer (1997).jpg,Brain Disease,Alzheimer,train,0
C:\Users\hamza\Downloads\FYP\AlzVsStr\AlzVsStr\train\Alzheimer\Alzheimer (1998).jpg,Alzheimer (1998).jpg,Brain Disease,Alzheimer,train,0
C:\Users\hamza\Downloads\FYP\AlzVsStr\AlzVsStr\train\Alzheimer\Alzheimer (1999).jpg,Alzheimer (1999).jpg,Brain Disease,Alzheimer,train,0
C:\Users\hamza\Downloads\FYP\AlzVsStr\AlzVsStr\train\Alzheimer\Alzheimer (2).jpg,Alzheimer (2).jpg,Brain Disease,Alzheimer,train,0
C:\Users\hamza\Downloads\FYP\AlzVsStr\AlzVsStr\train\Alzheimer\Alzheimer (20).jpg,Alzheimer (20).jpg,Brain Disease,Alzheimer,train,0
C:\Users\hamza\Downloads\FYP\AlzVsStr\AlzVsStr\train\Alzheimer\Alzheimer (200).jpg,Alzheimer (200).jpg,Brain Disease,Alzheimer,train,0
C:\Users\hamza\Downloads\FYP\AlzVsStr\AlzVsStr\train\Alzheimer\Alzheimer (2000).jpg,Alzheimer (2000).jpg,Brain Disease,Alzheimer,train,0
C:\Users\hamza\Downloads\FYP\AlzVsStr\AlzVsStr\train\Alzheimer\Alzheimer (2001).jpg,Alzheimer (2001).jpg,Brain Disease,Alzheimer,train,0
C:\Users\hamza\Downloads\FYP\AlzVsStr\AlzVsStr\train\Alzheimer\Alzheimer (2002).jpg,Alzheimer (2002).jpg,Brain Disease,Alzheimer,train,0
C:\Users\hamza\Downloads\FYP\AlzVsStr\AlzVsStr\train\Alzheimer\Alzheimer (2003).jpg,Alzheimer (2003).jpg,Brain Disease,Alzheimer,train,0
C:\Users\hamza\Downloads\FYP\AlzVsStr\AlzVsStr\train\Alzheimer\Alzheimer (2004).jpg,Alzheimer (2004).jpg,Brain Disease,Alzheimer,train,0
C:\Users\hamza\Downloads\FYP\AlzVsStr\AlzVsStr\train\Alzheimer\Alzheimer (2005).jpg,Alzheimer (2005).jpg,Brain Disease,Alzheimer,train,0
C:\Users\hamza\Downloads\FYP\AlzVsStr\AlzVsStr\train\Alzheimer\Alzheimer (2006).jpg,Alzheimer (2006).jpg,Brain Disease,Alzheimer,train,0
C:\Users\hamza\Downloads\FYP\AlzVsStr\AlzVsStr\train\Alzheimer\Alzheimer (2007).jpg,Alzheimer (2007).jpg,Brain Disease,Alzheimer,train,0
C:\Users\hamza\Downloads\FYP\AlzVsStr\AlzVsStr\train\Alzheimer\Alzheimer (2008).jpg,Alzheimer (2008).jpg,Brain Disease,Alzheimer,train,0
C:\Users\hamza\Downloads\FYP\AlzVsStr\AlzVsStr\train\Alzheimer\Alzheimer (2009).jpg,Alzheimer (2009).jpg,Brain Disease,Alzheimer,train,0
C:\Users\hamza\Downloads\FYP\AlzVsStr\AlzVsStr\train\Alzheimer\Alzheimer (201).jpg,Alzheimer (201).jpg,Brain Disease,Alzheimer,train,0
C:\Users\hamza\Downloads\FYP\AlzVsStr\AlzVsStr\train\Alzheimer\Alzheimer (2010).jpg,Alzheimer (2010).jpg,Brain Disease,Alzheimer,train,0
C:\Users\hamza\Downloads\FYP\AlzVsStr\AlzVsStr\train\Alzheimer\Alzheimer (2011).jpg,Alzheimer (2011).jpg,Brain Disease,Alzheimer,train,0
C:\Users\hamza\Downloads\FYP\AlzVsStr\AlzVsStr\train\Alzheimer\Alzheimer (2012).jpg,Alzheimer (2012).jpg,Brain Disease,Alzheimer,train,0
C:\Users\hamza\Downloads\FYP\AlzVsStr\AlzVsStr\train\Alzheimer\Alzheimer (2013).jpg,Alzheimer (2013).jpg,Brain Disease,Alzheimer,train,0
C:\Users\hamza\Downloads\FYP\AlzVsStr\AlzVsStr\train\Alzheimer\Alzheimer (2014).jpg,Alzheimer (2014).jpg,Brain Disease,Alzheimer,train,0
C:\Users\hamza\Downloads\FYP\AlzVsStr\AlzVsStr\train\Alzheimer\Alzheimer (2015).jpg,Alzheimer (2015).jpg,Brain Disease,Alzheimer,train,0
C:\Users\hamza\Downloads\FYP\AlzVsStr\AlzVsStr\train\Alzheimer\Alzheimer (2016).jpg,Alzheimer (2016).jpg,Brain Disease,Alzheimer,train,0
C:\Users\hamza\Downloads\FYP\AlzVsStr\AlzVsStr\train\Alzheimer\Alzheimer (2017).jpg,Alzheimer (2017).jpg,Brain Disease,Alzheimer,train,0
C:\Users\hamza\Downloads\FYP\AlzVsStr\AlzVsStr\train\Alzheimer\Alzheimer (2018).jpg,Alzheimer (2018).jpg,Brain Disease,Alzheimer,train,0
C:\Users\hamza\Downloads\FYP\AlzVsStr\AlzVsStr\train\Alzheimer\Alzheimer (2019).jpg,Alzheimer (2019).jpg,Brain Disease,Alzheimer,train,0
C:\Users\hamza\Downloads\FYP\AlzVsStr\AlzVsStr\train\Alzheimer\Alzheimer (202).jpg,Alzheimer (202).jpg,Brain Disease,Alzheimer,train,0
C:\Users\hamza\Downloads\FYP\AlzVsStr\AlzVsStr\train\Alzheimer\Alzheimer (2020).jpg,Alzheimer (2020).jpg,Brain Disease,Alzheimer,train,0
C:\Users\hamza\Downloads\FYP\AlzVsStr\AlzVsStr\train\Alzheimer\Alzheimer (2021).jpg,Alzheimer (2021).jpg,Brain Disease,Alzheimer,train,0
C:\Users\hamza\Downloads\FYP\AlzVsStr\AlzVsStr\train\Alzheimer\Alzheimer (2022).jpg,Alzheimer (2022).jpg,Brain Disease,Alzheimer,train,0
C:\Users\hamza\Downloads\FYP\AlzVsStr\AlzVsStr\train\Alzheimer\Alzheimer (2023).jpg,Alzheimer (2023).jpg,Brain Disease,Alzheimer,train,0
C:\Users\hamza\Downloads\FYP\AlzVsStr\AlzVsStr\train\Alzheimer\Alzheimer (2024).jpg,Alzheimer (2024).jpg,Brain Disease,Alzheimer,train,0
C:\Users\hamza\Downloads\FYP\AlzVsStr\AlzVsStr\train\Alzheimer\Alzheimer (2025).jpg,Alzheimer (2025).jpg,Brain Disease,Alzheimer,train,0
C:\Users\hamza\Downloads\FYP\AlzVsStr\AlzVsStr\train\Alzheimer\Alzheimer (2026).jpg,Alzheimer (2026).jpg,Brain Disease,Alzheimer,train,0
C:\Users\hamza\Downloads\FYP\AlzVsStr\AlzVsStr\train\Alzheimer\Alzheimer (2027).jpg,Alzheimer (2027).jpg,Brain Disease,Alzheimer,train,0
C:\Users\hamza\Downloads\FYP\AlzVsStr\AlzVsStr\train\Alzheimer\Alzheimer (2028).jpg,Alzheimer (2028).jpg,Brain Disease,Alzheimer,train,0
C:\Users\hamza\Downloads\FYP\AlzVsStr\AlzVsStr\train\Alzheimer\Alzheimer (2029).jpg,Alzheimer (2029).jpg,Brain Disease,Alzheimer,train,0
C:\Users\hamza\Downloads\FYP\AlzVsStr\AlzVsStr\train\Alzheimer\Alzheimer (203).jpg,Alzheimer (203).jpg,Brain Disease,Alzheimer,train,0
C:\Users\hamza\Downloads\FYP\AlzVsStr\AlzVsStr\train\Alzheimer\Alzheimer (2030).jpg,Alzheimer (2030).jpg,Brain Disease,Alzheimer,train,0
C:\Users\hamza\Downloads\FYP\AlzVsStr\AlzVsStr\train\Alzheimer\Alzheimer (2031).jpg,Alzheimer (2031).jpg,Brain Disease,Alzheimer,train,0
C:\Users\hamza\Downloads\FYP\AlzVsStr\AlzVsStr\train\Alzheimer\Alzheimer (2032).jpg,Alzheimer (2032).jpg,Brain Disease,Alzheimer,train,0
C:\Users\hamza\Downloads\FYP\AlzVsStr\AlzVsStr\train\Alzheimer\Alzheimer (2033).jpg,Alzheimer (2033).jpg,Brain Disease,Alzheimer,train,0
C:\Users\hamza\Downloads\FYP\AlzVsStr\AlzVsStr\train\Alzheimer\Alzheimer (2034).jpg,Alzheimer (2034).jpg,Brain Disease,Alzheimer,train,0
C:\Users\hamza\Downloads\FYP\AlzVsStr\AlzVsStr\train\Alzheimer\Alzheimer (2035).jpg,Alzheimer (2035).jpg,Brain Disease,Alzheimer,train,0
C:\Users\hamza\Downloads\FYP\AlzVsStr\AlzVsStr\train\Alzheimer\Alzheimer (2036).jpg,Alzheimer (2036).jpg,Brain Disease,Alzheimer,train,0
C:\Users\hamza\Downloads\FYP\AlzVsStr\AlzVsStr\train\Alzheimer\Alzheimer (2037).jpg,Alzheimer (2037).jpg,Brain Disease,Alzheimer,train,0
C:\Users\hamza\Downloads\FYP\AlzVsStr\AlzVsStr\train\Alzheimer\Alzheimer (2038).jpg,Alzheimer (2038).jpg,Brain Disease,Alzheimer,train,0
C:\Users\hamza\Downloads\FYP\AlzVsStr\AlzVsStr\train\Alzheimer\Alzheimer (2039).jpg,Alzheimer (2039).jpg,Brain Disease,Alzheimer,train,0
C:\Users\hamza\Downloads\FYP\AlzVsStr\AlzVsStr\train\Alzheimer\Alzheimer (204).jpg,Alzheimer (204).jpg,Brain Disease,Alzheimer,train,0
C:\Users\hamza\Downloads\FYP\AlzVsStr\AlzVsStr\train\Alzheimer\Alzheimer (2040).jpg,Alzheimer (2040).jpg,Brain Disease,Alzheimer,train,0
C:\Users\hamza\Downloads\FYP\AlzVsStr\AlzVsStr\train\Alzheimer\Alzheimer (2041).jpg,Alzheimer (2041).jpg,Brain Disease,Alzheimer,train,0
C:\Users\hamza\Downloads\FYP\AlzVsStr\AlzVsStr\train\Alzheimer\Alzheimer (2042).jpg,Alzheimer (2042).jpg,Brain Disease,Alzheimer,train,0
C:\Users\hamza\Downloads\FYP\AlzVsStr\AlzVsStr\train\Alzheimer\Alzheimer (2043).jpg,Alzheimer (2043).jpg,Brain Disease,Alzheimer,train,0
C:\Users\hamza\Downloads\FYP\AlzVsStr\AlzVsStr\train\Alzheimer\Alzheimer (2044).jpg,Alzheimer (2044).jpg,Brain Disease,Alzheimer,train,0
C:\Users\hamza\Downloads\FYP\AlzVsStr\AlzVsStr\train\Alzheimer\Alzheimer (2045).jpg,Alzheimer (2045).jpg,Brain Disease,Alzheimer,train,0
C:\Users\hamza\Downloads\FYP\AlzVsStr\AlzVsStr\train\Alzheimer\Alzheimer (2046).jpg,Alzheimer (2046).jpg,Brain Disease,Alzheimer,train,0
C:\Users\hamza\Downloads\FYP\AlzVsStr\AlzVsStr\train\Alzheimer\Alzheimer (2047).jpg,Alzheimer (2047).jpg,Brain Disease,Alzheimer,train,0
C:\Users\hamza\Downloads\FYP\AlzVsStr\AlzVsStr\train\Alzheimer\Alzheimer (2048).jpg,Alzheimer (2048).jpg,Brain Disease,Alzheimer,train,0
C:\Users\hamza\Downloads\FYP\AlzVsStr\AlzVsStr\train\Alzheimer\Alzheimer (2049).jpg,Alzheimer (2049).jpg,Brain Disease,Alzheimer,train,0
C:\Users\hamza\Downloads\FYP\AlzVsStr\AlzVsStr\train\Alzheimer\Alzheimer (205).jpg,Alzheimer (205).jpg,Brain Disease,Alzheimer,train,0
C:\Users\hamza\Downloads\FYP\AlzVsStr\AlzVsStr\train\Alzheimer\Alzheimer (2050).jpg,Alzheimer (2050).jpg,Brain Disease,Alzheimer,train,0
C:\Users\hamza\Downloads\FYP\AlzVsStr\AlzVsStr\train\Alzheimer\Alzheimer (2051).jpg,Alzheimer (2051).jpg,Brain Disease,Alzheimer,train,0
C:\Users\hamza\Downloads\FYP\AlzVsStr\AlzVsStr\train\Alzheimer\Alzheimer (2052).jpg,Alzheimer (2052).jpg,Brain Disease,Alzheimer,train,0
C:\Users\hamza\Downloads\FYP\AlzVsStr\AlzVsStr\train\Alzheimer\Alzheimer (2053).jpg,Alzheimer (2053).jpg,Brain Disease,Alzheimer,train,0
C:\Users\hamza\Downloads\FYP\AlzVsStr\AlzVsStr\train\Alzheimer\Alzheimer (2054).jpg,Alzheimer (2054).jpg,Brain Disease,Alzheimer,train,0
C:\Users\hamza\Downloads\FYP\AlzVsStr\AlzVsStr\train\Alzheimer\Alzheimer (2055).jpg,Alzheimer (2055).jpg,Brain Disease,Alzheimer,train,0
C:\Users\hamza\Downloads\FYP\AlzVsStr\AlzVsStr\train\Alzheimer\Alzheimer (2056).jpg,Alzheimer (2056).jpg,Brain Disease,Alzheimer,train,0
C:\Users\hamza\Downloads\FYP\AlzVsStr\AlzVsStr\train\Alzheimer\Alzheimer (2057).jpg,Alzheimer (2057).jpg,Brain Disease,Alzheimer,train,0
C:\Users\hamza\Downloads\FYP\AlzVsStr\AlzVsStr\train\Alzheimer\Alzheimer (2058).jpg,Alzheimer (2058).jpg,Brain Disease,Alzheimer,train,0
C:\Users\hamza\Downloads\FYP\AlzVsStr\AlzVsStr\train\Alzheimer\Alzheimer (2059).jpg,Alzheimer (2059).jpg,Brain Disease,Alzheimer,train,0
C:\Users\hamza\Downloads\FYP\AlzVsStr\AlzVsStr\train\Alzheimer\Alzheimer (206).jpg,Alzheimer (206).jpg,Brain Disease,Alzheimer,train,0
C:\Users\hamza\Downloads\FYP\AlzVsStr\AlzVsStr\train\Alzheimer\Alzheimer (2060).jpg,Alzheimer (2060).jpg,Brain Disease,Alzheimer,train,0
C:\Users\hamza\Downloads\FYP\AlzVsStr\AlzVsStr\train\Alzheimer\Alzheimer (2061).jpg,Alzheimer (2061).jpg,Brain Disease,Alzheimer,train,0
C:\Users\hamza\Downloads\FYP\AlzVsStr\AlzVsStr\train\Alzheimer\Alzheimer (2062).jpg,Alzheimer (2062).jpg,Brain Disease,Alzheimer,train,0
C:\Users\hamza\Downloads\FYP\AlzVsStr\AlzVsStr\train\Alzheimer\Alzheimer (2063).jpg,Alzheimer (2063).jpg,Brain Disease,Alzheimer,train,0
C:\Users\hamza\Downloads\FYP\AlzVsStr\AlzVsStr\train\Alzheimer\Alzheimer (2064).jpg,Alzheimer (2064).jpg,Brain Disease,Alzheimer,train,0
C:\Users\hamza\Downloads\FYP\AlzVsStr\AlzVsStr\train\Alzheimer\Alzheimer (2065).jpg,Alzheimer (2065).jpg,Brain Disease,Alzheimer,train,0
C:\Users\hamza\Downloads\FYP\AlzVsStr\AlzVsStr\train\Alzheimer\Alzheimer (2066).jpg,Alzheimer (2066).jpg,Brain Disease,Alzheimer,train,0
C:\Users\hamza\Downloads\FYP\AlzVsStr\AlzVsStr\train\Alzheimer\Alzheimer (2067).jpg,Alzheimer (2067).jpg,Brain Disease,Alzheimer,train,0
C:\Users\hamza\Downloads\FYP\AlzVsStr\AlzVsStr\train\Alzheimer\Alzheimer (2068).jpg,Alzheimer (2068).jpg,Brain Disease,Alzheimer,train,0
C:\Users\hamza\Downloads\FYP\AlzVsStr\AlzVsStr\train\Alzheimer\Alzheimer (2069).jpg,Alzheimer (2069).jpg,Brain Disease,Alzheimer,train,0
C:\Users\hamza\Downloads\FYP\AlzVsStr\AlzVsStr\train\Alzheimer\Alzheimer (207).jpg,Alzheimer (207).jpg,Brain Disease,Alzheimer,train,0
C:\Users\hamza\Downloads\FYP\AlzVsStr\AlzVsStr\train\Alzheimer\Alzheimer (2070).jpg,Alzheimer (2070).jpg,Brain Disease,Alzheimer,train,0
C:\Users\hamza\Downloads\FYP\AlzVsStr\AlzVsStr\train\Alzheimer\Alzheimer (2071).jpg,Alzheimer (2071).jpg,Brain Disease,Alzheimer,train,0
C:\Users\hamza\Downloads\FYP\AlzVsStr\AlzVsStr\train\Alzheimer\Alzheimer (2072).jpg,Alzheimer (2072).jpg,Brain Disease,Alzheimer,train,0
C:\Users\hamza\Downloads\FYP\AlzVsStr\AlzVsStr\train\Alzheimer\Alzheimer (2073).jpg,Alzheimer (2073).jpg,Brain Disease,Alzheimer,train,0
C:\Users\hamza\Downloads\FYP\AlzVsStr\AlzVsStr\train\Alzheimer\Alzheimer (2074).jpg,Alzheimer (2074).jpg,Brain Disease,Alzheimer,train,0
C:\Users\hamza\Downloads\FYP\AlzVsStr\AlzVsStr\train\Alzheimer\Alzheimer (2075).jpg,Alzheimer (2075).jpg,Brain Disease,Alzheimer,train,0
C:\Users\hamza\Downloads\FYP\AlzVsStr\AlzVsStr\train\Alzheimer\Alzheimer (2076).jpg,Alzheimer (2076).jpg,Brain Disease,Alzheimer,train,0
C:\Users\hamza\Downloads\FYP\AlzVsStr\AlzVsStr\train\Alzheimer\Alzheimer (2077).jpg,Alzheimer (2077).jpg,Brain Disease,Alzheimer,train,0
C:\Users\hamza\Downloads\FYP\AlzVsStr\AlzVsStr\train\Alzheimer\Alzheimer (2078).jpg,Alzheimer (2078).jpg,Brain Disease,Alzheimer,train,0
C:\Users\hamza\Downloads\FYP\AlzVsStr\AlzVsStr\train\Alzheimer\Alzheimer (2079).jpg,Alzheimer (2079).jpg,Brain Disease,Alzheimer,train,0
C:\Users\hamza\Downloads\FYP\AlzVsStr\AlzVsStr\train\Alzheimer\Alzheimer (208).jpg,Alzheimer (208).jpg,Brain Disease,Alzheimer,train,0
C:\Users\hamza\Downloads\FYP\AlzVsStr\AlzVsStr\train\Alzheimer\Alzheimer (2080).jpg,Alzheimer (2080).jpg,Brain Disease,Alzheimer,train,0
C:\Users\hamza\Downloads\FYP\AlzVsStr\AlzVsStr\train\Alzheimer\Alzheimer (2081).jpg,Alzheimer (2081).jpg,Brain Disease,Alzheimer,train,0
C:\Users\hamza\Downloads\FYP\AlzVsStr\AlzVsStr\train\Alzheimer\Alzheimer (2082).jpg,Alzheimer (2082).jpg,Brain Disease,Alzheimer,train,0
C:\Users\hamza\Downloads\FYP\AlzVsStr\AlzVsStr\train\Alzheimer\Alzheimer (2083).jpg,Alzheimer (2083).jpg,Brain Disease,Alzheimer,train,0
C:\Users\hamza\Downloads\FYP\AlzVsStr\AlzVsStr\train\Alzheimer\Alzheimer (2084).jpg,Alzheimer (2084).jpg,Brain Disease,Alzheimer,train,0
C:\Users\hamza\Downloads\FYP\AlzVsStr\AlzVsStr\train\Alzheimer\Alzheimer (2085).jpg,Alzheimer (2085).jpg,Brain Disease,Alzheimer,train,0
C:\Users\hamza\Downloads\FYP\AlzVsStr\AlzVsStr\train\Alzheimer\Alzheimer (2086).jpg,Alzheimer (2086).jpg,Brain Disease,Alzheimer,train,0
C:\Users\hamza\Downloads\FYP\AlzVsStr\AlzVsStr\train\Alzheimer\Alzheimer (2087).jpg,Alzheimer (2087).jpg,Brain Disease,Alzheimer,train,0
C:\Users\hamza\Downloads\FYP\AlzVsStr\AlzVsStr\train\Alzheimer\Alzheimer (2088).jpg,Alzheimer (2088).jpg,Brain Disease,Alzheimer,train,0
C:\Users\hamza\Downloads\FYP\AlzVsStr\AlzVsStr\train\Alzheimer\Alzheimer (2089).jpg,Alzheimer (2089).jpg,Brain Disease,Alzheimer,train,0
C:\Users\hamza\Downloads\FYP\AlzVsStr\AlzVsStr\train\Alzheimer\Alzheimer (209).jpg,Alzheimer (209).jpg,Brain Disease,Alzheimer,train,0
C:\Users\hamza\Downloads\FYP\AlzVsStr\AlzVsStr\train\Alzheimer\Alzheimer (2090).jpg,Alzheimer (2090).jpg,Brain Disease,Alzheimer,train,0
C:\Users\hamza\Downloads\FYP\AlzVsStr\AlzVsStr\train\Alzheimer\Alzheimer (2091).jpg,Alzheimer (2091).jpg,Brain Disease,Alzheimer,train,0
C:\Users\hamza\Downloads\FYP\AlzVsStr\AlzVsStr\train\Alzheimer\Alzheimer (2092).jpg,Alzheimer (2092).jpg,Brain Disease,Alzheimer,train,0
C:\Users\hamza\Downloads\FYP\AlzVsStr\AlzVsStr\train\Alzheimer\Alzheimer (2093).jpg,Alzheimer (2093).jpg,Brain Disease,Alzheimer,train,0
C:\Users\hamza\Downloads\FYP\AlzVsStr\AlzVsStr\train\Alzheimer\Alzheimer (2094).jpg,Alzheimer (2094).jpg,Brain Disease,Alzheimer,train,0
C:\Users\hamza\Downloads\FYP\AlzVsStr\AlzVsStr\train\Alzheimer\Alzheimer (2095).jpg,Alzheimer (2095).jpg,Brain Disease,Alzheimer,train,0
C:\Users\hamza\Downloads\FYP\AlzVsStr\AlzVsStr\train\Alzheimer\Alzheimer (2096).jpg,Alzheimer (2096).jpg,Brain Disease,Alzheimer,train,0
C:\Users\hamza\Downloads\FYP\AlzVsStr\AlzVsStr\train\Alzheimer\Alzheimer (2097).jpg,Alzheimer (2097).jpg,Brain Disease,Alzheimer,train,0
C:\Users\hamza\Downloads\FYP\AlzVsStr\AlzVsStr\train\Alzheimer\Alzheimer (2098).jpg,Alzheimer (2098).jpg,Brain Disease,Alzheimer,train,0
C:\Users\hamza\Downloads\FYP\AlzVsStr\AlzVsStr\train\Alzheimer\Alzheimer (2099).jpg,Alzheimer (2099).jpg,Brain Disease,Alzheimer,train,0
C:\Users\hamza\Downloads\FYP\AlzVsStr\AlzVsStr\train\Alzheimer\Alzheimer (21).jpg,Alzheimer (21).jpg,Brain Disease,Alzheimer,train,0
C:\Users\hamza\Downloads\FYP\AlzVsStr\AlzVsStr\train\Alzheimer\Alzheimer (210).jpg,Alzheimer (210).jpg,Brain Disease,Alzheimer,train,0
C:\Users\hamza\Downloads\FYP\AlzVsStr\AlzVsStr\train\Alzheimer\Alzheimer (2100).jpg,Alzheimer (2100).jpg,Brain Disease,Alzheimer,train,0
C:\Users\hamza\Downloads\FYP\AlzVsStr\AlzVsStr\train\Alzheimer\Alzheimer (2101).jpg,Alzheimer (2101).jpg,Brain Disease,Alzheimer,train,0
C:\Users\hamza\Downloads\FYP\AlzVsStr\AlzVsStr\train\Alzheimer\Alzheimer (2102).jpg,Alzheimer (2102).jpg,Brain Disease,Alzheimer,train,0
C:\Users\hamza\Downloads\FYP\AlzVsStr\AlzVsStr\train\Alzheimer\Alzheimer (2103).jpg,Alzheimer (2103).jpg,Brain Disease,Alzheimer,train,0
C:\Users\hamza\Downloads\FYP\AlzVsStr\AlzVsStr\train\Alzheimer\Alzheimer (2104).jpg,Alzheimer (2104).jpg,Brain Disease,Alzheimer,train,0
C:\Users\hamza\Downloads\FYP\AlzVsStr\AlzVsStr\train\Alzheimer\Alzheimer (2105).jpg,Alzheimer (2105).jpg,Brain Disease,Alzheimer,train,0
C:\Users\hamza\Downloads\FYP\AlzVsStr\AlzVsStr\train\Alzheimer\Alzheimer (2106).jpg,Alzheimer (2106).jpg,Brain Disease,Alzheimer,train,0
C:\Users\hamza\Downloads\FYP\AlzVsStr\AlzVsStr\train\Alzheimer\Alzheimer (2107).jpg,Alzheimer (2107).jpg,Brain Disease,Alzheimer,train,0
C:\Users\hamza\Downloads\FYP\AlzVsStr\AlzVsStr\train\Alzheimer\Alzheimer (2108).jpg,Alzheimer (2108).jpg,Brain Disease,Alzheimer,train,0
C:\Users\hamza\Downloads\FYP\AlzVsStr\AlzVsStr\train\Alzheimer\Alzheimer (2109).jpg,Alzheimer (2109).jpg,Brain Disease,Alzheimer,train,0
C:\Users\hamza\Downloads\FYP\AlzVsStr\AlzVsStr\train\Alzheimer\Alzheimer (211).jpg,Alzheimer (211).jpg,Brain Disease,Alzheimer,train,0
C:\Users\hamza\Downloads\FYP\AlzVsStr\AlzVsStr\train\Alzheimer\Alzheimer (2110).jpg,Alzheimer (2110).jpg,Brain Disease,Alzheimer,train,0
C:\Users\hamza\Downloads\FYP\AlzVsStr\AlzVsStr\train\Alzheimer\Alzheimer (2111).jpg,Alzheimer (2111).jpg,Brain Disease,Alzheimer,train,0
C:\Users\hamza\Downloads\FYP\AlzVsStr\AlzVsStr\train\Alzheimer\Alzheimer (2112).jpg,Alzheimer (2112).jpg,Brain Disease,Alzheimer,train,0
C:\Users\hamza\Downloads\FYP\AlzVsStr\AlzVsStr\train\Alzheimer\Alzheimer (2113).jpg,Alzheimer (2113).jpg,Brain Disease,Alzheimer,train,0
C:\Users\hamza\Downloads\FYP\AlzVsStr\AlzVsStr\train\Alzheimer\Alzheimer (2114).jpg,Alzheimer (2114).jpg,Brain Disease,Alzheimer,train,0
C:\Users\hamza\Downloads\FYP\AlzVsStr\AlzVsStr\train\Alzheimer\Alzheimer (2115).jpg,Alzheimer (2115).jpg,Brain Disease,Alzheimer,train,0
C:\Users\hamza\Downloads\FYP\AlzVsStr\AlzVsStr\train\Alzheimer\Alzheimer (2116).jpg,Alzheimer (2116).jpg,Brain Disease,Alzheimer,train,0
C:\Users\hamza\Downloads\FYP\AlzVsStr\AlzVsStr\train\Alzheimer\Alzheimer (2117).jpg,Alzheimer (2117).jpg,Brain Disease,Alzheimer,train,0
C:\Users\hamza\Downloads\FYP\AlzVsStr\AlzVsStr\train\Alzheimer\Alzheimer (2118).jpg,Alzheimer (2118).jpg,Brain Disease,Alzheimer,train,0
C:\Users\hamza\Downloads\FYP\AlzVsStr\AlzVsStr\train\Alzheimer\Alzheimer (2119).jpg,Alzheimer (2119).jpg,Brain Disease,Alzheimer,train,0
C:\Users\hamza\Downloads\FYP\AlzVsStr\AlzVsStr\train\Alzheimer\Alzheimer (212).jpg,Alzheimer (212).jpg,Brain Disease,Alzheimer,train,0
C:\Users\hamza\Downloads\FYP\AlzVsStr\AlzVsStr\train\Alzheimer\Alzheimer (2120).jpg,Alzheimer (2120).jpg,Brain Disease,Alzheimer,train,0
C:\Users\hamza\Downloads\FYP\AlzVsStr\AlzVsStr\train\Alzheimer\Alzheimer (2121).jpg,Alzheimer (2121).jpg,Brain Disease,Alzheimer,train,0
C:\Users\hamza\Downloads\FYP\AlzVsStr\AlzVsStr\train\Alzheimer\Alzheimer (2122).jpg,Alzheimer (2122).jpg,Brain Disease,Alzheimer,train,0
C:\Users\hamza\Downloads\FYP\AlzVsStr\AlzVsStr\train\Alzheimer\Alzheimer (2123).jpg,Alzheimer (2123).jpg,Brain Disease,Alzheimer,train,0
C:\Users\hamza\Downloads\FYP\AlzVsStr\AlzVsStr\train\Alzheimer\Alzheimer (2124).jpg,Alzheimer (2124).jpg,Brain Disease,Alzheimer,train,0
C:\Users\hamza\Downloads\FYP\AlzVsStr\AlzVsStr\train\Alzheimer\Alzheimer (2125).jpg,Alzheimer (2125).jpg,Brain Disease,Alzheimer,train,0
C:\Users\hamza\Downloads\FYP\AlzVsStr\AlzVsStr\train\Alzheimer\Alzheimer (2126).jpg,Alzheimer (2126).jpg,Brain Disease,Alzheimer,train,0
C:\Users\hamza\Downloads\FYP\AlzVsStr\AlzVsStr\train\Alzheimer\Alzheimer (2127).jpg,Alzheimer (2127).jpg,Brain Disease,Alzheimer,train,0
C:\Users\hamza\Downloads\FYP\AlzVsStr\AlzVsStr\train\Alzheimer\Alzheimer (2128).jpg,Alzheimer (2128).jpg,Brain Disease,Alzheimer,train,0
C:\Users\hamza\Downloads\FYP\AlzVsStr\AlzVsStr\train\Alzheimer\Alzheimer (2129).jpg,Alzheimer (2129).jpg,Brain Disease,Alzheimer,train,0
C:\Users\hamza\Downloads\FYP\AlzVsStr\AlzVsStr\train\Alzheimer\Alzheimer (213).jpg,Alzheimer (213).jpg,Brain Disease,Alzheimer,train,0
C:\Users\hamza\Downloads\FYP\AlzVsStr\AlzVsStr\train\Alzheimer\Alzheimer (2130).jpg,Alzheimer (2130).jpg,Brain Disease,Alzheimer,train,0
C:\Users\hamza\Downloads\FYP\AlzVsStr\AlzVsStr\train\Alzheimer\Alzheimer (2131).jpg,Alzheimer (2131).jpg,Brain Disease,Alzheimer,train,0
C:\Users\hamza\Downloads\FYP\AlzVsStr\AlzVsStr\train\Alzheimer\Alzheimer (2132).jpg,Alzheimer (2132).jpg,Brain Disease,Alzheimer,train,0
C:\Users\hamza\Downloads\FYP\AlzVsStr\AlzVsStr\train\Alzheimer\Alzheimer (2133).jpg,Alzheimer (2133).jpg,Brain Disease,Alzheimer,train,0
C:\Users\hamza\Downloads\FYP\AlzVsStr\AlzVsStr\train\Alzheimer\Alzheimer (2134).jpg,Alzheimer (2134).jpg,Brain Disease,Alzheimer,train,0
C:\Users\hamza\Downloads\FYP\AlzVsStr\AlzVsStr\train\Alzheimer\Alzheimer (2135).jpg,Alzheimer (2135).jpg,Brain Disease,Alzheimer,train,0
C:\Users\hamza\Downloads\FYP\AlzVsStr\AlzVsStr\train\Alzheimer\Alzheimer (2136).jpg,Alzheimer (2136).jpg,Brain Disease,Alzheimer,train,0
C:\Users\hamza\Downloads\FYP\AlzVsStr\AlzVsStr\train\Alzheimer\Alzheimer (2137).jpg,Alzheimer (2137).jpg,Brain Disease,Alzheimer,train,0
C:\Users\hamza\Downloads\FYP\AlzVsStr\AlzVsStr\train\Alzheimer\Alzheimer (2138).jpg,Alzheimer (2138).jpg,Brain Disease,Alzheimer,train,0
C:\Users\hamza\Downloads\FYP\AlzVsStr\AlzVsStr\train\Alzheimer\Alzheimer (2139).jpg,Alzheimer (2139).jpg,Brain Disease,Alzheimer,train,0
C:\Users\hamza\Downloads\FYP\AlzVsStr\AlzVsStr\train\Alzheimer\Alzheimer (214).jpg,Alzheimer (214).jpg,Brain Disease,Alzheimer,train,0
C:\Users\hamza\Downloads\FYP\AlzVsStr\AlzVsStr\train\Alzheimer\Alzheimer (2140).jpg,Alzheimer (2140).jpg,Brain Disease,Alzheimer,train,0
C:\Users\hamza\Downloads\FYP\AlzVsStr\AlzVsStr\train\Alzheimer\Alzheimer (2141).jpg,Alzheimer (2141).jpg,Brain Disease,Alzheimer,train,0
C:\Users\hamza\Downloads\FYP\AlzVsStr\AlzVsStr\train\Alzheimer\Alzheimer (2142).jpg,Alzheimer (2142).jpg,Brain Disease,Alzheimer,train,0
C:\Users\hamza\Downloads\FYP\AlzVsStr\AlzVsStr\train\Alzheimer\Alzheimer (2143).jpg,Alzheimer (2143).jpg,Brain Disease,Alzheimer,train,0
C:\Users\hamza\Downloads\FYP\AlzVsStr\AlzVsStr\train\Alzheimer\Alzheimer (2144).jpg,Alzheimer (2144).jpg,Brain Disease,Alzheimer,train,0
C:\Users\hamza\Downloads\FYP\AlzVsStr\AlzVsStr\train\Alzheimer\Alzheimer (2145).jpg,Alzheimer (2145).jpg,Brain Disease,Alzheimer,train,0
C:\Users\hamza\Downloads\FYP\AlzVsStr\AlzVsStr\train\Alzheimer\Alzheimer (2146).jpg,Alzheimer (2146).jpg,Brain Disease,Alzheimer,train,0
C:\Users\hamza\Downloads\FYP\AlzVsStr\AlzVsStr\train\Alzheimer\Alzheimer (2147).jpg,Alzheimer (2147).jpg,Brain Disease,Alzheimer,train,0
C:\Users\hamza\Downloads\FYP\AlzVsStr\AlzVsStr\train\Alzheimer\Alzheimer (2148).jpg,Alzheimer (2148).jpg,Brain Disease,Alzheimer,train,0
C:\Users\hamza\Downloads\FYP\AlzVsStr\AlzVsStr\train\Alzheimer\Alzheimer (2149).jpg,Alzheimer (2149).jpg,Brain Disease,Alzheimer,train,0
C:\Users\hamza\Downloads\FYP\AlzVsStr\AlzVsStr\train\Alzheimer\Alzheimer (215).jpg,Alzheimer (215).jpg,Brain Disease,Alzheimer,train,0
C:\Users\hamza\Downloads\FYP\AlzVsStr\AlzVsStr\train\Alzheimer\Alzheimer (2150).jpg,Alzheimer (2150).jpg,Brain Disease,Alzheimer,train,0
C:\Users\hamza\Downloads\FYP\AlzVsStr\AlzVsStr\train\Alzheimer\Alzheimer (2151).jpg,Alzheimer (2151).jpg,Brain Disease,Alzheimer,train,0
C:\Users\hamza\Downloads\FYP\AlzVsStr\AlzVsStr\train\Alzheimer\Alzheimer (2152).jpg,Alzheimer (2152).jpg,Brain Disease,Alzheimer,train,0
C:\Users\hamza\Downloads\FYP\AlzVsStr\AlzVsStr\train\Alzheimer\Alzheimer (2153).jpg,Alzheimer (2153).jpg,Brain Disease,Alzheimer,train,0
C:\Users\hamza\Downloads\FYP\AlzVsStr\AlzVsStr\train\Alzheimer\Alzheimer (2154).jpg,Alzheimer (2154).jpg,Brain Disease,Alzheimer,train,0
C:\Users\hamza\Downloads\FYP\AlzVsStr\AlzVsStr\train\Alzheimer\Alzheimer (2155).jpg,Alzheimer (2155).jpg,Brain Disease,Alzheimer,train,0
C:\Users\hamza\Downloads\FYP\AlzVsStr\AlzVsStr\train\Alzheimer\Alzheimer (2156).jpg,Alzheimer (2156).jpg,Brain Disease,Alzheimer,train,0
C:\Users\hamza\Downloads\FYP\AlzVsStr\AlzVsStr\train\Alzheimer\Alzheimer (2157).jpg,Alzheimer (2157).jpg,Brain Disease,Alzheimer,train,0
C:\Users\hamza\Downloads\FYP\AlzVsStr\AlzVsStr\train\Alzheimer\Alzheimer (2158).jpg,Alzheimer (2158).jpg,Brain Disease,Alzheimer,train,0
C:\Users\hamza\Downloads\FYP\AlzVsStr\AlzVsStr\train\Alzheimer\Alzheimer (2159).jpg,Alzheimer (2159).jpg,Brain Disease,Alzheimer,train,0
C:\Users\hamza\Downloads\FYP\AlzVsStr\AlzVsStr\train\Alzheimer\Alzheimer (216).jpg,Alzheimer (216).jpg,Brain Disease,Alzheimer,train,0
C:\Users\hamza\Downloads\FYP\AlzVsStr\AlzVsStr\train\Alzheimer\Alzheimer (2160).jpg,Alzheimer (2160).jpg,Brain Disease,Alzheimer,train,0
C:\Users\hamza\Downloads\FYP\AlzVsStr\AlzVsStr\train\Alzheimer\Alzheimer (2161).jpg,Alzheimer (2161).jpg,Brain Disease,Alzheimer,train,0
C:\Users\hamza\Downloads\FYP\AlzVsStr\AlzVsStr\train\Alzheimer\Alzheimer (2162).jpg,Alzheimer (2162).jpg,Brain Disease,Alzheimer,train,0
C:\Users\hamza\Downloads\FYP\AlzVsStr\AlzVsStr\train\Alzheimer\Alzheimer (2163).jpg,Alzheimer (2163).jpg,Brain Disease,Alzheimer,train,0
C:\Users\hamza\Downloads\FYP\AlzVsStr\AlzVsStr\train\Alzheimer\Alzheimer (2164).jpg,Alzheimer (2164).jpg,Brain Disease,Alzheimer,train,0
C:\Users\hamza\Downloads\FYP\AlzVsStr\AlzVsStr\train\Alzheimer\Alzheimer (2165).jpg,Alzheimer (2165).jpg,Brain Disease,Alzheimer,train,0
C:\Users\hamza\Downloads\FYP\AlzVsStr\AlzVsStr\train\Alzheimer\Alzheimer (2166).jpg,Alzheimer (2166).jpg,Brain Disease,Alzheimer,train,0
C:\Users\hamza\Downloads\FYP\AlzVsStr\AlzVsStr\train\Alzheimer\Alzheimer (2167).jpg,Alzheimer (2167).jpg,Brain Disease,Alzheimer,train,0
C:\Users\hamza\Downloads\FYP\AlzVsStr\AlzVsStr\train\Alzheimer\Alzheimer (2168).jpg,Alzheimer (2168).jpg,Brain Disease,Alzheimer,train,0
C:\Users\hamza\Downloads\FYP\AlzVsStr\AlzVsStr\train\Alzheimer\Alzheimer (2169).jpg,Alzheimer (2169).jpg,Brain Disease,Alzheimer,train,0
C:\Users\hamza\Downloads\FYP\AlzVsStr\AlzVsStr\train\Alzheimer\Alzheimer (217).jpg,Alzheimer (217).jpg,Brain Disease,Alzheimer,train,0
C:\Users\hamza\Downloads\FYP\AlzVsStr\AlzVsStr\train\Alzheimer\Alzheimer (2170).jpg,Alzheimer (2170).jpg,Brain Disease,Alzheimer,train,0
C:\Users\hamza\Downloads\FYP\AlzVsStr\AlzVsStr\train\Alzheimer\Alzheimer (2171).jpg,Alzheimer (2171).jpg,Brain Disease,Alzheimer,train,0
C:\Users\hamza\Downloads\FYP\AlzVsStr\AlzVsStr\train\Alzheimer\Alzheimer (2172).jpg,Alzheimer (2172).jpg,Brain Disease,Alzheimer,train,0
C:\Users\hamza\Downloads\FYP\AlzVsStr\AlzVsStr\train\Alzheimer\Alzheimer (2173).jpg,Alzheimer (2173).jpg,Brain Disease,Alzheimer,train,0
C:\Users\hamza\Downloads\FYP\AlzVsStr\AlzVsStr\train\Alzheimer\Alzheimer (2174).jpg,Alzheimer (2174).jpg,Brain Disease,Alzheimer,train,0
C:\Users\hamza\Downloads\FYP\AlzVsStr\AlzVsStr\train\Alzheimer\Alzheimer (2175).jpg,Alzheimer (2175).jpg,Brain Disease,Alzheimer,train,0
C:\Users\hamza\Downloads\FYP\AlzVsStr\AlzVsStr\train\Alzheimer\Alzheimer (2176).jpg,Alzheimer (2176).jpg,Brain Disease,Alzheimer,train,0
C:\Users\hamza\Downloads\FYP\AlzVsStr\AlzVsStr\train\Alzheimer\Alzheimer (2177).jpg,Alzheimer (2177).jpg,Brain Disease,Alzheimer,train,0
C:\Users\hamza\Downloads\FYP\AlzVsStr\AlzVsStr\train\Alzheimer\Alzheimer (2178).jpg,Alzheimer (2178).jpg,Brain Disease,Alzheimer,train,0
C:\Users\hamza\Downloads\FYP\AlzVsStr\AlzVsStr\train\Alzheimer\Alzheimer (2179).jpg,Alzheimer (2179).jpg,Brain Disease,Alzheimer,train,0
C:\Users\hamza\Downloads\FYP\AlzVsStr\AlzVsStr\train\Alzheimer\Alzheimer (218).jpg,Alzheimer (218).jpg,Brain Disease,Alzheimer,train,0
C:\Users\hamza\Downloads\FYP\AlzVsStr\AlzVsStr\train\Alzheimer\Alzheimer (2180).jpg,Alzheimer (2180).jpg,Brain Disease,Alzheimer,train,0
C:\Users\hamza\Downloads\FYP\AlzVsStr\AlzVsStr\train\Alzheimer\Alzheimer (2181).jpg,Alzheimer (2181).jpg,Brain Disease,Alzheimer,train,0
C:\Users\hamza\Downloads\FYP\AlzVsStr\AlzVsStr\train\Alzheimer\Alzheimer (2182).jpg,Alzheimer (2182).jpg,Brain Disease,Alzheimer,train,0
C:\Users\hamza\Downloads\FYP\AlzVsStr\AlzVsStr\train\Alzheimer\Alzheimer (2183).jpg,Alzheimer (2183).jpg,Brain Disease,Alzheimer,train,0
C:\Users\hamza\Downloads\FYP\AlzVsStr\AlzVsStr\train\Alzheimer\Alzheimer (2184).jpg,Alzheimer (2184).jpg,Brain Disease,Alzheimer,train,0
C:\Users\hamza\Downloads\FYP\AlzVsStr\AlzVsStr\train\Alzheimer\Alzheimer (2185).jpg,Alzheimer (2185).jpg,Brain Disease,Alzheimer,train,0
C:\Users\hamza\Downloads\FYP\AlzVsStr\AlzVsStr\train\Alzheimer\Alzheimer (2186).jpg,Alzheimer (2186).jpg,Brain Disease,Alzheimer,train,0
C:\Users\hamza\Downloads\FYP\AlzVsStr\AlzVsStr\train\Alzheimer\Alzheimer (2187).jpg,Alzheimer (2187).jpg,Brain Disease,Alzheimer,train,0
C:\Users\hamza\Downloads\FYP\AlzVsStr\AlzVsStr\train\Alzheimer\Alzheimer (2188).jpg,Alzheimer (2188).jpg,Brain Disease,Alzheimer,train,0
C:\Users\hamza\Downloads\FYP\AlzVsStr\AlzVsStr\train\Alzheimer\Alzheimer (2189).jpg,Alzheimer (2189).jpg,Brain Disease,Alzheimer,train,0
C:\Users\hamza\Downloads\FYP\AlzVsStr\AlzVsStr\train\Alzheimer\Alzheimer (219).jpg,Alzheimer (219).jpg,Brain Disease,Alzheimer,train,0
C:\Users\hamza\Downloads\FYP\AlzVsStr\AlzVsStr\train\Alzheimer\Alzheimer (2190).jpg,Alzheimer (2190).jpg,Brain Disease,Alzheimer,train,0
C:\Users\hamza\Downloads\FYP\AlzVsStr\AlzVsStr\train\Alzheimer\Alzheimer (2191).jpg,Alzheimer (2191).jpg,Brain Disease,Alzheimer,train,0
C:\Users\hamza\Downloads\FYP\AlzVsStr\AlzVsStr\train\Alzheimer\Alzheimer (2192).jpg,Alzheimer (2192).jpg,Brain Disease,Alzheimer,train,0
C:\Users\hamza\Downloads\FYP\AlzVsStr\AlzVsStr\train\Alzheimer\Alzheimer (2193).jpg,Alzheimer (2193).jpg,Brain Disease,Alzheimer,train,0
C:\Users\hamza\Downloads\FYP\AlzVsStr\AlzVsStr\train\Alzheimer\Alzheimer (2194).jpg,Alzheimer (2194).jpg,Brain Disease,Alzheimer,train,0
C:\Users\hamza\Downloads\FYP\AlzVsStr\AlzVsStr\train\Alzheimer\Alzheimer (2195).jpg,Alzheimer (2195).jpg,Brain Disease,Alzheimer,train,0
C:\Users\hamza\Downloads\FYP\AlzVsStr\AlzVsStr\train\Alzheimer\Alzheimer (2196).jpg,Alzheimer (2196).jpg,Brain Disease,Alzheimer,train,0
C:\Users\hamza\Downloads\FYP\AlzVsStr\AlzVsStr\train\Alzheimer\Alzheimer (2197).jpg,Alzheimer (2197).jpg,Brain Disease,Alzheimer,train,0
C:\Users\hamza\Downloads\FYP\AlzVsStr\AlzVsStr\train\Alzheimer\Alzheimer (2198).jpg,Alzheimer (2198).jpg,Brain Disease,Alzheimer,train,0
C:\Users\hamza\Downloads\FYP\AlzVsStr\AlzVsStr\train\Alzheimer\Alzheimer (2199).jpg,Alzheimer (2199).jpg,Brain Disease,Alzheimer,train,0
C:\Users\hamza\Downloads\FYP\AlzVsStr\AlzVsStr\train\Alzheimer\Alzheimer (22).jpg,Alzheimer (22).jpg,Brain Disease,Alzheimer,train,0
C:\Users\hamza\Downloads\FYP\AlzVsStr\AlzVsStr\train\Alzheimer\Alzheimer (220).jpg,Alzheimer (220).jpg,Brain Disease,Alzheimer,train,0
C:\Users\hamza\Downloads\FYP\AlzVsStr\AlzVsStr\train\Alzheimer\Alzheimer (2200).jpg,Alzheimer (2200).jpg,Brain Disease,Alzheimer,train,0
C:\Users\hamza\Downloads\FYP\AlzVsStr\AlzVsStr\train\Alzheimer\Alzheimer (2201).jpg,Alzheimer (2201).jpg,Brain Disease,Alzheimer,train,0
C:\Users\hamza\Downloads\FYP\AlzVsStr\AlzVsStr\train\Alzheimer\Alzheimer (2202).jpg,Alzheimer (2202).jpg,Brain Disease,Alzheimer,train,0
C:\Users\hamza\Downloads\FYP\AlzVsStr\AlzVsStr\train\Alzheimer\Alzheimer (2203).jpg,Alzheimer (2203).jpg,Brain Disease,Alzheimer,train,0
C:\Users\hamza\Downloads\FYP\AlzVsStr\AlzVsStr\train\Alzheimer\Alzheimer (2204).jpg,Alzheimer (2204).jpg,Brain Disease,Alzheimer,train,0
C:\Users\hamza\Downloads\FYP\AlzVsStr\AlzVsStr\train\Alzheimer\Alzheimer (2205).jpg,Alzheimer (2205).jpg,Brain Disease,Alzheimer,train,0
C:\Users\hamza\Downloads\FYP\AlzVsStr\AlzVsStr\train\Alzheimer\Alzheimer (2206).jpg,Alzheimer (2206).jpg,Brain Disease,Alzheimer,train,0
C:\Users\hamza\Downloads\FYP\AlzVsStr\AlzVsStr\train\Alzheimer\Alzheimer (2207).jpg,Alzheimer (2207).jpg,Brain Disease,Alzheimer,train,0
C:\Users\hamza\Downloads\FYP\AlzVsStr\AlzVsStr\train\Alzheimer\Alzheimer (2208).jpg,Alzheimer (2208).jpg,Brain Disease,Alzheimer,train,0
C:\Users\hamza\Downloads\FYP\AlzVsStr\AlzVsStr\train\Alzheimer\Alzheimer (2209).jpg,Alzheimer (2209).jpg,Brain Disease,Alzheimer,train,0
C:\Users\hamza\Downloads\FYP\AlzVsStr\AlzVsStr\train\Alzheimer\Alzheimer (221).jpg,Alzheimer (221).jpg,Brain Disease,Alzheimer,train,0
C:\Users\hamza\Downloads\FYP\AlzVsStr\AlzVsStr\train\Alzheimer\Alzheimer (2210).jpg,Alzheimer (2210).jpg,Brain Disease,Alzheimer,train,0
C:\Users\hamza\Downloads\FYP\AlzVsStr\AlzVsStr\train\Alzheimer\Alzheimer (2211).jpg,Alzheimer (2211).jpg,Brain Disease,Alzheimer,train,0
C:\Users\hamza\Downloads\FYP\AlzVsStr\AlzVsStr\train\Alzheimer\Alzheimer (2212).jpg,Alzheimer (2212).jpg,Brain Disease,Alzheimer,train,0
C:\Users\hamza\Downloads\FYP\AlzVsStr\AlzVsStr\train\Alzheimer\Alzheimer (2213).jpg,Alzheimer (2213).jpg,Brain Disease,Alzheimer,train,0
C:\Users\hamza\Downloads\FYP\AlzVsStr\AlzVsStr\train\Alzheimer\Alzheimer (2214).jpg,Alzheimer (2214).jpg,Brain Disease,Alzheimer,train,0
C:\Users\hamza\Downloads\FYP\AlzVsStr\AlzVsStr\train\Alzheimer\Alzheimer (2215).jpg,Alzheimer (2215).jpg,Brain Disease,Alzheimer,train,0
C:\Users\hamza\Downloads\FYP\AlzVsStr\AlzVsStr\train\Alzheimer\Alzheimer (2216).jpg,Alzheimer (2216).jpg,Brain Disease,Alzheimer,train,0
C:\Users\hamza\Downloads\FYP\AlzVsStr\AlzVsStr\train\Alzheimer\Alzheimer (2217).jpg,Alzheimer (2217).jpg,Brain Disease,Alzheimer,train,0
C:\Users\hamza\Downloads\FYP\AlzVsStr\AlzVsStr\train\Alzheimer\Alzheimer (2218).jpg,Alzheimer (2218).jpg,Brain Disease,Alzheimer,train,0
C:\Users\hamza\Downloads\FYP\AlzVsStr\AlzVsStr\train\Alzheimer\Alzheimer (2219).jpg,Alzheimer (2219).jpg,Brain Disease,Alzheimer,train,0
C:\Users\hamza\Downloads\FYP\AlzVsStr\AlzVsStr\train\Alzheimer\Alzheimer (222).jpg,Alzheimer (222).jpg,Brain Disease,Alzheimer,train,0
C:\Users\hamza\Downloads\FYP\AlzVsStr\AlzVsStr\train\Alzheimer\Alzheimer (2220).jpg,Alzheimer (2220).jpg,Brain Disease,Alzheimer,train,0
C:\Users\hamza\Downloads\FYP\AlzVsStr\AlzVsStr\train\Alzheimer\Alzheimer (2221).jpg,Alzheimer (2221).jpg,Brain Disease,Alzheimer,train,0
C:\Users\hamza\Downloads\FYP\AlzVsStr\AlzVsStr\train\Alzheimer\Alzheimer (2222).jpg,Alzheimer (2222).jpg,Brain Disease,Alzheimer,train,0
C:\Users\hamza\Downloads\FYP\AlzVsStr\AlzVsStr\train\Alzheimer\Alzheimer (2223).jpg,Alzheimer (2223).jpg,Brain Disease,Alzheimer,train,0
C:\Users\hamza\Downloads\FYP\AlzVsStr\AlzVsStr\train\Alzheimer\Alzheimer (2224).jpg,Alzheimer (2224).jpg,Brain Disease,Alzheimer,train,0
C:\Users\hamza\Downloads\FYP\AlzVsStr\AlzVsStr\train\Alzheimer\Alzheimer (2225).jpg,Alzheimer (2225).jpg,Brain Disease,Alzheimer,train,0
C:\Users\hamza\Downloads\FYP\AlzVsStr\AlzVsStr\train\Alzheimer\Alzheimer (2226).jpg,Alzheimer (2226).jpg,Brain Disease,Alzheimer,train,0
C:\Users\hamza\Downloads\FYP\AlzVsStr\AlzVsStr\train\Alzheimer\Alzheimer (2227).jpg,Alzheimer (2227).jpg,Brain Disease,Alzheimer,train,0
C:\Users\hamza\Downloads\FYP\AlzVsStr\AlzVsStr\train\Alzheimer\Alzheimer (2228).jpg,Alzheimer (2228).jpg,Brain Disease,Alzheimer,train,0
C:\Users\hamza\Downloads\FYP\AlzVsStr\AlzVsStr\train\Alzheimer\Alzheimer (2229).jpg,Alzheimer (2229).jpg,Brain Disease,Alzheimer,train,0
C:\Users\hamza\Downloads\FYP\AlzVsStr\AlzVsStr\train\Alzheimer\Alzheimer (223).jpg,Alzheimer (223).jpg,Brain Disease,Alzheimer,train,0
C:\Users\hamza\Downloads\FYP\AlzVsStr\AlzVsStr\train\Alzheimer\Alzheimer (2230).jpg,Alzheimer (2230).jpg,Brain Disease,Alzheimer,train,0
C:\Users\hamza\Downloads\FYP\AlzVsStr\AlzVsStr\train\Alzheimer\Alzheimer (2231).jpg,Alzheimer (2231).jpg,Brain Disease,Alzheimer,train,0
C:\Users\hamza\Downloads\FYP\AlzVsStr\AlzVsStr\train\Alzheimer\Alzheimer (2232).jpg,Alzheimer (2232).jpg,Brain Disease,Alzheimer,train,0
C:\Users\hamza\Downloads\FYP\AlzVsStr\AlzVsStr\train\Alzheimer\Alzheimer (2233).jpg,Alzheimer (2233).jpg,Brain Disease,Alzheimer,train,0
C:\Users\hamza\Downloads\FYP\AlzVsStr\AlzVsStr\train\Alzheimer\Alzheimer (2234).jpg,Alzheimer (2234).jpg,Brain Disease,Alzheimer,train,0
C:\Users\hamza\Downloads\FYP\AlzVsStr\AlzVsStr\train\Alzheimer\Alzheimer (2235).jpg,Alzheimer (2235).jpg,Brain Disease,Alzheimer,train,0
C:\Users\hamza\Downloads\FYP\AlzVsStr\AlzVsStr\train\Alzheimer\Alzheimer (2236).jpg,Alzheimer (2236).jpg,Brain Disease,Alzheimer,train,0
C:\Users\hamza\Downloads\FYP\AlzVsStr\AlzVsStr\train\Alzheimer\Alzheimer (2237).jpg,Alzheimer (2237).jpg,Brain Disease,Alzheimer,train,0
C:\Users\hamza\Downloads\FYP\AlzVsStr\AlzVsStr\train\Alzheimer\Alzheimer (2238).jpg,Alzheimer (2238).jpg,Brain Disease,Alzheimer,train,0
C:\Users\hamza\Downloads\FYP\AlzVsStr\AlzVsStr\train\Alzheimer\Alzheimer (2239).jpg,Alzheimer (2239).jpg,Brain Disease,Alzheimer,train,0
C:\Users\hamza\Downloads\FYP\AlzVsStr\AlzVsStr\train\Alzheimer\Alzheimer (224).jpg,Alzheimer (224).jpg,Brain Disease,Alzheimer,train,0
C:\Users\hamza\Downloads\FYP\AlzVsStr\AlzVsStr\train\Alzheimer\Alzheimer (2240).jpg,Alzheimer (2240).jpg,Brain Disease,Alzheimer,train,0
C:\Users\hamza\Downloads\FYP\AlzVsStr\AlzVsStr\train\Alzheimer\Alzheimer (2241).jpg,Alzheimer (2241).jpg,Brain Disease,Alzheimer,train,0
C:\Users\hamza\Downloads\FYP\AlzVsStr\AlzVsStr\train\Alzheimer\Alzheimer (2242).jpg,Alzheimer (2242).jpg,Brain Disease,Alzheimer,train,0
C:\Users\hamza\Downloads\FYP\AlzVsStr\AlzVsStr\train\Alzheimer\Alzheimer (2243).jpg,Alzheimer (2243).jpg,Brain Disease,Alzheimer,train,0
C:\Users\hamza\Downloads\FYP\AlzVsStr\AlzVsStr\train\Alzheimer\Alzheimer (2244).jpg,Alzheimer (2244).jpg,Brain Disease,Alzheimer,train,0
C:\Users\hamza\Downloads\FYP\AlzVsStr\AlzVsStr\train\Alzheimer\Alzheimer (2245).jpg,Alzheimer (2245).jpg,Brain Disease,Alzheimer,train,0
C:\Users\hamza\Downloads\FYP\AlzVsStr\AlzVsStr\train\Alzheimer\Alzheimer (2246).jpg,Alzheimer (2246).jpg,Brain Disease,Alzheimer,train,0
C:\Users\hamza\Downloads\FYP\AlzVsStr\AlzVsStr\train\Alzheimer\Alzheimer (2247).jpg,Alzheimer (2247).jpg,Brain Disease,Alzheimer,train,0
C:\Users\hamza\Downloads\FYP\AlzVsStr\AlzVsStr\train\Alzheimer\Alzheimer (2248).jpg,Alzheimer (2248).jpg,Brain Disease,Alzheimer,train,0
C:\Users\hamza\Downloads\FYP\AlzVsStr\AlzVsStr\train\Alzheimer\Alzheimer (2249).jpg,Alzheimer (2249).jpg,Brain Disease,Alzheimer,train,0
C:\Users\hamza\Downloads\FYP\AlzVsStr\AlzVsStr\train\Alzheimer\Alzheimer (225).jpg,Alzheimer (225).jpg,Brain Disease,Alzheimer,train,0
C:\Users\hamza\Downloads\FYP\AlzVsStr\AlzVsStr\train\Alzheimer\Alzheimer (2250).jpg,Alzheimer (2250).jpg,Brain Disease,Alzheimer,train,0
C:\Users\hamza\Downloads\FYP\AlzVsStr\AlzVsStr\train\Alzheimer\Alzheimer (2251).jpg,Alzheimer (2251).jpg,Brain Disease,Alzheimer,train,0
C:\Users\hamza\Downloads\FYP\AlzVsStr\AlzVsStr\train\Alzheimer\Alzheimer (2252).jpg,Alzheimer (2252).jpg,Brain Disease,Alzheimer,train,0
C:\Users\hamza\Downloads\FYP\AlzVsStr\AlzVsStr\train\Alzheimer\Alzheimer (2253).jpg,Alzheimer (2253).jpg,Brain Disease,Alzheimer,train,0
C:\Users\hamza\Downloads\FYP\AlzVsStr\AlzVsStr\train\Alzheimer\Alzheimer (2254).jpg,Alzheimer (2254).jpg,Brain Disease,Alzheimer,train,0
C:\Users\hamza\Downloads\FYP\AlzVsStr\AlzVsStr\train\Alzheimer\Alzheimer (2255).jpg,Alzheimer (2255).jpg,Brain Disease,Alzheimer,train,0
C:\Users\hamza\Downloads\FYP\AlzVsStr\AlzVsStr\train\Alzheimer\Alzheimer (2256).jpg,Alzheimer (2256).jpg,Brain Disease,Alzheimer,train,0
C:\Users\hamza\Downloads\FYP\AlzVsStr\AlzVsStr\train\Alzheimer\Alzheimer (2257).jpg,Alzheimer (2257).jpg,Brain Disease,Alzheimer,train,0
C:\Users\hamza\Downloads\FYP\AlzVsStr\AlzVsStr\train\Alzheimer\Alzheimer (2258).jpg,Alzheimer (2258).jpg,Brain Disease,Alzheimer,train,0
C:\Users\hamza\Downloads\FYP\AlzVsStr\AlzVsStr\train\Alzheimer\Alzheimer (2259).jpg,Alzheimer (2259).jpg,Brain Disease,Alzheimer,train,0
C:\Users\hamza\Downloads\FYP\AlzVsStr\AlzVsStr\train\Alzheimer\Alzheimer (226).jpg,Alzheimer (226).jpg,Brain Disease,Alzheimer,train,0
C:\Users\hamza\Downloads\FYP\AlzVsStr\AlzVsStr\train\Alzheimer\Alzheimer (2260).jpg,Alzheimer (2260).jpg,Brain Disease,Alzheimer,train,0
C:\Users\hamza\Downloads\FYP\AlzVsStr\AlzVsStr\train\Alzheimer\Alzheimer (2261).jpg,Alzheimer (2261).jpg,Brain Disease,Alzheimer,train,0
C:\Users\hamza\Downloads\FYP\AlzVsStr\AlzVsStr\train\Alzheimer\Alzheimer (2262).jpg,Alzheimer (2262).jpg,Brain Disease,Alzheimer,train,0
C:\Users\hamza\Downloads\FYP\AlzVsStr\AlzVsStr\train\Alzheimer\Alzheimer (2263).jpg,Alzheimer (2263).jpg,Brain Disease,Alzheimer,train,0
C:\Users\hamza\Downloads\FYP\AlzVsStr\AlzVsStr\train\Alzheimer\Alzheimer (2264).jpg,Alzheimer (2264).jpg,Brain Disease,Alzheimer,train,0
C:\Users\hamza\Downloads\FYP\AlzVsStr\AlzVsStr\train\Alzheimer\Alzheimer (2265).jpg,Alzheimer (2265).jpg,Brain Disease,Alzheimer,train,0
C:\Users\hamza\Downloads\FYP\AlzVsStr\AlzVsStr\train\Alzheimer\Alzheimer (2266).jpg,Alzheimer (2266).jpg,Brain Disease,Alzheimer,train,0
C:\Users\hamza\Downloads\FYP\AlzVsStr\AlzVsStr\train\Alzheimer\Alzheimer (2267).jpg,Alzheimer (2267).jpg,Brain Disease,Alzheimer,train,0
C:\Users\hamza\Downloads\FYP\AlzVsStr\AlzVsStr\train\Alzheimer\Alzheimer (2268).jpg,Alzheimer (2268).jpg,Brain Disease,Alzheimer,train,0
C:\Users\hamza\Downloads\FYP\AlzVsStr\AlzVsStr\train\Alzheimer\Alzheimer (2269).jpg,Alzheimer (2269).jpg,Brain Disease,Alzheimer,train,0
C:\Users\hamza\Downloads\FYP\AlzVsStr\AlzVsStr\train\Alzheimer\Alzheimer (227).jpg,Alzheimer (227).jpg,Brain Disease,Alzheimer,train,0
C:\Users\hamza\Downloads\FYP\AlzVsStr\AlzVsStr\train\Alzheimer\Alzheimer (2270).jpg,Alzheimer (2270).jpg,Brain Disease,Alzheimer,train,0
C:\Users\hamza\Downloads\FYP\AlzVsStr\AlzVsStr\train\Alzheimer\Alzheimer (2271).jpg,Alzheimer (2271).jpg,Brain Disease,Alzheimer,train,0
C:\Users\hamza\Downloads\FYP\AlzVsStr\AlzVsStr\train\Alzheimer\Alzheimer (2272).jpg,Alzheimer (2272).jpg,Brain Disease,Alzheimer,train,0
C:\Users\hamza\Downloads\FYP\AlzVsStr\AlzVsStr\train\Alzheimer\Alzheimer (2273).jpg,Alzheimer (2273).jpg,Brain Disease,Alzheimer,train,0
C:\Users\hamza\Downloads\FYP\AlzVsStr\AlzVsStr\train\Alzheimer\Alzheimer (2274).jpg,Alzheimer (2274).jpg,Brain Disease,Alzheimer,train,0
C:\Users\hamza\Downloads\FYP\AlzVsStr\AlzVsStr\train\Alzheimer\Alzheimer (2275).jpg,Alzheimer (2275).jpg,Brain Disease,Alzheimer,train,0
C:\Users\hamza\Downloads\FYP\AlzVsStr\AlzVsStr\train\Alzheimer\Alzheimer (2276).jpg,Alzheimer (2276).jpg,Brain Disease,Alzheimer,train,0
C:\Users\hamza\Downloads\FYP\AlzVsStr\AlzVsStr\train\Alzheimer\Alzheimer (2277).jpg,Alzheimer (2277).jpg,Brain Disease,Alzheimer,train,0
C:\Users\hamza\Downloads\FYP\AlzVsStr\AlzVsStr\train\Alzheimer\Alzheimer (2278).jpg,Alzheimer (2278).jpg,Brain Disease,Alzheimer,train,0
C:\Users\hamza\Downloads\FYP\AlzVsStr\AlzVsStr\train\Alzheimer\Alzheimer (2279).jpg,Alzheimer (2279).jpg,Brain Disease,Alzheimer,train,0
C:\Users\hamza\Downloads\FYP\AlzVsStr\AlzVsStr\train\Alzheimer\Alzheimer (228).jpg,Alzheimer (228).jpg,Brain Disease,Alzheimer,train,0
C:\Users\hamza\Downloads\FYP\AlzVsStr\AlzVsStr\train\Alzheimer\Alzheimer (2280).jpg,Alzheimer (2280).jpg,Brain Disease,Alzheimer,train,0
C:\Users\hamza\Downloads\FYP\AlzVsStr\AlzVsStr\train\Alzheimer\Alzheimer (2281).jpg,Alzheimer (2281).jpg,Brain Disease,Alzheimer,train,0
C:\Users\hamza\Downloads\FYP\AlzVsStr\AlzVsStr\train\Alzheimer\Alzheimer (2282).jpg,Alzheimer (2282).jpg,Brain Disease,Alzheimer,train,0
C:\Users\hamza\Downloads\FYP\AlzVsStr\AlzVsStr\train\Alzheimer\Alzheimer (2283).jpg,Alzheimer (2283).jpg,Brain Disease,Alzheimer,train,0
C:\Users\hamza\Downloads\FYP\AlzVsStr\AlzVsStr\train\Alzheimer\Alzheimer (2284).jpg,Alzheimer (2284).jpg,Brain Disease,Alzheimer,train,0
C:\Users\hamza\Downloads\FYP\AlzVsStr\AlzVsStr\train\Alzheimer\Alzheimer (2285).jpg,Alzheimer (2285).jpg,Brain Disease,Alzheimer,train,0
C:\Users\hamza\Downloads\FYP\AlzVsStr\AlzVsStr\train\Alzheimer\Alzheimer (2286).jpg,Alzheimer (2286).jpg,Brain Disease,Alzheimer,train,0
C:\Users\hamza\Downloads\FYP\AlzVsStr\AlzVsStr\train\Alzheimer\Alzheimer (2287).jpg,Alzheimer (2287).jpg,Brain Disease,Alzheimer,train,0
C:\Users\hamza\Downloads\FYP\AlzVsStr\AlzVsStr\train\Alzheimer\Alzheimer (2288).jpg,Alzheimer (2288).jpg,Brain Disease,Alzheimer,train,0
C:\Users\hamza\Downloads\FYP\AlzVsStr\AlzVsStr\train\Alzheimer\Alzheimer (2289).jpg,Alzheimer (2289).jpg,Brain Disease,Alzheimer,train,0
C:\Users\hamza\Downloads\FYP\AlzVsStr\AlzVsStr\train\Alzheimer\Alzheimer (229).jpg,Alzheimer (229).jpg,Brain Disease,Alzheimer,train,0
C:\Users\hamza\Downloads\FYP\AlzVsStr\AlzVsStr\train\Alzheimer\Alzheimer (2290).jpg,Alzheimer (2290).jpg,Brain Disease,Alzheimer,train,0
C:\Users\hamza\Downloads\FYP\AlzVsStr\AlzVsStr\train\Alzheimer\Alzheimer (2291).jpg,Alzheimer (2291).jpg,Brain Disease,Alzheimer,train,0
C:\Users\hamza\Downloads\FYP\AlzVsStr\AlzVsStr\train\Alzheimer\Alzheimer (2292).jpg,Alzheimer (2292).jpg,Brain Disease,Alzheimer,train,0
C:\Users\hamza\Downloads\FYP\AlzVsStr\AlzVsStr\train\Alzheimer\Alzheimer (2293).jpg,Alzheimer (2293).jpg,Brain Disease,Alzheimer,train,0
C:\Users\hamza\Downloads\FYP\AlzVsStr\AlzVsStr\train\Alzheimer\Alzheimer (2294).jpg,Alzheimer (2294).jpg,Brain Disease,Alzheimer,train,0
C:\Users\hamza\Downloads\FYP\AlzVsStr\AlzVsStr\train\Alzheimer\Alzheimer (2295).jpg,Alzheimer (2295).jpg,Brain Disease,Alzheimer,train,0
C:\Users\hamza\Downloads\FYP\AlzVsStr\AlzVsStr\train\Alzheimer\Alzheimer (2296).jpg,Alzheimer (2296).jpg,Brain Disease,Alzheimer,train,0
C:\Users\hamza\Downloads\FYP\AlzVsStr\AlzVsStr\train\Alzheimer\Alzheimer (2297).jpg,Alzheimer (2297).jpg,Brain Disease,Alzheimer,train,0
C:\Users\hamza\Downloads\FYP\AlzVsStr\AlzVsStr\train\Alzheimer\Alzheimer (2298).jpg,Alzheimer (2298).jpg,Brain Disease,Alzheimer,train,0
C:\Users\hamza\Downloads\FYP\AlzVsStr\AlzVsStr\train\Alzheimer\Alzheimer (2299).jpg,Alzheimer (2299).jpg,Brain Disease,Alzheimer,train,0
C:\Users\hamza\Downloads\FYP\AlzVsStr\AlzVsStr\train\Alzheimer\Alzheimer (23).jpg,Alzheimer (23).jpg,Brain Disease,Alzheimer,train,0
C:\Users\hamza\Downloads\FYP\AlzVsStr\AlzVsStr\train\Alzheimer\Alzheimer (230).jpg,Alzheimer (230).jpg,Brain Disease,Alzheimer,train,0
C:\Users\hamza\Downloads\FYP\AlzVsStr\AlzVsStr\train\Alzheimer\Alzheimer (2300).jpg,Alzheimer (2300).jpg,Brain Disease,Alzheimer,train,0
C:\Users\hamza\Downloads\FYP\AlzVsStr\AlzVsStr\train\Alzheimer\Alzheimer (2301).jpg,Alzheimer (2301).jpg,Brain Disease,Alzheimer,train,0
C:\Users\hamza\Downloads\FYP\AlzVsStr\AlzVsStr\train\Alzheimer\Alzheimer (2302).jpg,Alzheimer (2302).jpg,Brain Disease,Alzheimer,train,0
C:\Users\hamza\Downloads\FYP\AlzVsStr\AlzVsStr\train\Alzheimer\Alzheimer (2303).jpg,Alzheimer (2303).jpg,Brain Disease,Alzheimer,train,0
C:\Users\hamza\Downloads\FYP\AlzVsStr\AlzVsStr\train\Alzheimer\Alzheimer (2304).jpg,Alzheimer (2304).jpg,Brain Disease,Alzheimer,train,0
C:\Users\hamza\Downloads\FYP\AlzVsStr\AlzVsStr\train\Alzheimer\Alzheimer (2305).jpg,Alzheimer (2305).jpg,Brain Disease,Alzheimer,train,0
C:\Users\hamza\Downloads\FYP\AlzVsStr\AlzVsStr\train\Alzheimer\Alzheimer (2306).jpg,Alzheimer (2306).jpg,Brain Disease,Alzheimer,train,0
C:\Users\hamza\Downloads\FYP\AlzVsStr\AlzVsStr\train\Alzheimer\Alzheimer (2307).jpg,Alzheimer (2307).jpg,Brain Disease,Alzheimer,train,0
C:\Users\hamza\Downloads\FYP\AlzVsStr\AlzVsStr\train\Alzheimer\Alzheimer (2308).jpg,Alzheimer (2308).jpg,Brain Disease,Alzheimer,train,0
C:\Users\hamza\Downloads\FYP\AlzVsStr\AlzVsStr\train\Alzheimer\Alzheimer (2309).jpg,Alzheimer (2309).jpg,Brain Disease,Alzheimer,train,0
C:\Users\hamza\Downloads\FYP\AlzVsStr\AlzVsStr\train\Alzheimer\Alzheimer (231).jpg,Alzheimer (231).jpg,Brain Disease,Alzheimer,train,0
C:\Users\hamza\Downloads\FYP\AlzVsStr\AlzVsStr\train\Alzheimer\Alzheimer (2310).jpg,Alzheimer (2310).jpg,Brain Disease,Alzheimer,train,0
C:\Users\hamza\Downloads\FYP\AlzVsStr\AlzVsStr\train\Alzheimer\Alzheimer (2311).jpg,Alzheimer (2311).jpg,Brain Disease,Alzheimer,train,0
C:\Users\hamza\Downloads\FYP\AlzVsStr\AlzVsStr\train\Alzheimer\Alzheimer (2312).jpg,Alzheimer (2312).jpg,Brain Disease,Alzheimer,train,0
C:\Users\hamza\Downloads\FYP\AlzVsStr\AlzVsStr\train\Alzheimer\Alzheimer (2313).jpg,Alzheimer (2313).jpg,Brain Disease,Alzheimer,train,0
C:\Users\hamza\Downloads\FYP\AlzVsStr\AlzVsStr\train\Alzheimer\Alzheimer (2314).jpg,Alzheimer (2314).jpg,Brain Disease,Alzheimer,train,0
C:\Users\hamza\Downloads\FYP\AlzVsStr\AlzVsStr\train\Alzheimer\Alzheimer (2315).jpg,Alzheimer (2315).jpg,Brain Disease,Alzheimer,train,0
C:\Users\hamza\Downloads\FYP\AlzVsStr\AlzVsStr\train\Alzheimer\Alzheimer (2316).jpg,Alzheimer (2316).jpg,Brain Disease,Alzheimer,train,0
C:\Users\hamza\Downloads\FYP\AlzVsStr\AlzVsStr\train\Alzheimer\Alzheimer (2317).jpg,Alzheimer (2317).jpg,Brain Disease,Alzheimer,train,0
C:\Users\hamza\Downloads\FYP\AlzVsStr\AlzVsStr\train\Alzheimer\Alzheimer (2318).jpg,Alzheimer (2318).jpg,Brain Disease,Alzheimer,train,0
C:\Users\hamza\Downloads\FYP\AlzVsStr\AlzVsStr\train\Alzheimer\Alzheimer (2319).jpg,Alzheimer (2319).jpg,Brain Disease,Alzheimer,train,0
C:\Users\hamza\Downloads\FYP\AlzVsStr\AlzVsStr\train\Alzheimer\Alzheimer (232).jpg,Alzheimer (232).jpg,Brain Disease,Alzheimer,train,0
C:\Users\hamza\Downloads\FYP\AlzVsStr\AlzVsStr\train\Alzheimer\Alzheimer (2320).jpg,Alzheimer (2320).jpg,Brain Disease,Alzheimer,train,0
C:\Users\hamza\Downloads\FYP\AlzVsStr\AlzVsStr\train\Alzheimer\Alzheimer (2321).jpg,Alzheimer (2321).jpg,Brain Disease,Alzheimer,train,0
C:\Users\hamza\Downloads\FYP\AlzVsStr\AlzVsStr\train\Alzheimer\Alzheimer (2322).jpg,Alzheimer (2322).jpg,Brain Disease,Alzheimer,train,0
C:\Users\hamza\Downloads\FYP\AlzVsStr\AlzVsStr\train\Alzheimer\Alzheimer (2323).jpg,Alzheimer (2323).jpg,Brain Disease,Alzheimer,train,0
C:\Users\hamza\Downloads\FYP\AlzVsStr\AlzVsStr\train\Alzheimer\Alzheimer (2324).jpg,Alzheimer (2324).jpg,Brain Disease,Alzheimer,train,0
C:\Users\hamza\Downloads\FYP\AlzVsStr\AlzVsStr\train\Alzheimer\Alzheimer (2325).jpg,Alzheimer (2325).jpg,Brain Disease,Alzheimer,train,0
C:\Users\hamza\Downloads\FYP\AlzVsStr\AlzVsStr\train\Alzheimer\Alzheimer (2326).jpg,Alzheimer (2326).jpg,Brain Disease,Alzheimer,train,0
C:\Users\hamza\Downloads\FYP\AlzVsStr\AlzVsStr\train\Alzheimer\Alzheimer (2327).jpg,Alzheimer (2327).jpg,Brain Disease,Alzheimer,train,0
C:\Users\hamza\Downloads\FYP\AlzVsStr\AlzVsStr\train\Alzheimer\Alzheimer (2328).jpg,Alzheimer (2328).jpg,Brain Disease,Alzheimer,train,0
C:\Users\hamza\Downloads\FYP\AlzVsStr\AlzVsStr\train\Alzheimer\Alzheimer (2329).jpg,Alzheimer (2329).jpg,Brain Disease,Alzheimer,train,0
C:\Users\hamza\Downloads\FYP\AlzVsStr\AlzVsStr\train\Alzheimer\Alzheimer (233).jpg,Alzheimer (233).jpg,Brain Disease,Alzheimer,train,0
C:\Users\hamza\Downloads\FYP\AlzVsStr\AlzVsStr\train\Alzheimer\Alzheimer (2330).jpg,Alzheimer (2330).jpg,Brain Disease,Alzheimer,train,0
C:\Users\hamza\Downloads\FYP\AlzVsStr\AlzVsStr\train\Alzheimer\Alzheimer (2331).jpg,Alzheimer (2331).jpg,Brain Disease,Alzheimer,train,0
C:\Users\hamza\Downloads\FYP\AlzVsStr\AlzVsStr\train\Alzheimer\Alzheimer (2332).jpg,Alzheimer (2332).jpg,Brain Disease,Alzheimer,train,0
C:\Users\hamza\Downloads\FYP\AlzVsStr\AlzVsStr\train\Alzheimer\Alzheimer (2333).jpg,Alzheimer (2333).jpg,Brain Disease,Alzheimer,train,0
C:\Users\hamza\Downloads\FYP\AlzVsStr\AlzVsStr\train\Alzheimer\Alzheimer (2334).jpg,Alzheimer (2334).jpg,Brain Disease,Alzheimer,train,0
C:\Users\hamza\Downloads\FYP\AlzVsStr\AlzVsStr\train\Alzheimer\Alzheimer (2335).jpg,Alzheimer (2335).jpg,Brain Disease,Alzheimer,train,0
C:\Users\hamza\Downloads\FYP\AlzVsStr\AlzVsStr\train\Alzheimer\Alzheimer (2336).jpg,Alzheimer (2336).jpg,Brain Disease,Alzheimer,train,0
C:\Users\hamza\Downloads\FYP\AlzVsStr\AlzVsStr\train\Alzheimer\Alzheimer (2337).jpg,Alzheimer (2337).jpg,Brain Disease,Alzheimer,train,0
C:\Users\hamza\Downloads\FYP\AlzVsStr\AlzVsStr\train\Alzheimer\Alzheimer (2338).jpg,Alzheimer (2338).jpg,Brain Disease,Alzheimer,train,0
C:\Users\hamza\Downloads\FYP\AlzVsStr\AlzVsStr\train\Alzheimer\Alzheimer (2339).jpg,Alzheimer (2339).jpg,Brain Disease,Alzheimer,train,0
C:\Users\hamza\Downloads\FYP\AlzVsStr\AlzVsStr\train\Alzheimer\Alzheimer (234).jpg,Alzheimer (234).jpg,Brain Disease,Alzheimer,train,0
C:\Users\hamza\Downloads\FYP\AlzVsStr\AlzVsStr\train\Alzheimer\Alzheimer (2340).jpg,Alzheimer (2340).jpg,Brain Disease,Alzheimer,train,0
C:\Users\hamza\Downloads\FYP\AlzVsStr\AlzVsStr\train\Alzheimer\Alzheimer (2341).jpg,Alzheimer (2341).jpg,Brain Disease,Alzheimer,train,0
C:\Users\hamza\Downloads\FYP\AlzVsStr\AlzVsStr\train\Alzheimer\Alzheimer (2342).jpg,Alzheimer (2342).jpg,Brain Disease,Alzheimer,train,0
C:\Users\hamza\Downloads\FYP\AlzVsStr\AlzVsStr\train\Alzheimer\Alzheimer (2343).jpg,Alzheimer (2343).jpg,Brain Disease,Alzheimer,train,0
C:\Users\hamza\Downloads\FYP\AlzVsStr\AlzVsStr\train\Alzheimer\Alzheimer (2344).jpg,Alzheimer (2344).jpg,Brain Disease,Alzheimer,train,0
C:\Users\hamza\Downloads\FYP\AlzVsStr\AlzVsStr\train\Alzheimer\Alzheimer (2345).jpg,Alzheimer (2345).jpg,Brain Disease,Alzheimer,train,0
C:\Users\hamza\Downloads\FYP\AlzVsStr\AlzVsStr\train\Alzheimer\Alzheimer (2346).jpg,Alzheimer (2346).jpg,Brain Disease,Alzheimer,train,0
C:\Users\hamza\Downloads\FYP\AlzVsStr\AlzVsStr\train\Alzheimer\Alzheimer (2347).jpg,Alzheimer (2347).jpg,Brain Disease,Alzheimer,train,0
C:\Users\hamza\Downloads\FYP\AlzVsStr\AlzVsStr\train\Alzheimer\Alzheimer (2348).jpg,Alzheimer (2348).jpg,Brain Disease,Alzheimer,train,0
C:\Users\hamza\Downloads\FYP\AlzVsStr\AlzVsStr\train\Alzheimer\Alzheimer (2349).jpg,Alzheimer (2349).jpg,Brain Disease,Alzheimer,train,0
C:\Users\hamza\Downloads\FYP\AlzVsStr\AlzVsStr\train\Alzheimer\Alzheimer (235).jpg,Alzheimer (235).jpg,Brain Disease,Alzheimer,train,0
C:\Users\hamza\Downloads\FYP\AlzVsStr\AlzVsStr\train\Alzheimer\Alzheimer (2350).jpg,Alzheimer (2350).jpg,Brain Disease,Alzheimer,train,0
C:\Users\hamza\Downloads\FYP\AlzVsStr\AlzVsStr\train\Alzheimer\Alzheimer (2351).jpg,Alzheimer (2351).jpg,Brain Disease,Alzheimer,train,0
C:\Users\hamza\Downloads\FYP\AlzVsStr\AlzVsStr\train\Alzheimer\Alzheimer (2352).jpg,Alzheimer (2352).jpg,Brain Disease,Alzheimer,train,0
C:\Users\hamza\Downloads\FYP\AlzVsStr\AlzVsStr\train\Alzheimer\Alzheimer (2353).jpg,Alzheimer (2353).jpg,Brain Disease,Alzheimer,train,0
C:\Users\hamza\Downloads\FYP\AlzVsStr\AlzVsStr\train\Alzheimer\Alzheimer (2354).jpg,Alzheimer (2354).jpg,Brain Disease,Alzheimer,train,0
C:\Users\hamza\Downloads\FYP\AlzVsStr\AlzVsStr\train\Alzheimer\Alzheimer (2355).jpg,Alzheimer (2355).jpg,Brain Disease,Alzheimer,train,0
C:\Users\hamza\Downloads\FYP\AlzVsStr\AlzVsStr\train\Alzheimer\Alzheimer (2356).jpg,Alzheimer (2356).jpg,Brain Disease,Alzheimer,train,0
C:\Users\hamza\Downloads\FYP\AlzVsStr\AlzVsStr\train\Alzheimer\Alzheimer (2357).jpg,Alzheimer (2357).jpg,Brain Disease,Alzheimer,train,0
C:\Users\hamza\Downloads\FYP\AlzVsStr\AlzVsStr\train\Alzheimer\Alzheimer (2358).jpg,Alzheimer (2358).jpg,Brain Disease,Alzheimer,train,0
C:\Users\hamza\Downloads\FYP\AlzVsStr\AlzVsStr\train\Alzheimer\Alzheimer (2359).jpg,Alzheimer (2359).jpg,Brain Disease,Alzheimer,train,0
C:\Users\hamza\Downloads\FYP\AlzVsStr\AlzVsStr\train\Alzheimer\Alzheimer (236).jpg,Alzheimer (236).jpg,Brain Disease,Alzheimer,train,0
C:\Users\hamza\Downloads\FYP\AlzVsStr\AlzVsStr\train\Alzheimer\Alzheimer (2360).jpg,Alzheimer (2360).jpg,Brain Disease,Alzheimer,train,0
C:\Users\hamza\Downloads\FYP\AlzVsStr\AlzVsStr\train\Alzheimer\Alzheimer (2361).jpg,Alzheimer (2361).jpg,Brain Disease,Alzheimer,train,0
C:\Users\hamza\Downloads\FYP\AlzVsStr\AlzVsStr\train\Alzheimer\Alzheimer (2362).jpg,Alzheimer (2362).jpg,Brain Disease,Alzheimer,train,0
C:\Users\hamza\Downloads\FYP\AlzVsStr\AlzVsStr\train\Alzheimer\Alzheimer (2363).jpg,Alzheimer (2363).jpg,Brain Disease,Alzheimer,train,0
C:\Users\hamza\Downloads\FYP\AlzVsStr\AlzVsStr\train\Alzheimer\Alzheimer (2364).jpg,Alzheimer (2364).jpg,Brain Disease,Alzheimer,train,0
C:\Users\hamza\Downloads\FYP\AlzVsStr\AlzVsStr\train\Alzheimer\Alzheimer (2365).jpg,Alzheimer (2365).jpg,Brain Disease,Alzheimer,train,0
C:\Users\hamza\Downloads\FYP\AlzVsStr\AlzVsStr\train\Alzheimer\Alzheimer (2366).jpg,Alzheimer (2366).jpg,Brain Disease,Alzheimer,train,0
C:\Users\hamza\Downloads\FYP\AlzVsStr\AlzVsStr\train\Alzheimer\Alzheimer (2367).jpg,Alzheimer (2367).jpg,Brain Disease,Alzheimer,train,0
C:\Users\hamza\Downloads\FYP\AlzVsStr\AlzVsStr\train\Alzheimer\Alzheimer (2368).jpg,Alzheimer (2368).jpg,Brain Disease,Alzheimer,train,0
C:\Users\hamza\Downloads\FYP\AlzVsStr\AlzVsStr\train\Alzheimer\Alzheimer (2369).jpg,Alzheimer (2369).jpg,Brain Disease,Alzheimer,train,0
C:\Users\hamza\Downloads\FYP\AlzVsStr\AlzVsStr\train\Alzheimer\Alzheimer (237).jpg,Alzheimer (237).jpg,Brain Disease,Alzheimer,train,0
C:\Users\hamza\Downloads\FYP\AlzVsStr\AlzVsStr\train\Alzheimer\Alzheimer (2370).jpg,Alzheimer (2370).jpg,Brain Disease,Alzheimer,train,0
C:\Users\hamza\Downloads\FYP\AlzVsStr\AlzVsStr\train\Alzheimer\Alzheimer (2371).jpg,Alzheimer (2371).jpg,Brain Disease,Alzheimer,train,0
C:\Users\hamza\Downloads\FYP\AlzVsStr\AlzVsStr\train\Alzheimer\Alzheimer (2372).jpg,Alzheimer (2372).jpg,Brain Disease,Alzheimer,train,0
C:\Users\hamza\Downloads\FYP\AlzVsStr\AlzVsStr\train\Alzheimer\Alzheimer (2373).jpg,Alzheimer (2373).jpg,Brain Disease,Alzheimer,train,0
C:\Users\hamza\Downloads\FYP\AlzVsStr\AlzVsStr\train\Alzheimer\Alzheimer (2374).jpg,Alzheimer (2374).jpg,Brain Disease,Alzheimer,train,0
C:\Users\hamza\Downloads\FYP\AlzVsStr\AlzVsStr\train\Alzheimer\Alzheimer (2375).jpg,Alzheimer (2375).jpg,Brain Disease,Alzheimer,train,0
C:\Users\hamza\Downloads\FYP\AlzVsStr\AlzVsStr\train\Alzheimer\Alzheimer (2376).jpg,Alzheimer (2376).jpg,Brain Disease,Alzheimer,train,0
C:\Users\hamza\Downloads\FYP\AlzVsStr\AlzVsStr\train\Alzheimer\Alzheimer (2377).jpg,Alzheimer (2377).jpg,Brain Disease,Alzheimer,train,0
C:\Users\hamza\Downloads\FYP\AlzVsStr\AlzVsStr\train\Alzheimer\Alzheimer (2378).jpg,Alzheimer (2378).jpg,Brain Disease,Alzheimer,train,0
C:\Users\hamza\Downloads\FYP\AlzVsStr\AlzVsStr\train\Alzheimer\Alzheimer (2379).jpg,Alzheimer (2379).jpg,Brain Disease,Alzheimer,train,0
C:\Users\hamza\Downloads\FYP\AlzVsStr\AlzVsStr\train\Alzheimer\Alzheimer (238).jpg,Alzheimer (238).jpg,Brain Disease,Alzheimer,train,0
C:\Users\hamza\Downloads\FYP\AlzVsStr\AlzVsStr\train\Alzheimer\Alzheimer (2380).jpg,Alzheimer (2380).jpg,Brain Disease,Alzheimer,train,0
C:\Users\hamza\Downloads\FYP\AlzVsStr\AlzVsStr\train\Alzheimer\Alzheimer (2381).jpg,Alzheimer (2381).jpg,Brain Disease,Alzheimer,train,0
C:\Users\hamza\Downloads\FYP\AlzVsStr\AlzVsStr\train\Alzheimer\Alzheimer (2382).jpg,Alzheimer (2382).jpg,Brain Disease,Alzheimer,train,0
C:\Users\hamza\Downloads\FYP\AlzVsStr\AlzVsStr\train\Alzheimer\Alzheimer (2383).jpg,Alzheimer (2383).jpg,Brain Disease,Alzheimer,train,0
C:\Users\hamza\Downloads\FYP\AlzVsStr\AlzVsStr\train\Alzheimer\Alzheimer (2384).jpg,Alzheimer (2384).jpg,Brain Disease,Alzheimer,train,0
C:\Users\hamza\Downloads\FYP\AlzVsStr\AlzVsStr\train\Alzheimer\Alzheimer (2385).jpg,Alzheimer (2385).jpg,Brain Disease,Alzheimer,train,0
C:\Users\hamza\Downloads\FYP\AlzVsStr\AlzVsStr\train\Alzheimer\Alzheimer (2386).jpg,Alzheimer (2386).jpg,Brain Disease,Alzheimer,train,0
C:\Users\hamza\Downloads\FYP\AlzVsStr\AlzVsStr\train\Alzheimer\Alzheimer (2387).jpg,Alzheimer (2387).jpg,Brain Disease,Alzheimer,train,0
C:\Users\hamza\Downloads\FYP\AlzVsStr\AlzVsStr\train\Alzheimer\Alzheimer (2388).jpg,Alzheimer (2388).jpg,Brain Disease,Alzheimer,train,0
C:\Users\hamza\Downloads\FYP\AlzVsStr\AlzVsStr\train\Alzheimer\Alzheimer (2389).jpg,Alzheimer (2389).jpg,Brain Disease,Alzheimer,train,0
C:\Users\hamza\Downloads\FYP\AlzVsStr\AlzVsStr\train\Alzheimer\Alzheimer (239).jpg,Alzheimer (239).jpg,Brain Disease,Alzheimer,train,0
C:\Users\hamza\Downloads\FYP\AlzVsStr\AlzVsStr\train\Alzheimer\Alzheimer (2390).jpg,Alzheimer (2390).jpg,Brain Disease,Alzheimer,train,0
C:\Users\hamza\Downloads\FYP\AlzVsStr\AlzVsStr\train\Alzheimer\Alzheimer (2391).jpg,Alzheimer (2391).jpg,Brain Disease,Alzheimer,train,0
C:\Users\hamza\Downloads\FYP\AlzVsStr\AlzVsStr\train\Alzheimer\Alzheimer (2392).jpg,Alzheimer (2392).jpg,Brain Disease,Alzheimer,train,0
C:\Users\hamza\Downloads\FYP\AlzVsStr\AlzVsStr\train\Alzheimer\Alzheimer (2393).jpg,Alzheimer (2393).jpg,Brain Disease,Alzheimer,train,0
C:\Users\hamza\Downloads\FYP\AlzVsStr\AlzVsStr\train\Alzheimer\Alzheimer (2394).jpg,Alzheimer (2394).jpg,Brain Disease,Alzheimer,train,0
C:\Users\hamza\Downloads\FYP\AlzVsStr\AlzVsStr\train\Alzheimer\Alzheimer (2395).jpg,Alzheimer (2395).jpg,Brain Disease,Alzheimer,train,0
C:\Users\hamza\Downloads\FYP\AlzVsStr\AlzVsStr\train\Alzheimer\Alzheimer (2396).jpg,Alzheimer (2396).jpg,Brain Disease,Alzheimer,train,0
C:\Users\hamza\Downloads\FYP\AlzVsStr\AlzVsStr\train\Alzheimer\Alzheimer (2397).jpg,Alzheimer (2397).jpg,Brain Disease,Alzheimer,train,0
C:\Users\hamza\Downloads\FYP\AlzVsStr\AlzVsStr\train\Alzheimer\Alzheimer (2398).jpg,Alzheimer (2398).jpg,Brain Disease,Alzheimer,train,0
C:\Users\hamza\Downloads\FYP\AlzVsStr\AlzVsStr\train\Alzheimer\Alzheimer (2399).jpg,Alzheimer (2399).jpg,Brain Disease,Alzheimer,train,0
C:\Users\hamza\Downloads\FYP\AlzVsStr\AlzVsStr\train\Alzheimer\Alzheimer (24).jpg,Alzheimer (24).jpg,Brain Disease,Alzheimer,train,0
C:\Users\hamza\Downloads\FYP\AlzVsStr\AlzVsStr\train\Alzheimer\Alzheimer (240).jpg,Alzheimer (240).jpg,Brain Disease,Alzheimer,train,0
C:\Users\hamza\Downloads\FYP\AlzVsStr\AlzVsStr\train\Alzheimer\Alzheimer (2400).jpg,Alzheimer (2400).jpg,Brain Disease,Alzheimer,train,0
C:\Users\hamza\Downloads\FYP\AlzVsStr\AlzVsStr\train\Alzheimer\Alzheimer (2401).jpg,Alzheimer (2401).jpg,Brain Disease,Alzheimer,train,0
C:\Users\hamza\Downloads\FYP\AlzVsStr\AlzVsStr\train\Alzheimer\Alzheimer (2402).jpg,Alzheimer (2402).jpg,Brain Disease,Alzheimer,train,0
C:\Users\hamza\Downloads\FYP\AlzVsStr\AlzVsStr\train\Alzheimer\Alzheimer (2403).jpg,Alzheimer (2403).jpg,Brain Disease,Alzheimer,train,0
C:\Users\hamza\Downloads\FYP\AlzVsStr\AlzVsStr\train\Alzheimer\Alzheimer (2404).jpg,Alzheimer (2404).jpg,Brain Disease,Alzheimer,train,0
C:\Users\hamza\Downloads\FYP\AlzVsStr\AlzVsStr\train\Alzheimer\Alzheimer (2405).jpg,Alzheimer (2405).jpg,Brain Disease,Alzheimer,train,0
C:\Users\hamza\Downloads\FYP\AlzVsStr\AlzVsStr\train\Alzheimer\Alzheimer (2406).jpg,Alzheimer (2406).jpg,Brain Disease,Alzheimer,train,0
C:\Users\hamza\Downloads\FYP\AlzVsStr\AlzVsStr\train\Alzheimer\Alzheimer (2407).jpg,Alzheimer (2407).jpg,Brain Disease,Alzheimer,train,0
C:\Users\hamza\Downloads\FYP\AlzVsStr\AlzVsStr\train\Alzheimer\Alzheimer (2408).jpg,Alzheimer (2408).jpg,Brain Disease,Alzheimer,train,0
C:\Users\hamza\Downloads\FYP\AlzVsStr\AlzVsStr\train\Alzheimer\Alzheimer (2409).jpg,Alzheimer (2409).jpg,Brain Disease,Alzheimer,train,0
C:\Users\hamza\Downloads\FYP\AlzVsStr\AlzVsStr\train\Alzheimer\Alzheimer (241).jpg,Alzheimer (241).jpg,Brain Disease,Alzheimer,train,0
C:\Users\hamza\Downloads\FYP\AlzVsStr\AlzVsStr\train\Alzheimer\Alzheimer (2410).jpg,Alzheimer (2410).jpg,Brain Disease,Alzheimer,train,0
C:\Users\hamza\Downloads\FYP\AlzVsStr\AlzVsStr\train\Alzheimer\Alzheimer (2411).jpg,Alzheimer (2411).jpg,Brain Disease,Alzheimer,train,0
C:\Users\hamza\Downloads\FYP\AlzVsStr\AlzVsStr\train\Alzheimer\Alzheimer (2412).jpg,Alzheimer (2412).jpg,Brain Disease,Alzheimer,train,0
C:\Users\hamza\Downloads\FYP\AlzVsStr\AlzVsStr\train\Alzheimer\Alzheimer (2413).jpg,Alzheimer (2413).jpg,Brain Disease,Alzheimer,train,0
C:\Users\hamza\Downloads\FYP\AlzVsStr\AlzVsStr\train\Alzheimer\Alzheimer (2414).jpg,Alzheimer (2414).jpg,Brain Disease,Alzheimer,train,0
C:\Users\hamza\Downloads\FYP\AlzVsStr\AlzVsStr\train\Alzheimer\Alzheimer (2415).jpg,Alzheimer (2415).jpg,Brain Disease,Alzheimer,train,0
C:\Users\hamza\Downloads\FYP\AlzVsStr\AlzVsStr\train\Alzheimer\Alzheimer (2416).jpg,Alzheimer (2416).jpg,Brain Disease,Alzheimer,train,0
C:\Users\hamza\Downloads\FYP\AlzVsStr\AlzVsStr\train\Alzheimer\Alzheimer (2417).jpg,Alzheimer (2417).jpg,Brain Disease,Alzheimer,train,0
C:\Users\hamza\Downloads\FYP\AlzVsStr\AlzVsStr\train\Alzheimer\Alzheimer (2418).jpg,Alzheimer (2418).jpg,Brain Disease,Alzheimer,train,0
C:\Users\hamza\Downloads\FYP\AlzVsStr\AlzVsStr\train\Alzheimer\Alzheimer (2419).jpg,Alzheimer (2419).jpg,Brain Disease,Alzheimer,train,0
C:\Users\hamza\Downloads\FYP\AlzVsStr\AlzVsStr\train\Alzheimer\Alzheimer (242).jpg,Alzheimer (242).jpg,Brain Disease,Alzheimer,train,0
C:\Users\hamza\Downloads\FYP\AlzVsStr\AlzVsStr\train\Alzheimer\Alzheimer (2420).jpg,Alzheimer (2420).jpg,Brain Disease,Alzheimer,train,0
C:\Users\hamza\Downloads\FYP\AlzVsStr\AlzVsStr\train\Alzheimer\Alzheimer (2421).jpg,Alzheimer (2421).jpg,Brain Disease,Alzheimer,train,0
C:\Users\hamza\Downloads\FYP\AlzVsStr\AlzVsStr\train\Alzheimer\Alzheimer (2422).jpg,Alzheimer (2422).jpg,Brain Disease,Alzheimer,train,0
C:\Users\hamza\Downloads\FYP\AlzVsStr\AlzVsStr\train\Alzheimer\Alzheimer (2423).jpg,Alzheimer (2423).jpg,Brain Disease,Alzheimer,train,0
C:\Users\hamza\Downloads\FYP\AlzVsStr\AlzVsStr\train\Alzheimer\Alzheimer (2424).jpg,Alzheimer (2424).jpg,Brain Disease,Alzheimer,train,0
C:\Users\hamza\Downloads\FYP\AlzVsStr\AlzVsStr\train\Alzheimer\Alzheimer (2425).jpg,Alzheimer (2425).jpg,Brain Disease,Alzheimer,train,0
C:\Users\hamza\Downloads\FYP\AlzVsStr\AlzVsStr\train\Alzheimer\Alzheimer (2426).jpg,Alzheimer (2426).jpg,Brain Disease,Alzheimer,train,0
C:\Users\hamza\Downloads\FYP\AlzVsStr\AlzVsStr\train\Alzheimer\Alzheimer (2427).jpg,Alzheimer (2427).jpg,Brain Disease,Alzheimer,train,0
C:\Users\hamza\Downloads\FYP\AlzVsStr\AlzVsStr\train\Alzheimer\Alzheimer (2428).jpg,Alzheimer (2428).jpg,Brain Disease,Alzheimer,train,0
C:\Users\hamza\Downloads\FYP\AlzVsStr\AlzVsStr\train\Alzheimer\Alzheimer (2429).jpg,Alzheimer (2429).jpg,Brain Disease,Alzheimer,train,0
C:\Users\hamza\Downloads\FYP\AlzVsStr\AlzVsStr\train\Alzheimer\Alzheimer (243).jpg,Alzheimer (243).jpg,Brain Disease,Alzheimer,train,0
C:\Users\hamza\Downloads\FYP\AlzVsStr\AlzVsStr\train\Alzheimer\Alzheimer (2430).jpg,Alzheimer (2430).jpg,Brain Disease,Alzheimer,train,0
C:\Users\hamza\Downloads\FYP\AlzVsStr\AlzVsStr\train\Alzheimer\Alzheimer (2431).jpg,Alzheimer (2431).jpg,Brain Disease,Alzheimer,train,0
C:\Users\hamza\Downloads\FYP\AlzVsStr\AlzVsStr\train\Alzheimer\Alzheimer (2432).jpg,Alzheimer (2432).jpg,Brain Disease,Alzheimer,train,0
C:\Users\hamza\Downloads\FYP\AlzVsStr\AlzVsStr\train\Alzheimer\Alzheimer (2433).jpg,Alzheimer (2433).jpg,Brain Disease,Alzheimer,train,0
C:\Users\hamza\Downloads\FYP\AlzVsStr\AlzVsStr\train\Alzheimer\Alzheimer (2434).jpg,Alzheimer (2434).jpg,Brain Disease,Alzheimer,train,0
C:\Users\hamza\Downloads\FYP\AlzVsStr\AlzVsStr\train\Alzheimer\Alzheimer (2435).jpg,Alzheimer (2435).jpg,Brain Disease,Alzheimer,train,0
C:\Users\hamza\Downloads\FYP\AlzVsStr\AlzVsStr\train\Alzheimer\Alzheimer (2436).jpg,Alzheimer (2436).jpg,Brain Disease,Alzheimer,train,0
C:\Users\hamza\Downloads\FYP\AlzVsStr\AlzVsStr\train\Alzheimer\Alzheimer (2437).jpg,Alzheimer (2437).jpg,Brain Disease,Alzheimer,train,0
C:\Users\hamza\Downloads\FYP\AlzVsStr\AlzVsStr\train\Alzheimer\Alzheimer (2438).jpg,Alzheimer (2438).jpg,Brain Disease,Alzheimer,train,0
C:\Users\hamza\Downloads\FYP\AlzVsStr\AlzVsStr\train\Alzheimer\Alzheimer (2439).jpg,Alzheimer (2439).jpg,Brain Disease,Alzheimer,train,0
C:\Users\hamza\Downloads\FYP\AlzVsStr\AlzVsStr\train\Alzheimer\Alzheimer (244).jpg,Alzheimer (244).jpg,Brain Disease,Alzheimer,train,0
C:\Users\hamza\Downloads\FYP\AlzVsStr\AlzVsStr\train\Alzheimer\Alzheimer (2440).jpg,Alzheimer (2440).jpg,Brain Disease,Alzheimer,train,0
C:\Users\hamza\Downloads\FYP\AlzVsStr\AlzVsStr\train\Alzheimer\Alzheimer (2441).jpg,Alzheimer (2441).jpg,Brain Disease,Alzheimer,train,0
C:\Users\hamza\Downloads\FYP\AlzVsStr\AlzVsStr\train\Alzheimer\Alzheimer (2442).jpg,Alzheimer (2442).jpg,Brain Disease,Alzheimer,train,0
C:\Users\hamza\Downloads\FYP\AlzVsStr\AlzVsStr\train\Alzheimer\Alzheimer (2443).jpg,Alzheimer (2443).jpg,Brain Disease,Alzheimer,train,0
C:\Users\hamza\Downloads\FYP\AlzVsStr\AlzVsStr\train\Alzheimer\Alzheimer (2444).jpg,Alzheimer (2444).jpg,Brain Disease,Alzheimer,train,0
C:\Users\hamza\Downloads\FYP\AlzVsStr\AlzVsStr\train\Alzheimer\Alzheimer (2445).jpg,Alzheimer (2445).jpg,Brain Disease,Alzheimer,train,0
C:\Users\hamza\Downloads\FYP\AlzVsStr\AlzVsStr\train\Alzheimer\Alzheimer (2446).jpg,Alzheimer (2446).jpg,Brain Disease,Alzheimer,train,0
C:\Users\hamza\Downloads\FYP\AlzVsStr\AlzVsStr\train\Alzheimer\Alzheimer (2447).jpg,Alzheimer (2447).jpg,Brain Disease,Alzheimer,train,0
C:\Users\hamza\Downloads\FYP\AlzVsStr\AlzVsStr\train\Alzheimer\Alzheimer (2448).jpg,Alzheimer (2448).jpg,Brain Disease,Alzheimer,train,0
C:\Users\hamza\Downloads\FYP\AlzVsStr\AlzVsStr\train\Alzheimer\Alzheimer (2449).jpg,Alzheimer (2449).jpg,Brain Disease,Alzheimer,train,0
C:\Users\hamza\Downloads\FYP\AlzVsStr\AlzVsStr\train\Alzheimer\Alzheimer (245).jpg,Alzheimer (245).jpg,Brain Disease,Alzheimer,train,0
C:\Users\hamza\Downloads\FYP\AlzVsStr\AlzVsStr\train\Alzheimer\Alzheimer (2450).jpg,Alzheimer (2450).jpg,Brain Disease,Alzheimer,train,0
C:\Users\hamza\Downloads\FYP\AlzVsStr\AlzVsStr\train\Alzheimer\Alzheimer (2451).jpg,Alzheimer (2451).jpg,Brain Disease,Alzheimer,train,0
C:\Users\hamza\Downloads\FYP\AlzVsStr\AlzVsStr\train\Alzheimer\Alzheimer (2452).jpg,Alzheimer (2452).jpg,Brain Disease,Alzheimer,train,0
C:\Users\hamza\Downloads\FYP\AlzVsStr\AlzVsStr\train\Alzheimer\Alzheimer (2453).jpg,Alzheimer (2453).jpg,Brain Disease,Alzheimer,train,0
C:\Users\hamza\Downloads\FYP\AlzVsStr\AlzVsStr\train\Alzheimer\Alzheimer (2454).jpg,Alzheimer (2454).jpg,Brain Disease,Alzheimer,train,0
C:\Users\hamza\Downloads\FYP\AlzVsStr\AlzVsStr\train\Alzheimer\Alzheimer (2455).jpg,Alzheimer (2455).jpg,Brain Disease,Alzheimer,train,0
C:\Users\hamza\Downloads\FYP\AlzVsStr\AlzVsStr\train\Alzheimer\Alzheimer (2456).jpg,Alzheimer (2456).jpg,Brain Disease,Alzheimer,train,0
C:\Users\hamza\Downloads\FYP\AlzVsStr\AlzVsStr\train\Alzheimer\Alzheimer (2457).jpg,Alzheimer (2457).jpg,Brain Disease,Alzheimer,train,0
C:\Users\hamza\Downloads\FYP\AlzVsStr\AlzVsStr\train\Alzheimer\Alzheimer (2458).jpg,Alzheimer (2458).jpg,Brain Disease,Alzheimer,train,0
C:\Users\hamza\Downloads\FYP\AlzVsStr\AlzVsStr\train\Alzheimer\Alzheimer (2459).jpg,Alzheimer (2459).jpg,Brain Disease,Alzheimer,train,0
C:\Users\hamza\Downloads\FYP\AlzVsStr\AlzVsStr\train\Alzheimer\Alzheimer (246).jpg,Alzheimer (246).jpg,Brain Disease,Alzheimer,train,0
C:\Users\hamza\Downloads\FYP\AlzVsStr\AlzVsStr\train\Alzheimer\Alzheimer (2460).jpg,Alzheimer (2460).jpg,Brain Disease,Alzheimer,train,0
C:\Users\hamza\Downloads\FYP\AlzVsStr\AlzVsStr\train\Alzheimer\Alzheimer (2461).jpg,Alzheimer (2461).jpg,Brain Disease,Alzheimer,train,0
C:\Users\hamza\Downloads\FYP\AlzVsStr\AlzVsStr\train\Alzheimer\Alzheimer (2462).jpg,Alzheimer (2462).jpg,Brain Disease,Alzheimer,train,0
C:\Users\hamza\Downloads\FYP\AlzVsStr\AlzVsStr\train\Alzheimer\Alzheimer (2463).jpg,Alzheimer (2463).jpg,Brain Disease,Alzheimer,train,0
C:\Users\hamza\Downloads\FYP\AlzVsStr\AlzVsStr\train\Alzheimer\Alzheimer (2464).jpg,Alzheimer (2464).jpg,Brain Disease,Alzheimer,train,0
C:\Users\hamza\Downloads\FYP\AlzVsStr\AlzVsStr\train\Alzheimer\Alzheimer (2465).jpg,Alzheimer (2465).jpg,Brain Disease,Alzheimer,train,0
C:\Users\hamza\Downloads\FYP\AlzVsStr\AlzVsStr\train\Alzheimer\Alzheimer (2466).jpg,Alzheimer (2466).jpg,Brain Disease,Alzheimer,train,0
C:\Users\hamza\Downloads\FYP\AlzVsStr\AlzVsStr\train\Alzheimer\Alzheimer (2467).jpg,Alzheimer (2467).jpg,Brain Disease,Alzheimer,train,0
C:\Users\hamza\Downloads\FYP\AlzVsStr\AlzVsStr\train\Alzheimer\Alzheimer (2468).jpg,Alzheimer (2468).jpg,Brain Disease,Alzheimer,train,0
C:\Users\hamza\Downloads\FYP\AlzVsStr\AlzVsStr\train\Alzheimer\Alzheimer (2469).jpg,Alzheimer (2469).jpg,Brain Disease,Alzheimer,train,0
C:\Users\hamza\Downloads\FYP\AlzVsStr\AlzVsStr\train\Alzheimer\Alzheimer (247).jpg,Alzheimer (247).jpg,Brain Disease,Alzheimer,train,0
C:\Users\hamza\Downloads\FYP\AlzVsStr\AlzVsStr\train\Alzheimer\Alzheimer (2470).jpg,Alzheimer (2470).jpg,Brain Disease,Alzheimer,train,0
C:\Users\hamza\Downloads\FYP\AlzVsStr\AlzVsStr\train\Alzheimer\Alzheimer (2471).jpg,Alzheimer (2471).jpg,Brain Disease,Alzheimer,train,0
C:\Users\hamza\Downloads\FYP\AlzVsStr\AlzVsStr\train\Alzheimer\Alzheimer (2472).jpg,Alzheimer (2472).jpg,Brain Disease,Alzheimer,train,0
C:\Users\hamza\Downloads\FYP\AlzVsStr\AlzVsStr\train\Alzheimer\Alzheimer (2473).jpg,Alzheimer (2473).jpg,Brain Disease,Alzheimer,train,0
C:\Users\hamza\Downloads\FYP\AlzVsStr\AlzVsStr\train\Alzheimer\Alzheimer (2474).jpg,Alzheimer (2474).jpg,Brain Disease,Alzheimer,train,0
C:\Users\hamza\Downloads\FYP\AlzVsStr\AlzVsStr\train\Alzheimer\Alzheimer (2475).jpg,Alzheimer (2475).jpg,Brain Disease,Alzheimer,train,0
C:\Users\hamza\Downloads\FYP\AlzVsStr\AlzVsStr\train\Alzheimer\Alzheimer (2476).jpg,Alzheimer (2476).jpg,Brain Disease,Alzheimer,train,0
C:\Users\hamza\Downloads\FYP\AlzVsStr\AlzVsStr\train\Alzheimer\Alzheimer (2477).jpg,Alzheimer (2477).jpg,Brain Disease,Alzheimer,train,0
C:\Users\hamza\Downloads\FYP\AlzVsStr\AlzVsStr\train\Alzheimer\Alzheimer (2478).jpg,Alzheimer (2478).jpg,Brain Disease,Alzheimer,train,0
C:\Users\hamza\Downloads\FYP\AlzVsStr\AlzVsStr\train\Alzheimer\Alzheimer (2479).jpg,Alzheimer (2479).jpg,Brain Disease,Alzheimer,train,0
C:\Users\hamza\Downloads\FYP\AlzVsStr\AlzVsStr\train\Alzheimer\Alzheimer (248).jpg,Alzheimer (248).jpg,Brain Disease,Alzheimer,train,0
C:\Users\hamza\Downloads\FYP\AlzVsStr\AlzVsStr\train\Alzheimer\Alzheimer (2480).jpg,Alzheimer (2480).jpg,Brain Disease,Alzheimer,train,0
C:\Users\hamza\Downloads\FYP\AlzVsStr\AlzVsStr\train\Alzheimer\Alzheimer (2481).jpg,Alzheimer (2481).jpg,Brain Disease,Alzheimer,train,0
C:\Users\hamza\Downloads\FYP\AlzVsStr\AlzVsStr\train\Alzheimer\Alzheimer (2482).jpg,Alzheimer (2482).jpg,Brain Disease,Alzheimer,train,0
C:\Users\hamza\Downloads\FYP\AlzVsStr\AlzVsStr\train\Alzheimer\Alzheimer (2483).jpg,Alzheimer (2483).jpg,Brain Disease,Alzheimer,train,0
C:\Users\hamza\Downloads\FYP\AlzVsStr\AlzVsStr\train\Alzheimer\Alzheimer (2484).jpg,Alzheimer (2484).jpg,Brain Disease,Alzheimer,train,0
C:\Users\hamza\Downloads\FYP\AlzVsStr\AlzVsStr\train\Alzheimer\Alzheimer (2485).jpg,Alzheimer (2485).jpg,Brain Disease,Alzheimer,train,0
C:\Users\hamza\Downloads\FYP\AlzVsStr\AlzVsStr\train\Alzheimer\Alzheimer (2486).jpg,Alzheimer (2486).jpg,Brain Disease,Alzheimer,train,0
C:\Users\hamza\Downloads\FYP\AlzVsStr\AlzVsStr\train\Alzheimer\Alzheimer (2487).jpg,Alzheimer (2487).jpg,Brain Disease,Alzheimer,train,0
C:\Users\hamza\Downloads\FYP\AlzVsStr\AlzVsStr\train\Alzheimer\Alzheimer (2488).jpg,Alzheimer (2488).jpg,Brain Disease,Alzheimer,train,0
C:\Users\hamza\Downloads\FYP\AlzVsStr\AlzVsStr\train\Alzheimer\Alzheimer (2489).jpg,Alzheimer (2489).jpg,Brain Disease,Alzheimer,train,0
C:\Users\hamza\Downloads\FYP\AlzVsStr\AlzVsStr\train\Alzheimer\Alzheimer (249).jpg,Alzheimer (249).jpg,Brain Disease,Alzheimer,train,0
C:\Users\hamza\Downloads\FYP\AlzVsStr\AlzVsStr\train\Alzheimer\Alzheimer (2490).jpg,Alzheimer (2490).jpg,Brain Disease,Alzheimer,train,0
C:\Users\hamza\Downloads\FYP\AlzVsStr\AlzVsStr\train\Alzheimer\Alzheimer (2491).jpg,Alzheimer (2491).jpg,Brain Disease,Alzheimer,train,0
C:\Users\hamza\Downloads\FYP\AlzVsStr\AlzVsStr\train\Alzheimer\Alzheimer (2492).jpg,Alzheimer (2492).jpg,Brain Disease,Alzheimer,train,0
C:\Users\hamza\Downloads\FYP\AlzVsStr\AlzVsStr\train\Alzheimer\Alzheimer (2493).jpg,Alzheimer (2493).jpg,Brain Disease,Alzheimer,train,0
C:\Users\hamza\Downloads\FYP\AlzVsStr\AlzVsStr\train\Alzheimer\Alzheimer (2494).jpg,Alzheimer (2494).jpg,Brain Disease,Alzheimer,train,0
C:\Users\hamza\Downloads\FYP\AlzVsStr\AlzVsStr\train\Alzheimer\Alzheimer (2495).jpg,Alzheimer (2495).jpg,Brain Disease,Alzheimer,train,0
C:\Users\hamza\Downloads\FYP\AlzVsStr\AlzVsStr\train\Alzheimer\Alzheimer (2496).jpg,Alzheimer (2496).jpg,Brain Disease,Alzheimer,train,0
C:\Users\hamza\Downloads\FYP\AlzVsStr\AlzVsStr\train\Alzheimer\Alzheimer (2497).jpg,Alzheimer (2497).jpg,Brain Disease,Alzheimer,train,0
C:\Users\hamza\Downloads\FYP\AlzVsStr\AlzVsStr\train\Alzheimer\Alzheimer (2498).jpg,Alzheimer (2498).jpg,Brain Disease,Alzheimer,train,0
C:\Users\hamza\Downloads\FYP\AlzVsStr\AlzVsStr\train\Alzheimer\Alzheimer (2499).jpg,Alzheimer (2499).jpg,Brain Disease,Alzheimer,train,0
C:\Users\hamza\Downloads\FYP\AlzVsStr\AlzVsStr\train\Alzheimer\Alzheimer (25).jpg,Alzheimer (25).jpg,Brain Disease,Alzheimer,train,0
C:\Users\hamza\Downloads\FYP\AlzVsStr\AlzVsStr\train\Alzheimer\Alzheimer (250).jpg,Alzheimer (250).jpg,Brain Disease,Alzheimer,train,0
C:\Users\hamza\Downloads\FYP\AlzVsStr\AlzVsStr\train\Alzheimer\Alzheimer (2500).jpg,Alzheimer (2500).jpg,Brain Disease,Alzheimer,train,0
C:\Users\hamza\Downloads\FYP\AlzVsStr\AlzVsStr\train\Alzheimer\Alzheimer (2501).jpg,Alzheimer (2501).jpg,Brain Disease,Alzheimer,train,0
C:\Users\hamza\Downloads\FYP\AlzVsStr\AlzVsStr\train\Alzheimer\Alzheimer (2502).jpg,Alzheimer (2502).jpg,Brain Disease,Alzheimer,train,0
C:\Users\hamza\Downloads\FYP\AlzVsStr\AlzVsStr\train\Alzheimer\Alzheimer (2503).jpg,Alzheimer (2503).jpg,Brain Disease,Alzheimer,train,0
C:\Users\hamza\Downloads\FYP\AlzVsStr\AlzVsStr\train\Alzheimer\Alzheimer (2504).jpg,Alzheimer (2504).jpg,Brain Disease,Alzheimer,train,0
C:\Users\hamza\Downloads\FYP\AlzVsStr\AlzVsStr\train\Alzheimer\Alzheimer (2505).jpg,Alzheimer (2505).jpg,Brain Disease,Alzheimer,train,0
C:\Users\hamza\Downloads\FYP\AlzVsStr\AlzVsStr\train\Alzheimer\Alzheimer (2506).jpg,Alzheimer (2506).jpg,Brain Disease,Alzheimer,train,0
C:\Users\hamza\Downloads\FYP\AlzVsStr\AlzVsStr\train\Alzheimer\Alzheimer (2507).jpg,Alzheimer (2507).jpg,Brain Disease,Alzheimer,train,0
C:\Users\hamza\Downloads\FYP\AlzVsStr\AlzVsStr\train\Alzheimer\Alzheimer (2508).jpg,Alzheimer (2508).jpg,Brain Disease,Alzheimer,train,0
C:\Users\hamza\Downloads\FYP\AlzVsStr\AlzVsStr\train\Alzheimer\Alzheimer (2509).jpg,Alzheimer (2509).jpg,Brain Disease,Alzheimer,train,0
C:\Users\hamza\Downloads\FYP\AlzVsStr\AlzVsStr\train\Alzheimer\Alzheimer (251).jpg,Alzheimer (251).jpg,Brain Disease,Alzheimer,train,0
C:\Users\hamza\Downloads\FYP\AlzVsStr\AlzVsStr\train\Alzheimer\Alzheimer (2510).jpg,Alzheimer (2510).jpg,Brain Disease,Alzheimer,train,0
C:\Users\hamza\Downloads\FYP\AlzVsStr\AlzVsStr\train\Alzheimer\Alzheimer (2511).jpg,Alzheimer (2511).jpg,Brain Disease,Alzheimer,train,0
C:\Users\hamza\Downloads\FYP\AlzVsStr\AlzVsStr\train\Alzheimer\Alzheimer (2512).jpg,Alzheimer (2512).jpg,Brain Disease,Alzheimer,train,0
C:\Users\hamza\Downloads\FYP\AlzVsStr\AlzVsStr\train\Alzheimer\Alzheimer (2513).jpg,Alzheimer (2513).jpg,Brain Disease,Alzheimer,train,0
C:\Users\hamza\Downloads\FYP\AlzVsStr\AlzVsStr\train\Alzheimer\Alzheimer (2514).jpg,Alzheimer (2514).jpg,Brain Disease,Alzheimer,train,0
C:\Users\hamza\Downloads\FYP\AlzVsStr\AlzVsStr\train\Alzheimer\Alzheimer (2515).jpg,Alzheimer (2515).jpg,Brain Disease,Alzheimer,train,0
C:\Users\hamza\Downloads\FYP\AlzVsStr\AlzVsStr\train\Alzheimer\Alzheimer (2516).jpg,Alzheimer (2516).jpg,Brain Disease,Alzheimer,train,0
C:\Users\hamza\Downloads\FYP\AlzVsStr\AlzVsStr\train\Alzheimer\Alzheimer (2517).jpg,Alzheimer (2517).jpg,Brain Disease,Alzheimer,train,0
C:\Users\hamza\Downloads\FYP\AlzVsStr\AlzVsStr\train\Alzheimer\Alzheimer (2518).jpg,Alzheimer (2518).jpg,Brain Disease,Alzheimer,train,0
C:\Users\hamza\Downloads\FYP\AlzVsStr\AlzVsStr\train\Alzheimer\Alzheimer (2519).jpg,Alzheimer (2519).jpg,Brain Disease,Alzheimer,train,0
C:\Users\hamza\Downloads\FYP\AlzVsStr\AlzVsStr\train\Alzheimer\Alzheimer (252).jpg,Alzheimer (252).jpg,Brain Disease,Alzheimer,train,0
C:\Users\hamza\Downloads\FYP\AlzVsStr\AlzVsStr\train\Alzheimer\Alzheimer (2520).jpg,Alzheimer (2520).jpg,Brain Disease,Alzheimer,train,0
C:\Users\hamza\Downloads\FYP\AlzVsStr\AlzVsStr\train\Alzheimer\Alzheimer (2521).jpg,Alzheimer (2521).jpg,Brain Disease,Alzheimer,train,0
C:\Users\hamza\Downloads\FYP\AlzVsStr\AlzVsStr\train\Alzheimer\Alzheimer (2522).jpg,Alzheimer (2522).jpg,Brain Disease,Alzheimer,train,0
C:\Users\hamza\Downloads\FYP\AlzVsStr\AlzVsStr\train\Alzheimer\Alzheimer (2523).jpg,Alzheimer (2523).jpg,Brain Disease,Alzheimer,train,0
C:\Users\hamza\Downloads\FYP\AlzVsStr\AlzVsStr\train\Alzheimer\Alzheimer (2524).jpg,Alzheimer (2524).jpg,Brain Disease,Alzheimer,train,0
C:\Users\hamza\Downloads\FYP\AlzVsStr\AlzVsStr\train\Alzheimer\Alzheimer (2525).jpg,Alzheimer (2525).jpg,Brain Disease,Alzheimer,train,0
C:\Users\hamza\Downloads\FYP\AlzVsStr\AlzVsStr\train\Alzheimer\Alzheimer (2526).jpg,Alzheimer (2526).jpg,Brain Disease,Alzheimer,train,0
C:\Users\hamza\Downloads\FYP\AlzVsStr\AlzVsStr\train\Alzheimer\Alzheimer (2527).jpg,Alzheimer (2527).jpg,Brain Disease,Alzheimer,train,0
C:\Users\hamza\Downloads\FYP\AlzVsStr\AlzVsStr\train\Alzheimer\Alzheimer (2528).jpg,Alzheimer (2528).jpg,Brain Disease,Alzheimer,train,0
C:\Users\hamza\Downloads\FYP\AlzVsStr\AlzVsStr\train\Alzheimer\Alzheimer (2529).jpg,Alzheimer (2529).jpg,Brain Disease,Alzheimer,train,0
C:\Users\hamza\Downloads\FYP\AlzVsStr\AlzVsStr\train\Alzheimer\Alzheimer (253).jpg,Alzheimer (253).jpg,Brain Disease,Alzheimer,train,0
C:\Users\hamza\Downloads\FYP\AlzVsStr\AlzVsStr\train\Alzheimer\Alzheimer (2530).jpg,Alzheimer (2530).jpg,Brain Disease,Alzheimer,train,0
C:\Users\hamza\Downloads\FYP\AlzVsStr\AlzVsStr\train\Alzheimer\Alzheimer (2531).jpg,Alzheimer (2531).jpg,Brain Disease,Alzheimer,train,0
C:\Users\hamza\Downloads\FYP\AlzVsStr\AlzVsStr\train\Alzheimer\Alzheimer (2532).jpg,Alzheimer (2532).jpg,Brain Disease,Alzheimer,train,0
C:\Users\hamza\Downloads\FYP\AlzVsStr\AlzVsStr\train\Alzheimer\Alzheimer (2533).jpg,Alzheimer (2533).jpg,Brain Disease,Alzheimer,train,0
C:\Users\hamza\Downloads\FYP\AlzVsStr\AlzVsStr\train\Alzheimer\Alzheimer (2534).jpg,Alzheimer (2534).jpg,Brain Disease,Alzheimer,train,0
C:\Users\hamza\Downloads\FYP\AlzVsStr\AlzVsStr\train\Alzheimer\Alzheimer (2535).jpg,Alzheimer (2535).jpg,Brain Disease,Alzheimer,train,0
C:\Users\hamza\Downloads\FYP\AlzVsStr\AlzVsStr\train\Alzheimer\Alzheimer (2536).jpg,Alzheimer (2536).jpg,Brain Disease,Alzheimer,train,0
C:\Users\hamza\Downloads\FYP\AlzVsStr\AlzVsStr\train\Alzheimer\Alzheimer (2584).jpg,Alzheimer (2584).jpg,Brain Disease,Alzheimer,train,0
C:\Users\hamza\Downloads\FYP\AlzVsStr\AlzVsStr\train\Alzheimer\Alzheimer (2585).jpg,Alzheimer (2585).jpg,Brain Disease,Alzheimer,train,0
C:\Users\hamza\Downloads\FYP\AlzVsStr\AlzVsStr\train\Alzheimer\Alzheimer (2586).jpg,Alzheimer (2586).jpg,Brain Disease,Alzheimer,train,0
C:\Users\hamza\Downloads\FYP\AlzVsStr\AlzVsStr\train\Alzheimer\Alzheimer (2587).jpg,Alzheimer (2587).jpg,Brain Disease,Alzheimer,train,0
C:\Users\hamza\Downloads\FYP\AlzVsStr\AlzVsStr\train\Alzheimer\Alzheimer (2588).jpg,Alzheimer (2588).jpg,Brain Disease,Alzheimer,train,0
C:\Users\hamza\Downloads\FYP\AlzVsStr\AlzVsStr\train\Alzheimer\Alzheimer (2589).jpg,Alzheimer (2589).jpg,Brain Disease,Alzheimer,train,0
C:\Users\hamza\Downloads\FYP\AlzVsStr\AlzVsStr\train\Alzheimer\Alzheimer (2590).jpg,Alzheimer (2590).jpg,Brain Disease,Alzheimer,train,0
C:\Users\hamza\Downloads\FYP\AlzVsStr\AlzVsStr\train\Alzheimer\Alzheimer (2591).jpg,Alzheimer (2591).jpg,Brain Disease,Alzheimer,train,0
C:\Users\hamza\Downloads\FYP\AlzVsStr\AlzVsStr\train\Alzheimer\Alzheimer (2592).jpg,Alzheimer (2592).jpg,Brain Disease,Alzheimer,train,0
C:\Users\hamza\Downloads\FYP\AlzVsStr\AlzVsStr\train\Alzheimer\Alzheimer (2593).jpg,Alzheimer (2593).jpg,Brain Disease,Alzheimer,train,0
C:\Users\hamza\Downloads\FYP\AlzVsStr\AlzVsStr\train\Alzheimer\Alzheimer (2594).jpg,Alzheimer (2594).jpg,Brain Disease,Alzheimer,train,0
C:\Users\hamza\Downloads\FYP\AlzVsStr\AlzVsStr\train\Alzheimer\Alzheimer (2595).jpg,Alzheimer (2595).jpg,Brain Disease,Alzheimer,train,0
C:\Users\hamza\Downloads\FYP\AlzVsStr\AlzVsStr\train\Alzheimer\Alzheimer (2596).jpg,Alzheimer (2596).jpg,Brain Disease,Alzheimer,train,0
C:\Users\hamza\Downloads\FYP\AlzVsStr\AlzVsStr\train\Alzheimer\Alzheimer (2597).jpg,Alzheimer (2597).jpg,Brain Disease,Alzheimer,train,0
C:\Users\hamza\Downloads\FYP\AlzVsStr\AlzVsStr\train\Alzheimer\Alzheimer (2598).jpg,Alzheimer (2598).jpg,Brain Disease,Alzheimer,train,0
C:\Users\hamza\Downloads\FYP\AlzVsStr\AlzVsStr\train\Alzheimer\Alzheimer (2599).jpg,Alzheimer (2599).jpg,Brain Disease,Alzheimer,train,0
C:\Users\hamza\Downloads\FYP\AlzVsStr\AlzVsStr\train\Alzheimer\Alzheimer (2600).jpg,Alzheimer (2600).jpg,Brain Disease,Alzheimer,train,0
C:\Users\hamza\Downloads\FYP\AlzVsStr\AlzVsStr\train\Alzheimer\Alzheimer (2601).jpg,Alzheimer (2601).jpg,Brain Disease,Alzheimer,train,0
C:\Users\hamza\Downloads\FYP\AlzVsStr\AlzVsStr\train\Alzheimer\Alzheimer (838).jpg,Alzheimer (838).jpg,Brain Disease,Alzheimer,train,0
C:\Users\hamza\Downloads\FYP\AlzVsStr\AlzVsStr\train\Alzheimer\Alzheimer (839).jpg,Alzheimer (839).jpg,Brain Disease,Alzheimer,train,0
C:\Users\hamza\Downloads\FYP\AlzVsStr\AlzVsStr\train\Alzheimer\Alzheimer (84).jpg,Alzheimer (84).jpg,Brain Disease,Alzheimer,train,0
C:\Users\hamza\Downloads\FYP\AlzVsStr\AlzVsStr\train\Alzheimer\Alzheimer (840).jpg,Alzheimer (840).jpg,Brain Disease,Alzheimer,train,0
C:\Users\hamza\Downloads\FYP\AlzVsStr\AlzVsStr\train\Alzheimer\Alzheimer (841).jpg,Alzheimer (841).jpg,Brain Disease,Alzheimer,train,0
C:\Users\hamza\Downloads\FYP\AlzVsStr\AlzVsStr\train\Alzheimer\Alzheimer (842).jpg,Alzheimer (842).jpg,Brain Disease,Alzheimer,train,0
C:\Users\hamza\Downloads\FYP\AlzVsStr\AlzVsStr\train\Alzheimer\Alzheimer (843).jpg,Alzheimer (843).jpg,Brain Disease,Alzheimer,train,0
C:\Users\hamza\Downloads\FYP\AlzVsStr\AlzVsStr\train\Alzheimer\Alzheimer (844).jpg,Alzheimer (844).jpg,Brain Disease,Alzheimer,train,0
C:\Users\hamza\Downloads\FYP\AlzVsStr\AlzVsStr\train\Alzheimer\Alzheimer (845).jpg,Alzheimer (845).jpg,Brain Disease,Alzheimer,train,0
C:\Users\hamza\Downloads\FYP\AlzVsStr\AlzVsStr\train\Alzheimer\Alzheimer (846).jpg,Alzheimer (846).jpg,Brain Disease,Alzheimer,train,0
C:\Users\hamza\Downloads\FYP\AlzVsStr\AlzVsStr\train\Alzheimer\Alzheimer (847).jpg,Alzheimer (847).jpg,Brain Disease,Alzheimer,train,0
C:\Users\hamza\Downloads\FYP\AlzVsStr\AlzVsStr\train\Alzheimer\Alzheimer (848).jpg,Alzheimer (848).jpg,Brain Disease,Alzheimer,train,0
C:\Users\hamza\Downloads\FYP\AlzVsStr\AlzVsStr\train\Alzheimer\Alzheimer (849).jpg,Alzheimer (849).jpg,Brain Disease,Alzheimer,train,0
C:\Users\hamza\Downloads\FYP\AlzVsStr\AlzVsStr\train\Alzheimer\Alzheimer (85).jpg,Alzheimer (85).jpg,Brain Disease,Alzheimer,train,0
C:\Users\hamza\Downloads\FYP\AlzVsStr\AlzVsStr\train\Alzheimer\Alzheimer (850).jpg,Alzheimer (850).jpg,Brain Disease,Alzheimer,train,0
C:\Users\hamza\Downloads\FYP\AlzVsStr\AlzVsStr\train\Alzheimer\Alzheimer (851).jpg,Alzheimer (851).jpg,Brain Disease,Alzheimer,train,0
C:\Users\hamza\Downloads\FYP\AlzVsStr\AlzVsStr\train\Alzheimer\Alzheimer (852).jpg,Alzheimer (852).jpg,Brain Disease,Alzheimer,train,0
C:\Users\hamza\Downloads\FYP\AlzVsStr\AlzVsStr\train\Alzheimer\Alzheimer (853).jpg,Alzheimer (853).jpg,Brain Disease,Alzheimer,train,0
C:\Users\hamza\Downloads\FYP\AlzVsStr\AlzVsStr\train\Alzheimer\Alzheimer (854).jpg,Alzheimer (854).jpg,Brain Disease,Alzheimer,train,0
C:\Users\hamza\Downloads\FYP\AlzVsStr\AlzVsStr\train\Alzheimer\Alzheimer (855).jpg,Alzheimer (855).jpg,Brain Disease,Alzheimer,train,0
C:\Users\hamza\Downloads\FYP\AlzVsStr\AlzVsStr\train\Alzheimer\Alzheimer (856).jpg,Alzheimer (856).jpg,Brain Disease,Alzheimer,train,0
C:\Users\hamza\Downloads\FYP\AlzVsStr\AlzVsStr\train\Alzheimer\Alzheimer (857).jpg,Alzheimer (857).jpg,Brain Disease,Alzheimer,train,0
C:\Users\hamza\Downloads\FYP\AlzVsStr\AlzVsStr\train\Alzheimer\Alzheimer (858).jpg,Alzheimer (858).jpg,Brain Disease,Alzheimer,train,0
C:\Users\hamza\Downloads\FYP\AlzVsStr\AlzVsStr\train\Alzheimer\Alzheimer (859).jpg,Alzheimer (859).jpg,Brain Disease,Alzheimer,train,0
C:\Users\hamza\Downloads\FYP\AlzVsStr\AlzVsStr\train\Alzheimer\Alzheimer (86).jpg,Alzheimer (86).jpg,Brain Disease,Alzheimer,train,0
C:\Users\hamza\Downloads\FYP\AlzVsStr\AlzVsStr\train\Alzheimer\Alzheimer (860).jpg,Alzheimer (860).jpg,Brain Disease,Alzheimer,train,0
C:\Users\hamza\Downloads\FYP\AlzVsStr\AlzVsStr\train\Alzheimer\Alzheimer (861).jpg,Alzheimer (861).jpg,Brain Disease,Alzheimer,train,0
C:\Users\hamza\Downloads\FYP\AlzVsStr\AlzVsStr\train\Alzheimer\Alzheimer (862).jpg,Alzheimer (862).jpg,Brain Disease,Alzheimer,train,0
C:\Users\hamza\Downloads\FYP\AlzVsStr\AlzVsStr\train\Alzheimer\Alzheimer (863).jpg,Alzheimer (863).jpg,Brain Disease,Alzheimer,train,0
C:\Users\hamza\Downloads\FYP\AlzVsStr\AlzVsStr\train\Alzheimer\Alzheimer (864).jpg,Alzheimer (864).jpg,Brain Disease,Alzheimer,train,0
C:\Users\hamza\Downloads\FYP\AlzVsStr\AlzVsStr\train\Alzheimer\Alzheimer (865).jpg,Alzheimer (865).jpg,Brain Disease,Alzheimer,train,0
C:\Users\hamza\Downloads\FYP\AlzVsStr\AlzVsStr\train\Alzheimer\Alzheimer (866).jpg,Alzheimer (866).jpg,Brain Disease,Alzheimer,train,0
C:\Users\hamza\Downloads\FYP\AlzVsStr\AlzVsStr\train\Alzheimer\Alzheimer (867).jpg,Alzheimer (867).jpg,Brain Disease,Alzheimer,train,0
C:\Users\hamza\Downloads\FYP\AlzVsStr\AlzVsStr\train\Alzheimer\Alzheimer (868).jpg,Alzheimer (868).jpg,Brain Disease,Alzheimer,train,0
C:\Users\hamza\Downloads\FYP\AlzVsStr\AlzVsStr\train\Alzheimer\Alzheimer (869).jpg,Alzheimer (869).jpg,Brain Disease,Alzheimer,train,0
C:\Users\hamza\Downloads\FYP\AlzVsStr\AlzVsStr\train\Alzheimer\Alzheimer (87).jpg,Alzheimer (87).jpg,Brain Disease,Alzheimer,train,0
C:\Users\hamza\Downloads\FYP\AlzVsStr\AlzVsStr\train\Alzheimer\Alzheimer (870).jpg,Alzheimer (870).jpg,Brain Disease,Alzheimer,train,0
C:\Users\hamza\Downloads\FYP\AlzVsStr\AlzVsStr\train\Alzheimer\Alzheimer (871).jpg,Alzheimer (871).jpg,Brain Disease,Alzheimer,train,0
C:\Users\hamza\Downloads\FYP\AlzVsStr\AlzVsStr\train\Alzheimer\Alzheimer (872).jpg,Alzheimer (872).jpg,Brain Disease,Alzheimer,train,0
C:\Users\hamza\Downloads\FYP\AlzVsStr\AlzVsStr\train\Alzheimer\Alzheimer (873).jpg,Alzheimer (873).jpg,Brain Disease,Alzheimer,train,0
C:\Users\hamza\Downloads\FYP\AlzVsStr\AlzVsStr\train\Alzheimer\Alzheimer (874).jpg,Alzheimer (874).jpg,Brain Disease,Alzheimer,train,0
C:\Users\hamza\Downloads\FYP\AlzVsStr\AlzVsStr\train\Alzheimer\Alzheimer (875).jpg,Alzheimer (875).jpg,Brain Disease,Alzheimer,train,0
C:\Users\hamza\Downloads\FYP\AlzVsStr\AlzVsStr\train\Alzheimer\Alzheimer (876).jpg,Alzheimer (876).jpg,Brain Disease,Alzheimer,train,0
C:\Users\hamza\Downloads\FYP\AlzVsStr\AlzVsStr\train\Alzheimer\Alzheimer (877).jpg,Alzheimer (877).jpg,Brain Disease,Alzheimer,train,0
C:\Users\hamza\Downloads\FYP\AlzVsStr\AlzVsStr\train\Alzheimer\Alzheimer (878).jpg,Alzheimer (878).jpg,Brain Disease,Alzheimer,train,0
C:\Users\hamza\Downloads\FYP\AlzVsStr\AlzVsStr\train\Alzheimer\Alzheimer (879).jpg,Alzheimer (879).jpg,Brain Disease,Alzheimer,train,0
C:\Users\hamza\Downloads\FYP\AlzVsStr\AlzVsStr\train\Alzheimer\Alzheimer (88).jpg,Alzheimer (88).jpg,Brain Disease,Alzheimer,train,0
C:\Users\hamza\Downloads\FYP\AlzVsStr\AlzVsStr\train\Alzheimer\Alzheimer (880).jpg,Alzheimer (880).jpg,Brain Disease,Alzheimer,train,0
C:\Users\hamza\Downloads\FYP\AlzVsStr\AlzVsStr\train\Alzheimer\Alzheimer (881).jpg,Alzheimer (881).jpg,Brain Disease,Alzheimer,train,0
C:\Users\hamza\Downloads\FYP\AlzVsStr\AlzVsStr\train\Alzheimer\Alzheimer (882).jpg,Alzheimer (882).jpg,Brain Disease,Alzheimer,train,0
C:\Users\hamza\Downloads\FYP\AlzVsStr\AlzVsStr\train\Alzheimer\Alzheimer (883).jpg,Alzheimer (883).jpg,Brain Disease,Alzheimer,train,0
C:\Users\hamza\Downloads\FYP\AlzVsStr\AlzVsStr\train\Alzheimer\Alzheimer (884).jpg,Alzheimer (884).jpg,Brain Disease,Alzheimer,train,0
C:\Users\hamza\Downloads\FYP\AlzVsStr\AlzVsStr\train\Alzheimer\Alzheimer (885).jpg,Alzheimer (885).jpg,Brain Disease,Alzheimer,train,0
C:\Users\hamza\Downloads\FYP\AlzVsStr\AlzVsStr\train\Alzheimer\Alzheimer (886).jpg,Alzheimer (886).jpg,Brain Disease,Alzheimer,train,0
C:\Users\hamza\Downloads\FYP\AlzVsStr\AlzVsStr\train\Alzheimer\Alzheimer (887).jpg,Alzheimer (887).jpg,Brain Disease,Alzheimer,train,0
C:\Users\hamza\Downloads\FYP\AlzVsStr\AlzVsStr\train\Alzheimer\Alzheimer (888).jpg,Alzheimer (888).jpg,Brain Disease,Alzheimer,train,0
C:\Users\hamza\Downloads\FYP\AlzVsStr\AlzVsStr\train\Alzheimer\Alzheimer (889).jpg,Alzheimer (889).jpg,Brain Disease,Alzheimer,train,0
C:\Users\hamza\Downloads\FYP\AlzVsStr\AlzVsStr\train\Alzheimer\Alzheimer (89).jpg,Alzheimer (89).jpg,Brain Disease,Alzheimer,train,0
C:\Users\hamza\Downloads\FYP\AlzVsStr\AlzVsStr\train\Alzheimer\Alzheimer (890).jpg,Alzheimer (890).jpg,Brain Disease,Alzheimer,train,0
C:\Users\hamza\Downloads\FYP\AlzVsStr\AlzVsStr\train\Alzheimer\Alzheimer (891).jpg,Alzheimer (891).jpg,Brain Disease,Alzheimer,train,0
C:\Users\hamza\Downloads\FYP\AlzVsStr\AlzVsStr\train\Alzheimer\Alzheimer (892).jpg,Alzheimer (892).jpg,Brain Disease,Alzheimer,train,0
C:\Users\hamza\Downloads\FYP\AlzVsStr\AlzVsStr\train\Alzheimer\Alzheimer (893).jpg,Alzheimer (893).jpg,Brain Disease,Alzheimer,train,0
C:\Users\hamza\Downloads\FYP\AlzVsStr\AlzVsStr\train\Alzheimer\Alzheimer (894).jpg,Alzheimer (894).jpg,Brain Disease,Alzheimer,train,0
C:\Users\hamza\Downloads\FYP\AlzVsStr\AlzVsStr\train\Alzheimer\Alzheimer (895).jpg,Alzheimer (895).jpg,Brain Disease,Alzheimer,train,0
C:\Users\hamza\Downloads\FYP\AlzVsStr\AlzVsStr\train\Alzheimer\Alzheimer (896).jpg,Alzheimer (896).jpg,Brain Disease,Alzheimer,train,0
C:\Users\hamza\Downloads\FYP\AlzVsStr\AlzVsStr\train\Alzheimer\Alzheimer (897).jpg,Alzheimer (897).jpg,Brain Disease,Alzheimer,train,0
C:\Users\hamza\Downloads\FYP\AlzVsStr\AlzVsStr\train\Alzheimer\Alzheimer (9).jpg,Alzheimer (9).jpg,Brain Disease,Alzheimer,train,0
C:\Users\hamza\Downloads\FYP\AlzVsStr\AlzVsStr\train\Alzheimer\Alzheimer (90).jpg,Alzheimer (90).jpg,Brain Disease,Alzheimer,train,0
C:\Users\hamza\Downloads\FYP\AlzVsStr\AlzVsStr\train\Alzheimer\Alzheimer (904).jpg,Alzheimer (904).jpg,Brain Disease,Alzheimer,train,0
C:\Users\hamza\Downloads\FYP\AlzVsStr\AlzVsStr\train\Alzheimer\Alzheimer (905).jpg,Alzheimer (905).jpg,Brain Disease,Alzheimer,train,0
C:\Users\hamza\Downloads\FYP\AlzVsStr\AlzVsStr\train\Alzheimer\Alzheimer (906).jpg,Alzheimer (906).jpg,Brain Disease,Alzheimer,train,0
C:\Users\hamza\Downloads\FYP\AlzVsStr\AlzVsStr\train\Alzheimer\Alzheimer (907).jpg,Alzheimer (907).jpg,Brain Disease,Alzheimer,train,0
C:\Users\hamza\Downloads\FYP\AlzVsStr\AlzVsStr\train\Alzheimer\Alzheimer (908).jpg,Alzheimer (908).jpg,Brain Disease,Alzheimer,train,0
C:\Users\hamza\Downloads\FYP\AlzVsStr\AlzVsStr\train\Alzheimer\Alzheimer (909).jpg,Alzheimer (909).jpg,Brain Disease,Alzheimer,train,0
C:\Users\hamza\Downloads\FYP\AlzVsStr\AlzVsStr\train\Alzheimer\Alzheimer (91).jpg,Alzheimer (91).jpg,Brain Disease,Alzheimer,train,0
C:\Users\hamza\Downloads\FYP\AlzVsStr\AlzVsStr\train\Alzheimer\Alzheimer (910).jpg,Alzheimer (910).jpg,Brain Disease,Alzheimer,train,0
C:\Users\hamza\Downloads\FYP\AlzVsStr\AlzVsStr\train\Alzheimer\Alzheimer (911).jpg,Alzheimer (911).jpg,Brain Disease,Alzheimer,train,0
C:\Users\hamza\Downloads\FYP\AlzVsStr\AlzVsStr\train\Alzheimer\Alzheimer (912).jpg,Alzheimer (912).jpg,Brain Disease,Alzheimer,train,0
C:\Users\hamza\Downloads\FYP\AlzVsStr\AlzVsStr\train\Alzheimer\Alzheimer (913).jpg,Alzheimer (913).jpg,Brain Disease,Alzheimer,train,0
C:\Users\hamza\Downloads\FYP\AlzVsStr\AlzVsStr\train\Alzheimer\Alzheimer (914).jpg,Alzheimer (914).jpg,Brain Disease,Alzheimer,train,0
C:\Users\hamza\Downloads\FYP\AlzVsStr\AlzVsStr\train\Alzheimer\Alzheimer (915).jpg,Alzheimer (915).jpg,Brain Disease,Alzheimer,train,0
C:\Users\hamza\Downloads\FYP\AlzVsStr\AlzVsStr\train\Alzheimer\Alzheimer (916).jpg,Alzheimer (916).jpg,Brain Disease,Alzheimer,train,0
C:\Users\hamza\Downloads\FYP\AlzVsStr\AlzVsStr\train\Alzheimer\Alzheimer (917).jpg,Alzheimer (917).jpg,Brain Disease,Alzheimer,train,0
C:\Users\hamza\Downloads\FYP\AlzVsStr\AlzVsStr\train\Alzheimer\Alzheimer (918).jpg,Alzheimer (918).jpg,Brain Disease,Alzheimer,train,0
C:\Users\hamza\Downloads\FYP\AlzVsStr\AlzVsStr\train\Alzheimer\Alzheimer (919).jpg,Alzheimer (919).jpg,Brain Disease,Alzheimer,train,0
C:\Users\hamza\Downloads\FYP\AlzVsStr\AlzVsStr\train\Alzheimer\Alzheimer (92).jpg,Alzheimer (92).jpg,Brain Disease,Alzheimer,train,0
C:\Users\hamza\Downloads\FYP\AlzVsStr\AlzVsStr\train\Alzheimer\Alzheimer (920).jpg,Alzheimer (920).jpg,Brain Disease,Alzheimer,train,0
C:\Users\hamza\Downloads\FYP\AlzVsStr\AlzVsStr\train\Alzheimer\Alzheimer (921).jpg,Alzheimer (921).jpg,Brain Disease,Alzheimer,train,0
C:\Users\hamza\Downloads\FYP\AlzVsStr\AlzVsStr\train\Alzheimer\Alzheimer (922).jpg,Alzheimer (922).jpg,Brain Disease,Alzheimer,train,0
C:\Users\hamza\Downloads\FYP\AlzVsStr\AlzVsStr\train\Alzheimer\Alzheimer (923).jpg,Alzheimer (923).jpg,Brain Disease,Alzheimer,train,0
C:\Users\hamza\Downloads\FYP\AlzVsStr\AlzVsStr\train\Alzheimer\Alzheimer (924).jpg,Alzheimer (924).jpg,Brain Disease,Alzheimer,train,0
C:\Users\hamza\Downloads\FYP\AlzVsStr\AlzVsStr\train\Alzheimer\Alzheimer (925).jpg,Alzheimer (925).jpg,Brain Disease,Alzheimer,train,0
C:\Users\hamza\Downloads\FYP\AlzVsStr\AlzVsStr\train\Alzheimer\Alzheimer (926).jpg,Alzheimer (926).jpg,Brain Disease,Alzheimer,train,0
C:\Users\hamza\Downloads\FYP\AlzVsStr\AlzVsStr\train\Alzheimer\Alzheimer (927).jpg,Alzheimer (927).jpg,Brain Disease,Alzheimer,train,0
C:\Users\hamza\Downloads\FYP\AlzVsStr\AlzVsStr\train\Alzheimer\Alzheimer (928).jpg,Alzheimer (928).jpg,Brain Disease,Alzheimer,train,0
C:\Users\hamza\Downloads\FYP\AlzVsStr\AlzVsStr\train\Alzheimer\Alzheimer (929).jpg,Alzheimer (929).jpg,Brain Disease,Alzheimer,train,0
C:\Users\hamza\Downloads\FYP\AlzVsStr\AlzVsStr\train\Alzheimer\Alzheimer (93).jpg,Alzheimer (93).jpg,Brain Disease,Alzheimer,train,0
C:\Users\hamza\Downloads\FYP\AlzVsStr\AlzVsStr\train\Alzheimer\Alzheimer (930).jpg,Alzheimer (930).jpg,Brain Disease,Alzheimer,train,0
C:\Users\hamza\Downloads\FYP\AlzVsStr\AlzVsStr\train\Alzheimer\Alzheimer (931).jpg,Alzheimer (931).jpg,Brain Disease,Alzheimer,train,0
C:\Users\hamza\Downloads\FYP\AlzVsStr\AlzVsStr\train\Alzheimer\Alzheimer (932).jpg,Alzheimer (932).jpg,Brain Disease,Alzheimer,train,0
C:\Users\hamza\Downloads\FYP\AlzVsStr\AlzVsStr\train\Alzheimer\Alzheimer (933).jpg,Alzheimer (933).jpg,Brain Disease,Alzheimer,train,0
C:\Users\hamza\Downloads\FYP\AlzVsStr\AlzVsStr\train\Alzheimer\Alzheimer (934).jpg,Alzheimer (934).jpg,Brain Disease,Alzheimer,train,0
C:\Users\hamza\Downloads\FYP\AlzVsStr\AlzVsStr\train\Alzheimer\Alzheimer (935).jpg,Alzheimer (935).jpg,Brain Disease,Alzheimer,train,0
C:\Users\hamza\Downloads\FYP\AlzVsStr\AlzVsStr\train\Alzheimer\Alzheimer (936).jpg,Alzheimer (936).jpg,Brain Disease,Alzheimer,train,0
C:\Users\hamza\Downloads\FYP\AlzVsStr\AlzVsStr\train\Alzheimer\Alzheimer (937).jpg,Alzheimer (937).jpg,Brain Disease,Alzheimer,train,0
C:\Users\hamza\Downloads\FYP\AlzVsStr\AlzVsStr\train\Alzheimer\Alzheimer (938).jpg,Alzheimer (938).jpg,Brain Disease,Alzheimer,train,0
C:\Users\hamza\Downloads\FYP\AlzVsStr\AlzVsStr\train\Alzheimer\Alzheimer (939).jpg,Alzheimer (939).jpg,Brain Disease,Alzheimer,train,0
C:\Users\hamza\Downloads\FYP\AlzVsStr\AlzVsStr\train\Alzheimer\Alzheimer (94).jpg,Alzheimer (94).jpg,Brain Disease,Alzheimer,train,0
C:\Users\hamza\Downloads\FYP\AlzVsStr\AlzVsStr\train\Alzheimer\Alzheimer (940).jpg,Alzheimer (940).jpg,Brain Disease,Alzheimer,train,0
C:\Users\hamza\Downloads\FYP\AlzVsStr\AlzVsStr\train\Alzheimer\Alzheimer (941).jpg,Alzheimer (941).jpg,Brain Disease,Alzheimer,train,0
C:\Users\hamza\Downloads\FYP\AlzVsStr\AlzVsStr\train\Alzheimer\Alzheimer (942).jpg,Alzheimer (942).jpg,Brain Disease,Alzheimer,train,0
C:\Users\hamza\Downloads\FYP\AlzVsStr\AlzVsStr\train\Alzheimer\Alzheimer (943).jpg,Alzheimer (943).jpg,Brain Disease,Alzheimer,train,0
C:\Users\hamza\Downloads\FYP\AlzVsStr\AlzVsStr\train\Alzheimer\Alzheimer (944).jpg,Alzheimer (944).jpg,Brain Disease,Alzheimer,train,0
C:\Users\hamza\Downloads\FYP\AlzVsStr\AlzVsStr\train\Alzheimer\Alzheimer (945).jpg,Alzheimer (945).jpg,Brain Disease,Alzheimer,train,0
C:\Users\hamza\Downloads\FYP\AlzVsStr\AlzVsStr\train\Alzheimer\Alzheimer (946).jpg,Alzheimer (946).jpg,Brain Disease,Alzheimer,train,0
C:\Users\hamza\Downloads\FYP\AlzVsStr\AlzVsStr\train\Alzheimer\Alzheimer (947).jpg,Alzheimer (947).jpg,Brain Disease,Alzheimer,train,0
C:\Users\hamza\Downloads\FYP\AlzVsStr\AlzVsStr\train\Alzheimer\Alzheimer (948).jpg,Alzheimer (948).jpg,Brain Disease,Alzheimer,train,0
C:\Users\hamza\Downloads\FYP\AlzVsStr\AlzVsStr\train\Alzheimer\Alzheimer (949).jpg,Alzheimer (949).jpg,Brain Disease,Alzheimer,train,0
C:\Users\hamza\Downloads\FYP\AlzVsStr\AlzVsStr\train\Alzheimer\Alzheimer (95).jpg,Alzheimer (95).jpg,Brain Disease,Alzheimer,train,0
C:\Users\hamza\Downloads\FYP\AlzVsStr\AlzVsStr\train\Alzheimer\Alzheimer (950).jpg,Alzheimer (950).jpg,Brain Disease,Alzheimer,train,0
C:\Users\hamza\Downloads\FYP\AlzVsStr\AlzVsStr\train\Alzheimer\Alzheimer (951).jpg,Alzheimer (951).jpg,Brain Disease,Alzheimer,train,0
C:\Users\hamza\Downloads\FYP\AlzVsStr\AlzVsStr\train\Alzheimer\Alzheimer (952).jpg,Alzheimer (952).jpg,Brain Disease,Alzheimer,train,0
C:\Users\hamza\Downloads\FYP\AlzVsStr\AlzVsStr\train\Alzheimer\Alzheimer (953).jpg,Alzheimer (953).jpg,Brain Disease,Alzheimer,train,0
C:\Users\hamza\Downloads\FYP\AlzVsStr\AlzVsStr\train\Alzheimer\Alzheimer (954).jpg,Alzheimer (954).jpg,Brain Disease,Alzheimer,train,0
C:\Users\hamza\Downloads\FYP\AlzVsStr\AlzVsStr\train\Alzheimer\Alzheimer (955).jpg,Alzheimer (955).jpg,Brain Disease,Alzheimer,train,0
C:\Users\hamza\Downloads\FYP\AlzVsStr\AlzVsStr\train\Alzheimer\Alzheimer (956).jpg,Alzheimer (956).jpg,Brain Disease,Alzheimer,train,0
C:\Users\hamza\Downloads\FYP\AlzVsStr\AlzVsStr\train\Alzheimer\Alzheimer (957).jpg,Alzheimer (957).jpg,Brain Disease,Alzheimer,train,0
C:\Users\hamza\Downloads\FYP\AlzVsStr\AlzVsStr\train\Alzheimer\Alzheimer (958).jpg,Alzheimer (958).jpg,Brain Disease,Alzheimer,train,0
C:\Users\hamza\Downloads\FYP\AlzVsStr\AlzVsStr\train\Alzheimer\Alzheimer (959).jpg,Alzheimer (959).jpg,Brain Disease,Alzheimer,train,0
C:\Users\hamza\Downloads\FYP\AlzVsStr\AlzVsStr\train\Alzheimer\Alzheimer (96).jpg,Alzheimer (96).jpg,Brain Disease,Alzheimer,train,0
C:\Users\hamza\Downloads\FYP\AlzVsStr\AlzVsStr\train\Alzheimer\Alzheimer (960).jpg,Alzheimer (960).jpg,Brain Disease,Alzheimer,train,0
C:\Users\hamza\Downloads\FYP\AlzVsStr\AlzVsStr\train\Alzheimer\Alzheimer (961).jpg,Alzheimer (961).jpg,Brain Disease,Alzheimer,train,0
C:\Users\hamza\Downloads\FYP\AlzVsStr\AlzVsStr\train\Alzheimer\Alzheimer (962).jpg,Alzheimer (962).jpg,Brain Disease,Alzheimer,train,0
C:\Users\hamza\Downloads\FYP\AlzVsStr\AlzVsStr\train\Alzheimer\Alzheimer (963).jpg,Alzheimer (963).jpg,Brain Disease,Alzheimer,train,0
C:\Users\hamza\Downloads\FYP\AlzVsStr\AlzVsStr\train\Alzheimer\Alzheimer (964).jpg,Alzheimer (964).jpg,Brain Disease,Alzheimer,train,0
C:\Users\hamza\Downloads\FYP\AlzVsStr\AlzVsStr\train\Alzheimer\Alzheimer (995).jpg,Alzheimer (995).jpg,Brain Disease,Alzheimer,train,0
C:\Users\hamza\Downloads\FYP\AlzVsStr\AlzVsStr\train\Alzheimer\Alzheimer (996).jpg,Alzheimer (996).jpg,Brain Disease,Alzheimer,train,0
C:\Users\hamza\Downloads\FYP\AlzVsStr\AlzVsStr\train\Alzheimer\Alzheimer (997).jpg,Alzheimer (997).jpg,Brain Disease,Alzheimer,train,0
C:\Users\hamza\Downloads\FYP\AlzVsStr\AlzVsStr\train\Alzheimer\Alzheimer (998).jpg,Alzheimer (998).jpg,Brain Disease,Alzheimer,train,0
C:\Users\hamza\Downloads\FYP\AlzVsStr\AlzVsStr\train\Alzheimer\Alzheimer (999).jpg,Alzheimer (999).jpg,Brain Disease,Alzheimer,train,0
C:\Users\hamza\Downloads\FYP\AlzVsStr\AlzVsStr\test\Stroke\aug_Stroke 2 (451).jpg,aug_Stroke 2 (451).jpg,Brain Disease,Stroke,test,1
C:\Users\hamza\Downloads\FYP\AlzVsStr\AlzVsStr\test\Stroke\aug_Stroke 2 (452).jpg,aug_Stroke 2 (452).jpg,Brain Disease,Stroke,test,1
C:\Users\hamza\Downloads\FYP\AlzVsStr\AlzVsStr\test\Stroke\aug_Stroke 2 (453).jpg,aug_Stroke 2 (453).jpg,Brain Disease,Stroke,test,1
C:\Users\hamza\Downloads\FYP\AlzVsStr\AlzVsStr\test\Stroke\aug_Stroke 2 (454).jpg,aug_Stroke 2 (454).jpg,Brain Disease,Stroke,test,1
C:\Users\hamza\Downloads\FYP\AlzVsStr\AlzVsStr\test\Stroke\aug_Stroke 2 (455).jpg,aug_Stroke 2 (455).jpg,Brain Disease,Stroke,test,1
C:\Users\hamza\Downloads\FYP\AlzVsStr\AlzVsStr\test\Stroke\aug_Stroke 2 (456).jpg,aug_Stroke 2 (456).jpg,Brain Disease,Stroke,test,1
C:\Users\hamza\Downloads\FYP\AlzVsStr\AlzVsStr\test\Stroke\aug_Stroke 2 (457).jpg,aug_Stroke 2 (457).jpg,Brain Disease,Stroke,test,1
C:\Users\hamza\Downloads\FYP\AlzVsStr\AlzVsStr\test\Stroke\aug_Stroke 2 (458).jpg,aug_Stroke 2 (458).jpg,Brain Disease,Stroke,test,1
C:\Users\hamza\Downloads\FYP\AlzVsStr\AlzVsStr\test\Stroke\aug_Stroke 2 (459).jpg,aug_Stroke 2 (459).jpg,Brain Disease,Stroke,test,1
C:\Users\hamza\Downloads\FYP\AlzVsStr\AlzVsStr\test\Stroke\aug_Stroke 2 (460).jpg,aug_Stroke 2 (460).jpg,Brain Disease,Stroke,test,1
C:\Users\hamza\Downloads\FYP\AlzVsStr\AlzVsStr\test\Stroke\aug_Stroke 2 (461).jpg,aug_Stroke 2 (461).jpg,Brain Disease,Stroke,test,1
C:\Users\hamza\Downloads\FYP\AlzVsStr\AlzVsStr\test\Stroke\aug_Stroke 2 (462).jpg,aug_Stroke 2 (462).jpg,Brain Disease,Stroke,test,1
C:\Users\hamza\Downloads\FYP\AlzVsStr\AlzVsStr\test\Stroke\aug_Stroke 2 (463).jpg,aug_Stroke 2 (463).jpg,Brain Disease,Stroke,test,1
C:\Users\hamza\Downloads\FYP\AlzVsStr\AlzVsStr\test\Stroke\aug_Stroke 2 (464).jpg,aug_Stroke 2 (464).jpg,Brain Disease,Stroke,test,1
C:\Users\hamza\Downloads\FYP\AlzVsStr\AlzVsStr\test\Stroke\aug_Stroke 2 (465).jpg,aug_Stroke 2 (465).jpg,Brain Disease,Stroke,test,1
C:\Users\hamza\Downloads\FYP\AlzVsStr\AlzVsStr\test\Stroke\aug_Stroke 2 (466).jpg,aug_Stroke 2 (466).jpg,Brain Disease,Stroke,test,1
C:\Users\hamza\Downloads\FYP\AlzVsStr\AlzVsStr\test\Stroke\aug_Stroke 2 (467).jpg,aug_Stroke 2 (467).jpg,Brain Disease,Stroke,test,1
C:\Users\hamza\Downloads\FYP\AlzVsStr\AlzVsStr\test\Stroke\aug_Stroke 2 (468).jpg,aug_Stroke 2 (468).jpg,Brain Disease,Stroke,test,1
C:\Users\hamza\Downloads\FYP\AlzVsStr\AlzVsStr\test\Stroke\aug_Stroke 2 (469).jpg,aug_Stroke 2 (469).jpg,Brain Disease,Stroke,test,1
C:\Users\hamza\Downloads\FYP\AlzVsStr\AlzVsStr\test\Stroke\aug_Stroke 2 (470).jpg,aug_Stroke 2 (470).jpg,Brain Disease,Stroke,test,1
C:\Users\hamza\Downloads\FYP\AlzVsStr\AlzVsStr\test\Stroke\aug_Stroke 2 (471).jpg,aug_Stroke 2 (471).jpg,Brain Disease,Stroke,test,1
C:\Users\hamza\Downloads\FYP\AlzVsStr\AlzVsStr\test\Stroke\aug_Stroke 2 (472).jpg,aug_Stroke 2 (472).jpg,Brain Disease,Stroke,test,1
C:\Users\hamza\Downloads\FYP\AlzVsStr\AlzVsStr\test\Stroke\aug_Stroke 2 (473).jpg,aug_Stroke 2 (473).jpg,Brain Disease,Stroke,test,1
C:\Users\hamza\Downloads\FYP\AlzVsStr\AlzVsStr\test\Stroke\aug_Stroke 2 (474).jpg,aug_Stroke 2 (474).jpg,Brain Disease,Stroke,test,1
C:\Users\hamza\Downloads\FYP\AlzVsStr\AlzVsStr\test\Stroke\aug_Stroke 2 (475).jpg,aug_Stroke 2 (475).jpg,Brain Disease,Stroke,test,1
C:\Users\hamza\Downloads\FYP\AlzVsStr\AlzVsStr\test\Stroke\aug_Stroke 2 (476).jpg,aug_Stroke 2 (476).jpg,Brain Disease,Stroke,test,1
C:\Users\hamza\Downloads\FYP\AlzVsStr\AlzVsStr\test\Stroke\aug_Stroke 2 (477).jpg,aug_Stroke 2 (477).jpg,Brain Disease,Stroke,test,1
C:\Users\hamza\Downloads\FYP\AlzVsStr\AlzVsStr\test\Stroke\aug_Stroke 2 (478).jpg,aug_Stroke 2 (478).jpg,Brain Disease,Stroke,test,1
C:\Users\hamza\Downloads\FYP\AlzVsStr\AlzVsStr\test\Stroke\aug_Stroke 2 (479).jpg,aug_Stroke 2 (479).jpg,Brain Disease,Stroke,test,1
C:\Users\hamza\Downloads\FYP\AlzVsStr\AlzVsStr\test\Stroke\aug_Stroke 2 (480).jpg,aug_Stroke 2 (480).jpg,Brain Disease,Stroke,test,1
C:\Users\hamza\Downloads\FYP\AlzVsStr\AlzVsStr\test\Stroke\aug_Stroke 2 (481).jpg,aug_Stroke 2 (481).jpg,Brain Disease,Stroke,test,1
C:\Users\hamza\Downloads\FYP\AlzVsStr\AlzVsStr\test\Stroke\aug_Stroke 2 (482).jpg,aug_Stroke 2 (482).jpg,Brain Disease,Stroke,test,1
C:\Users\hamza\Downloads\FYP\AlzVsStr\AlzVsStr\test\Stroke\aug_Stroke 2 (483).jpg,aug_Stroke 2 (483).jpg,Brain Disease,Stroke,test,1
C:\Users\hamza\Downloads\FYP\AlzVsStr\AlzVsStr\test\Stroke\aug_Stroke 2 (484).jpg,aug_Stroke 2 (484).jpg,Brain Disease,Stroke,test,1
C:\Users\hamza\Downloads\FYP\AlzVsStr\AlzVsStr\test\Stroke\aug_Stroke 2 (485).jpg,aug_Stroke 2 (485).jpg,Brain Disease,Stroke,test,1
C:\Users\hamza\Downloads\FYP\AlzVsStr\AlzVsStr\test\Stroke\aug_Stroke 2 (486).jpg,aug_Stroke 2 (486).jpg,Brain Disease,Stroke,test,1
C:\Users\hamza\Downloads\FYP\AlzVsStr\AlzVsStr\test\Stroke\aug_Stroke 2 (487).jpg,aug_Stroke 2 (487).jpg,Brain Disease,Stroke,test,1
C:\Users\hamza\Downloads\FYP\AlzVsStr\AlzVsStr\test\Stroke\aug_Stroke 2 (488).jpg,aug_Stroke 2 (488).jpg,Brain Disease,Stroke,test,1
C:\Users\hamza\Downloads\FYP\AlzVsStr\AlzVsStr\test\Stroke\aug_Stroke 2 (489).jpg,aug_Stroke 2 (489).jpg,Brain Disease,Stroke,test,1
C:\Users\hamza\Downloads\FYP\AlzVsStr\AlzVsStr\test\Stroke\aug_Stroke 2 (490).jpg,aug_Stroke 2 (490).jpg,Brain Disease,Stroke,test,1
C:\Users\hamza\Downloads\FYP\AlzVsStr\AlzVsStr\test\Stroke\aug_Stroke 2 (491).jpg,aug_Stroke 2 (491).jpg,Brain Disease,Stroke,test,1
C:\Users\hamza\Downloads\FYP\AlzVsStr\AlzVsStr\test\Stroke\aug_Stroke 2 (492).jpg,aug_Stroke 2 (492).jpg,Brain Disease,Stroke,test,1
C:\Users\hamza\Downloads\FYP\AlzVsStr\AlzVsStr\test\Stroke\aug_Stroke 2 (493).jpg,aug_Stroke 2 (493).jpg,Brain Disease,Stroke,test,1
C:\Users\hamza\Downloads\FYP\AlzVsStr\AlzVsStr\test\Stroke\aug_Stroke 2 (494).jpg,aug_Stroke 2 (494).jpg,Brain Disease,Stroke,test,1
C:\Users\hamza\Downloads\FYP\AlzVsStr\AlzVsStr\test\Stroke\aug_Stroke 2 (495).jpg,aug_Stroke 2 (495).jpg,Brain Disease,Stroke,test,1
C:\Users\hamza\Downloads\FYP\AlzVsStr\AlzVsStr\test\Stroke\aug_Stroke 2 (496).jpg,aug_Stroke 2 (496).jpg,Brain Disease,Stroke,test,1
C:\Users\hamza\Downloads\FYP\AlzVsStr\AlzVsStr\test\Stroke\aug_Stroke 2 (497).jpg,aug_Stroke 2 (497).jpg,Brain Disease,Stroke,test,1
C:\Users\hamza\Downloads\FYP\AlzVsStr\AlzVsStr\test\Stroke\aug_Stroke 2 (498).jpg,aug_Stroke 2 (498).jpg,Brain Disease,Stroke,test,1
C:\Users\hamza\Downloads\FYP\AlzVsStr\AlzVsStr\test\Stroke\aug_Stroke 2 (499).jpg,aug_Stroke 2 (499).jpg,Brain Disease,Stroke,test,1
C:\Users\hamza\Downloads\FYP\AlzVsStr\AlzVsStr\test\Stroke\aug_Stroke 2 (500).jpg,aug_Stroke 2 (500).jpg,Brain Disease,Stroke,test,1
C:\Users\hamza\Downloads\FYP\AlzVsStr\AlzVsStr\test\Stroke\aug_Stroke 2 (501).jpg,aug_Stroke 2 (501).jpg,Brain Disease,Stroke,test,1
C:\Users\hamza\Downloads\FYP\AlzVsStr\AlzVsStr\test\Stroke\aug_Stroke 2 (502).jpg,aug_Stroke 2 (502).jpg,Brain Disease,Stroke,test,1
C:\Users\hamza\Downloads\FYP\AlzVsStr\AlzVsStr\test\Stroke\aug_Stroke 2 (503).jpg,aug_Stroke 2 (503).jpg,Brain Disease,Stroke,test,1
C:\Users\hamza\Downloads\FYP\AlzVsStr\AlzVsStr\test\Stroke\aug_Stroke 2 (504).jpg,aug_Stroke 2 (504).jpg,Brain Disease,Stroke,test,1
C:\Users\hamza\Downloads\FYP\AlzVsStr\AlzVsStr\test\Stroke\aug_Stroke 2 (505).jpg,aug_Stroke 2 (505).jpg,Brain Disease,Stroke,test,1
C:\Users\hamza\Downloads\FYP\AlzVsStr\AlzVsStr\test\Stroke\aug_Stroke 2 (506).jpg,aug_Stroke 2 (506).jpg,Brain Disease,Stroke,test,1
C:\Users\hamza\Downloads\FYP\AlzVsStr\AlzVsStr\test\Stroke\aug_Stroke 2 (507).jpg,aug_Stroke 2 (507).jpg,Brain Disease,Stroke,test,1
C:\Users\hamza\Downloads\FYP\AlzVsStr\AlzVsStr\test\Stroke\aug_Stroke 2 (508).jpg,aug_Stroke 2 (508).jpg,Brain Disease,Stroke,test,1
C:\Users\hamza\Downloads\FYP\AlzVsStr\AlzVsStr\test\Stroke\aug_Stroke 2 (509).jpg,aug_Stroke 2 (509).jpg,Brain Disease,Stroke,test,1
C:\Users\hamza\Downloads\FYP\AlzVsStr\AlzVsStr\test\Stroke\aug_Stroke 2 (510).jpg,aug_Stroke 2 (510).jpg,Brain Disease,Stroke,test,1
C:\Users\hamza\Downloads\FYP\AlzVsStr\AlzVsStr\test\Stroke\aug_Stroke 2 (511).jpg,aug_Stroke 2 (511).jpg,Brain Disease,Stroke,test,1
C:\Users\hamza\Downloads\FYP\AlzVsStr\AlzVsStr\test\Stroke\aug_Stroke 2 (512).jpg,aug_Stroke 2 (512).jpg,Brain Disease,Stroke,test,1
C:\Users\hamza\Downloads\FYP\AlzVsStr\AlzVsStr\test\Stroke\aug_Stroke 2 (513).jpg,aug_Stroke 2 (513).jpg,Brain Disease,Stroke,test,1
C:\Users\hamza\Downloads\FYP\AlzVsStr\AlzVsStr\test\Stroke\aug_Stroke 2 (514).jpg,aug_Stroke 2 (514).jpg,Brain Disease,Stroke,test,1
C:\Users\hamza\Downloads\FYP\AlzVsStr\AlzVsStr\test\Stroke\aug_Stroke 2 (515).jpg,aug_Stroke 2 (515).jpg,Brain Disease,Stroke,test,1
C:\Users\hamza\Downloads\FYP\AlzVsStr\AlzVsStr\test\Stroke\aug_Stroke 2 (516).jpg,aug_Stroke 2 (516).jpg,Brain Disease,Stroke,test,1
C:\Users\hamza\Downloads\FYP\AlzVsStr\AlzVsStr\test\Stroke\aug_Stroke 2 (517).jpg,aug_Stroke 2 (517).jpg,Brain Disease,Stroke,test,1
C:\Users\hamza\Downloads\FYP\AlzVsStr\AlzVsStr\test\Stroke\aug_Stroke 2 (518).jpg,aug_Stroke 2 (518).jpg,Brain Disease,Stroke,test,1
C:\Users\hamza\Downloads\FYP\AlzVsStr\AlzVsStr\test\Stroke\aug_Stroke 2 (519).jpg,aug_Stroke 2 (519).jpg,Brain Disease,Stroke,test,1
C:\Users\hamza\Downloads\FYP\AlzVsStr\AlzVsStr\test\Stroke\aug_Stroke 2 (520).jpg,aug_Stroke 2 (520).jpg,Brain Disease,Stroke,test,1
C:\Users\hamza\Downloads\FYP\AlzVsStr\AlzVsStr\test\Stroke\aug_Stroke 2 (521).jpg,aug_Stroke 2 (521).jpg,Brain Disease,Stroke,test,1
C:\Users\hamza\Downloads\FYP\AlzVsStr\AlzVsStr\test\Stroke\aug_Stroke 2 (522).jpg,aug_Stroke 2 (522).jpg,Brain Disease,Stroke,test,1
C:\Users\hamza\Downloads\FYP\AlzVsStr\AlzVsStr\test\Stroke\aug_Stroke 2 (523).jpg,aug_Stroke 2 (523).jpg,Brain Disease,Stroke,test,1
C:\Users\hamza\Downloads\FYP\AlzVsStr\AlzVsStr\test\Stroke\aug_Stroke 2 (524).jpg,aug_Stroke 2 (524).jpg,Brain Disease,Stroke,test,1
C:\Users\hamza\Downloads\FYP\AlzVsStr\AlzVsStr\test\Stroke\aug_Stroke 2 (525).jpg,aug_Stroke 2 (525).jpg,Brain Disease,Stroke,test,1
C:\Users\hamza\Downloads\FYP\AlzVsStr\AlzVsStr\test\Stroke\aug_Stroke 2 (526).jpg,aug_Stroke 2 (526).jpg,Brain Disease,Stroke,test,1
C:\Users\hamza\Downloads\FYP\AlzVsStr\AlzVsStr\test\Stroke\aug_Stroke 2 (527).jpg,aug_Stroke 2 (527).jpg,Brain Disease,Stroke,test,1
C:\Users\hamza\Downloads\FYP\AlzVsStr\AlzVsStr\test\Stroke\aug_Stroke 2 (528).jpg,aug_Stroke 2 (528).jpg,Brain Disease,Stroke,test,1
C:\Users\hamza\Downloads\FYP\AlzVsStr\AlzVsStr\test\Stroke\aug_Stroke 2 (529).jpg,aug_Stroke 2 (529).jpg,Brain Disease,Stroke,test,1
C:\Users\hamza\Downloads\FYP\AlzVsStr\AlzVsStr\test\Stroke\aug_Stroke 2 (530).jpg,aug_Stroke 2 (530).jpg,Brain Disease,Stroke,test,1
C:\Users\hamza\Downloads\FYP\AlzVsStr\AlzVsStr\test\Stroke\aug_Stroke 2 (531).jpg,aug_Stroke 2 (531).jpg,Brain Disease,Stroke,test,1
C:\Users\hamza\Downloads\FYP\AlzVsStr\AlzVsStr\test\Stroke\aug_Stroke 2 (532).jpg,aug_Stroke 2 (532).jpg,Brain Disease,Stroke,test,1
C:\Users\hamza\Downloads\FYP\AlzVsStr\AlzVsStr\test\Stroke\aug_Stroke 2 (533).jpg,aug_Stroke 2 (533).jpg,Brain Disease,Stroke,test,1
C:\Users\hamza\Downloads\FYP\AlzVsStr\AlzVsStr\test\Stroke\aug_Stroke 2 (534).jpg,aug_Stroke 2 (534).jpg,Brain Disease,Stroke,test,1
C:\Users\hamza\Downloads\FYP\AlzVsStr\AlzVsStr\test\Stroke\aug_Stroke 2 (535).jpg,aug_Stroke 2 (535).jpg,Brain Disease,Stroke,test,1
C:\Users\hamza\Downloads\FYP\AlzVsStr\AlzVsStr\test\Stroke\aug_Stroke 2 (536).jpg,aug_Stroke 2 (536).jpg,Brain Disease,Stroke,test,1
C:\Users\hamza\Downloads\FYP\AlzVsStr\AlzVsStr\test\Stroke\aug_Stroke 2 (537).jpg,aug_Stroke 2 (537).jpg,Brain Disease,Stroke,test,1
C:\Users\hamza\Downloads\FYP\AlzVsStr\AlzVsStr\test\Stroke\aug_Stroke 2 (538).jpg,aug_Stroke 2 (538).jpg,Brain Disease,Stroke,test,1
C:\Users\hamza\Downloads\FYP\AlzVsStr\AlzVsStr\test\Stroke\aug_Stroke 2 (539).jpg,aug_Stroke 2 (539).jpg,Brain Disease,Stroke,test,1
C:\Users\hamza\Downloads\FYP\AlzVsStr\AlzVsStr\test\Stroke\aug_Stroke 2 (540).jpg,aug_Stroke 2 (540).jpg,Brain Disease,Stroke,test,1
C:\Users\hamza\Downloads\FYP\AlzVsStr\AlzVsStr\test\Stroke\aug_Stroke 2 (541).jpg,aug_Stroke 2 (541).jpg,Brain Disease,Stroke,test,1
C:\Users\hamza\Downloads\FYP\AlzVsStr\AlzVsStr\test\Stroke\aug_Stroke 2 (542).jpg,aug_Stroke 2 (542).jpg,Brain Disease,Stroke,test,1
C:\Users\hamza\Downloads\FYP\AlzVsStr\AlzVsStr\test\Stroke\aug_Stroke 2 (543).jpg,aug_Stroke 2 (543).jpg,Brain Disease,Stroke,test,1
C:\Users\hamza\Downloads\FYP\AlzVsStr\AlzVsStr\test\Stroke\aug_Stroke 2 (544).jpg,aug_Stroke 2 (544).jpg,Brain Disease,Stroke,test,1
C:\Users\hamza\Downloads\FYP\AlzVsStr\AlzVsStr\test\Stroke\aug_Stroke 2 (545).jpg,aug_Stroke 2 (545).jpg,Brain Disease,Stroke,test,1
C:\Users\hamza\Downloads\FYP\AlzVsStr\AlzVsStr\test\Stroke\aug_Stroke 2 (546).jpg,aug_Stroke 2 (546).jpg,Brain Disease,Stroke,test,1
C:\Users\hamza\Downloads\FYP\AlzVsStr\AlzVsStr\test\Stroke\aug_Stroke 2 (547).jpg,aug_Stroke 2 (547).jpg,Brain Disease,Stroke,test,1
C:\Users\hamza\Downloads\FYP\AlzVsStr\AlzVsStr\test\Stroke\aug_Stroke 2 (548).jpg,aug_Stroke 2 (548).jpg,Brain Disease,Stroke,test,1
C:\Users\hamza\Downloads\FYP\AlzVsStr\AlzVsStr\test\Stroke\aug_Stroke 2 (549).jpg,aug_Stroke 2 (549).jpg,Brain Disease,Stroke,test,1
C:\Users\hamza\Downloads\FYP\AlzVsStr\AlzVsStr\test\Stroke\aug_Stroke 2 (550).jpg,aug_Stroke 2 (550).jpg,Brain Disease,Stroke,test,1
C:\Users\hamza\Downloads\FYP\AlzVsStr\AlzVsStr\test\Stroke\aug_Stroke 2 (551).jpg,aug_Stroke 2 (551).jpg,Brain Disease,Stroke,test,1
C:\Users\hamza\Downloads\FYP\AlzVsStr\AlzVsStr\test\Stroke\aug_Stroke 2 (552).jpg,aug_Stroke 2 (552).jpg,Brain Disease,Stroke,test,1
C:\Users\hamza\Downloads\FYP\AlzVsStr\AlzVsStr\test\Stroke\aug_Stroke 2 (553).jpg,aug_Stroke 2 (553).jpg,Brain Disease,Stroke,test,1
C:\Users\hamza\Downloads\FYP\AlzVsStr\AlzVsStr\test\Stroke\aug_Stroke 2 (554).jpg,aug_Stroke 2 (554).jpg,Brain Disease,Stroke,test,1
C:\Users\hamza\Downloads\FYP\AlzVsStr\AlzVsStr\test\Stroke\aug_Stroke 2 (555).jpg,aug_Stroke 2 (555).jpg,Brain Disease,Stroke,test,1
C:\Users\hamza\Downloads\FYP\AlzVsStr\AlzVsStr\test\Stroke\aug_Stroke 2 (556).jpg,aug_Stroke 2 (556).jpg,Brain Disease,Stroke,test,1
C:\Users\hamza\Downloads\FYP\AlzVsStr\AlzVsStr\test\Stroke\aug_Stroke 2 (557).jpg,aug_Stroke 2 (557).jpg,Brain Disease,Stroke,test,1
C:\Users\hamza\Downloads\FYP\AlzVsStr\AlzVsStr\test\Stroke\aug_Stroke 2 (558).jpg,aug_Stroke 2 (558).jpg,Brain Disease,Stroke,test,1
C:\Users\hamza\Downloads\FYP\AlzVsStr\AlzVsStr\test\Stroke\aug_Stroke 2 (559).jpg,aug_Stroke 2 (559).jpg,Brain Disease,Stroke,test,1
C:\Users\hamza\Downloads\FYP\AlzVsStr\AlzVsStr\test\Stroke\aug_Stroke 2 (560).jpg,aug_Stroke 2 (560).jpg,Brain Disease,Stroke,test,1
C:\Users\hamza\Downloads\FYP\AlzVsStr\AlzVsStr\test\Stroke\aug_Stroke 2 (561).jpg,aug_Stroke 2 (561).jpg,Brain Disease,Stroke,test,1
C:\Users\hamza\Downloads\FYP\AlzVsStr\AlzVsStr\test\Stroke\aug_Stroke 2 (562).jpg,aug_Stroke 2 (562).jpg,Brain Disease,Stroke,test,1
C:\Users\hamza\Downloads\FYP\AlzVsStr\AlzVsStr\test\Stroke\aug_Stroke 2 (563).jpg,aug_Stroke 2 (563).jpg,Brain Disease,Stroke,test,1
C:\Users\hamza\Downloads\FYP\AlzVsStr\AlzVsStr\test\Stroke\aug_Stroke 2 (564).jpg,aug_Stroke 2 (564).jpg,Brain Disease,Stroke,test,1
C:\Users\hamza\Downloads\FYP\AlzVsStr\AlzVsStr\test\Stroke\aug_Stroke 2 (565).jpg,aug_Stroke 2 (565).jpg,Brain Disease,Stroke,test,1
C:\Users\hamza\Downloads\FYP\AlzVsStr\AlzVsStr\test\Stroke\aug_Stroke 2 (566).jpg,aug_Stroke 2 (566).jpg,Brain Disease,Stroke,test,1
C:\Users\hamza\Downloads\FYP\AlzVsStr\AlzVsStr\test\Stroke\aug_Stroke 2 (567).jpg,aug_Stroke 2 (567).jpg,Brain Disease,Stroke,test,1
C:\Users\hamza\Downloads\FYP\AlzVsStr\AlzVsStr\test\Stroke\aug_Stroke 2 (568).jpg,aug_Stroke 2 (568).jpg,Brain Disease,Stroke,test,1
C:\Users\hamza\Downloads\FYP\AlzVsStr\AlzVsStr\test\Stroke\aug_Stroke 2 (569).jpg,aug_Stroke 2 (569).jpg,Brain Disease,Stroke,test,1
C:\Users\hamza\Downloads\FYP\AlzVsStr\AlzVsStr\test\Stroke\aug_Stroke 2 (570).jpg,aug_Stroke 2 (570).jpg,Brain Disease,Stroke,test,1
C:\Users\hamza\Downloads\FYP\AlzVsStr\AlzVsStr\test\Stroke\aug_Stroke 2 (571).jpg,aug_Stroke 2 (571).jpg,Brain Disease,Stroke,test,1
C:\Users\hamza\Downloads\FYP\AlzVsStr\AlzVsStr\test\Stroke\aug_Stroke 2 (572).jpg,aug_Stroke 2 (572).jpg,Brain Disease,Stroke,test,1
C:\Users\hamza\Downloads\FYP\AlzVsStr\AlzVsStr\test\Stroke\aug_Stroke 2 (573).jpg,aug_Stroke 2 (573).jpg,Brain Disease,Stroke,test,1
C:\Users\hamza\Downloads\FYP\AlzVsStr\AlzVsStr\test\Stroke\aug_Stroke 2 (574).jpg,aug_Stroke 2 (574).jpg,Brain Disease,Stroke,test,1
C:\Users\hamza\Downloads\FYP\AlzVsStr\AlzVsStr\test\Stroke\aug_Stroke 2 (575).jpg,aug_Stroke 2 (575).jpg,Brain Disease,Stroke,test,1
C:\Users\hamza\Downloads\FYP\AlzVsStr\AlzVsStr\test\Stroke\aug_Stroke 2 (576).jpg,aug_Stroke 2 (576).jpg,Brain Disease,Stroke,test,1
C:\Users\hamza\Downloads\FYP\AlzVsStr\AlzVsStr\test\Stroke\aug_Stroke 2 (577).jpg,aug_Stroke 2 (577).jpg,Brain Disease,Stroke,test,1
C:\Users\hamza\Downloads\FYP\AlzVsStr\AlzVsStr\test\Stroke\aug_Stroke 2 (578).jpg,aug_Stroke 2 (578).jpg,Brain Disease,Stroke,test,1
C:\Users\hamza\Downloads\FYP\AlzVsStr\AlzVsStr\test\Stroke\aug_Stroke 2 (579).jpg,aug_Stroke 2 (579).jpg,Brain Disease,Stroke,test,1
C:\Users\hamza\Downloads\FYP\AlzVsStr\AlzVsStr\test\Stroke\aug_Stroke 2 (580).jpg,aug_Stroke 2 (580).jpg,Brain Disease,Stroke,test,1
C:\Users\hamza\Downloads\FYP\AlzVsStr\AlzVsStr\test\Stroke\aug_Stroke 2 (581).jpg,aug_Stroke 2 (581).jpg,Brain Disease,Stroke,test,1
C:\Users\hamza\Downloads\FYP\AlzVsStr\AlzVsStr\test\Stroke\aug_Stroke 2 (582).jpg,aug_Stroke 2 (582).jpg,Brain Disease,Stroke,test,1
C:\Users\hamza\Downloads\FYP\AlzVsStr\AlzVsStr\test\Stroke\aug_Stroke 2 (583).jpg,aug_Stroke 2 (583).jpg,Brain Disease,Stroke,test,1
C:\Users\hamza\Downloads\FYP\AlzVsStr\AlzVsStr\test\Stroke\aug_Stroke 2 (584).jpg,aug_Stroke 2 (584).jpg,Brain Disease,Stroke,test,1
C:\Users\hamza\Downloads\FYP\AlzVsStr\AlzVsStr\test\Stroke\aug_Stroke 2 (585).jpg,aug_Stroke 2 (585).jpg,Brain Disease,Stroke,test,1
C:\Users\hamza\Downloads\FYP\AlzVsStr\AlzVsStr\test\Stroke\aug_Stroke 2 (586).jpg,aug_Stroke 2 (586).jpg,Brain Disease,Stroke,test,1
C:\Users\hamza\Downloads\FYP\AlzVsStr\AlzVsStr\test\Stroke\aug_Stroke 2 (587).jpg,aug_Stroke 2 (587).jpg,Brain Disease,Stroke,test,1
C:\Users\hamza\Downloads\FYP\AlzVsStr\AlzVsStr\test\Stroke\aug_Stroke 2 (588).jpg,aug_Stroke 2 (588).jpg,Brain Disease,Stroke,test,1
C:\Users\hamza\Downloads\FYP\AlzVsStr\AlzVsStr\test\Stroke\aug_Stroke 2 (589).jpg,aug_Stroke 2 (589).jpg,Brain Disease,Stroke,test,1
C:\Users\hamza\Downloads\FYP\AlzVsStr\AlzVsStr\test\Stroke\aug_Stroke 2 (590).jpg,aug_Stroke 2 (590).jpg,Brain Disease,Stroke,test,1
C:\Users\hamza\Downloads\FYP\AlzVsStr\AlzVsStr\test\Stroke\aug_Stroke 2 (591).jpg,aug_Stroke 2 (591).jpg,Brain Disease,Stroke,test,1
C:\Users\hamza\Downloads\FYP\AlzVsStr\AlzVsStr\test\Stroke\aug_Stroke 2 (592).jpg,aug_Stroke 2 (592).jpg,Brain Disease,Stroke,test,1
C:\Users\hamza\Downloads\FYP\AlzVsStr\AlzVsStr\test\Stroke\aug_Stroke 2 (593).jpg,aug_Stroke 2 (593).jpg,Brain Disease,Stroke,test,1
C:\Users\hamza\Downloads\FYP\AlzVsStr\AlzVsStr\test\Stroke\aug_Stroke 2 (594).jpg,aug_Stroke 2 (594).jpg,Brain Disease,Stroke,test,1
C:\Users\hamza\Downloads\FYP\AlzVsStr\AlzVsStr\test\Stroke\aug_Stroke 2 (595).jpg,aug_Stroke 2 (595).jpg,Brain Disease,Stroke,test,1
C:\Users\hamza\Downloads\FYP\AlzVsStr\AlzVsStr\test\Stroke\aug_Stroke 2 (596).jpg,aug_Stroke 2 (596).jpg,Brain Disease,Stroke,test,1
C:\Users\hamza\Downloads\FYP\AlzVsStr\AlzVsStr\test\Stroke\aug_Stroke 2 (597).jpg,aug_Stroke 2 (597).jpg,Brain Disease,Stroke,test,1
C:\Users\hamza\Downloads\FYP\AlzVsStr\AlzVsStr\test\Stroke\aug_Stroke 2 (598).jpg,aug_Stroke 2 (598).jpg,Brain Disease,Stroke,test,1
C:\Users\hamza\Downloads\FYP\AlzVsStr\AlzVsStr\test\Stroke\aug_Stroke 2 (599).jpg,aug_Stroke 2 (599).jpg,Brain Disease,Stroke,test,1
C:\Users\hamza\Downloads\FYP\AlzVsStr\AlzVsStr\test\Stroke\aug_Stroke 2 (600).jpg,aug_Stroke 2 (600).jpg,Brain Disease,Stroke,test,1
C:\Users\hamza\Downloads\FYP\AlzVsStr\AlzVsStr\test\Stroke\aug_Stroke 2 (601).jpg,aug_Stroke 2 (601).jpg,Brain Disease,Stroke,test,1
C:\Users\hamza\Downloads\FYP\AlzVsStr\AlzVsStr\test\Stroke\aug_Stroke 2 (602).jpg,aug_Stroke 2 (602).jpg,Brain Disease,Stroke,test,1
C:\Users\hamza\Downloads\FYP\AlzVsStr\AlzVsStr\test\Stroke\aug_Stroke 2 (603).jpg,aug_Stroke 2 (603).jpg,Brain Disease,Stroke,test,1
C:\Users\hamza\Downloads\FYP\AlzVsStr\AlzVsStr\test\Stroke\aug_Stroke 2 (604).jpg,aug_Stroke 2 (604).jpg,Brain Disease,Stroke,test,1
C:\Users\hamza\Downloads\FYP\AlzVsStr\AlzVsStr\test\Stroke\aug_Stroke 2 (605).jpg,aug_Stroke 2 (605).jpg,Brain Disease,Stroke,test,1
C:\Users\hamza\Downloads\FYP\AlzVsStr\AlzVsStr\test\Stroke\aug_Stroke 2 (606).jpg,aug_Stroke 2 (606).jpg,Brain Disease,Stroke,test,1
C:\Users\hamza\Downloads\FYP\AlzVsStr\AlzVsStr\test\Stroke\aug_Stroke 2 (607).jpg,aug_Stroke 2 (607).jpg,Brain Disease,Stroke,test,1
C:\Users\hamza\Downloads\FYP\AlzVsStr\AlzVsStr\test\Stroke\aug_Stroke 2 (608).jpg,aug_Stroke 2 (608).jpg,Brain Disease,Stroke,test,1
C:\Users\hamza\Downloads\FYP\AlzVsStr\AlzVsStr\test\Stroke\aug_Stroke 2 (609).jpg,aug_Stroke 2 (609).jpg,Brain Disease,Stroke,test,1
C:\Users\hamza\Downloads\FYP\AlzVsStr\AlzVsStr\test\Stroke\aug_Stroke 2 (610).jpg,aug_Stroke 2 (610).jpg,Brain Disease,Stroke,test,1
C:\Users\hamza\Downloads\FYP\AlzVsStr\AlzVsStr\test\Stroke\aug_Stroke 2 (611).jpg,aug_Stroke 2 (611).jpg,Brain Disease,Stroke,test,1
C:\Users\hamza\Downloads\FYP\AlzVsStr\AlzVsStr\test\Stroke\aug_Stroke 2 (612).jpg,aug_Stroke 2 (612).jpg,Brain Disease,Stroke,test,1
C:\Users\hamza\Downloads\FYP\AlzVsStr\AlzVsStr\test\Stroke\aug_Stroke 2 (613).jpg,aug_Stroke 2 (613).jpg,Brain Disease,Stroke,test,1
C:\Users\hamza\Downloads\FYP\AlzVsStr\AlzVsStr\test\Stroke\aug_Stroke 2 (614).jpg,aug_Stroke 2 (614).jpg,Brain Disease,Stroke,test,1
C:\Users\hamza\Downloads\FYP\AlzVsStr\AlzVsStr\test\Stroke\aug_Stroke 2 (615).jpg,aug_Stroke 2 (615).jpg,Brain Disease,Stroke,test,1
C:\Users\hamza\Downloads\FYP\AlzVsStr\AlzVsStr\test\Stroke\aug_Stroke 2 (616).jpg,aug_Stroke 2 (616).jpg,Brain Disease,Stroke,test,1
C:\Users\hamza\Downloads\FYP\AlzVsStr\AlzVsStr\test\Stroke\aug_Stroke 2 (617).jpg,aug_Stroke 2 (617).jpg,Brain Disease,Stroke,test,1
C:\Users\hamza\Downloads\FYP\AlzVsStr\AlzVsStr\test\Stroke\aug_Stroke 2 (618).jpg,aug_Stroke 2 (618).jpg,Brain Disease,Stroke,test,1
C:\Users\hamza\Downloads\FYP\AlzVsStr\AlzVsStr\test\Stroke\aug_Stroke 2 (619).jpg,aug_Stroke 2 (619).jpg,Brain Disease,Stroke,test,1
C:\Users\hamza\Downloads\FYP\AlzVsStr\AlzVsStr\test\Stroke\aug_Stroke 2 (620).jpg,aug_Stroke 2 (620).jpg,Brain Disease,Stroke,test,1
C:\Users\hamza\Downloads\FYP\AlzVsStr\AlzVsStr\test\Stroke\aug_Stroke 2 (621).jpg,aug_Stroke 2 (621).jpg,Brain Disease,Stroke,test,1
C:\Users\hamza\Downloads\FYP\AlzVsStr\AlzVsStr\test\Stroke\aug_Stroke 2 (622).jpg,aug_Stroke 2 (622).jpg,Brain Disease,Stroke,test,1
C:\Users\hamza\Downloads\FYP\AlzVsStr\AlzVsStr\test\Stroke\aug_Stroke 2 (623).jpg,aug_Stroke 2 (623).jpg,Brain Disease,Stroke,test,1
C:\Users\hamza\Downloads\FYP\AlzVsStr\AlzVsStr\test\Stroke\aug_Stroke 2 (624).jpg,aug_Stroke 2 (624).jpg,Brain Disease,Stroke,test,1
C:\Users\hamza\Downloads\FYP\AlzVsStr\AlzVsStr\test\Stroke\aug_Stroke 2 (625).jpg,aug_Stroke 2 (625).jpg,Brain Disease,Stroke,test,1
C:\Users\hamza\Downloads\FYP\AlzVsStr\AlzVsStr\test\Stroke\aug_Stroke 2 (626).jpg,aug_Stroke 2 (626).jpg,Brain Disease,Stroke,test,1
C:\Users\hamza\Downloads\FYP\AlzVsStr\AlzVsStr\test\Stroke\aug_Stroke 2 (627).jpg,aug_Stroke 2 (627).jpg,Brain Disease,Stroke,test,1
C:\Users\hamza\Downloads\FYP\AlzVsStr\AlzVsStr\test\Stroke\aug_Stroke 2 (628).jpg,aug_Stroke 2 (628).jpg,Brain Disease,Stroke,test,1
C:\Users\hamza\Downloads\FYP\AlzVsStr\AlzVsStr\test\Stroke\aug_Stroke 2 (629).jpg,aug_Stroke 2 (629).jpg,Brain Disease,Stroke,test,1
C:\Users\hamza\Downloads\FYP\AlzVsStr\AlzVsStr\test\Stroke\aug_Stroke 2 (630).jpg,aug_Stroke 2 (630).jpg,Brain Disease,Stroke,test,1
C:\Users\hamza\Downloads\FYP\AlzVsStr\AlzVsStr\test\Stroke\aug_Stroke 2 (631).jpg,aug_Stroke 2 (631).jpg,Brain Disease,Stroke,test,1
C:\Users\hamza\Downloads\FYP\AlzVsStr\AlzVsStr\test\Stroke\aug_Stroke 2 (632).jpg,aug_Stroke 2 (632).jpg,Brain Disease,Stroke,test,1
C:\Users\hamza\Downloads\FYP\AlzVsStr\AlzVsStr\test\Stroke\aug_Stroke 2 (633).jpg,aug_Stroke 2 (633).jpg,Brain Disease,Stroke,test,1
C:\Users\hamza\Downloads\FYP\AlzVsStr\AlzVsStr\test\Stroke\aug_Stroke 2 (634).jpg,aug_Stroke 2 (634).jpg,Brain Disease,Stroke,test,1
C:\Users\hamza\Downloads\FYP\AlzVsStr\AlzVsStr\test\Stroke\aug_Stroke 2 (635).jpg,aug_Stroke 2 (635).jpg,Brain Disease,Stroke,test,1
C:\Users\hamza\Downloads\FYP\AlzVsStr\AlzVsStr\test\Stroke\aug_Stroke 2 (636).jpg,aug_Stroke 2 (636).jpg,Brain Disease,Stroke,test,1
C:\Users\hamza\Downloads\FYP\AlzVsStr\AlzVsStr\test\Stroke\aug_Stroke 2 (637).jpg,aug_Stroke 2 (637).jpg,Brain Disease,Stroke,test,1
C:\Users\hamza\Downloads\FYP\AlzVsStr\AlzVsStr\test\Stroke\aug_Stroke 2 (638).jpg,aug_Stroke 2 (638).jpg,Brain Disease,Stroke,test,1
C:\Users\hamza\Downloads\FYP\AlzVsStr\AlzVsStr\test\Stroke\aug_Stroke 2 (639).jpg,aug_Stroke 2 (639).jpg,Brain Disease,Stroke,test,1
C:\Users\hamza\Downloads\FYP\AlzVsStr\AlzVsStr\test\Stroke\aug_Stroke 2 (640).jpg,aug_Stroke 2 (640).jpg,Brain Disease,Stroke,test,1
C:\Users\hamza\Downloads\FYP\AlzVsStr\AlzVsStr\test\Stroke\aug_Stroke 2 (641).jpg,aug_Stroke 2 (641).jpg,Brain Disease,Stroke,test,1
C:\Users\hamza\Downloads\FYP\AlzVsStr\AlzVsStr\test\Stroke\aug_Stroke 2 (642).jpg,aug_Stroke 2 (642).jpg,Brain Disease,Stroke,test,1
C:\Users\hamza\Downloads\FYP\AlzVsStr\AlzVsStr\test\Stroke\aug_Stroke 2 (643).jpg,aug_Stroke 2 (643).jpg,Brain Disease,Stroke,test,1
C:\Users\hamza\Downloads\FYP\AlzVsStr\AlzVsStr\test\Stroke\aug_Stroke 2 (644).jpg,aug_Stroke 2 (644).jpg,Brain Disease,Stroke,test,1
C:\Users\hamza\Downloads\FYP\AlzVsStr\AlzVsStr\test\Stroke\aug_Stroke 2 (645).jpg,aug_Stroke 2 (645).jpg,Brain Disease,Stroke,test,1
C:\Users\hamza\Downloads\FYP\AlzVsStr\AlzVsStr\test\Stroke\aug_Stroke 2 (646).jpg,aug_Stroke 2 (646).jpg,Brain Disease,Stroke,test,1
C:\Users\hamza\Downloads\FYP\AlzVsStr\AlzVsStr\test\Stroke\aug_Stroke 2 (647).jpg,aug_Stroke 2 (647).jpg,Brain Disease,Stroke,test,1
C:\Users\hamza\Downloads\FYP\AlzVsStr\AlzVsStr\test\Stroke\aug_Stroke 2 (648).jpg,aug_Stroke 2 (648).jpg,Brain Disease,Stroke,test,1
C:\Users\hamza\Downloads\FYP\AlzVsStr\AlzVsStr\test\Stroke\aug_Stroke 2 (649).jpg,aug_Stroke 2 (649).jpg,Brain Disease,Stroke,test,1
C:\Users\hamza\Downloads\FYP\AlzVsStr\AlzVsStr\test\Stroke\aug_Stroke 2 (650).jpg,aug_Stroke 2 (650).jpg,Brain Disease,Stroke,test,1
C:\Users\hamza\Downloads\FYP\AlzVsStr\AlzVsStr\test\Stroke\Stroke 2 (451).jpg,Stroke 2 (451).jpg,Brain Disease,Stroke,test,1
C:\Users\hamza\Downloads\FYP\AlzVsStr\AlzVsStr\test\Stroke\Stroke 2 (452).jpg,Stroke 2 (452).jpg,Brain Disease,Stroke,test,1
C:\Users\hamza\Downloads\FYP\AlzVsStr\AlzVsStr\test\Stroke\Stroke 2 (453).jpg,Stroke 2 (453).jpg,Brain Disease,Stroke,test,1
C:\Users\hamza\Downloads\FYP\AlzVsStr\AlzVsStr\test\Stroke\Stroke 2 (454).jpg,Stroke 2 (454).jpg,Brain Disease,Stroke,test,1
C:\Users\hamza\Downloads\FYP\AlzVsStr\AlzVsStr\test\Stroke\Stroke 2 (455).jpg,Stroke 2 (455).jpg,Brain Disease,Stroke,test,1
C:\Users\hamza\Downloads\FYP\AlzVsStr\AlzVsStr\test\Stroke\Stroke 2 (456).jpg,Stroke 2 (456).jpg,Brain Disease,Stroke,test,1
C:\Users\hamza\Downloads\FYP\AlzVsStr\AlzVsStr\test\Stroke\Stroke 2 (457).jpg,Stroke 2 (457).jpg,Brain Disease,Stroke,test,1
C:\Users\hamza\Downloads\FYP\AlzVsStr\AlzVsStr\test\Stroke\Stroke 2 (458).jpg,Stroke 2 (458).jpg,Brain Disease,Stroke,test,1
C:\Users\hamza\Downloads\FYP\AlzVsStr\AlzVsStr\test\Stroke\Stroke 2 (459).jpg,Stroke 2 (459).jpg,Brain Disease,Stroke,test,1
C:\Users\hamza\Downloads\FYP\AlzVsStr\AlzVsStr\test\Stroke\Stroke 2 (460).jpg,Stroke 2 (460).jpg,Brain Disease,Stroke,test,1
C:\Users\hamza\Downloads\FYP\AlzVsStr\AlzVsStr\test\Stroke\Stroke 2 (461).jpg,Stroke 2 (461).jpg,Brain Disease,Stroke,test,1
C:\Users\hamza\Downloads\FYP\AlzVsStr\AlzVsStr\test\Stroke\Stroke 2 (462).jpg,Stroke 2 (462).jpg,Brain Disease,Stroke,test,1
C:\Users\hamza\Downloads\FYP\AlzVsStr\AlzVsStr\test\Stroke\Stroke 2 (463).jpg,Stroke 2 (463).jpg,Brain Disease,Stroke,test,1
C:\Users\hamza\Downloads\FYP\AlzVsStr\AlzVsStr\test\Stroke\Stroke 2 (464).jpg,Stroke 2 (464).jpg,Brain Disease,Stroke,test,1
C:\Users\hamza\Downloads\FYP\AlzVsStr\AlzVsStr\test\Stroke\Stroke 2 (465).jpg,Stroke 2 (465).jpg,Brain Disease,Stroke,test,1
C:\Users\hamza\Downloads\FYP\AlzVsStr\AlzVsStr\test\Stroke\Stroke 2 (466).jpg,Stroke 2 (466).jpg,Brain Disease,Stroke,test,1
C:\Users\hamza\Downloads\FYP\AlzVsStr\AlzVsStr\test\Stroke\Stroke 2 (467).jpg,Stroke 2 (467).jpg,Brain Disease,Stroke,test,1
C:\Users\hamza\Downloads\FYP\AlzVsStr\AlzVsStr\test\Stroke\Stroke 2 (468).jpg,Stroke 2 (468).jpg,Brain Disease,Stroke,test,1
C:\Users\hamza\Downloads\FYP\AlzVsStr\AlzVsStr\test\Stroke\Stroke 2 (469).jpg,Stroke 2 (469).jpg,Brain Disease,Stroke,test,1
C:\Users\hamza\Downloads\FYP\AlzVsStr\AlzVsStr\test\Stroke\Stroke 2 (470).jpg,Stroke 2 (470).jpg,Brain Disease,Stroke,test,1
C:\Users\hamza\Downloads\FYP\AlzVsStr\AlzVsStr\test\Stroke\Stroke 2 (471).jpg,Stroke 2 (471).jpg,Brain Disease,Stroke,test,1
C:\Users\hamza\Downloads\FYP\AlzVsStr\AlzVsStr\test\Stroke\Stroke 2 (472).jpg,Stroke 2 (472).jpg,Brain Disease,Stroke,test,1
C:\Users\hamza\Downloads\FYP\AlzVsStr\AlzVsStr\test\Stroke\Stroke 2 (473).jpg,Stroke 2 (473).jpg,Brain Disease,Stroke,test,1
C:\Users\hamza\Downloads\FYP\AlzVsStr\AlzVsStr\test\Stroke\Stroke 2 (474).jpg,Stroke 2 (474).jpg,Brain Disease,Stroke,test,1
C:\Users\hamza\Downloads\FYP\AlzVsStr\AlzVsStr\test\Stroke\Stroke 2 (475).jpg,Stroke 2 (475).jpg,Brain Disease,Stroke,test,1
C:\Users\hamza\Downloads\FYP\AlzVsStr\AlzVsStr\test\Stroke\Stroke 2 (476).jpg,Stroke 2 (476).jpg,Brain Disease,Stroke,test,1
C:\Users\hamza\Downloads\FYP\AlzVsStr\AlzVsStr\test\Stroke\Stroke 2 (477).jpg,Stroke 2 (477).jpg,Brain Disease,Stroke,test,1
C:\Users\hamza\Downloads\FYP\AlzVsStr\AlzVsStr\test\Stroke\Stroke 2 (478).jpg,Stroke 2 (478).jpg,Brain Disease,Stroke,test,1
C:\Users\hamza\Downloads\FYP\AlzVsStr\AlzVsStr\test\Stroke\Stroke 2 (479).jpg,Stroke 2 (479).jpg,Brain Disease,Stroke,test,1
C:\Users\hamza\Downloads\FYP\AlzVsStr\AlzVsStr\test\Stroke\Stroke 2 (480).jpg,Stroke 2 (480).jpg,Brain Disease,Stroke,test,1
C:\Users\hamza\Downloads\FYP\AlzVsStr\AlzVsStr\test\Stroke\Stroke 2 (481).jpg,Stroke 2 (481).jpg,Brain Disease,Stroke,test,1
C:\Users\hamza\Downloads\FYP\AlzVsStr\AlzVsStr\test\Stroke\Stroke 2 (482).jpg,Stroke 2 (482).jpg,Brain Disease,Stroke,test,1
C:\Users\hamza\Downloads\FYP\AlzVsStr\AlzVsStr\test\Stroke\Stroke 2 (483).jpg,Stroke 2 (483).jpg,Brain Disease,Stroke,test,1
C:\Users\hamza\Downloads\FYP\AlzVsStr\AlzVsStr\test\Stroke\Stroke 2 (484).jpg,Stroke 2 (484).jpg,Brain Disease,Stroke,test,1
C:\Users\hamza\Downloads\FYP\AlzVsStr\AlzVsStr\test\Stroke\Stroke 2 (485).jpg,Stroke 2 (485).jpg,Brain Disease,Stroke,test,1
C:\Users\hamza\Downloads\FYP\AlzVsStr\AlzVsStr\test\Stroke\Stroke 2 (486).jpg,Stroke 2 (486).jpg,Brain Disease,Stroke,test,1
C:\Users\hamza\Downloads\FYP\AlzVsStr\AlzVsStr\test\Stroke\Stroke 2 (487).jpg,Stroke 2 (487).jpg,Brain Disease,Stroke,test,1
C:\Users\hamza\Downloads\FYP\AlzVsStr\AlzVsStr\test\Stroke\Stroke 2 (488).jpg,Stroke 2 (488).jpg,Brain Disease,Stroke,test,1
C:\Users\hamza\Downloads\FYP\AlzVsStr\AlzVsStr\test\Stroke\Stroke 2 (489).jpg,Stroke 2 (489).jpg,Brain Disease,Stroke,test,1
C:\Users\hamza\Downloads\FYP\AlzVsStr\AlzVsStr\test\Stroke\Stroke 2 (490).jpg,Stroke 2 (490).jpg,Brain Disease,Stroke,test,1
C:\Users\hamza\Downloads\FYP\AlzVsStr\AlzVsStr\test\Stroke\Stroke 2 (491).jpg,Stroke 2 (491).jpg,Brain Disease,Stroke,test,1
C:\Users\hamza\Downloads\FYP\AlzVsStr\AlzVsStr\test\Stroke\Stroke 2 (492).jpg,Stroke 2 (492).jpg,Brain Disease,Stroke,test,1
C:\Users\hamza\Downloads\FYP\AlzVsStr\AlzVsStr\test\Stroke\Stroke 2 (493).jpg,Stroke 2 (493).jpg,Brain Disease,Stroke,test,1
C:\Users\hamza\Downloads\FYP\AlzVsStr\AlzVsStr\test\Stroke\Stroke 2 (494).jpg,Stroke 2 (494).jpg,Brain Disease,Stroke,test,1
C:\Users\hamza\Downloads\FYP\AlzVsStr\AlzVsStr\test\Stroke\Stroke 2 (495).jpg,Stroke 2 (495).jpg,Brain Disease,Stroke,test,1
C:\Users\hamza\Downloads\FYP\AlzVsStr\AlzVsStr\test\Stroke\Stroke 2 (496).jpg,Stroke 2 (496).jpg,Brain Disease,Stroke,test,1
C:\Users\hamza\Downloads\FYP\AlzVsStr\AlzVsStr\test\Stroke\Stroke 2 (497).jpg,Stroke 2 (497).jpg,Brain Disease,Stroke,test,1
C:\Users\hamza\Downloads\FYP\AlzVsStr\AlzVsStr\test\Stroke\Stroke 2 (498).jpg,Stroke 2 (498).jpg,Brain Disease,Stroke,test,1
C:\Users\hamza\Downloads\FYP\AlzVsStr\AlzVsStr\test\Stroke\Stroke 2 (499).jpg,Stroke 2 (499).jpg,Brain Disease,Stroke,test,1
C:\Users\hamza\Downloads\FYP\AlzVsStr\AlzVsStr\test\Stroke\Stroke 2 (500).jpg,Stroke 2 (500).jpg,Brain Disease,Stroke,test,1
C:\Users\hamza\Downloads\FYP\AlzVsStr\AlzVsStr\test\Stroke\Stroke 2 (501).jpg,Stroke 2 (501).jpg,Brain Disease,Stroke,test,1
C:\Users\hamza\Downloads\FYP\AlzVsStr\AlzVsStr\test\Stroke\Stroke 2 (502).jpg,Stroke 2 (502).jpg,Brain Disease,Stroke,test,1
C:\Users\hamza\Downloads\FYP\AlzVsStr\AlzVsStr\test\Stroke\Stroke 2 (503).jpg,Stroke 2 (503).jpg,Brain Disease,Stroke,test,1
C:\Users\hamza\Downloads\FYP\AlzVsStr\AlzVsStr\test\Stroke\Stroke 2 (504).jpg,Stroke 2 (504).jpg,Brain Disease,Stroke,test,1
C:\Users\hamza\Downloads\FYP\AlzVsStr\AlzVsStr\test\Stroke\Stroke 2 (505).jpg,Stroke 2 (505).jpg,Brain Disease,Stroke,test,1
C:\Users\hamza\Downloads\FYP\AlzVsStr\AlzVsStr\test\Stroke\Stroke 2 (506).jpg,Stroke 2 (506).jpg,Brain Disease,Stroke,test,1
C:\Users\hamza\Downloads\FYP\AlzVsStr\AlzVsStr\test\Stroke\Stroke 2 (507).jpg,Stroke 2 (507).jpg,Brain Disease,Stroke,test,1
C:\Users\hamza\Downloads\FYP\AlzVsStr\AlzVsStr\test\Stroke\Stroke 2 (508).jpg,Stroke 2 (508).jpg,Brain Disease,Stroke,test,1
C:\Users\hamza\Downloads\FYP\AlzVsStr\AlzVsStr\test\Stroke\Stroke 2 (509).jpg,Stroke 2 (509).jpg,Brain Disease,Stroke,test,1
C:\Users\hamza\Downloads\FYP\AlzVsStr\AlzVsStr\test\Stroke\Stroke 2 (510).jpg,Stroke 2 (510).jpg,Brain Disease,Stroke,test,1
C:\Users\hamza\Downloads\FYP\AlzVsStr\AlzVsStr\test\Stroke\Stroke 2 (511).jpg,Stroke 2 (511).jpg,Brain Disease,Stroke,test,1
C:\Users\hamza\Downloads\FYP\AlzVsStr\AlzVsStr\test\Stroke\Stroke 2 (512).jpg,Stroke 2 (512).jpg,Brain Disease,Stroke,test,1
C:\Users\hamza\Downloads\FYP\AlzVsStr\AlzVsStr\test\Stroke\Stroke 2 (513).jpg,Stroke 2 (513).jpg,Brain Disease,Stroke,test,1
C:\Users\hamza\Downloads\FYP\AlzVsStr\AlzVsStr\test\Stroke\Stroke 2 (514).jpg,Stroke 2 (514).jpg,Brain Disease,Stroke,test,1
C:\Users\hamza\Downloads\FYP\AlzVsStr\AlzVsStr\test\Stroke\Stroke 2 (515).jpg,Stroke 2 (515).jpg,Brain Disease,Stroke,test,1
C:\Users\hamza\Downloads\FYP\AlzVsStr\AlzVsStr\test\Stroke\Stroke 2 (516).jpg,Stroke 2 (516).jpg,Brain Disease,Stroke,test,1
C:\Users\hamza\Downloads\FYP\AlzVsStr\AlzVsStr\test\Stroke\Stroke 2 (517).jpg,Stroke 2 (517).jpg,Brain Disease,Stroke,test,1
C:\Users\hamza\Downloads\FYP\AlzVsStr\AlzVsStr\test\Stroke\Stroke 2 (518).jpg,Stroke 2 (518).jpg,Brain Disease,Stroke,test,1
C:\Users\hamza\Downloads\FYP\AlzVsStr\AlzVsStr\test\Stroke\Stroke 2 (519).jpg,Stroke 2 (519).jpg,Brain Disease,Stroke,test,1
C:\Users\hamza\Downloads\FYP\AlzVsStr\AlzVsStr\test\Stroke\Stroke 2 (520).jpg,Stroke 2 (520).jpg,Brain Disease,Stroke,test,1
C:\Users\hamza\Downloads\FYP\AlzVsStr\AlzVsStr\test\Stroke\Stroke 2 (521).jpg,Stroke 2 (521).jpg,Brain Disease,Stroke,test,1
C:\Users\hamza\Downloads\FYP\AlzVsStr\AlzVsStr\test\Stroke\Stroke 2 (522).jpg,Stroke 2 (522).jpg,Brain Disease,Stroke,test,1
C:\Users\hamza\Downloads\FYP\AlzVsStr\AlzVsStr\test\Stroke\Stroke 2 (523).jpg,Stroke 2 (523).jpg,Brain Disease,Stroke,test,1
C:\Users\hamza\Downloads\FYP\AlzVsStr\AlzVsStr\test\Stroke\Stroke 2 (524).jpg,Stroke 2 (524).jpg,Brain Disease,Stroke,test,1
C:\Users\hamza\Downloads\FYP\AlzVsStr\AlzVsStr\test\Stroke\Stroke 2 (525).jpg,Stroke 2 (525).jpg,Brain Disease,Stroke,test,1
C:\Users\hamza\Downloads\FYP\AlzVsStr\AlzVsStr\test\Stroke\Stroke 2 (526).jpg,Stroke 2 (526).jpg,Brain Disease,Stroke,test,1
C:\Users\hamza\Downloads\FYP\AlzVsStr\AlzVsStr\test\Stroke\Stroke 2 (527).jpg,Stroke 2 (527).jpg,Brain Disease,Stroke,test,1
C:\Users\hamza\Downloads\FYP\AlzVsStr\AlzVsStr\test\Stroke\Stroke 2 (528).jpg,Stroke 2 (528).jpg,Brain Disease,Stroke,test,1
C:\Users\hamza\Downloads\FYP\AlzVsStr\AlzVsStr\test\Stroke\Stroke 2 (529).jpg,Stroke 2 (529).jpg,Brain Disease,Stroke,test,1
C:\Users\hamza\Downloads\FYP\AlzVsStr\AlzVsStr\test\Stroke\Stroke 2 (530).jpg,Stroke 2 (530).jpg,Brain Disease,Stroke,test,1
C:\Users\hamza\Downloads\FYP\AlzVsStr\AlzVsStr\test\Stroke\Stroke 2 (531).jpg,Stroke 2 (531).jpg,Brain Disease,Stroke,test,1
C:\Users\hamza\Downloads\FYP\AlzVsStr\AlzVsStr\test\Stroke\Stroke 2 (532).jpg,Stroke 2 (532).jpg,Brain Disease,Stroke,test,1
C:\Users\hamza\Downloads\FYP\AlzVsStr\AlzVsStr\test\Stroke\Stroke 2 (533).jpg,Stroke 2 (533).jpg,Brain Disease,Stroke,test,1
C:\Users\hamza\Downloads\FYP\AlzVsStr\AlzVsStr\test\Stroke\Stroke 2 (534).jpg,Stroke 2 (534).jpg,Brain Disease,Stroke,test,1
C:\Users\hamza\Downloads\FYP\AlzVsStr\AlzVsStr\test\Stroke\Stroke 2 (535).jpg,Stroke 2 (535).jpg,Brain Disease,Stroke,test,1
C:\Users\hamza\Downloads\FYP\AlzVsStr\AlzVsStr\test\Stroke\Stroke 2 (536).jpg,Stroke 2 (536).jpg,Brain Disease,Stroke,test,1
C:\Users\hamza\Downloads\FYP\AlzVsStr\AlzVsStr\test\Stroke\Stroke 2 (537).jpg,Stroke 2 (537).jpg,Brain Disease,Stroke,test,1
C:\Users\hamza\Downloads\FYP\AlzVsStr\AlzVsStr\test\Stroke\Stroke 2 (538).jpg,Stroke 2 (538).jpg,Brain Disease,Stroke,test,1
C:\Users\hamza\Downloads\FYP\AlzVsStr\AlzVsStr\test\Stroke\Stroke 2 (539).jpg,Stroke 2 (539).jpg,Brain Disease,Stroke,test,1
C:\Users\hamza\Downloads\FYP\AlzVsStr\AlzVsStr\test\Stroke\Stroke 2 (540).jpg,Stroke 2 (540).jpg,Brain Disease,Stroke,test,1
C:\Users\hamza\Downloads\FYP\AlzVsStr\AlzVsStr\test\Stroke\Stroke 2 (541).jpg,Stroke 2 (541).jpg,Brain Disease,Stroke,test,1
C:\Users\hamza\Downloads\FYP\AlzVsStr\AlzVsStr\test\Stroke\Stroke 2 (542).jpg,Stroke 2 (542).jpg,Brain Disease,Stroke,test,1
C:\Users\hamza\Downloads\FYP\AlzVsStr\AlzVsStr\test\Stroke\Stroke 2 (543).jpg,Stroke 2 (543).jpg,Brain Disease,Stroke,test,1
C:\Users\hamza\Downloads\FYP\AlzVsStr\AlzVsStr\test\Stroke\Stroke 2 (544).jpg,Stroke 2 (544).jpg,Brain Disease,Stroke,test,1
C:\Users\hamza\Downloads\FYP\AlzVsStr\AlzVsStr\test\Stroke\Stroke 2 (545).jpg,Stroke 2 (545).jpg,Brain Disease,Stroke,test,1
C:\Users\hamza\Downloads\FYP\AlzVsStr\AlzVsStr\test\Stroke\Stroke 2 (546).jpg,Stroke 2 (546).jpg,Brain Disease,Stroke,test,1
C:\Users\hamza\Downloads\FYP\AlzVsStr\AlzVsStr\test\Stroke\Stroke 2 (547).jpg,Stroke 2 (547).jpg,Brain Disease,Stroke,test,1
C:\Users\hamza\Downloads\FYP\AlzVsStr\AlzVsStr\test\Stroke\Stroke 2 (548).jpg,Stroke 2 (548).jpg,Brain Disease,Stroke,test,1
C:\Users\hamza\Downloads\FYP\AlzVsStr\AlzVsStr\test\Stroke\Stroke 2 (549).jpg,Stroke 2 (549).jpg,Brain Disease,Stroke,test,1
C:\Users\hamza\Downloads\FYP\AlzVsStr\AlzVsStr\test\Stroke\Stroke 2 (550).jpg,Stroke 2 (550).jpg,Brain Disease,Stroke,test,1
C:\Users\hamza\Downloads\FYP\AlzVsStr\AlzVsStr\test\Stroke\Stroke 2 (551).jpg,Stroke 2 (551).jpg,Brain Disease,Stroke,test,1
C:\Users\hamza\Downloads\FYP\AlzVsStr\AlzVsStr\test\Stroke\Stroke 2 (552).jpg,Stroke 2 (552).jpg,Brain Disease,Stroke,test,1
C:\Users\hamza\Downloads\FYP\AlzVsStr\AlzVsStr\test\Stroke\Stroke 2 (553).jpg,Stroke 2 (553).jpg,Brain Disease,Stroke,test,1
C:\Users\hamza\Downloads\FYP\AlzVsStr\AlzVsStr\test\Stroke\Stroke 2 (554).jpg,Stroke 2 (554).jpg,Brain Disease,Stroke,test,1
C:\Users\hamza\Downloads\FYP\AlzVsStr\AlzVsStr\test\Stroke\Stroke 2 (555).jpg,Stroke 2 (555).jpg,Brain Disease,Stroke,test,1
C:\Users\hamza\Downloads\FYP\AlzVsStr\AlzVsStr\test\Stroke\Stroke 2 (556).jpg,Stroke 2 (556).jpg,Brain Disease,Stroke,test,1
C:\Users\hamza\Downloads\FYP\AlzVsStr\AlzVsStr\test\Stroke\Stroke 2 (557).jpg,Stroke 2 (557).jpg,Brain Disease,Stroke,test,1
C:\Users\hamza\Downloads\FYP\AlzVsStr\AlzVsStr\test\Stroke\Stroke 2 (558).jpg,Stroke 2 (558).jpg,Brain Disease,Stroke,test,1
C:\Users\hamza\Downloads\FYP\AlzVsStr\AlzVsStr\test\Stroke\Stroke 2 (559).jpg,Stroke 2 (559).jpg,Brain Disease,Stroke,test,1
C:\Users\hamza\Downloads\FYP\AlzVsStr\AlzVsStr\test\Stroke\Stroke 2 (560).jpg,Stroke 2 (560).jpg,Brain Disease,Stroke,test,1
C:\Users\hamza\Downloads\FYP\AlzVsStr\AlzVsStr\test\Stroke\Stroke 2 (561).jpg,Stroke 2 (561).jpg,Brain Disease,Stroke,test,1
C:\Users\hamza\Downloads\FYP\AlzVsStr\AlzVsStr\test\Stroke\Stroke 2 (562).jpg,Stroke 2 (562).jpg,Brain Disease,Stroke,test,1
C:\Users\hamza\Downloads\FYP\AlzVsStr\AlzVsStr\test\Stroke\Stroke 2 (563).jpg,Stroke 2 (563).jpg,Brain Disease,Stroke,test,1
C:\Users\hamza\Downloads\FYP\AlzVsStr\AlzVsStr\test\Stroke\Stroke 2 (564).jpg,Stroke 2 (564).jpg,Brain Disease,Stroke,test,1
C:\Users\hamza\Downloads\FYP\AlzVsStr\AlzVsStr\test\Stroke\Stroke 2 (565).jpg,Stroke 2 (565).jpg,Brain Disease,Stroke,test,1
C:\Users\hamza\Downloads\FYP\AlzVsStr\AlzVsStr\test\Stroke\Stroke 2 (566).jpg,Stroke 2 (566).jpg,Brain Disease,Stroke,test,1
C:\Users\hamza\Downloads\FYP\AlzVsStr\AlzVsStr\test\Stroke\Stroke 2 (567).jpg,Stroke 2 (567).jpg,Brain Disease,Stroke,test,1
C:\Users\hamza\Downloads\FYP\AlzVsStr\AlzVsStr\test\Stroke\Stroke 2 (568).jpg,Stroke 2 (568).jpg,Brain Disease,Stroke,test,1
C:\Users\hamza\Downloads\FYP\AlzVsStr\AlzVsStr\test\Stroke\Stroke 2 (569).jpg,Stroke 2 (569).jpg,Brain Disease,Stroke,test,1
C:\Users\hamza\Downloads\FYP\AlzVsStr\AlzVsStr\test\Stroke\Stroke 2 (570).jpg,Stroke 2 (570).jpg,Brain Disease,Stroke,test,1
C:\Users\hamza\Downloads\FYP\AlzVsStr\AlzVsStr\test\Stroke\Stroke 2 (571).jpg,Stroke 2 (571).jpg,Brain Disease,Stroke,test,1
C:\Users\hamza\Downloads\FYP\AlzVsStr\AlzVsStr\test\Stroke\Stroke 2 (572).jpg,Stroke 2 (572).jpg,Brain Disease,Stroke,test,1
C:\Users\hamza\Downloads\FYP\AlzVsStr\AlzVsStr\test\Stroke\Stroke 2 (573).jpg,Stroke 2 (573).jpg,Brain Disease,Stroke,test,1
C:\Users\hamza\Downloads\FYP\AlzVsStr\AlzVsStr\test\Stroke\Stroke 2 (574).jpg,Stroke 2 (574).jpg,Brain Disease,Stroke,test,1
C:\Users\hamza\Downloads\FYP\AlzVsStr\AlzVsStr\test\Stroke\Stroke 2 (575).jpg,Stroke 2 (575).jpg,Brain Disease,Stroke,test,1
C:\Users\hamza\Downloads\FYP\AlzVsStr\AlzVsStr\test\Stroke\Stroke 2 (576).jpg,Stroke 2 (576).jpg,Brain Disease,Stroke,test,1
C:\Users\hamza\Downloads\FYP\AlzVsStr\AlzVsStr\test\Stroke\Stroke 2 (577).jpg,Stroke 2 (577).jpg,Brain Disease,Stroke,test,1
C:\Users\hamza\Downloads\FYP\AlzVsStr\AlzVsStr\test\Stroke\Stroke 2 (578).jpg,Stroke 2 (578).jpg,Brain Disease,Stroke,test,1
C:\Users\hamza\Downloads\FYP\AlzVsStr\AlzVsStr\test\Stroke\Stroke 2 (579).jpg,Stroke 2 (579).jpg,Brain Disease,Stroke,test,1
C:\Users\hamza\Downloads\FYP\AlzVsStr\AlzVsStr\test\Stroke\Stroke 2 (580).jpg,Stroke 2 (580).jpg,Brain Disease,Stroke,test,1
C:\Users\hamza\Downloads\FYP\AlzVsStr\AlzVsStr\test\Stroke\Stroke 2 (581).jpg,Stroke 2 (581).jpg,Brain Disease,Stroke,test,1
C:\Users\hamza\Downloads\FYP\AlzVsStr\AlzVsStr\test\Stroke\Stroke 2 (582).jpg,Stroke 2 (582).jpg,Brain Disease,Stroke,test,1
C:\Users\hamza\Downloads\FYP\AlzVsStr\AlzVsStr\test\Stroke\Stroke 2 (583).jpg,Stroke 2 (583).jpg,Brain Disease,Stroke,test,1
C:\Users\hamza\Downloads\FYP\AlzVsStr\AlzVsStr\test\Stroke\Stroke 2 (584).jpg,Stroke 2 (584).jpg,Brain Disease,Stroke,test,1
C:\Users\hamza\Downloads\FYP\AlzVsStr\AlzVsStr\test\Stroke\Stroke 2 (585).jpg,Stroke 2 (585).jpg,Brain Disease,Stroke,test,1
C:\Users\hamza\Downloads\FYP\AlzVsStr\AlzVsStr\test\Stroke\Stroke 2 (586).jpg,Stroke 2 (586).jpg,Brain Disease,Stroke,test,1
C:\Users\hamza\Downloads\FYP\AlzVsStr\AlzVsStr\test\Stroke\Stroke 2 (587).jpg,Stroke 2 (587).jpg,Brain Disease,Stroke,test,1
C:\Users\hamza\Downloads\FYP\AlzVsStr\AlzVsStr\test\Stroke\Stroke 2 (588).jpg,Stroke 2 (588).jpg,Brain Disease,Stroke,test,1
C:\Users\hamza\Downloads\FYP\AlzVsStr\AlzVsStr\test\Stroke\Stroke 2 (589).jpg,Stroke 2 (589).jpg,Brain Disease,Stroke,test,1
C:\Users\hamza\Downloads\FYP\AlzVsStr\AlzVsStr\test\Stroke\Stroke 2 (590).jpg,Stroke 2 (590).jpg,Brain Disease,Stroke,test,1
C:\Users\hamza\Downloads\FYP\AlzVsStr\AlzVsStr\test\Stroke\Stroke 2 (591).jpg,Stroke 2 (591).jpg,Brain Disease,Stroke,test,1
C:\Users\hamza\Downloads\FYP\AlzVsStr\AlzVsStr\test\Stroke\Stroke 2 (592).jpg,Stroke 2 (592).jpg,Brain Disease,Stroke,test,1
C:\Users\hamza\Downloads\FYP\AlzVsStr\AlzVsStr\test\Stroke\Stroke 2 (593).jpg,Stroke 2 (593).jpg,Brain Disease,Stroke,test,1
C:\Users\hamza\Downloads\FYP\AlzVsStr\AlzVsStr\test\Stroke\Stroke 2 (594).jpg,Stroke 2 (594).jpg,Brain Disease,Stroke,test,1
C:\Users\hamza\Downloads\FYP\AlzVsStr\AlzVsStr\test\Stroke\Stroke 2 (595).jpg,Stroke 2 (595).jpg,Brain Disease,Stroke,test,1
C:\Users\hamza\Downloads\FYP\AlzVsStr\AlzVsStr\test\Stroke\Stroke 2 (596).jpg,Stroke 2 (596).jpg,Brain Disease,Stroke,test,1
C:\Users\hamza\Downloads\FYP\AlzVsStr\AlzVsStr\test\Stroke\Stroke 2 (597).jpg,Stroke 2 (597).jpg,Brain Disease,Stroke,test,1
C:\Users\hamza\Downloads\FYP\AlzVsStr\AlzVsStr\test\Stroke\Stroke 2 (598).jpg,Stroke 2 (598).jpg,Brain Disease,Stroke,test,1
C:\Users\hamza\Downloads\FYP\AlzVsStr\AlzVsStr\test\Stroke\Stroke 2 (599).jpg,Stroke 2 (599).jpg,Brain Disease,Stroke,test,1
C:\Users\hamza\Downloads\FYP\AlzVsStr\AlzVsStr\test\Stroke\Stroke 2 (600).jpg,Stroke 2 (600).jpg,Brain Disease,Stroke,test,1
C:\Users\hamza\Downloads\FYP\AlzVsStr\AlzVsStr\test\Stroke\Stroke 2 (601).jpg,Stroke 2 (601).jpg,Brain Disease,Stroke,test,1
C:\Users\hamza\Downloads\FYP\AlzVsStr\AlzVsStr\test\Stroke\Stroke 2 (602).jpg,Stroke 2 (602).jpg,Brain Disease,Stroke,test,1
C:\Users\hamza\Downloads\FYP\AlzVsStr\AlzVsStr\test\Stroke\Stroke 2 (603).jpg,Stroke 2 (603).jpg,Brain Disease,Stroke,test,1
C:\Users\hamza\Downloads\FYP\AlzVsStr\AlzVsStr\test\Stroke\Stroke 2 (604).jpg,Stroke 2 (604).jpg,Brain Disease,Stroke,test,1
C:\Users\hamza\Downloads\FYP\AlzVsStr\AlzVsStr\test\Stroke\Stroke 2 (605).jpg,Stroke 2 (605).jpg,Brain Disease,Stroke,test,1
C:\Users\hamza\Downloads\FYP\AlzVsStr\AlzVsStr\test\Stroke\Stroke 2 (606).jpg,Stroke 2 (606).jpg,Brain Disease,Stroke,test,1
C:\Users\hamza\Downloads\FYP\AlzVsStr\AlzVsStr\test\Stroke\Stroke 2 (607).jpg,Stroke 2 (607).jpg,Brain Disease,Stroke,test,1
C:\Users\hamza\Downloads\FYP\AlzVsStr\AlzVsStr\test\Stroke\Stroke 2 (608).jpg,Stroke 2 (608).jpg,Brain Disease,Stroke,test,1
C:\Users\hamza\Downloads\FYP\AlzVsStr\AlzVsStr\test\Stroke\Stroke 2 (609).jpg,Stroke 2 (609).jpg,Brain Disease,Stroke,test,1
C:\Users\hamza\Downloads\FYP\AlzVsStr\AlzVsStr\test\Stroke\Stroke 2 (610).jpg,Stroke 2 (610).jpg,Brain Disease,Stroke,test,1
C:\Users\hamza\Downloads\FYP\AlzVsStr\AlzVsStr\test\Stroke\Stroke 2 (611).jpg,Stroke 2 (611).jpg,Brain Disease,Stroke,test,1
C:\Users\hamza\Downloads\FYP\AlzVsStr\AlzVsStr\test\Stroke\Stroke 2 (612).jpg,Stroke 2 (612).jpg,Brain Disease,Stroke,test,1
C:\Users\hamza\Downloads\FYP\AlzVsStr\AlzVsStr\test\Stroke\Stroke 2 (613).jpg,Stroke 2 (613).jpg,Brain Disease,Stroke,test,1
C:\Users\hamza\Downloads\FYP\AlzVsStr\AlzVsStr\test\Stroke\Stroke 2 (614).jpg,Stroke 2 (614).jpg,Brain Disease,Stroke,test,1
C:\Users\hamza\Downloads\FYP\AlzVsStr\AlzVsStr\test\Stroke\Stroke 2 (615).jpg,Stroke 2 (615).jpg,Brain Disease,Stroke,test,1
C:\Users\hamza\Downloads\FYP\AlzVsStr\AlzVsStr\test\Stroke\Stroke 2 (616).jpg,Stroke 2 (616).jpg,Brain Disease,Stroke,test,1
C:\Users\hamza\Downloads\FYP\AlzVsStr\AlzVsStr\test\Stroke\Stroke 2 (617).jpg,Stroke 2 (617).jpg,Brain Disease,Stroke,test,1
C:\Users\hamza\Downloads\FYP\AlzVsStr\AlzVsStr\test\Stroke\Stroke 2 (618).jpg,Stroke 2 (618).jpg,Brain Disease,Stroke,test,1
C:\Users\hamza\Downloads\FYP\AlzVsStr\AlzVsStr\test\Stroke\Stroke 2 (619).jpg,Stroke 2 (619).jpg,Brain Disease,Stroke,test,1
C:\Users\hamza\Downloads\FYP\AlzVsStr\AlzVsStr\test\Stroke\Stroke 2 (620).jpg,Stroke 2 (620).jpg,Brain Disease,Stroke,test,1
C:\Users\hamza\Downloads\FYP\AlzVsStr\AlzVsStr\test\Stroke\Stroke 2 (621).jpg,Stroke 2 (621).jpg,Brain Disease,Stroke,test,1
C:\Users\hamza\Downloads\FYP\AlzVsStr\AlzVsStr\test\Stroke\Stroke 2 (622).jpg,Stroke 2 (622).jpg,Brain Disease,Stroke,test,1
C:\Users\hamza\Downloads\FYP\AlzVsStr\AlzVsStr\test\Stroke\Stroke 2 (623).jpg,Stroke 2 (623).jpg,Brain Disease,Stroke,test,1
C:\Users\hamza\Downloads\FYP\AlzVsStr\AlzVsStr\test\Stroke\Stroke 2 (624).jpg,Stroke 2 (624).jpg,Brain Disease,Stroke,test,1
C:\Users\hamza\Downloads\FYP\AlzVsStr\AlzVsStr\test\Stroke\Stroke 2 (625).jpg,Stroke 2 (625).jpg,Brain Disease,Stroke,test,1
C:\Users\hamza\Downloads\FYP\AlzVsStr\AlzVsStr\test\Stroke\Stroke 2 (626).jpg,Stroke 2 (626).jpg,Brain Disease,Stroke,test,1
C:\Users\hamza\Downloads\FYP\AlzVsStr\AlzVsStr\test\Stroke\Stroke 2 (627).jpg,Stroke 2 (627).jpg,Brain Disease,Stroke,test,1
C:\Users\hamza\Downloads\FYP\AlzVsStr\AlzVsStr\test\Stroke\Stroke 2 (628).jpg,Stroke 2 (628).jpg,Brain Disease,Stroke,test,1
C:\Users\hamza\Downloads\FYP\AlzVsStr\AlzVsStr\test\Stroke\Stroke 2 (629).jpg,Stroke 2 (629).jpg,Brain Disease,Stroke,test,1
C:\Users\hamza\Downloads\FYP\AlzVsStr\AlzVsStr\test\Stroke\Stroke 2 (630).jpg,Stroke 2 (630).jpg,Brain Disease,Stroke,test,1
C:\Users\hamza\Downloads\FYP\AlzVsStr\AlzVsStr\test\Stroke\Stroke 2 (631).jpg,Stroke 2 (631).jpg,Brain Disease,Stroke,test,1
C:\Users\hamza\Downloads\FYP\AlzVsStr\AlzVsStr\test\Stroke\Stroke 2 (632).jpg,Stroke 2 (632).jpg,Brain Disease,Stroke,test,1
C:\Users\hamza\Downloads\FYP\AlzVsStr\AlzVsStr\test\Stroke\Stroke 2 (633).jpg,Stroke 2 (633).jpg,Brain Disease,Stroke,test,1
C:\Users\hamza\Downloads\FYP\AlzVsStr\AlzVsStr\test\Stroke\Stroke 2 (634).jpg,Stroke 2 (634).jpg,Brain Disease,Stroke,test,1
C:\Users\hamza\Downloads\FYP\AlzVsStr\AlzVsStr\test\Stroke\Stroke 2 (635).jpg,Stroke 2 (635).jpg,Brain Disease,Stroke,test,1
C:\Users\hamza\Downloads\FYP\AlzVsStr\AlzVsStr\test\Stroke\Stroke 2 (636).jpg,Stroke 2 (636).jpg,Brain Disease,Stroke,test,1
C:\Users\hamza\Downloads\FYP\AlzVsStr\AlzVsStr\test\Stroke\Stroke 2 (637).jpg,Stroke 2 (637).jpg,Brain Disease,Stroke,test,1
C:\Users\hamza\Downloads\FYP\AlzVsStr\AlzVsStr\test\Stroke\Stroke 2 (638).jpg,Stroke 2 (638).jpg,Brain Disease,Stroke,test,1
C:\Users\hamza\Downloads\FYP\AlzVsStr\AlzVsStr\test\Stroke\Stroke 2 (639).jpg,Stroke 2 (639).jpg,Brain Disease,Stroke,test,1
C:\Users\hamza\Downloads\FYP\AlzVsStr\AlzVsStr\test\Stroke\Stroke 2 (640).jpg,Stroke 2 (640).jpg,Brain Disease,Stroke,test,1
C:\Users\hamza\Downloads\FYP\AlzVsStr\AlzVsStr\test\Stroke\Stroke 2 (641).jpg,Stroke 2 (641).jpg,Brain Disease,Stroke,test,1
C:\Users\hamza\Downloads\FYP\AlzVsStr\AlzVsStr\test\Stroke\Stroke 2 (642).jpg,Stroke 2 (642).jpg,Brain Disease,Stroke,test,1
C:\Users\hamza\Downloads\FYP\AlzVsStr\AlzVsStr\test\Stroke\Stroke 2 (643).jpg,Stroke 2 (643).jpg,Brain Disease,Stroke,test,1
C:\Users\hamza\Downloads\FYP\AlzVsStr\AlzVsStr\test\Stroke\Stroke 2 (644).jpg,Stroke 2 (644).jpg,Brain Disease,Stroke,test,1
C:\Users\hamza\Downloads\FYP\AlzVsStr\AlzVsStr\test\Stroke\Stroke 2 (645).jpg,Stroke 2 (645).jpg,Brain Disease,Stroke,test,1
C:\Users\hamza\Downloads\FYP\AlzVsStr\AlzVsStr\test\Stroke\Stroke 2 (646).jpg,Stroke 2 (646).jpg,Brain Disease,Stroke,test,1
C:\Users\hamza\Downloads\FYP\AlzVsStr\AlzVsStr\test\Stroke\Stroke 2 (647).jpg,Stroke 2 (647).jpg,Brain Disease,Stroke,test,1
C:\Users\hamza\Downloads\FYP\AlzVsStr\AlzVsStr\test\Stroke\Stroke 2 (648).jpg,Stroke 2 (648).jpg,Brain Disease,Stroke,test,1
C:\Users\hamza\Downloads\FYP\AlzVsStr\AlzVsStr\test\Stroke\Stroke 2 (649).jpg,Stroke 2 (649).jpg,Brain Disease,Stroke,test,1
C:\Users\hamza\Downloads\FYP\AlzVsStr\AlzVsStr\test\Stroke\Stroke 2 (650).jpg,Stroke 2 (650).jpg,Brain Disease,Stroke,test,1
C:\Users\hamza\Downloads\FYP\AlzVsStr\AlzVsStr\test\Alzheimer\Alzheimer (1).jpg,Alzheimer (1).jpg,Brain Disease,Alzheimer,test,0
C:\Users\hamza\Downloads\FYP\AlzVsStr\AlzVsStr\test\Alzheimer\Alzheimer (10).jpg,Alzheimer (10).jpg,Brain Disease,Alzheimer,test,0
C:\Users\hamza\Downloads\FYP\AlzVsStr\AlzVsStr\test\Alzheimer\Alzheimer (100).jpg,Alzheimer (100).jpg,Brain Disease,Alzheimer,test,0
C:\Users\hamza\Downloads\FYP\AlzVsStr\AlzVsStr\test\Alzheimer\Alzheimer (101).jpg,Alzheimer (101).jpg,Brain Disease,Alzheimer,test,0
C:\Users\hamza\Downloads\FYP\AlzVsStr\AlzVsStr\test\Alzheimer\Alzheimer (102).jpg,Alzheimer (102).jpg,Brain Disease,Alzheimer,test,0
C:\Users\hamza\Downloads\FYP\AlzVsStr\AlzVsStr\test\Alzheimer\Alzheimer (103).jpg,Alzheimer (103).jpg,Brain Disease,Alzheimer,test,0
C:\Users\hamza\Downloads\FYP\AlzVsStr\AlzVsStr\test\Alzheimer\Alzheimer (104).jpg,Alzheimer (104).jpg,Brain Disease,Alzheimer,test,0
C:\Users\hamza\Downloads\FYP\AlzVsStr\AlzVsStr\test\Alzheimer\Alzheimer (105).jpg,Alzheimer (105).jpg,Brain Disease,Alzheimer,test,0
C:\Users\hamza\Downloads\FYP\AlzVsStr\AlzVsStr\test\Alzheimer\Alzheimer (106).jpg,Alzheimer (106).jpg,Brain Disease,Alzheimer,test,0
C:\Users\hamza\Downloads\FYP\AlzVsStr\AlzVsStr\test\Alzheimer\Alzheimer (107).jpg,Alzheimer (107).jpg,Brain Disease,Alzheimer,test,0
C:\Users\hamza\Downloads\FYP\AlzVsStr\AlzVsStr\test\Alzheimer\Alzheimer (108).jpg,Alzheimer (108).jpg,Brain Disease,Alzheimer,test,0
C:\Users\hamza\Downloads\FYP\AlzVsStr\AlzVsStr\test\Alzheimer\Alzheimer (109).jpg,Alzheimer (109).jpg,Brain Disease,Alzheimer,test,0
C:\Users\hamza\Downloads\FYP\AlzVsStr\AlzVsStr\test\Alzheimer\Alzheimer (11).jpg,Alzheimer (11).jpg,Brain Disease,Alzheimer,test,0
C:\Users\hamza\Downloads\FYP\AlzVsStr\AlzVsStr\test\Alzheimer\Alzheimer (110).jpg,Alzheimer (110).jpg,Brain Disease,Alzheimer,test,0
C:\Users\hamza\Downloads\FYP\AlzVsStr\AlzVsStr\test\Alzheimer\Alzheimer (111).jpg,Alzheimer (111).jpg,Brain Disease,Alzheimer,test,0
C:\Users\hamza\Downloads\FYP\AlzVsStr\AlzVsStr\test\Alzheimer\Alzheimer (112).jpg,Alzheimer (112).jpg,Brain Disease,Alzheimer,test,0
C:\Users\hamza\Downloads\FYP\AlzVsStr\AlzVsStr\test\Alzheimer\Alzheimer (113).jpg,Alzheimer (113).jpg,Brain Disease,Alzheimer,test,0
C:\Users\hamza\Downloads\FYP\AlzVsStr\AlzVsStr\test\Alzheimer\Alzheimer (114).jpg,Alzheimer (114).jpg,Brain Disease,Alzheimer,test,0
C:\Users\hamza\Downloads\FYP\AlzVsStr\AlzVsStr\test\Alzheimer\Alzheimer (115).jpg,Alzheimer (115).jpg,Brain Disease,Alzheimer,test,0
C:\Users\hamza\Downloads\FYP\AlzVsStr\AlzVsStr\test\Alzheimer\Alzheimer (116).jpg,Alzheimer (116).jpg,Brain Disease,Alzheimer,test,0
C:\Users\hamza\Downloads\FYP\AlzVsStr\AlzVsStr\test\Alzheimer\Alzheimer (117).jpg,Alzheimer (117).jpg,Brain Disease,Alzheimer,test,0
C:\Users\hamza\Downloads\FYP\AlzVsStr\AlzVsStr\test\Alzheimer\Alzheimer (118).jpg,Alzheimer (118).jpg,Brain Disease,Alzheimer,test,0
C:\Users\hamza\Downloads\FYP\AlzVsStr\AlzVsStr\test\Alzheimer\Alzheimer (119).jpg,Alzheimer (119).jpg,Brain Disease,Alzheimer,test,0
C:\Users\hamza\Downloads\FYP\AlzVsStr\AlzVsStr\test\Alzheimer\Alzheimer (12).jpg,Alzheimer (12).jpg,Brain Disease,Alzheimer,test,0
C:\Users\hamza\Downloads\FYP\AlzVsStr\AlzVsStr\test\Alzheimer\Alzheimer (120).jpg,Alzheimer (120).jpg,Brain Disease,Alzheimer,test,0
C:\Users\hamza\Downloads\FYP\AlzVsStr\AlzVsStr\test\Alzheimer\Alzheimer (121).jpg,Alzheimer (121).jpg,Brain Disease,Alzheimer,test,0
C:\Users\hamza\Downloads\FYP\AlzVsStr\AlzVsStr\test\Alzheimer\Alzheimer (122).jpg,Alzheimer (122).jpg,Brain Disease,Alzheimer,test,0
C:\Users\hamza\Downloads\FYP\AlzVsStr\AlzVsStr\test\Alzheimer\Alzheimer (123).jpg,Alzheimer (123).jpg,Brain Disease,Alzheimer,test,0
C:\Users\hamza\Downloads\FYP\AlzVsStr\AlzVsStr\test\Alzheimer\Alzheimer (124).jpg,Alzheimer (124).jpg,Brain Disease,Alzheimer,test,0
C:\Users\hamza\Downloads\FYP\AlzVsStr\AlzVsStr\test\Alzheimer\Alzheimer (125).jpg,Alzheimer (125).jpg,Brain Disease,Alzheimer,test,0
C:\Users\hamza\Downloads\FYP\AlzVsStr\AlzVsStr\test\Alzheimer\Alzheimer (126).jpg,Alzheimer (126).jpg,Brain Disease,Alzheimer,test,0
C:\Users\hamza\Downloads\FYP\AlzVsStr\AlzVsStr\test\Alzheimer\Alzheimer (127).jpg,Alzheimer (127).jpg,Brain Disease,Alzheimer,test,0
C:\Users\hamza\Downloads\FYP\AlzVsStr\AlzVsStr\test\Alzheimer\Alzheimer (128).jpg,Alzheimer (128).jpg,Brain Disease,Alzheimer,test,0
C:\Users\hamza\Downloads\FYP\AlzVsStr\AlzVsStr\test\Alzheimer\Alzheimer (129).jpg,Alzheimer (129).jpg,Brain Disease,Alzheimer,test,0
C:\Users\hamza\Downloads\FYP\AlzVsStr\AlzVsStr\test\Alzheimer\Alzheimer (13).jpg,Alzheimer (13).jpg,Brain Disease,Alzheimer,test,0
C:\Users\hamza\Downloads\FYP\AlzVsStr\AlzVsStr\test\Alzheimer\Alzheimer (130).jpg,Alzheimer (130).jpg,Brain Disease,Alzheimer,test,0
C:\Users\hamza\Downloads\FYP\AlzVsStr\AlzVsStr\test\Alzheimer\Alzheimer (131).jpg,Alzheimer (131).jpg,Brain Disease,Alzheimer,test,0
C:\Users\hamza\Downloads\FYP\AlzVsStr\AlzVsStr\test\Alzheimer\Alzheimer (132).jpg,Alzheimer (132).jpg,Brain Disease,Alzheimer,test,0
C:\Users\hamza\Downloads\FYP\AlzVsStr\AlzVsStr\test\Alzheimer\Alzheimer (133).jpg,Alzheimer (133).jpg,Brain Disease,Alzheimer,test,0
C:\Users\hamza\Downloads\FYP\AlzVsStr\AlzVsStr\test\Alzheimer\Alzheimer (134).jpg,Alzheimer (134).jpg,Brain Disease,Alzheimer,test,0
C:\Users\hamza\Downloads\FYP\AlzVsStr\AlzVsStr\test\Alzheimer\Alzheimer (135).jpg,Alzheimer (135).jpg,Brain Disease,Alzheimer,test,0
C:\Users\hamza\Downloads\FYP\AlzVsStr\AlzVsStr\test\Alzheimer\Alzheimer (136).jpg,Alzheimer (136).jpg,Brain Disease,Alzheimer,test,0
C:\Users\hamza\Downloads\FYP\AlzVsStr\AlzVsStr\test\Alzheimer\Alzheimer (137).jpg,Alzheimer (137).jpg,Brain Disease,Alzheimer,test,0
C:\Users\hamza\Downloads\FYP\AlzVsStr\AlzVsStr\test\Alzheimer\Alzheimer (138).jpg,Alzheimer (138).jpg,Brain Disease,Alzheimer,test,0
C:\Users\hamza\Downloads\FYP\AlzVsStr\AlzVsStr\test\Alzheimer\Alzheimer (139).jpg,Alzheimer (139).jpg,Brain Disease,Alzheimer,test,0
C:\Users\hamza\Downloads\FYP\AlzVsStr\AlzVsStr\test\Alzheimer\Alzheimer (14).jpg,Alzheimer (14).jpg,Brain Disease,Alzheimer,test,0
C:\Users\hamza\Downloads\FYP\AlzVsStr\AlzVsStr\test\Alzheimer\Alzheimer (140).jpg,Alzheimer (140).jpg,Brain Disease,Alzheimer,test,0
C:\Users\hamza\Downloads\FYP\AlzVsStr\AlzVsStr\test\Alzheimer\Alzheimer (141).jpg,Alzheimer (141).jpg,Brain Disease,Alzheimer,test,0
C:\Users\hamza\Downloads\FYP\AlzVsStr\AlzVsStr\test\Alzheimer\Alzheimer (142).jpg,Alzheimer (142).jpg,Brain Disease,Alzheimer,test,0
C:\Users\hamza\Downloads\FYP\AlzVsStr\AlzVsStr\test\Alzheimer\Alzheimer (143).jpg,Alzheimer (143).jpg,Brain Disease,Alzheimer,test,0
C:\Users\hamza\Downloads\FYP\AlzVsStr\AlzVsStr\test\Alzheimer\Alzheimer (144).jpg,Alzheimer (144).jpg,Brain Disease,Alzheimer,test,0
C:\Users\hamza\Downloads\FYP\AlzVsStr\AlzVsStr\test\Alzheimer\Alzheimer (145).jpg,Alzheimer (145).jpg,Brain Disease,Alzheimer,test,0
C:\Users\hamza\Downloads\FYP\AlzVsStr\AlzVsStr\test\Alzheimer\Alzheimer (146).jpg,Alzheimer (146).jpg,Brain Disease,Alzheimer,test,0
C:\Users\hamza\Downloads\FYP\AlzVsStr\AlzVsStr\test\Alzheimer\Alzheimer (147).jpg,Alzheimer (147).jpg,Brain Disease,Alzheimer,test,0
C:\Users\hamza\Downloads\FYP\AlzVsStr\AlzVsStr\test\Alzheimer\Alzheimer (148).jpg,Alzheimer (148).jpg,Brain Disease,Alzheimer,test,0
C:\Users\hamza\Downloads\FYP\AlzVsStr\AlzVsStr\test\Alzheimer\Alzheimer (149).jpg,Alzheimer (149).jpg,Brain Disease,Alzheimer,test,0
C:\Users\hamza\Downloads\FYP\AlzVsStr\AlzVsStr\test\Alzheimer\Alzheimer (15).jpg,Alzheimer (15).jpg,Brain Disease,Alzheimer,test,0
C:\Users\hamza\Downloads\FYP\AlzVsStr\AlzVsStr\test\Alzheimer\Alzheimer (150).jpg,Alzheimer (150).jpg,Brain Disease,Alzheimer,test,0
C:\Users\hamza\Downloads\FYP\AlzVsStr\AlzVsStr\test\Alzheimer\Alzheimer (151).jpg,Alzheimer (151).jpg,Brain Disease,Alzheimer,test,0
C:\Users\hamza\Downloads\FYP\AlzVsStr\AlzVsStr\test\Alzheimer\Alzheimer (152).jpg,Alzheimer (152).jpg,Brain Disease,Alzheimer,test,0
C:\Users\hamza\Downloads\FYP\AlzVsStr\AlzVsStr\test\Alzheimer\Alzheimer (153).jpg,Alzheimer (153).jpg,Brain Disease,Alzheimer,test,0
C:\Users\hamza\Downloads\FYP\AlzVsStr\AlzVsStr\test\Alzheimer\Alzheimer (154).jpg,Alzheimer (154).jpg,Brain Disease,Alzheimer,test,0
C:\Users\hamza\Downloads\FYP\AlzVsStr\AlzVsStr\test\Alzheimer\Alzheimer (155).jpg,Alzheimer (155).jpg,Brain Disease,Alzheimer,test,0
C:\Users\hamza\Downloads\FYP\AlzVsStr\AlzVsStr\test\Alzheimer\Alzheimer (156).jpg,Alzheimer (156).jpg,Brain Disease,Alzheimer,test,0
C:\Users\hamza\Downloads\FYP\AlzVsStr\AlzVsStr\test\Alzheimer\Alzheimer (157).jpg,Alzheimer (157).jpg,Brain Disease,Alzheimer,test,0
C:\Users\hamza\Downloads\FYP\AlzVsStr\AlzVsStr\test\Alzheimer\Alzheimer (158).jpg,Alzheimer (158).jpg,Brain Disease,Alzheimer,test,0
C:\Users\hamza\Downloads\FYP\AlzVsStr\AlzVsStr\test\Alzheimer\Alzheimer (159).jpg,Alzheimer (159).jpg,Brain Disease,Alzheimer,test,0
C:\Users\hamza\Downloads\FYP\AlzVsStr\AlzVsStr\test\Alzheimer\Alzheimer (16).jpg,Alzheimer (16).jpg,Brain Disease,Alzheimer,test,0
C:\Users\hamza\Downloads\FYP\AlzVsStr\AlzVsStr\test\Alzheimer\Alzheimer (160).jpg,Alzheimer (160).jpg,Brain Disease,Alzheimer,test,0
C:\Users\hamza\Downloads\FYP\AlzVsStr\AlzVsStr\test\Alzheimer\Alzheimer (161).jpg,Alzheimer (161).jpg,Brain Disease,Alzheimer,test,0
C:\Users\hamza\Downloads\FYP\AlzVsStr\AlzVsStr\test\Alzheimer\Alzheimer (162).jpg,Alzheimer (162).jpg,Brain Disease,Alzheimer,test,0
C:\Users\hamza\Downloads\FYP\AlzVsStr\AlzVsStr\test\Alzheimer\Alzheimer (163).jpg,Alzheimer (163).jpg,Brain Disease,Alzheimer,test,0
C:\Users\hamza\Downloads\FYP\AlzVsStr\AlzVsStr\test\Alzheimer\Alzheimer (164).jpg,Alzheimer (164).jpg,Brain Disease,Alzheimer,test,0
C:\Users\hamza\Downloads\FYP\AlzVsStr\AlzVsStr\test\Alzheimer\Alzheimer (165).jpg,Alzheimer (165).jpg,Brain Disease,Alzheimer,test,0
C:\Users\hamza\Downloads\FYP\AlzVsStr\AlzVsStr\test\Alzheimer\Alzheimer (166).jpg,Alzheimer (166).jpg,Brain Disease,Alzheimer,test,0
C:\Users\hamza\Downloads\FYP\AlzVsStr\AlzVsStr\test\Alzheimer\Alzheimer (167).jpg,Alzheimer (167).jpg,Brain Disease,Alzheimer,test,0
C:\Users\hamza\Downloads\FYP\AlzVsStr\AlzVsStr\test\Alzheimer\Alzheimer (168).jpg,Alzheimer (168).jpg,Brain Disease,Alzheimer,test,0
C:\Users\hamza\Downloads\FYP\AlzVsStr\AlzVsStr\test\Alzheimer\Alzheimer (169).jpg,Alzheimer (169).jpg,Brain Disease,Alzheimer,test,0
C:\Users\hamza\Downloads\FYP\AlzVsStr\AlzVsStr\test\Alzheimer\Alzheimer (17).jpg,Alzheimer (17).jpg,Brain Disease,Alzheimer,test,0
C:\Users\hamza\Downloads\FYP\AlzVsStr\AlzVsStr\test\Alzheimer\Alzheimer (170).jpg,Alzheimer (170).jpg,Brain Disease,Alzheimer,test,0
C:\Users\hamza\Downloads\FYP\AlzVsStr\AlzVsStr\test\Alzheimer\Alzheimer (171).jpg,Alzheimer (171).jpg,Brain Disease,Alzheimer,test,0
C:\Users\hamza\Downloads\FYP\AlzVsStr\AlzVsStr\test\Alzheimer\Alzheimer (172).jpg,Alzheimer (172).jpg,Brain Disease,Alzheimer,test,0
C:\Users\hamza\Downloads\FYP\AlzVsStr\AlzVsStr\test\Alzheimer\Alzheimer (173).jpg,Alzheimer (173).jpg,Brain Disease,Alzheimer,test,0
C:\Users\hamza\Downloads\FYP\AlzVsStr\AlzVsStr\test\Alzheimer\Alzheimer (174).jpg,Alzheimer (174).jpg,Brain Disease,Alzheimer,test,0
C:\Users\hamza\Downloads\FYP\AlzVsStr\AlzVsStr\test\Alzheimer\Alzheimer (175).jpg,Alzheimer (175).jpg,Brain Disease,Alzheimer,test,0
C:\Users\hamza\Downloads\FYP\AlzVsStr\AlzVsStr\test\Alzheimer\Alzheimer (176).jpg,Alzheimer (176).jpg,Brain Disease,Alzheimer,test,0
C:\Users\hamza\Downloads\FYP\AlzVsStr\AlzVsStr\test\Alzheimer\Alzheimer (177).jpg,Alzheimer (177).jpg,Brain Disease,Alzheimer,test,0
C:\Users\hamza\Downloads\FYP\AlzVsStr\AlzVsStr\test\Alzheimer\Alzheimer (178).jpg,Alzheimer (178).jpg,Brain Disease,Alzheimer,test,0
C:\Users\hamza\Downloads\FYP\AlzVsStr\AlzVsStr\test\Alzheimer\Alzheimer (179).jpg,Alzheimer (179).jpg,Brain Disease,Alzheimer,test,0
C:\Users\hamza\Downloads\FYP\AlzVsStr\AlzVsStr\test\Alzheimer\Alzheimer (18).jpg,Alzheimer (18).jpg,Brain Disease,Alzheimer,test,0
C:\Users\hamza\Downloads\FYP\AlzVsStr\AlzVsStr\test\Alzheimer\Alzheimer (180).jpg,Alzheimer (180).jpg,Brain Disease,Alzheimer,test,0
C:\Users\hamza\Downloads\FYP\AlzVsStr\AlzVsStr\test\Alzheimer\Alzheimer (181).jpg,Alzheimer (181).jpg,Brain Disease,Alzheimer,test,0
C:\Users\hamza\Downloads\FYP\AlzVsStr\AlzVsStr\test\Alzheimer\Alzheimer (182).jpg,Alzheimer (182).jpg,Brain Disease,Alzheimer,test,0
C:\Users\hamza\Downloads\FYP\AlzVsStr\AlzVsStr\test\Alzheimer\Alzheimer (183).jpg,Alzheimer (183).jpg,Brain Disease,Alzheimer,test,0
C:\Users\hamza\Downloads\FYP\AlzVsStr\AlzVsStr\test\Alzheimer\Alzheimer (184).jpg,Alzheimer (184).jpg,Brain Disease,Alzheimer,test,0
C:\Users\hamza\Downloads\FYP\AlzVsStr\AlzVsStr\test\Alzheimer\Alzheimer (185).jpg,Alzheimer (185).jpg,Brain Disease,Alzheimer,test,0
C:\Users\hamza\Downloads\FYP\AlzVsStr\AlzVsStr\test\Alzheimer\Alzheimer (186).jpg,Alzheimer (186).jpg,Brain Disease,Alzheimer,test,0
C:\Users\hamza\Downloads\FYP\AlzVsStr\AlzVsStr\test\Alzheimer\Alzheimer (187).jpg,Alzheimer (187).jpg,Brain Disease,Alzheimer,test,0
C:\Users\hamza\Downloads\FYP\AlzVsStr\AlzVsStr\test\Alzheimer\Alzheimer (188).jpg,Alzheimer (188).jpg,Brain Disease,Alzheimer,test,0
C:\Users\hamza\Downloads\FYP\AlzVsStr\AlzVsStr\test\Alzheimer\Alzheimer (189).jpg,Alzheimer (189).jpg,Brain Disease,Alzheimer,test,0
C:\Users\hamza\Downloads\FYP\AlzVsStr\AlzVsStr\test\Alzheimer\Alzheimer (19).jpg,Alzheimer (19).jpg,Brain Disease,Alzheimer,test,0
C:\Users\hamza\Downloads\FYP\AlzVsStr\AlzVsStr\test\Alzheimer\Alzheimer (190).jpg,Alzheimer (190).jpg,Brain Disease,Alzheimer,test,0
C:\Users\hamza\Downloads\FYP\AlzVsStr\AlzVsStr\test\Alzheimer\Alzheimer (191).jpg,Alzheimer (191).jpg,Brain Disease,Alzheimer,test,0
C:\Users\hamza\Downloads\FYP\AlzVsStr\AlzVsStr\test\Alzheimer\Alzheimer (192).jpg,Alzheimer (192).jpg,Brain Disease,Alzheimer,test,0
C:\Users\hamza\Downloads\FYP\AlzVsStr\AlzVsStr\test\Alzheimer\Alzheimer (193).jpg,Alzheimer (193).jpg,Brain Disease,Alzheimer,test,0
C:\Users\hamza\Downloads\FYP\AlzVsStr\AlzVsStr\test\Alzheimer\Alzheimer (194).jpg,Alzheimer (194).jpg,Brain Disease,Alzheimer,test,0
C:\Users\hamza\Downloads\FYP\AlzVsStr\AlzVsStr\test\Alzheimer\Alzheimer (195).jpg,Alzheimer (195).jpg,Brain Disease,Alzheimer,test,0
C:\Users\hamza\Downloads\FYP\AlzVsStr\AlzVsStr\test\Alzheimer\Alzheimer (196).jpg,Alzheimer (196).jpg,Brain Disease,Alzheimer,test,0
C:\Users\hamza\Downloads\FYP\AlzVsStr\AlzVsStr\test\Alzheimer\Alzheimer (197).jpg,Alzheimer (197).jpg,Brain Disease,Alzheimer,test,0
C:\Users\hamza\Downloads\FYP\AlzVsStr\AlzVsStr\test\Alzheimer\Alzheimer (198).jpg,Alzheimer (198).jpg,Brain Disease,Alzheimer,test,0
C:\Users\hamza\Downloads\FYP\AlzVsStr\AlzVsStr\test\Alzheimer\Alzheimer (199).jpg,Alzheimer (199).jpg,Brain Disease,Alzheimer,test,0
C:\Users\hamza\Downloads\FYP\AlzVsStr\AlzVsStr\test\Alzheimer\Alzheimer (2).jpg,Alzheimer (2).jpg,Brain Disease,Alzheimer,test,0
C:\Users\hamza\Downloads\FYP\AlzVsStr\AlzVsStr\test\Alzheimer\Alzheimer (20).jpg,Alzheimer (20).jpg,Brain Disease,Alzheimer,test,0
C:\Users\hamza\Downloads\FYP\AlzVsStr\AlzVsStr\test\Alzheimer\Alzheimer (200).jpg,Alzheimer (200).jpg,Brain Disease,Alzheimer,test,0
C:\Users\hamza\Downloads\FYP\AlzVsStr\AlzVsStr\test\Alzheimer\Alzheimer (201).jpg,Alzheimer (201).jpg,Brain Disease,Alzheimer,test,0
C:\Users\hamza\Downloads\FYP\AlzVsStr\AlzVsStr\test\Alzheimer\Alzheimer (202).jpg,Alzheimer (202).jpg,Brain Disease,Alzheimer,test,0
C:\Users\hamza\Downloads\FYP\AlzVsStr\AlzVsStr\test\Alzheimer\Alzheimer (203).jpg,Alzheimer (203).jpg,Brain Disease,Alzheimer,test,0
C:\Users\hamza\Downloads\FYP\AlzVsStr\AlzVsStr\test\Alzheimer\Alzheimer (204).jpg,Alzheimer (204).jpg,Brain Disease,Alzheimer,test,0
C:\Users\hamza\Downloads\FYP\AlzVsStr\AlzVsStr\test\Alzheimer\Alzheimer (205).jpg,Alzheimer (205).jpg,Brain Disease,Alzheimer,test,0
C:\Users\hamza\Downloads\FYP\AlzVsStr\AlzVsStr\test\Alzheimer\Alzheimer (206).jpg,Alzheimer (206).jpg,Brain Disease,Alzheimer,test,0
C:\Users\hamza\Downloads\FYP\AlzVsStr\AlzVsStr\test\Alzheimer\Alzheimer (207).jpg,Alzheimer (207).jpg,Brain Disease,Alzheimer,test,0
C:\Users\hamza\Downloads\FYP\AlzVsStr\AlzVsStr\test\Alzheimer\Alzheimer (208).jpg,Alzheimer (208).jpg,Brain Disease,Alzheimer,test,0
C:\Users\hamza\Downloads\FYP\AlzVsStr\AlzVsStr\test\Alzheimer\Alzheimer (209).jpg,Alzheimer (209).jpg,Brain Disease,Alzheimer,test,0
C:\Users\hamza\Downloads\FYP\AlzVsStr\AlzVsStr\test\Alzheimer\Alzheimer (21).jpg,Alzheimer (21).jpg,Brain Disease,Alzheimer,test,0
C:\Users\hamza\Downloads\FYP\AlzVsStr\AlzVsStr\test\Alzheimer\Alzheimer (210).jpg,Alzheimer (210).jpg,Brain Disease,Alzheimer,test,0
C:\Users\hamza\Downloads\FYP\AlzVsStr\AlzVsStr\test\Alzheimer\Alzheimer (211).jpg,Alzheimer (211).jpg,Brain Disease,Alzheimer,test,0
C:\Users\hamza\Downloads\FYP\AlzVsStr\AlzVsStr\test\Alzheimer\Alzheimer (212).jpg,Alzheimer (212).jpg,Brain Disease,Alzheimer,test,0
C:\Users\hamza\Downloads\FYP\AlzVsStr\AlzVsStr\test\Alzheimer\Alzheimer (213).jpg,Alzheimer (213).jpg,Brain Disease,Alzheimer,test,0
C:\Users\hamza\Downloads\FYP\AlzVsStr\AlzVsStr\test\Alzheimer\Alzheimer (214).jpg,Alzheimer (214).jpg,Brain Disease,Alzheimer,test,0
C:\Users\hamza\Downloads\FYP\AlzVsStr\AlzVsStr\test\Alzheimer\Alzheimer (215).jpg,Alzheimer (215).jpg,Brain Disease,Alzheimer,test,0
C:\Users\hamza\Downloads\FYP\AlzVsStr\AlzVsStr\test\Alzheimer\Alzheimer (216).jpg,Alzheimer (216).jpg,Brain Disease,Alzheimer,test,0
C:\Users\hamza\Downloads\FYP\AlzVsStr\AlzVsStr\test\Alzheimer\Alzheimer (217).jpg,Alzheimer (217).jpg,Brain Disease,Alzheimer,test,0
C:\Users\hamza\Downloads\FYP\AlzVsStr\AlzVsStr\test\Alzheimer\Alzheimer (218).jpg,Alzheimer (218).jpg,Brain Disease,Alzheimer,test,0
C:\Users\hamza\Downloads\FYP\AlzVsStr\AlzVsStr\test\Alzheimer\Alzheimer (219).jpg,Alzheimer (219).jpg,Brain Disease,Alzheimer,test,0
C:\Users\hamza\Downloads\FYP\AlzVsStr\AlzVsStr\test\Alzheimer\Alzheimer (22).jpg,Alzheimer (22).jpg,Brain Disease,Alzheimer,test,0
C:\Users\hamza\Downloads\FYP\AlzVsStr\AlzVsStr\test\Alzheimer\Alzheimer (220).jpg,Alzheimer (220).jpg,Brain Disease,Alzheimer,test,0
C:\Users\hamza\Downloads\FYP\AlzVsStr\AlzVsStr\test\Alzheimer\Alzheimer (221).jpg,Alzheimer (221).jpg,Brain Disease,Alzheimer,test,0
C:\Users\hamza\Downloads\FYP\AlzVsStr\AlzVsStr\test\Alzheimer\Alzheimer (222).jpg,Alzheimer (222).jpg,Brain Disease,Alzheimer,test,0
C:\Users\hamza\Downloads\FYP\AlzVsStr\AlzVsStr\test\Alzheimer\Alzheimer (223).jpg,Alzheimer (223).jpg,Brain Disease,Alzheimer,test,0
C:\Users\hamza\Downloads\FYP\AlzVsStr\AlzVsStr\test\Alzheimer\Alzheimer (224).jpg,Alzheimer (224).jpg,Brain Disease,Alzheimer,test,0
C:\Users\hamza\Downloads\FYP\AlzVsStr\AlzVsStr\test\Alzheimer\Alzheimer (225).jpg,Alzheimer (225).jpg,Brain Disease,Alzheimer,test,0
C:\Users\hamza\Downloads\FYP\AlzVsStr\AlzVsStr\test\Alzheimer\Alzheimer (226).jpg,Alzheimer (226).jpg,Brain Disease,Alzheimer,test,0
C:\Users\hamza\Downloads\FYP\AlzVsStr\AlzVsStr\test\Alzheimer\Alzheimer (227).jpg,Alzheimer (227).jpg,Brain Disease,Alzheimer,test,0
C:\Users\hamza\Downloads\FYP\AlzVsStr\AlzVsStr\test\Alzheimer\Alzheimer (228).jpg,Alzheimer (228).jpg,Brain Disease,Alzheimer,test,0
C:\Users\hamza\Downloads\FYP\AlzVsStr\AlzVsStr\test\Alzheimer\Alzheimer (229).jpg,Alzheimer (229).jpg,Brain Disease,Alzheimer,test,0
C:\Users\hamza\Downloads\FYP\AlzVsStr\AlzVsStr\test\Alzheimer\Alzheimer (23).jpg,Alzheimer (23).jpg,Brain Disease,Alzheimer,test,0
C:\Users\hamza\Downloads\FYP\AlzVsStr\AlzVsStr\test\Alzheimer\Alzheimer (230).jpg,Alzheimer (230).jpg,Brain Disease,Alzheimer,test,0
C:\Users\hamza\Downloads\FYP\AlzVsStr\AlzVsStr\test\Alzheimer\Alzheimer (231).jpg,Alzheimer (231).jpg,Brain Disease,Alzheimer,test,0
C:\Users\hamza\Downloads\FYP\AlzVsStr\AlzVsStr\test\Alzheimer\Alzheimer (232).jpg,Alzheimer (232).jpg,Brain Disease,Alzheimer,test,0
C:\Users\hamza\Downloads\FYP\AlzVsStr\AlzVsStr\test\Alzheimer\Alzheimer (233).jpg,Alzheimer (233).jpg,Brain Disease,Alzheimer,test,0
C:\Users\hamza\Downloads\FYP\AlzVsStr\AlzVsStr\test\Alzheimer\Alzheimer (234).jpg,Alzheimer (234).jpg,Brain Disease,Alzheimer,test,0
C:\Users\hamza\Downloads\FYP\AlzVsStr\AlzVsStr\test\Alzheimer\Alzheimer (235).jpg,Alzheimer (235).jpg,Brain Disease,Alzheimer,test,0
C:\Users\hamza\Downloads\FYP\AlzVsStr\AlzVsStr\test\Alzheimer\Alzheimer (236).jpg,Alzheimer (236).jpg,Brain Disease,Alzheimer,test,0
C:\Users\hamza\Downloads\FYP\AlzVsStr\AlzVsStr\test\Alzheimer\Alzheimer (237).jpg,Alzheimer (237).jpg,Brain Disease,Alzheimer,test,0
C:\Users\hamza\Downloads\FYP\AlzVsStr\AlzVsStr\test\Alzheimer\Alzheimer (238).jpg,Alzheimer (238).jpg,Brain Disease,Alzheimer,test,0
C:\Users\hamza\Downloads\FYP\AlzVsStr\AlzVsStr\test\Alzheimer\Alzheimer (239).jpg,Alzheimer (239).jpg,Brain Disease,Alzheimer,test,0
C:\Users\hamza\Downloads\FYP\AlzVsStr\AlzVsStr\test\Alzheimer\Alzheimer (24).jpg,Alzheimer (24).jpg,Brain Disease,Alzheimer,test,0
C:\Users\hamza\Downloads\FYP\AlzVsStr\AlzVsStr\test\Alzheimer\Alzheimer (240).jpg,Alzheimer (240).jpg,Brain Disease,Alzheimer,test,0
C:\Users\hamza\Downloads\FYP\AlzVsStr\AlzVsStr\test\Alzheimer\Alzheimer (241).jpg,Alzheimer (241).jpg,Brain Disease,Alzheimer,test,0
C:\Users\hamza\Downloads\FYP\AlzVsStr\AlzVsStr\test\Alzheimer\Alzheimer (242).jpg,Alzheimer (242).jpg,Brain Disease,Alzheimer,test,0
C:\Users\hamza\Downloads\FYP\AlzVsStr\AlzVsStr\test\Alzheimer\Alzheimer (243).jpg,Alzheimer (243).jpg,Brain Disease,Alzheimer,test,0
C:\Users\hamza\Downloads\FYP\AlzVsStr\AlzVsStr\test\Alzheimer\Alzheimer (244).jpg,Alzheimer (244).jpg,Brain Disease,Alzheimer,test,0
C:\Users\hamza\Downloads\FYP\AlzVsStr\AlzVsStr\test\Alzheimer\Alzheimer (245).jpg,Alzheimer (245).jpg,Brain Disease,Alzheimer,test,0
C:\Users\hamza\Downloads\FYP\AlzVsStr\AlzVsStr\test\Alzheimer\Alzheimer (246).jpg,Alzheimer (246).jpg,Brain Disease,Alzheimer,test,0
C:\Users\hamza\Downloads\FYP\AlzVsStr\AlzVsStr\test\Alzheimer\Alzheimer (247).jpg,Alzheimer (247).jpg,Brain Disease,Alzheimer,test,0
C:\Users\hamza\Downloads\FYP\AlzVsStr\AlzVsStr\test\Alzheimer\Alzheimer (248).jpg,Alzheimer (248).jpg,Brain Disease,Alzheimer,test,0
C:\Users\hamza\Downloads\FYP\AlzVsStr\AlzVsStr\test\Alzheimer\Alzheimer (249).jpg,Alzheimer (249).jpg,Brain Disease,Alzheimer,test,0
C:\Users\hamza\Downloads\FYP\AlzVsStr\AlzVsStr\test\Alzheimer\Alzheimer (25).jpg,Alzheimer (25).jpg,Brain Disease,Alzheimer,test,0
C:\Users\hamza\Downloads\FYP\AlzVsStr\AlzVsStr\test\Alzheimer\Alzheimer (250).jpg,Alzheimer (250).jpg,Brain Disease,Alzheimer,test,0
C:\Users\hamza\Downloads\FYP\AlzVsStr\AlzVsStr\test\Alzheimer\Alzheimer (251).jpg,Alzheimer (251).jpg,Brain Disease,Alzheimer,test,0
C:\Users\hamza\Downloads\FYP\AlzVsStr\AlzVsStr\test\Alzheimer\Alzheimer (252).jpg,Alzheimer (252).jpg,Brain Disease,Alzheimer,test,0
C:\Users\hamza\Downloads\FYP\AlzVsStr\AlzVsStr\test\Alzheimer\Alzheimer (253).jpg,Alzheimer (253).jpg,Brain Disease,Alzheimer,test,0
C:\Users\hamza\Downloads\FYP\AlzVsStr\AlzVsStr\test\Alzheimer\Alzheimer (254).jpg,Alzheimer (254).jpg,Brain Disease,Alzheimer,test,0
C:\Users\hamza\Downloads\FYP\AlzVsStr\AlzVsStr\test\Alzheimer\Alzheimer (255).jpg,Alzheimer (255).jpg,Brain Disease,Alzheimer,test,0
C:\Users\hamza\Downloads\FYP\AlzVsStr\AlzVsStr\test\Alzheimer\Alzheimer (256).jpg,Alzheimer (256).jpg,Brain Disease,Alzheimer,test,0
C:\Users\hamza\Downloads\FYP\AlzVsStr\AlzVsStr\test\Alzheimer\Alzheimer (257).jpg,Alzheimer (257).jpg,Brain Disease,Alzheimer,test,0
C:\Users\hamza\Downloads\FYP\AlzVsStr\AlzVsStr\test\Alzheimer\Alzheimer (258).jpg,Alzheimer (258).jpg,Brain Disease,Alzheimer,test,0
C:\Users\hamza\Downloads\FYP\AlzVsStr\AlzVsStr\test\Alzheimer\Alzheimer (259).jpg,Alzheimer (259).jpg,Brain Disease,Alzheimer,test,0
C:\Users\hamza\Downloads\FYP\AlzVsStr\AlzVsStr\test\Alzheimer\Alzheimer (26).jpg,Alzheimer (26).jpg,Brain Disease,Alzheimer,test,0
C:\Users\hamza\Downloads\FYP\AlzVsStr\AlzVsStr\test\Alzheimer\Alzheimer (260).jpg,Alzheimer (260).jpg,Brain Disease,Alzheimer,test,0
C:\Users\hamza\Downloads\FYP\AlzVsStr\AlzVsStr\test\Alzheimer\Alzheimer (261).jpg,Alzheimer (261).jpg,Brain Disease,Alzheimer,test,0
C:\Users\hamza\Downloads\FYP\AlzVsStr\AlzVsStr\test\Alzheimer\Alzheimer (262).jpg,Alzheimer (262).jpg,Brain Disease,Alzheimer,test,0
C:\Users\hamza\Downloads\FYP\AlzVsStr\AlzVsStr\test\Alzheimer\Alzheimer (263).jpg,Alzheimer (263).jpg,Brain Disease,Alzheimer,test,0
C:\Users\hamza\Downloads\FYP\AlzVsStr\AlzVsStr\test\Alzheimer\Alzheimer (264).jpg,Alzheimer (264).jpg,Brain Disease,Alzheimer,test,0
C:\Users\hamza\Downloads\FYP\AlzVsStr\AlzVsStr\test\Alzheimer\Alzheimer (265).jpg,Alzheimer (265).jpg,Brain Disease,Alzheimer,test,0
C:\Users\hamza\Downloads\FYP\AlzVsStr\AlzVsStr\test\Alzheimer\Alzheimer (266).jpg,Alzheimer (266).jpg,Brain Disease,Alzheimer,test,0
C:\Users\hamza\Downloads\FYP\AlzVsStr\AlzVsStr\test\Alzheimer\Alzheimer (267).jpg,Alzheimer (267).jpg,Brain Disease,Alzheimer,test,0
C:\Users\hamza\Downloads\FYP\AlzVsStr\AlzVsStr\test\Alzheimer\Alzheimer (268).jpg,Alzheimer (268).jpg,Brain Disease,Alzheimer,test,0
C:\Users\hamza\Downloads\FYP\AlzVsStr\AlzVsStr\test\Alzheimer\Alzheimer (269).jpg,Alzheimer (269).jpg,Brain Disease,Alzheimer,test,0
C:\Users\hamza\Downloads\FYP\AlzVsStr\AlzVsStr\test\Alzheimer\Alzheimer (27).jpg,Alzheimer (27).jpg,Brain Disease,Alzheimer,test,0
C:\Users\hamza\Downloads\FYP\AlzVsStr\AlzVsStr\test\Alzheimer\Alzheimer (270).jpg,Alzheimer (270).jpg,Brain Disease,Alzheimer,test,0
C:\Users\hamza\Downloads\FYP\AlzVsStr\AlzVsStr\test\Alzheimer\Alzheimer (271).jpg,Alzheimer (271).jpg,Brain Disease,Alzheimer,test,0
C:\Users\hamza\Downloads\FYP\AlzVsStr\AlzVsStr\test\Alzheimer\Alzheimer (272).jpg,Alzheimer (272).jpg,Brain Disease,Alzheimer,test,0
C:\Users\hamza\Downloads\FYP\AlzVsStr\AlzVsStr\test\Alzheimer\Alzheimer (273).jpg,Alzheimer (273).jpg,Brain Disease,Alzheimer,test,0
C:\Users\hamza\Downloads\FYP\AlzVsStr\AlzVsStr\test\Alzheimer\Alzheimer (274).jpg,Alzheimer (274).jpg,Brain Disease,Alzheimer,test,0
C:\Users\hamza\Downloads\FYP\AlzVsStr\AlzVsStr\test\Alzheimer\Alzheimer (275).jpg,Alzheimer (275).jpg,Brain Disease,Alzheimer,test,0
C:\Users\hamza\Downloads\FYP\AlzVsStr\AlzVsStr\test\Alzheimer\Alzheimer (276).jpg,Alzheimer (276).jpg,Brain Disease,Alzheimer,test,0
C:\Users\hamza\Downloads\FYP\AlzVsStr\AlzVsStr\test\Alzheimer\Alzheimer (277).jpg,Alzheimer (277).jpg,Brain Disease,Alzheimer,test,0
C:\Users\hamza\Downloads\FYP\AlzVsStr\AlzVsStr\test\Alzheimer\Alzheimer (278).jpg,Alzheimer (278).jpg,Brain Disease,Alzheimer,test,0
C:\Users\hamza\Downloads\FYP\AlzVsStr\AlzVsStr\test\Alzheimer\Alzheimer (279).jpg,Alzheimer (279).jpg,Brain Disease,Alzheimer,test,0
C:\Users\hamza\Downloads\FYP\AlzVsStr\AlzVsStr\test\Alzheimer\Alzheimer (28).jpg,Alzheimer (28).jpg,Brain Disease,Alzheimer,test,0
C:\Users\hamza\Downloads\FYP\AlzVsStr\AlzVsStr\test\Alzheimer\Alzheimer (280).jpg,Alzheimer (280).jpg,Brain Disease,Alzheimer,test,0
C:\Users\hamza\Downloads\FYP\AlzVsStr\AlzVsStr\test\Alzheimer\Alzheimer (281).jpg,Alzheimer (281).jpg,Brain Disease,Alzheimer,test,0
C:\Users\hamza\Downloads\FYP\AlzVsStr\AlzVsStr\test\Alzheimer\Alzheimer (282).jpg,Alzheimer (282).jpg,Brain Disease,Alzheimer,test,0
C:\Users\hamza\Downloads\FYP\AlzVsStr\AlzVsStr\test\Alzheimer\Alzheimer (283).jpg,Alzheimer (283).jpg,Brain Disease,Alzheimer,test,0
C:\Users\hamza\Downloads\FYP\AlzVsStr\AlzVsStr\test\Alzheimer\Alzheimer (284).jpg,Alzheimer (284).jpg,Brain Disease,Alzheimer,test,0
C:\Users\hamza\Downloads\FYP\AlzVsStr\AlzVsStr\test\Alzheimer\Alzheimer (285).jpg,Alzheimer (285).jpg,Brain Disease,Alzheimer,test,0
C:\Users\hamza\Downloads\FYP\AlzVsStr\AlzVsStr\test\Alzheimer\Alzheimer (286).jpg,Alzheimer (286).jpg,Brain Disease,Alzheimer,test,0
C:\Users\hamza\Downloads\FYP\AlzVsStr\AlzVsStr\test\Alzheimer\Alzheimer (287).jpg,Alzheimer (287).jpg,Brain Disease,Alzheimer,test,0
C:\Users\hamza\Downloads\FYP\AlzVsStr\AlzVsStr\test\Alzheimer\Alzheimer (288).jpg,Alzheimer (288).jpg,Brain Disease,Alzheimer,test,0
C:\Users\hamza\Downloads\FYP\AlzVsStr\AlzVsStr\test\Alzheimer\Alzheimer (289).jpg,Alzheimer (289).jpg,Brain Disease,Alzheimer,test,0
C:\Users\hamza\Downloads\FYP\AlzVsStr\AlzVsStr\test\Alzheimer\Alzheimer (29).jpg,Alzheimer (29).jpg,Brain Disease,Alzheimer,test,0
C:\Users\hamza\Downloads\FYP\AlzVsStr\AlzVsStr\test\Alzheimer\Alzheimer (290).jpg,Alzheimer (290).jpg,Brain Disease,Alzheimer,test,0
C:\Users\hamza\Downloads\FYP\AlzVsStr\AlzVsStr\test\Alzheimer\Alzheimer (291).jpg,Alzheimer (291).jpg,Brain Disease,Alzheimer,test,0
C:\Users\hamza\Downloads\FYP\AlzVsStr\AlzVsStr\test\Alzheimer\Alzheimer (292).jpg,Alzheimer (292).jpg,Brain Disease,Alzheimer,test,0
C:\Users\hamza\Downloads\FYP\AlzVsStr\AlzVsStr\test\Alzheimer\Alzheimer (293).jpg,Alzheimer (293).jpg,Brain Disease,Alzheimer,test,0
C:\Users\hamza\Downloads\FYP\AlzVsStr\AlzVsStr\test\Alzheimer\Alzheimer (294).jpg,Alzheimer (294).jpg,Brain Disease,Alzheimer,test,0
C:\Users\hamza\Downloads\FYP\AlzVsStr\AlzVsStr\test\Alzheimer\Alzheimer (295).jpg,Alzheimer (295).jpg,Brain Disease,Alzheimer,test,0
C:\Users\hamza\Downloads\FYP\AlzVsStr\AlzVsStr\test\Alzheimer\Alzheimer (296).jpg,Alzheimer (296).jpg,Brain Disease,Alzheimer,test,0
C:\Users\hamza\Downloads\FYP\AlzVsStr\AlzVsStr\test\Alzheimer\Alzheimer (297).jpg,Alzheimer (297).jpg,Brain Disease,Alzheimer,test,0
C:\Users\hamza\Downloads\FYP\AlzVsStr\AlzVsStr\test\Alzheimer\Alzheimer (298).jpg,Alzheimer (298).jpg,Brain Disease,Alzheimer,test,0
C:\Users\hamza\Downloads\FYP\AlzVsStr\AlzVsStr\test\Alzheimer\Alzheimer (299).jpg,Alzheimer (299).jpg,Brain Disease,Alzheimer,test,0
C:\Users\hamza\Downloads\FYP\AlzVsStr\AlzVsStr\test\Alzheimer\Alzheimer (3).jpg,Alzheimer (3).jpg,Brain Disease,Alzheimer,test,0
C:\Users\hamza\Downloads\FYP\AlzVsStr\AlzVsStr\test\Alzheimer\Alzheimer (30).jpg,Alzheimer (30).jpg,Brain Disease,Alzheimer,test,0
C:\Users\hamza\Downloads\FYP\AlzVsStr\AlzVsStr\test\Alzheimer\Alzheimer (300).jpg,Alzheimer (300).jpg,Brain Disease,Alzheimer,test,0
C:\Users\hamza\Downloads\FYP\AlzVsStr\AlzVsStr\test\Alzheimer\Alzheimer (301).jpg,Alzheimer (301).jpg,Brain Disease,Alzheimer,test,0
C:\Users\hamza\Downloads\FYP\AlzVsStr\AlzVsStr\test\Alzheimer\Alzheimer (302).jpg,Alzheimer (302).jpg,Brain Disease,Alzheimer,test,0
C:\Users\hamza\Downloads\FYP\AlzVsStr\AlzVsStr\test\Alzheimer\Alzheimer (303).jpg,Alzheimer (303).jpg,Brain Disease,Alzheimer,test,0
C:\Users\hamza\Downloads\FYP\AlzVsStr\AlzVsStr\test\Alzheimer\Alzheimer (304).jpg,Alzheimer (304).jpg,Brain Disease,Alzheimer,test,0
C:\Users\hamza\Downloads\FYP\AlzVsStr\AlzVsStr\test\Alzheimer\Alzheimer (305).jpg,Alzheimer (305).jpg,Brain Disease,Alzheimer,test,0
C:\Users\hamza\Downloads\FYP\AlzVsStr\AlzVsStr\test\Alzheimer\Alzheimer (306).jpg,Alzheimer (306).jpg,Brain Disease,Alzheimer,test,0
C:\Users\hamza\Downloads\FYP\AlzVsStr\AlzVsStr\test\Alzheimer\Alzheimer (307).jpg,Alzheimer (307).jpg,Brain Disease,Alzheimer,test,0
C:\Users\hamza\Downloads\FYP\AlzVsStr\AlzVsStr\test\Alzheimer\Alzheimer (308).jpg,Alzheimer (308).jpg,Brain Disease,Alzheimer,test,0
C:\Users\hamza\Downloads\FYP\AlzVsStr\AlzVsStr\test\Alzheimer\Alzheimer (309).jpg,Alzheimer (309).jpg,Brain Disease,Alzheimer,test,0
C:\Users\hamza\Downloads\FYP\AlzVsStr\AlzVsStr\test\Alzheimer\Alzheimer (31).jpg,Alzheimer (31).jpg,Brain Disease,Alzheimer,test,0
C:\Users\hamza\Downloads\FYP\AlzVsStr\AlzVsStr\test\Alzheimer\Alzheimer (310).jpg,Alzheimer (310).jpg,Brain Disease,Alzheimer,test,0
C:\Users\hamza\Downloads\FYP\AlzVsStr\AlzVsStr\test\Alzheimer\Alzheimer (311).jpg,Alzheimer (311).jpg,Brain Disease,Alzheimer,test,0
C:\Users\hamza\Downloads\FYP\AlzVsStr\AlzVsStr\test\Alzheimer\Alzheimer (312).jpg,Alzheimer (312).jpg,Brain Disease,Alzheimer,test,0
C:\Users\hamza\Downloads\FYP\AlzVsStr\AlzVsStr\test\Alzheimer\Alzheimer (313).jpg,Alzheimer (313).jpg,Brain Disease,Alzheimer,test,0
C:\Users\hamza\Downloads\FYP\AlzVsStr\AlzVsStr\test\Alzheimer\Alzheimer (314).jpg,Alzheimer (314).jpg,Brain Disease,Alzheimer,test,0
C:\Users\hamza\Downloads\FYP\AlzVsStr\AlzVsStr\test\Alzheimer\Alzheimer (315).jpg,Alzheimer (315).jpg,Brain Disease,Alzheimer,test,0
C:\Users\hamza\Downloads\FYP\AlzVsStr\AlzVsStr\test\Alzheimer\Alzheimer (316).jpg,Alzheimer (316).jpg,Brain Disease,Alzheimer,test,0
C:\Users\hamza\Downloads\FYP\AlzVsStr\AlzVsStr\test\Alzheimer\Alzheimer (317).jpg,Alzheimer (317).jpg,Brain Disease,Alzheimer,test,0
C:\Users\hamza\Downloads\FYP\AlzVsStr\AlzVsStr\test\Alzheimer\Alzheimer (318).jpg,Alzheimer (318).jpg,Brain Disease,Alzheimer,test,0
C:\Users\hamza\Downloads\FYP\AlzVsStr\AlzVsStr\test\Alzheimer\Alzheimer (319).jpg,Alzheimer (319).jpg,Brain Disease,Alzheimer,test,0
C:\Users\hamza\Downloads\FYP\AlzVsStr\AlzVsStr\test\Alzheimer\Alzheimer (32).jpg,Alzheimer (32).jpg,Brain Disease,Alzheimer,test,0
C:\Users\hamza\Downloads\FYP\AlzVsStr\AlzVsStr\test\Alzheimer\Alzheimer (320).jpg,Alzheimer (320).jpg,Brain Disease,Alzheimer,test,0
C:\Users\hamza\Downloads\FYP\AlzVsStr\AlzVsStr\test\Alzheimer\Alzheimer (321).jpg,Alzheimer (321).jpg,Brain Disease,Alzheimer,test,0
C:\Users\hamza\Downloads\FYP\AlzVsStr\AlzVsStr\test\Alzheimer\Alzheimer (322).jpg,Alzheimer (322).jpg,Brain Disease,Alzheimer,test,0
C:\Users\hamza\Downloads\FYP\AlzVsStr\AlzVsStr\test\Alzheimer\Alzheimer (323).jpg,Alzheimer (323).jpg,Brain Disease,Alzheimer,test,0
C:\Users\hamza\Downloads\FYP\AlzVsStr\AlzVsStr\test\Alzheimer\Alzheimer (324).jpg,Alzheimer (324).jpg,Brain Disease,Alzheimer,test,0
C:\Users\hamza\Downloads\FYP\AlzVsStr\AlzVsStr\test\Alzheimer\Alzheimer (325).jpg,Alzheimer (325).jpg,Brain Disease,Alzheimer,test,0
C:\Users\hamza\Downloads\FYP\AlzVsStr\AlzVsStr\test\Alzheimer\Alzheimer (326).jpg,Alzheimer (326).jpg,Brain Disease,Alzheimer,test,0
C:\Users\hamza\Downloads\FYP\AlzVsStr\AlzVsStr\test\Alzheimer\Alzheimer (327).jpg,Alzheimer (327).jpg,Brain Disease,Alzheimer,test,0
C:\Users\hamza\Downloads\FYP\AlzVsStr\AlzVsStr\test\Alzheimer\Alzheimer (328).jpg,Alzheimer (328).jpg,Brain Disease,Alzheimer,test,0
C:\Users\hamza\Downloads\FYP\AlzVsStr\AlzVsStr\test\Alzheimer\Alzheimer (329).jpg,Alzheimer (329).jpg,Brain Disease,Alzheimer,test,0
C:\Users\hamza\Downloads\FYP\AlzVsStr\AlzVsStr\test\Alzheimer\Alzheimer (33).jpg,Alzheimer (33).jpg,Brain Disease,Alzheimer,test,0
C:\Users\hamza\Downloads\FYP\AlzVsStr\AlzVsStr\test\Alzheimer\Alzheimer (330).jpg,Alzheimer (330).jpg,Brain Disease,Alzheimer,test,0
C:\Users\hamza\Downloads\FYP\AlzVsStr\AlzVsStr\test\Alzheimer\Alzheimer (331).jpg,Alzheimer (331).jpg,Brain Disease,Alzheimer,test,0
C:\Users\hamza\Downloads\FYP\AlzVsStr\AlzVsStr\test\Alzheimer\Alzheimer (332).jpg,Alzheimer (332).jpg,Brain Disease,Alzheimer,test,0
C:\Users\hamza\Downloads\FYP\AlzVsStr\AlzVsStr\test\Alzheimer\Alzheimer (333).jpg,Alzheimer (333).jpg,Brain Disease,Alzheimer,test,0
C:\Users\hamza\Downloads\FYP\AlzVsStr\AlzVsStr\test\Alzheimer\Alzheimer (334).jpg,Alzheimer (334).jpg,Brain Disease,Alzheimer,test,0
C:\Users\hamza\Downloads\FYP\AlzVsStr\AlzVsStr\test\Alzheimer\Alzheimer (335).jpg,Alzheimer (335).jpg,Brain Disease,Alzheimer,test,0
C:\Users\hamza\Downloads\FYP\AlzVsStr\AlzVsStr\test\Alzheimer\Alzheimer (336).jpg,Alzheimer (336).jpg,Brain Disease,Alzheimer,test,0
C:\Users\hamza\Downloads\FYP\AlzVsStr\AlzVsStr\test\Alzheimer\Alzheimer (337).jpg,Alzheimer (337).jpg,Brain Disease,Alzheimer,test,0
C:\Users\hamza\Downloads\FYP\AlzVsStr\AlzVsStr\test\Alzheimer\Alzheimer (338).jpg,Alzheimer (338).jpg,Brain Disease,Alzheimer,test,0
C:\Users\hamza\Downloads\FYP\AlzVsStr\AlzVsStr\test\Alzheimer\Alzheimer (339).jpg,Alzheimer (339).jpg,Brain Disease,Alzheimer,test,0
C:\Users\hamza\Downloads\FYP\AlzVsStr\AlzVsStr\test\Alzheimer\Alzheimer (34).jpg,Alzheimer (34).jpg,Brain Disease,Alzheimer,test,0
C:\Users\hamza\Downloads\FYP\AlzVsStr\AlzVsStr\test\Alzheimer\Alzheimer (340).jpg,Alzheimer (340).jpg,Brain Disease,Alzheimer,test,0
C:\Users\hamza\Downloads\FYP\AlzVsStr\AlzVsStr\test\Alzheimer\Alzheimer (341).jpg,Alzheimer (341).jpg,Brain Disease,Alzheimer,test,0
C:\Users\hamza\Downloads\FYP\AlzVsStr\AlzVsStr\test\Alzheimer\Alzheimer (342).jpg,Alzheimer (342).jpg,Brain Disease,Alzheimer,test,0
C:\Users\hamza\Downloads\FYP\AlzVsStr\AlzVsStr\test\Alzheimer\Alzheimer (343).jpg,Alzheimer (343).jpg,Brain Disease,Alzheimer,test,0
C:\Users\hamza\Downloads\FYP\AlzVsStr\AlzVsStr\test\Alzheimer\Alzheimer (344).jpg,Alzheimer (344).jpg,Brain Disease,Alzheimer,test,0
C:\Users\hamza\Downloads\FYP\AlzVsStr\AlzVsStr\test\Alzheimer\Alzheimer (345).jpg,Alzheimer (345).jpg,Brain Disease,Alzheimer,test,0
C:\Users\hamza\Downloads\FYP\AlzVsStr\AlzVsStr\test\Alzheimer\Alzheimer (346).jpg,Alzheimer (346).jpg,Brain Disease,Alzheimer,test,0
C:\Users\hamza\Downloads\FYP\AlzVsStr\AlzVsStr\test\Alzheimer\Alzheimer (347).jpg,Alzheimer (347).jpg,Brain Disease,Alzheimer,test,0
C:\Users\hamza\Downloads\FYP\AlzVsStr\AlzVsStr\test\Alzheimer\Alzheimer (348).jpg,Alzheimer (348).jpg,Brain Disease,Alzheimer,test,0
C:\Users\hamza\Downloads\FYP\AlzVsStr\AlzVsStr\test\Alzheimer\Alzheimer (349).jpg,Alzheimer (349).jpg,Brain Disease,Alzheimer,test,0
C:\Users\hamza\Downloads\FYP\AlzVsStr\AlzVsStr\test\Alzheimer\Alzheimer (35).jpg,Alzheimer (35).jpg,Brain Disease,Alzheimer,test,0
C:\Users\hamza\Downloads\FYP\AlzVsStr\AlzVsStr\test\Alzheimer\Alzheimer (350).jpg,Alzheimer (350).jpg,Brain Disease,Alzheimer,test,0
C:\Users\hamza\Downloads\FYP\AlzVsStr\AlzVsStr\test\Alzheimer\Alzheimer (351).jpg,Alzheimer (351).jpg,Brain Disease,Alzheimer,test,0
C:\Users\hamza\Downloads\FYP\AlzVsStr\AlzVsStr\test\Alzheimer\Alzheimer (352).jpg,Alzheimer (352).jpg,Brain Disease,Alzheimer,test,0
C:\Users\hamza\Downloads\FYP\AlzVsStr\AlzVsStr\test\Alzheimer\Alzheimer (353).jpg,Alzheimer (353).jpg,Brain Disease,Alzheimer,test,0
C:\Users\hamza\Downloads\FYP\AlzVsStr\AlzVsStr\test\Alzheimer\Alzheimer (354).jpg,Alzheimer (354).jpg,Brain Disease,Alzheimer,test,0
C:\Users\hamza\Downloads\FYP\AlzVsStr\AlzVsStr\test\Alzheimer\Alzheimer (355).jpg,Alzheimer (355).jpg,Brain Disease,Alzheimer,test,0
C:\Users\hamza\Downloads\FYP\AlzVsStr\AlzVsStr\test\Alzheimer\Alzheimer (356).jpg,Alzheimer (356).jpg,Brain Disease,Alzheimer,test,0
C:\Users\hamza\Downloads\FYP\AlzVsStr\AlzVsStr\test\Alzheimer\Alzheimer (357).jpg,Alzheimer (357).jpg,Brain Disease,Alzheimer,test,0
C:\Users\hamza\Downloads\FYP\AlzVsStr\AlzVsStr\test\Alzheimer\Alzheimer (358).jpg,Alzheimer (358).jpg,Brain Disease,Alzheimer,test,0
C:\Users\hamza\Downloads\FYP\AlzVsStr\AlzVsStr\test\Alzheimer\Alzheimer (359).jpg,Alzheimer (359).jpg,Brain Disease,Alzheimer,test,0
C:\Users\hamza\Downloads\FYP\AlzVsStr\AlzVsStr\test\Alzheimer\Alzheimer (36).jpg,Alzheimer (36).jpg,Brain Disease,Alzheimer,test,0
C:\Users\hamza\Downloads\FYP\AlzVsStr\AlzVsStr\test\Alzheimer\Alzheimer (360).jpg,Alzheimer (360).jpg,Brain Disease,Alzheimer,test,0
C:\Users\hamza\Downloads\FYP\AlzVsStr\AlzVsStr\test\Alzheimer\Alzheimer (361).jpg,Alzheimer (361).jpg,Brain Disease,Alzheimer,test,0
C:\Users\hamza\Downloads\FYP\AlzVsStr\AlzVsStr\test\Alzheimer\Alzheimer (362).jpg,Alzheimer (362).jpg,Brain Disease,Alzheimer,test,0
C:\Users\hamza\Downloads\FYP\AlzVsStr\AlzVsStr\test\Alzheimer\Alzheimer (363).jpg,Alzheimer (363).jpg,Brain Disease,Alzheimer,test,0
C:\Users\hamza\Downloads\FYP\AlzVsStr\AlzVsStr\test\Alzheimer\Alzheimer (364).jpg,Alzheimer (364).jpg,Brain Disease,Alzheimer,test,0
C:\Users\hamza\Downloads\FYP\AlzVsStr\AlzVsStr\test\Alzheimer\Alzheimer (365).jpg,Alzheimer (365).jpg,Brain Disease,Alzheimer,test,0
C:\Users\hamza\Downloads\FYP\AlzVsStr\AlzVsStr\test\Alzheimer\Alzheimer (366).jpg,Alzheimer (366).jpg,Brain Disease,Alzheimer,test,0
C:\Users\hamza\Downloads\FYP\AlzVsStr\AlzVsStr\test\Alzheimer\Alzheimer (367).jpg,Alzheimer (367).jpg,Brain Disease,Alzheimer,test,0
C:\Users\hamza\Downloads\FYP\AlzVsStr\AlzVsStr\test\Alzheimer\Alzheimer (368).jpg,Alzheimer (368).jpg,Brain Disease,Alzheimer,test,0
C:\Users\hamza\Downloads\FYP\AlzVsStr\AlzVsStr\test\Alzheimer\Alzheimer (369).jpg,Alzheimer (369).jpg,Brain Disease,Alzheimer,test,0
C:\Users\hamza\Downloads\FYP\AlzVsStr\AlzVsStr\test\Alzheimer\Alzheimer (37).jpg,Alzheimer (37).jpg,Brain Disease,Alzheimer,test,0
C:\Users\hamza\Downloads\FYP\AlzVsStr\AlzVsStr\test\Alzheimer\Alzheimer (370).jpg,Alzheimer (370).jpg,Brain Disease,Alzheimer,test,0
C:\Users\hamza\Downloads\FYP\AlzVsStr\AlzVsStr\test\Alzheimer\Alzheimer (371).jpg,Alzheimer (371).jpg,Brain Disease,Alzheimer,test,0
C:\Users\hamza\Downloads\FYP\AlzVsStr\AlzVsStr\test\Alzheimer\Alzheimer (372).jpg,Alzheimer (372).jpg,Brain Disease,Alzheimer,test,0
C:\Users\hamza\Downloads\FYP\AlzVsStr\AlzVsStr\test\Alzheimer\Alzheimer (373).jpg,Alzheimer (373).jpg,Brain Disease,Alzheimer,test,0
C:\Users\hamza\Downloads\FYP\AlzVsStr\AlzVsStr\test\Alzheimer\Alzheimer (374).jpg,Alzheimer (374).jpg,Brain Disease,Alzheimer,test,0
C:\Users\hamza\Downloads\FYP\AlzVsStr\AlzVsStr\test\Alzheimer\Alzheimer (375).jpg,Alzheimer (375).jpg,Brain Disease,Alzheimer,test,0
C:\Users\hamza\Downloads\FYP\AlzVsStr\AlzVsStr\test\Alzheimer\Alzheimer (376).jpg,Alzheimer (376).jpg,Brain Disease,Alzheimer,test,0
C:\Users\hamza\Downloads\FYP\AlzVsStr\AlzVsStr\test\Alzheimer\Alzheimer (377).jpg,Alzheimer (377).jpg,Brain Disease,Alzheimer,test,0
C:\Users\hamza\Downloads\FYP\AlzVsStr\AlzVsStr\test\Alzheimer\Alzheimer (378).jpg,Alzheimer (378).jpg,Brain Disease,Alzheimer,test,0
C:\Users\hamza\Downloads\FYP\AlzVsStr\AlzVsStr\test\Alzheimer\Alzheimer (379).jpg,Alzheimer (379).jpg,Brain Disease,Alzheimer,test,0
C:\Users\hamza\Downloads\FYP\AlzVsStr\AlzVsStr\test\Alzheimer\Alzheimer (38).jpg,Alzheimer (38).jpg,Brain Disease,Alzheimer,test,0
C:\Users\hamza\Downloads\FYP\AlzVsStr\AlzVsStr\test\Alzheimer\Alzheimer (380).jpg,Alzheimer (380).jpg,Brain Disease,Alzheimer,test,0
C:\Users\hamza\Downloads\FYP\AlzVsStr\AlzVsStr\test\Alzheimer\Alzheimer (381).jpg,Alzheimer (381).jpg,Brain Disease,Alzheimer,test,0
C:\Users\hamza\Downloads\FYP\AlzVsStr\AlzVsStr\test\Alzheimer\Alzheimer (382).jpg,Alzheimer (382).jpg,Brain Disease,Alzheimer,test,0
C:\Users\hamza\Downloads\FYP\AlzVsStr\AlzVsStr\test\Alzheimer\Alzheimer (383).jpg,Alzheimer (383).jpg,Brain Disease,Alzheimer,test,0
C:\Users\hamza\Downloads\FYP\AlzVsStr\AlzVsStr\test\Alzheimer\Alzheimer (384).jpg,Alzheimer (384).jpg,Brain Disease,Alzheimer,test,0
C:\Users\hamza\Downloads\FYP\AlzVsStr\AlzVsStr\test\Alzheimer\Alzheimer (385).jpg,Alzheimer (385).jpg,Brain Disease,Alzheimer,test,0
C:\Users\hamza\Downloads\FYP\AlzVsStr\AlzVsStr\test\Alzheimer\Alzheimer (386).jpg,Alzheimer (386).jpg,Brain Disease,Alzheimer,test,0
C:\Users\hamza\Downloads\FYP\AlzVsStr\AlzVsStr\test\Alzheimer\Alzheimer (387).jpg,Alzheimer (387).jpg,Brain Disease,Alzheimer,test,0
C:\Users\hamza\Downloads\FYP\AlzVsStr\AlzVsStr\test\Alzheimer\Alzheimer (388).jpg,Alzheimer (388).jpg,Brain Disease,Alzheimer,test,0
C:\Users\hamza\Downloads\FYP\AlzVsStr\AlzVsStr\test\Alzheimer\Alzheimer (389).jpg,Alzheimer (389).jpg,Brain Disease,Alzheimer,test,0
C:\Users\hamza\Downloads\FYP\AlzVsStr\AlzVsStr\test\Alzheimer\Alzheimer (39).jpg,Alzheimer (39).jpg,Brain Disease,Alzheimer,test,0
C:\Users\hamza\Downloads\FYP\AlzVsStr\AlzVsStr\test\Alzheimer\Alzheimer (390).jpg,Alzheimer (390).jpg,Brain Disease,Alzheimer,test,0
C:\Users\hamza\Downloads\FYP\AlzVsStr\AlzVsStr\test\Alzheimer\Alzheimer (391).jpg,Alzheimer (391).jpg,Brain Disease,Alzheimer,test,0
C:\Users\hamza\Downloads\FYP\AlzVsStr\AlzVsStr\test\Alzheimer\Alzheimer (392).jpg,Alzheimer (392).jpg,Brain Disease,Alzheimer,test,0
C:\Users\hamza\Downloads\FYP\AlzVsStr\AlzVsStr\test\Alzheimer\Alzheimer (393).jpg,Alzheimer (393).jpg,Brain Disease,Alzheimer,test,0
C:\Users\hamza\Downloads\FYP\AlzVsStr\AlzVsStr\test\Alzheimer\Alzheimer (394).jpg,Alzheimer (394).jpg,Brain Disease,Alzheimer,test,0
C:\Users\hamza\Downloads\FYP\AlzVsStr\AlzVsStr\test\Alzheimer\Alzheimer (395).jpg,Alzheimer (395).jpg,Brain Disease,Alzheimer,test,0
C:\Users\hamza\Downloads\FYP\AlzVsStr\AlzVsStr\test\Alzheimer\Alzheimer (396).jpg,Alzheimer (396).jpg,Brain Disease,Alzheimer,test,0
C:\Users\hamza\Downloads\FYP\AlzVsStr\AlzVsStr\test\Alzheimer\Alzheimer (397).jpg,Alzheimer (397).jpg,Brain Disease,Alzheimer,test,0
C:\Users\hamza\Downloads\FYP\AlzVsStr\AlzVsStr\test\Alzheimer\Alzheimer (398).jpg,Alzheimer (398).jpg,Brain Disease,Alzheimer,test,0
C:\Users\hamza\Downloads\FYP\AlzVsStr\AlzVsStr\test\Alzheimer\Alzheimer (399).jpg,Alzheimer (399).jpg,Brain Disease,Alzheimer,test,0
C:\Users\hamza\Downloads\FYP\AlzVsStr\AlzVsStr\test\Alzheimer\Alzheimer (4).jpg,Alzheimer (4).jpg,Brain Disease,Alzheimer,test,0
C:\Users\hamza\Downloads\FYP\AlzVsStr\AlzVsStr\test\Alzheimer\Alzheimer (40).jpg,Alzheimer (40).jpg,Brain Disease,Alzheimer,test,0
C:\Users\hamza\Downloads\FYP\AlzVsStr\AlzVsStr\test\Alzheimer\Alzheimer (400).jpg,Alzheimer (400).jpg,Brain Disease,Alzheimer,test,0
C:\Users\hamza\Downloads\FYP\AlzVsStr\AlzVsStr\test\Alzheimer\Alzheimer (41).jpg,Alzheimer (41).jpg,Brain Disease,Alzheimer,test,0
C:\Users\hamza\Downloads\FYP\AlzVsStr\AlzVsStr\test\Alzheimer\Alzheimer (42).jpg,Alzheimer (42).jpg,Brain Disease,Alzheimer,test,0
C:\Users\hamza\Downloads\FYP\AlzVsStr\AlzVsStr\test\Alzheimer\Alzheimer (43).jpg,Alzheimer (43).jpg,Brain Disease,Alzheimer,test,0
C:\Users\hamza\Downloads\FYP\AlzVsStr\AlzVsStr\test\Alzheimer\Alzheimer (44).jpg,Alzheimer (44).jpg,Brain Disease,Alzheimer,test,0
C:\Users\hamza\Downloads\FYP\AlzVsStr\AlzVsStr\test\Alzheimer\Alzheimer (45).jpg,Alzheimer (45).jpg,Brain Disease,Alzheimer,test,0
C:\Users\hamza\Downloads\FYP\AlzVsStr\AlzVsStr\test\Alzheimer\Alzheimer (46).jpg,Alzheimer (46).jpg,Brain Disease,Alzheimer,test,0
C:\Users\hamza\Downloads\FYP\AlzVsStr\AlzVsStr\test\Alzheimer\Alzheimer (47).jpg,Alzheimer (47).jpg,Brain Disease,Alzheimer,test,0
C:\Users\hamza\Downloads\FYP\AlzVsStr\AlzVsStr\test\Alzheimer\Alzheimer (48).jpg,Alzheimer (48).jpg,Brain Disease,Alzheimer,test,0
C:\Users\hamza\Downloads\FYP\AlzVsStr\AlzVsStr\test\Alzheimer\Alzheimer (49).jpg,Alzheimer (49).jpg,Brain Disease,Alzheimer,test,0
C:\Users\hamza\Downloads\FYP\AlzVsStr\AlzVsStr\test\Alzheimer\Alzheimer (5).jpg,Alzheimer (5).jpg,Brain Disease,Alzheimer,test,0
C:\Users\hamza\Downloads\FYP\AlzVsStr\AlzVsStr\test\Alzheimer\Alzheimer (50).jpg,Alzheimer (50).jpg,Brain Disease,Alzheimer,test,0
C:\Users\hamza\Downloads\FYP\AlzVsStr\AlzVsStr\test\Alzheimer\Alzheimer (51).jpg,Alzheimer (51).jpg,Brain Disease,Alzheimer,test,0
C:\Users\hamza\Downloads\FYP\AlzVsStr\AlzVsStr\test\Alzheimer\Alzheimer (52).jpg,Alzheimer (52).jpg,Brain Disease,Alzheimer,test,0
C:\Users\hamza\Downloads\FYP\AlzVsStr\AlzVsStr\test\Alzheimer\Alzheimer (53).jpg,Alzheimer (53).jpg,Brain Disease,Alzheimer,test,0
C:\Users\hamza\Downloads\FYP\AlzVsStr\AlzVsStr\test\Alzheimer\Alzheimer (54).jpg,Alzheimer (54).jpg,Brain Disease,Alzheimer,test,0
C:\Users\hamza\Downloads\FYP\AlzVsStr\AlzVsStr\test\Alzheimer\Alzheimer (55).jpg,Alzheimer (55).jpg,Brain Disease,Alzheimer,test,0
C:\Users\hamza\Downloads\FYP\AlzVsStr\AlzVsStr\test\Alzheimer\Alzheimer (56).jpg,Alzheimer (56).jpg,Brain Disease,Alzheimer,test,0
C:\Users\hamza\Downloads\FYP\AlzVsStr\AlzVsStr\test\Alzheimer\Alzheimer (57).jpg,Alzheimer (57).jpg,Brain Disease,Alzheimer,test,0
C:\Users\hamza\Downloads\FYP\AlzVsStr\AlzVsStr\test\Alzheimer\Alzheimer (58).jpg,Alzheimer (58).jpg,Brain Disease,Alzheimer,test,0
C:\Users\hamza\Downloads\FYP\AlzVsStr\AlzVsStr\test\Alzheimer\Alzheimer (59).jpg,Alzheimer (59).jpg,Brain Disease,Alzheimer,test,0
C:\Users\hamza\Downloads\FYP\AlzVsStr\AlzVsStr\test\Alzheimer\Alzheimer (6).jpg,Alzheimer (6).jpg,Brain Disease,Alzheimer,test,0
C:\Users\hamza\Downloads\FYP\AlzVsStr\AlzVsStr\test\Alzheimer\Alzheimer (60).jpg,Alzheimer (60).jpg,Brain Disease,Alzheimer,test,0
C:\Users\hamza\Downloads\FYP\AlzVsStr\AlzVsStr\test\Alzheimer\Alzheimer (61).jpg,Alzheimer (61).jpg,Brain Disease,Alzheimer,test,0
C:\Users\hamza\Downloads\FYP\AlzVsStr\AlzVsStr\test\Alzheimer\Alzheimer (62).jpg,Alzheimer (62).jpg,Brain Disease,Alzheimer,test,0
C:\Users\hamza\Downloads\FYP\AlzVsStr\AlzVsStr\test\Alzheimer\Alzheimer (63).jpg,Alzheimer (63).jpg,Brain Disease,Alzheimer,test,0
C:\Users\hamza\Downloads\FYP\AlzVsStr\AlzVsStr\test\Alzheimer\Alzheimer (64).jpg,Alzheimer (64).jpg,Brain Disease,Alzheimer,test,0
C:\Users\hamza\Downloads\FYP\AlzVsStr\AlzVsStr\test\Alzheimer\Alzheimer (65).jpg,Alzheimer (65).jpg,Brain Disease,Alzheimer,test,0
C:\Users\hamza\Downloads\FYP\AlzVsStr\AlzVsStr\test\Alzheimer\Alzheimer (66).jpg,Alzheimer (66).jpg,Brain Disease,Alzheimer,test,0
C:\Users\hamza\Downloads\FYP\AlzVsStr\AlzVsStr\test\Alzheimer\Alzheimer (67).jpg,Alzheimer (67).jpg,Brain Disease,Alzheimer,test,0
C:\Users\hamza\Downloads\FYP\AlzVsStr\AlzVsStr\test\Alzheimer\Alzheimer (68).jpg,Alzheimer (68).jpg,Brain Disease,Alzheimer,test,0
C:\Users\hamza\Downloads\FYP\AlzVsStr\AlzVsStr\test\Alzheimer\Alzheimer (69).jpg,Alzheimer (69).jpg,Brain Disease,Alzheimer,test,0
C:\Users\hamza\Downloads\FYP\AlzVsStr\AlzVsStr\test\Alzheimer\Alzheimer (7).jpg,Alzheimer (7).jpg,Brain Disease,Alzheimer,test,0
C:\Users\hamza\Downloads\FYP\AlzVsStr\AlzVsStr\test\Alzheimer\Alzheimer (70).jpg,Alzheimer (70).jpg,Brain Disease,Alzheimer,test,0
C:\Users\hamza\Downloads\FYP\AlzVsStr\AlzVsStr\test\Alzheimer\Alzheimer (71).jpg,Alzheimer (71).jpg,Brain Disease,Alzheimer,test,0
C:\Users\hamza\Downloads\FYP\AlzVsStr\AlzVsStr\test\Alzheimer\Alzheimer (72).jpg,Alzheimer (72).jpg,Brain Disease,Alzheimer,test,0
C:\Users\hamza\Downloads\FYP\AlzVsStr\AlzVsStr\test\Alzheimer\Alzheimer (73).jpg,Alzheimer (73).jpg,Brain Disease,Alzheimer,test,0
C:\Users\hamza\Downloads\FYP\AlzVsStr\AlzVsStr\test\Alzheimer\Alzheimer (74).jpg,Alzheimer (74).jpg,Brain Disease,Alzheimer,test,0
C:\Users\hamza\Downloads\FYP\AlzVsStr\AlzVsStr\test\Alzheimer\Alzheimer (75).jpg,Alzheimer (75).jpg,Brain Disease,Alzheimer,test,0
C:\Users\hamza\Downloads\FYP\AlzVsStr\AlzVsStr\test\Alzheimer\Alzheimer (76).jpg,Alzheimer (76).jpg,Brain Disease,Alzheimer,test,0
C:\Users\hamza\Downloads\FYP\AlzVsStr\AlzVsStr\test\Alzheimer\Alzheimer (77).jpg,Alzheimer (77).jpg,Brain Disease,Alzheimer,test,0
C:\Users\hamza\Downloads\FYP\AlzVsStr\AlzVsStr\test\Alzheimer\Alzheimer (78).jpg,Alzheimer (78).jpg,Brain Disease,Alzheimer,test,0
C:\Users\hamza\Downloads\FYP\AlzVsStr\AlzVsStr\test\Alzheimer\Alzheimer (79).jpg,Alzheimer (79).jpg,Brain Disease,Alzheimer,test,0
C:\Users\hamza\Downloads\FYP\AlzVsStr\AlzVsStr\test\Alzheimer\Alzheimer (8).jpg,Alzheimer (8).jpg,Brain Disease,Alzheimer,test,0
C:\Users\hamza\Downloads\FYP\AlzVsStr\AlzVsStr\test\Alzheimer\Alzheimer (80).jpg,Alzheimer (80).jpg,Brain Disease,Alzheimer,test,0
C:\Users\hamza\Downloads\FYP\AlzVsStr\AlzVsStr\test\Alzheimer\Alzheimer (81).jpg,Alzheimer (81).jpg,Brain Disease,Alzheimer,test,0
C:\Users\hamza\Downloads\FYP\AlzVsStr\AlzVsStr\test\Alzheimer\Alzheimer (82).jpg,Alzheimer (82).jpg,Brain Disease,Alzheimer,test,0
C:\Users\hamza\Downloads\FYP\AlzVsStr\AlzVsStr\test\Alzheimer\Alzheimer (83).jpg,Alzheimer (83).jpg,Brain Disease,Alzheimer,test,0
C:\Users\hamza\Downloads\FYP\AlzVsStr\AlzVsStr\test\Alzheimer\Alzheimer (84).jpg,Alzheimer (84).jpg,Brain Disease,Alzheimer,test,0
C:\Users\hamza\Downloads\FYP\AlzVsStr\AlzVsStr\test\Alzheimer\Alzheimer (85).jpg,Alzheimer (85).jpg,Brain Disease,Alzheimer,test,0
C:\Users\hamza\Downloads\FYP\AlzVsStr\AlzVsStr\test\Alzheimer\Alzheimer (86).jpg,Alzheimer (86).jpg,Brain Disease,Alzheimer,test,0
C:\Users\hamza\Downloads\FYP\AlzVsStr\AlzVsStr\test\Alzheimer\Alzheimer (87).jpg,Alzheimer (87).jpg,Brain Disease,Alzheimer,test,0
C:\Users\hamza\Downloads\FYP\AlzVsStr\AlzVsStr\test\Alzheimer\Alzheimer (88).jpg,Alzheimer (88).jpg,Brain Disease,Alzheimer,test,0
C:\Users\hamza\Downloads\FYP\AlzVsStr\AlzVsStr\test\Alzheimer\Alzheimer (89).jpg,Alzheimer (89).jpg,Brain Disease,Alzheimer,test,0
C:\Users\hamza\Downloads\FYP\AlzVsStr\AlzVsStr\test\Alzheimer\Alzheimer (9).jpg,Alzheimer (9).jpg,Brain Disease,Alzheimer,test,0
C:\Users\hamza\Downloads\FYP\AlzVsStr\AlzVsStr\test\Alzheimer\Alzheimer (90).jpg,Alzheimer (90).jpg,Brain Disease,Alzheimer,test,0
C:\Users\hamza\Downloads\FYP\AlzVsStr\AlzVsStr\test\Alzheimer\Alzheimer (91).jpg,Alzheimer (91).jpg,Brain Disease,Alzheimer,test,0
C:\Users\hamza\Downloads\FYP\AlzVsStr\AlzVsStr\test\Alzheimer\Alzheimer (92).jpg,Alzheimer (92).jpg,Brain Disease,Alzheimer,test,0
C:\Users\hamza\Downloads\FYP\AlzVsStr\AlzVsStr\test\Alzheimer\Alzheimer (93).jpg,Alzheimer (93).jpg,Brain Disease,Alzheimer,test,0
C:\Users\hamza\Downloads\FYP\AlzVsStr\AlzVsStr\test\Alzheimer\Alzheimer (94).jpg,Alzheimer (94).jpg,Brain Disease,Alzheimer,test,0
C:\Users\hamza\Downloads\FYP\AlzVsStr\AlzVsStr\test\Alzheimer\Alzheimer (95).jpg,Alzheimer (95).jpg,Brain Disease,Alzheimer,test,0
C:\Users\hamza\Downloads\FYP\AlzVsStr\AlzVsStr\test\Alzheimer\Alzheimer (96).jpg,Alzheimer (96).jpg,Brain Disease,Alzheimer,test,0
C:\Users\hamza\Downloads\FYP\AlzVsStr\AlzVsStr\test\Alzheimer\Alzheimer (97).jpg,Alzheimer (97).jpg,Brain Disease,Alzheimer,test,0
C:\Users\hamza\Downloads\FYP\AlzVsStr\AlzVsStr\test\Alzheimer\Alzheimer (98).jpg,Alzheimer (98).jpg,Brain Disease,Alzheimer,test,0
C:\Users\hamza\Downloads\FYP\AlzVsStr\AlzVsStr\test\Alzheimer\Alzheimer (99).jpg,Alzheimer (99).jpg,Brain Disease,Alzheimer,test,0
C:\Users\hamza\Downloads\FYP\AlzVsStr\AlzVsStr\validation\Stroke\aug_Stroke 2 (1).jpg,aug_Stroke 2 (1).jpg,Brain Disease,Stroke,validation,1
C:\Users\hamza\Downloads\FYP\AlzVsStr\AlzVsStr\validation\Stroke\aug_Stroke 2 (10).jpg,aug_Stroke 2 (10).jpg,Brain Disease,Stroke,validation,1
C:\Users\hamza\Downloads\FYP\AlzVsStr\AlzVsStr\validation\Stroke\aug_Stroke 2 (100).jpg,aug_Stroke 2 (100).jpg,Brain Disease,Stroke,validation,1
C:\Users\hamza\Downloads\FYP\AlzVsStr\AlzVsStr\validation\Stroke\aug_Stroke 2 (101).jpg,aug_Stroke 2 (101).jpg,Brain Disease,Stroke,validation,1
C:\Users\hamza\Downloads\FYP\AlzVsStr\AlzVsStr\validation\Stroke\aug_Stroke 2 (102).jpg,aug_Stroke 2 (102).jpg,Brain Disease,Stroke,validation,1
C:\Users\hamza\Downloads\FYP\AlzVsStr\AlzVsStr\validation\Stroke\aug_Stroke 2 (103).jpg,aug_Stroke 2 (103).jpg,Brain Disease,Stroke,validation,1
C:\Users\hamza\Downloads\FYP\AlzVsStr\AlzVsStr\validation\Stroke\aug_Stroke 2 (104).jpg,aug_Stroke 2 (104).jpg,Brain Disease,Stroke,validation,1
C:\Users\hamza\Downloads\FYP\AlzVsStr\AlzVsStr\validation\Stroke\aug_Stroke 2 (105).jpg,aug_Stroke 2 (105).jpg,Brain Disease,Stroke,validation,1
C:\Users\hamza\Downloads\FYP\AlzVsStr\AlzVsStr\validation\Stroke\aug_Stroke 2 (106).jpg,aug_Stroke 2 (106).jpg,Brain Disease,Stroke,validation,1
C:\Users\hamza\Downloads\FYP\AlzVsStr\AlzVsStr\validation\Stroke\aug_Stroke 2 (107).jpg,aug_Stroke 2 (107).jpg,Brain Disease,Stroke,validation,1
C:\Users\hamza\Downloads\FYP\AlzVsStr\AlzVsStr\validation\Stroke\aug_Stroke 2 (108).jpg,aug_Stroke 2 (108).jpg,Brain Disease,Stroke,validation,1
C:\Users\hamza\Downloads\FYP\AlzVsStr\AlzVsStr\validation\Stroke\aug_Stroke 2 (109).jpg,aug_Stroke 2 (109).jpg,Brain Disease,Stroke,validation,1
C:\Users\hamza\Downloads\FYP\AlzVsStr\AlzVsStr\validation\Stroke\aug_Stroke 2 (11).jpg,aug_Stroke 2 (11).jpg,Brain Disease,Stroke,validation,1
C:\Users\hamza\Downloads\FYP\AlzVsStr\AlzVsStr\validation\Stroke\aug_Stroke 2 (110).jpg,aug_Stroke 2 (110).jpg,Brain Disease,Stroke,validation,1
C:\Users\hamza\Downloads\FYP\AlzVsStr\AlzVsStr\validation\Stroke\aug_Stroke 2 (111).jpg,aug_Stroke 2 (111).jpg,Brain Disease,Stroke,validation,1
C:\Users\hamza\Downloads\FYP\AlzVsStr\AlzVsStr\validation\Stroke\aug_Stroke 2 (112).jpg,aug_Stroke 2 (112).jpg,Brain Disease,Stroke,validation,1
C:\Users\hamza\Downloads\FYP\AlzVsStr\AlzVsStr\validation\Stroke\aug_Stroke 2 (113).jpg,aug_Stroke 2 (113).jpg,Brain Disease,Stroke,validation,1
C:\Users\hamza\Downloads\FYP\AlzVsStr\AlzVsStr\validation\Stroke\aug_Stroke 2 (114).jpg,aug_Stroke 2 (114).jpg,Brain Disease,Stroke,validation,1
C:\Users\hamza\Downloads\FYP\AlzVsStr\AlzVsStr\validation\Stroke\aug_Stroke 2 (115).jpg,aug_Stroke 2 (115).jpg,Brain Disease,Stroke,validation,1
C:\Users\hamza\Downloads\FYP\AlzVsStr\AlzVsStr\validation\Stroke\aug_Stroke 2 (116).jpg,aug_Stroke 2 (116).jpg,Brain Disease,Stroke,validation,1
C:\Users\hamza\Downloads\FYP\AlzVsStr\AlzVsStr\validation\Stroke\aug_Stroke 2 (117).jpg,aug_Stroke 2 (117).jpg,Brain Disease,Stroke,validation,1
C:\Users\hamza\Downloads\FYP\AlzVsStr\AlzVsStr\validation\Stroke\aug_Stroke 2 (118).jpg,aug_Stroke 2 (118).jpg,Brain Disease,Stroke,validation,1
C:\Users\hamza\Downloads\FYP\AlzVsStr\AlzVsStr\validation\Stroke\aug_Stroke 2 (119).jpg,aug_Stroke 2 (119).jpg,Brain Disease,Stroke,validation,1
C:\Users\hamza\Downloads\FYP\AlzVsStr\AlzVsStr\validation\Stroke\aug_Stroke 2 (12).jpg,aug_Stroke 2 (12).jpg,Brain Disease,Stroke,validation,1
C:\Users\hamza\Downloads\FYP\AlzVsStr\AlzVsStr\validation\Stroke\aug_Stroke 2 (120).jpg,aug_Stroke 2 (120).jpg,Brain Disease,Stroke,validation,1
C:\Users\hamza\Downloads\FYP\AlzVsStr\AlzVsStr\validation\Stroke\aug_Stroke 2 (121).jpg,aug_Stroke 2 (121).jpg,Brain Disease,Stroke,validation,1
C:\Users\hamza\Downloads\FYP\AlzVsStr\AlzVsStr\validation\Stroke\aug_Stroke 2 (122).jpg,aug_Stroke 2 (122).jpg,Brain Disease,Stroke,validation,1
C:\Users\hamza\Downloads\FYP\AlzVsStr\AlzVsStr\validation\Stroke\aug_Stroke 2 (123).jpg,aug_Stroke 2 (123).jpg,Brain Disease,Stroke,validation,1
C:\Users\hamza\Downloads\FYP\AlzVsStr\AlzVsStr\validation\Stroke\aug_Stroke 2 (124).jpg,aug_Stroke 2 (124).jpg,Brain Disease,Stroke,validation,1
C:\Users\hamza\Downloads\FYP\AlzVsStr\AlzVsStr\validation\Stroke\aug_Stroke 2 (125).jpg,aug_Stroke 2 (125).jpg,Brain Disease,Stroke,validation,1
C:\Users\hamza\Downloads\FYP\AlzVsStr\AlzVsStr\validation\Stroke\aug_Stroke 2 (126).jpg,aug_Stroke 2 (126).jpg,Brain Disease,Stroke,validation,1
C:\Users\hamza\Downloads\FYP\AlzVsStr\AlzVsStr\validation\Stroke\aug_Stroke 2 (127).jpg,aug_Stroke 2 (127).jpg,Brain Disease,Stroke,validation,1
C:\Users\hamza\Downloads\FYP\AlzVsStr\AlzVsStr\validation\Stroke\aug_Stroke 2 (128).jpg,aug_Stroke 2 (128).jpg,Brain Disease,Stroke,validation,1
C:\Users\hamza\Downloads\FYP\AlzVsStr\AlzVsStr\validation\Stroke\aug_Stroke 2 (129).jpg,aug_Stroke 2 (129).jpg,Brain Disease,Stroke,validation,1
C:\Users\hamza\Downloads\FYP\AlzVsStr\AlzVsStr\validation\Stroke\aug_Stroke 2 (13).jpg,aug_Stroke 2 (13).jpg,Brain Disease,Stroke,validation,1
C:\Users\hamza\Downloads\FYP\AlzVsStr\AlzVsStr\validation\Stroke\aug_Stroke 2 (130).jpg,aug_Stroke 2 (130).jpg,Brain Disease,Stroke,validation,1
C:\Users\hamza\Downloads\FYP\AlzVsStr\AlzVsStr\validation\Stroke\aug_Stroke 2 (131).jpg,aug_Stroke 2 (131).jpg,Brain Disease,Stroke,validation,1
C:\Users\hamza\Downloads\FYP\AlzVsStr\AlzVsStr\validation\Stroke\aug_Stroke 2 (132).jpg,aug_Stroke 2 (132).jpg,Brain Disease,Stroke,validation,1
C:\Users\hamza\Downloads\FYP\AlzVsStr\AlzVsStr\validation\Stroke\aug_Stroke 2 (133).jpg,aug_Stroke 2 (133).jpg,Brain Disease,Stroke,validation,1
C:\Users\hamza\Downloads\FYP\AlzVsStr\AlzVsStr\validation\Stroke\aug_Stroke 2 (134).jpg,aug_Stroke 2 (134).jpg,Brain Disease,Stroke,validation,1
C:\Users\hamza\Downloads\FYP\AlzVsStr\AlzVsStr\validation\Stroke\aug_Stroke 2 (135).jpg,aug_Stroke 2 (135).jpg,Brain Disease,Stroke,validation,1
C:\Users\hamza\Downloads\FYP\AlzVsStr\AlzVsStr\validation\Stroke\aug_Stroke 2 (136).jpg,aug_Stroke 2 (136).jpg,Brain Disease,Stroke,validation,1
C:\Users\hamza\Downloads\FYP\AlzVsStr\AlzVsStr\validation\Stroke\aug_Stroke 2 (137).jpg,aug_Stroke 2 (137).jpg,Brain Disease,Stroke,validation,1
C:\Users\hamza\Downloads\FYP\AlzVsStr\AlzVsStr\validation\Stroke\aug_Stroke 2 (138).jpg,aug_Stroke 2 (138).jpg,Brain Disease,Stroke,validation,1
C:\Users\hamza\Downloads\FYP\AlzVsStr\AlzVsStr\validation\Stroke\aug_Stroke 2 (139).jpg,aug_Stroke 2 (139).jpg,Brain Disease,Stroke,validation,1
C:\Users\hamza\Downloads\FYP\AlzVsStr\AlzVsStr\validation\Stroke\aug_Stroke 2 (14).jpg,aug_Stroke 2 (14).jpg,Brain Disease,Stroke,validation,1
C:\Users\hamza\Downloads\FYP\AlzVsStr\AlzVsStr\validation\Stroke\aug_Stroke 2 (140).jpg,aug_Stroke 2 (140).jpg,Brain Disease,Stroke,validation,1
C:\Users\hamza\Downloads\FYP\AlzVsStr\AlzVsStr\validation\Stroke\aug_Stroke 2 (141).jpg,aug_Stroke 2 (141).jpg,Brain Disease,Stroke,validation,1
C:\Users\hamza\Downloads\FYP\AlzVsStr\AlzVsStr\validation\Stroke\aug_Stroke 2 (142).jpg,aug_Stroke 2 (142).jpg,Brain Disease,Stroke,validation,1
C:\Users\hamza\Downloads\FYP\AlzVsStr\AlzVsStr\validation\Stroke\aug_Stroke 2 (143).jpg,aug_Stroke 2 (143).jpg,Brain Disease,Stroke,validation,1
C:\Users\hamza\Downloads\FYP\AlzVsStr\AlzVsStr\validation\Stroke\aug_Stroke 2 (144).jpg,aug_Stroke 2 (144).jpg,Brain Disease,Stroke,validation,1
C:\Users\hamza\Downloads\FYP\AlzVsStr\AlzVsStr\validation\Stroke\aug_Stroke 2 (145).jpg,aug_Stroke 2 (145).jpg,Brain Disease,Stroke,validation,1
C:\Users\hamza\Downloads\FYP\AlzVsStr\AlzVsStr\validation\Stroke\aug_Stroke 2 (146).jpg,aug_Stroke 2 (146).jpg,Brain Disease,Stroke,validation,1
C:\Users\hamza\Downloads\FYP\AlzVsStr\AlzVsStr\validation\Stroke\aug_Stroke 2 (147).jpg,aug_Stroke 2 (147).jpg,Brain Disease,Stroke,validation,1
C:\Users\hamza\Downloads\FYP\AlzVsStr\AlzVsStr\validation\Stroke\aug_Stroke 2 (148).jpg,aug_Stroke 2 (148).jpg,Brain Disease,Stroke,validation,1
C:\Users\hamza\Downloads\FYP\AlzVsStr\AlzVsStr\validation\Stroke\aug_Stroke 2 (149).jpg,aug_Stroke 2 (149).jpg,Brain Disease,Stroke,validation,1
C:\Users\hamza\Downloads\FYP\AlzVsStr\AlzVsStr\validation\Stroke\aug_Stroke 2 (15).jpg,aug_Stroke 2 (15).jpg,Brain Disease,Stroke,validation,1
C:\Users\hamza\Downloads\FYP\AlzVsStr\AlzVsStr\validation\Stroke\aug_Stroke 2 (150).jpg,aug_Stroke 2 (150).jpg,Brain Disease,Stroke,validation,1
C:\Users\hamza\Downloads\FYP\AlzVsStr\AlzVsStr\validation\Stroke\aug_Stroke 2 (151).jpg,aug_Stroke 2 (151).jpg,Brain Disease,Stroke,validation,1
C:\Users\hamza\Downloads\FYP\AlzVsStr\AlzVsStr\validation\Stroke\aug_Stroke 2 (152).jpg,aug_Stroke 2 (152).jpg,Brain Disease,Stroke,validation,1
C:\Users\hamza\Downloads\FYP\AlzVsStr\AlzVsStr\validation\Stroke\aug_Stroke 2 (153).jpg,aug_Stroke 2 (153).jpg,Brain Disease,Stroke,validation,1
C:\Users\hamza\Downloads\FYP\AlzVsStr\AlzVsStr\validation\Stroke\aug_Stroke 2 (154).jpg,aug_Stroke 2 (154).jpg,Brain Disease,Stroke,validation,1
C:\Users\hamza\Downloads\FYP\AlzVsStr\AlzVsStr\validation\Stroke\aug_Stroke 2 (155).jpg,aug_Stroke 2 (155).jpg,Brain Disease,Stroke,validation,1
C:\Users\hamza\Downloads\FYP\AlzVsStr\AlzVsStr\validation\Stroke\aug_Stroke 2 (156).jpg,aug_Stroke 2 (156).jpg,Brain Disease,Stroke,validation,1
C:\Users\hamza\Downloads\FYP\AlzVsStr\AlzVsStr\validation\Stroke\aug_Stroke 2 (157).jpg,aug_Stroke 2 (157).jpg,Brain Disease,Stroke,validation,1
C:\Users\hamza\Downloads\FYP\AlzVsStr\AlzVsStr\validation\Stroke\aug_Stroke 2 (158).jpg,aug_Stroke 2 (158).jpg,Brain Disease,Stroke,validation,1
C:\Users\hamza\Downloads\FYP\AlzVsStr\AlzVsStr\validation\Stroke\aug_Stroke 2 (159).jpg,aug_Stroke 2 (159).jpg,Brain Disease,Stroke,validation,1
C:\Users\hamza\Downloads\FYP\AlzVsStr\AlzVsStr\validation\Stroke\aug_Stroke 2 (16).jpg,aug_Stroke 2 (16).jpg,Brain Disease,Stroke,validation,1
C:\Users\hamza\Downloads\FYP\AlzVsStr\AlzVsStr\validation\Stroke\aug_Stroke 2 (160).jpg,aug_Stroke 2 (160).jpg,Brain Disease,Stroke,validation,1
C:\Users\hamza\Downloads\FYP\AlzVsStr\AlzVsStr\validation\Stroke\aug_Stroke 2 (161).jpg,aug_Stroke 2 (161).jpg,Brain Disease,Stroke,validation,1
C:\Users\hamza\Downloads\FYP\AlzVsStr\AlzVsStr\validation\Stroke\aug_Stroke 2 (162).jpg,aug_Stroke 2 (162).jpg,Brain Disease,Stroke,validation,1
C:\Users\hamza\Downloads\FYP\AlzVsStr\AlzVsStr\validation\Stroke\aug_Stroke 2 (163).jpg,aug_Stroke 2 (163).jpg,Brain Disease,Stroke,validation,1
C:\Users\hamza\Downloads\FYP\AlzVsStr\AlzVsStr\validation\Stroke\aug_Stroke 2 (164).jpg,aug_Stroke 2 (164).jpg,Brain Disease,Stroke,validation,1
C:\Users\hamza\Downloads\FYP\AlzVsStr\AlzVsStr\validation\Stroke\aug_Stroke 2 (165).jpg,aug_Stroke 2 (165).jpg,Brain Disease,Stroke,validation,1
C:\Users\hamza\Downloads\FYP\AlzVsStr\AlzVsStr\validation\Stroke\aug_Stroke 2 (166).jpg,aug_Stroke 2 (166).jpg,Brain Disease,Stroke,validation,1
C:\Users\hamza\Downloads\FYP\AlzVsStr\AlzVsStr\validation\Stroke\aug_Stroke 2 (167).jpg,aug_Stroke 2 (167).jpg,Brain Disease,Stroke,validation,1
C:\Users\hamza\Downloads\FYP\AlzVsStr\AlzVsStr\validation\Stroke\aug_Stroke 2 (168).jpg,aug_Stroke 2 (168).jpg,Brain Disease,Stroke,validation,1
C:\Users\hamza\Downloads\FYP\AlzVsStr\AlzVsStr\validation\Stroke\aug_Stroke 2 (169).jpg,aug_Stroke 2 (169).jpg,Brain Disease,Stroke,validation,1
C:\Users\hamza\Downloads\FYP\AlzVsStr\AlzVsStr\validation\Stroke\aug_Stroke 2 (17).jpg,aug_Stroke 2 (17).jpg,Brain Disease,Stroke,validation,1
C:\Users\hamza\Downloads\FYP\AlzVsStr\AlzVsStr\validation\Stroke\aug_Stroke 2 (170).jpg,aug_Stroke 2 (170).jpg,Brain Disease,Stroke,validation,1
C:\Users\hamza\Downloads\FYP\AlzVsStr\AlzVsStr\validation\Stroke\aug_Stroke 2 (171).jpg,aug_Stroke 2 (171).jpg,Brain Disease,Stroke,validation,1
C:\Users\hamza\Downloads\FYP\AlzVsStr\AlzVsStr\validation\Stroke\aug_Stroke 2 (172).jpg,aug_Stroke 2 (172).jpg,Brain Disease,Stroke,validation,1
C:\Users\hamza\Downloads\FYP\AlzVsStr\AlzVsStr\validation\Stroke\aug_Stroke 2 (173).jpg,aug_Stroke 2 (173).jpg,Brain Disease,Stroke,validation,1
C:\Users\hamza\Downloads\FYP\AlzVsStr\AlzVsStr\validation\Stroke\aug_Stroke 2 (174).jpg,aug_Stroke 2 (174).jpg,Brain Disease,Stroke,validation,1
C:\Users\hamza\Downloads\FYP\AlzVsStr\AlzVsStr\validation\Stroke\aug_Stroke 2 (175).jpg,aug_Stroke 2 (175).jpg,Brain Disease,Stroke,validation,1
C:\Users\hamza\Downloads\FYP\AlzVsStr\AlzVsStr\validation\Stroke\aug_Stroke 2 (176).jpg,aug_Stroke 2 (176).jpg,Brain Disease,Stroke,validation,1
C:\Users\hamza\Downloads\FYP\AlzVsStr\AlzVsStr\validation\Stroke\aug_Stroke 2 (177).jpg,aug_Stroke 2 (177).jpg,Brain Disease,Stroke,validation,1
C:\Users\hamza\Downloads\FYP\AlzVsStr\AlzVsStr\validation\Stroke\aug_Stroke 2 (178).jpg,aug_Stroke 2 (178).jpg,Brain Disease,Stroke,validation,1
C:\Users\hamza\Downloads\FYP\AlzVsStr\AlzVsStr\validation\Stroke\aug_Stroke 2 (179).jpg,aug_Stroke 2 (179).jpg,Brain Disease,Stroke,validation,1
C:\Users\hamza\Downloads\FYP\AlzVsStr\AlzVsStr\validation\Stroke\aug_Stroke 2 (18).jpg,aug_Stroke 2 (18).jpg,Brain Disease,Stroke,validation,1
C:\Users\hamza\Downloads\FYP\AlzVsStr\AlzVsStr\validation\Stroke\aug_Stroke 2 (180).jpg,aug_Stroke 2 (180).jpg,Brain Disease,Stroke,validation,1
C:\Users\hamza\Downloads\FYP\AlzVsStr\AlzVsStr\validation\Stroke\aug_Stroke 2 (181).jpg,aug_Stroke 2 (181).jpg,Brain Disease,Stroke,validation,1
C:\Users\hamza\Downloads\FYP\AlzVsStr\AlzVsStr\validation\Stroke\aug_Stroke 2 (182).jpg,aug_Stroke 2 (182).jpg,Brain Disease,Stroke,validation,1
C:\Users\hamza\Downloads\FYP\AlzVsStr\AlzVsStr\validation\Stroke\aug_Stroke 2 (183).jpg,aug_Stroke 2 (183).jpg,Brain Disease,Stroke,validation,1
C:\Users\hamza\Downloads\FYP\AlzVsStr\AlzVsStr\validation\Stroke\aug_Stroke 2 (184).jpg,aug_Stroke 2 (184).jpg,Brain Disease,Stroke,validation,1
C:\Users\hamza\Downloads\FYP\AlzVsStr\AlzVsStr\validation\Stroke\aug_Stroke 2 (185).jpg,aug_Stroke 2 (185).jpg,Brain Disease,Stroke,validation,1
C:\Users\hamza\Downloads\FYP\AlzVsStr\AlzVsStr\validation\Stroke\aug_Stroke 2 (186).jpg,aug_Stroke 2 (186).jpg,Brain Disease,Stroke,validation,1
C:\Users\hamza\Downloads\FYP\AlzVsStr\AlzVsStr\validation\Stroke\aug_Stroke 2 (187).jpg,aug_Stroke 2 (187).jpg,Brain Disease,Stroke,validation,1
C:\Users\hamza\Downloads\FYP\AlzVsStr\AlzVsStr\validation\Stroke\aug_Stroke 2 (188).jpg,aug_Stroke 2 (188).jpg,Brain Disease,Stroke,validation,1
C:\Users\hamza\Downloads\FYP\AlzVsStr\AlzVsStr\validation\Stroke\aug_Stroke 2 (189).jpg,aug_Stroke 2 (189).jpg,Brain Disease,Stroke,validation,1
C:\Users\hamza\Downloads\FYP\AlzVsStr\AlzVsStr\validation\Stroke\aug_Stroke 2 (19).jpg,aug_Stroke 2 (19).jpg,Brain Disease,Stroke,validation,1
C:\Users\hamza\Downloads\FYP\AlzVsStr\AlzVsStr\validation\Stroke\aug_Stroke 2 (190).jpg,aug_Stroke 2 (190).jpg,Brain Disease,Stroke,validation,1
C:\Users\hamza\Downloads\FYP\AlzVsStr\AlzVsStr\validation\Stroke\aug_Stroke 2 (191).jpg,aug_Stroke 2 (191).jpg,Brain Disease,Stroke,validation,1
C:\Users\hamza\Downloads\FYP\AlzVsStr\AlzVsStr\validation\Stroke\aug_Stroke 2 (192).jpg,aug_Stroke 2 (192).jpg,Brain Disease,Stroke,validation,1
C:\Users\hamza\Downloads\FYP\AlzVsStr\AlzVsStr\validation\Stroke\aug_Stroke 2 (193).jpg,aug_Stroke 2 (193).jpg,Brain Disease,Stroke,validation,1
C:\Users\hamza\Downloads\FYP\AlzVsStr\AlzVsStr\validation\Stroke\aug_Stroke 2 (194).jpg,aug_Stroke 2 (194).jpg,Brain Disease,Stroke,validation,1
C:\Users\hamza\Downloads\FYP\AlzVsStr\AlzVsStr\validation\Stroke\aug_Stroke 2 (195).jpg,aug_Stroke 2 (195).jpg,Brain Disease,Stroke,validation,1
C:\Users\hamza\Downloads\FYP\AlzVsStr\AlzVsStr\validation\Stroke\aug_Stroke 2 (196).jpg,aug_Stroke 2 (196).jpg,Brain Disease,Stroke,validation,1
C:\Users\hamza\Downloads\FYP\AlzVsStr\AlzVsStr\validation\Stroke\aug_Stroke 2 (197).jpg,aug_Stroke 2 (197).jpg,Brain Disease,Stroke,validation,1
C:\Users\hamza\Downloads\FYP\AlzVsStr\AlzVsStr\validation\Stroke\aug_Stroke 2 (198).jpg,aug_Stroke 2 (198).jpg,Brain Disease,Stroke,validation,1
C:\Users\hamza\Downloads\FYP\AlzVsStr\AlzVsStr\validation\Stroke\aug_Stroke 2 (199).jpg,aug_Stroke 2 (199).jpg,Brain Disease,Stroke,validation,1
C:\Users\hamza\Downloads\FYP\AlzVsStr\AlzVsStr\validation\Stroke\aug_Stroke 2 (2).jpg,aug_Stroke 2 (2).jpg,Brain Disease,Stroke,validation,1
C:\Users\hamza\Downloads\FYP\AlzVsStr\AlzVsStr\validation\Stroke\aug_Stroke 2 (20).jpg,aug_Stroke 2 (20).jpg,Brain Disease,Stroke,validation,1
C:\Users\hamza\Downloads\FYP\AlzVsStr\AlzVsStr\validation\Stroke\aug_Stroke 2 (200).jpg,aug_Stroke 2 (200).jpg,Brain Disease,Stroke,validation,1
C:\Users\hamza\Downloads\FYP\AlzVsStr\AlzVsStr\validation\Stroke\aug_Stroke 2 (201).jpg,aug_Stroke 2 (201).jpg,Brain Disease,Stroke,validation,1
C:\Users\hamza\Downloads\FYP\AlzVsStr\AlzVsStr\validation\Stroke\aug_Stroke 2 (202).jpg,aug_Stroke 2 (202).jpg,Brain Disease,Stroke,validation,1
C:\Users\hamza\Downloads\FYP\AlzVsStr\AlzVsStr\validation\Stroke\aug_Stroke 2 (203).jpg,aug_Stroke 2 (203).jpg,Brain Disease,Stroke,validation,1
C:\Users\hamza\Downloads\FYP\AlzVsStr\AlzVsStr\validation\Stroke\aug_Stroke 2 (204).jpg,aug_Stroke 2 (204).jpg,Brain Disease,Stroke,validation,1
C:\Users\hamza\Downloads\FYP\AlzVsStr\AlzVsStr\validation\Stroke\aug_Stroke 2 (205).jpg,aug_Stroke 2 (205).jpg,Brain Disease,Stroke,validation,1
C:\Users\hamza\Downloads\FYP\AlzVsStr\AlzVsStr\validation\Stroke\aug_Stroke 2 (206).jpg,aug_Stroke 2 (206).jpg,Brain Disease,Stroke,validation,1
C:\Users\hamza\Downloads\FYP\AlzVsStr\AlzVsStr\validation\Stroke\aug_Stroke 2 (207).jpg,aug_Stroke 2 (207).jpg,Brain Disease,Stroke,validation,1
C:\Users\hamza\Downloads\FYP\AlzVsStr\AlzVsStr\validation\Stroke\aug_Stroke 2 (208).jpg,aug_Stroke 2 (208).jpg,Brain Disease,Stroke,validation,1
C:\Users\hamza\Downloads\FYP\AlzVsStr\AlzVsStr\validation\Stroke\aug_Stroke 2 (209).jpg,aug_Stroke 2 (209).jpg,Brain Disease,Stroke,validation,1
C:\Users\hamza\Downloads\FYP\AlzVsStr\AlzVsStr\validation\Stroke\aug_Stroke 2 (21).jpg,aug_Stroke 2 (21).jpg,Brain Disease,Stroke,validation,1
C:\Users\hamza\Downloads\FYP\AlzVsStr\AlzVsStr\validation\Stroke\aug_Stroke 2 (210).jpg,aug_Stroke 2 (210).jpg,Brain Disease,Stroke,validation,1
C:\Users\hamza\Downloads\FYP\AlzVsStr\AlzVsStr\validation\Stroke\aug_Stroke 2 (211).jpg,aug_Stroke 2 (211).jpg,Brain Disease,Stroke,validation,1
C:\Users\hamza\Downloads\FYP\AlzVsStr\AlzVsStr\validation\Stroke\aug_Stroke 2 (212).jpg,aug_Stroke 2 (212).jpg,Brain Disease,Stroke,validation,1
C:\Users\hamza\Downloads\FYP\AlzVsStr\AlzVsStr\validation\Stroke\aug_Stroke 2 (213).jpg,aug_Stroke 2 (213).jpg,Brain Disease,Stroke,validation,1
C:\Users\hamza\Downloads\FYP\AlzVsStr\AlzVsStr\validation\Stroke\aug_Stroke 2 (214).jpg,aug_Stroke 2 (214).jpg,Brain Disease,Stroke,validation,1
C:\Users\hamza\Downloads\FYP\AlzVsStr\AlzVsStr\validation\Stroke\aug_Stroke 2 (215).jpg,aug_Stroke 2 (215).jpg,Brain Disease,Stroke,validation,1
C:\Users\hamza\Downloads\FYP\AlzVsStr\AlzVsStr\validation\Stroke\aug_Stroke 2 (216).jpg,aug_Stroke 2 (216).jpg,Brain Disease,Stroke,validation,1
C:\Users\hamza\Downloads\FYP\AlzVsStr\AlzVsStr\validation\Stroke\aug_Stroke 2 (217).jpg,aug_Stroke 2 (217).jpg,Brain Disease,Stroke,validation,1
C:\Users\hamza\Downloads\FYP\AlzVsStr\AlzVsStr\validation\Stroke\aug_Stroke 2 (218).jpg,aug_Stroke 2 (218).jpg,Brain Disease,Stroke,validation,1
C:\Users\hamza\Downloads\FYP\AlzVsStr\AlzVsStr\validation\Stroke\aug_Stroke 2 (219).jpg,aug_Stroke 2 (219).jpg,Brain Disease,Stroke,validation,1
C:\Users\hamza\Downloads\FYP\AlzVsStr\AlzVsStr\validation\Stroke\aug_Stroke 2 (22).jpg,aug_Stroke 2 (22).jpg,Brain Disease,Stroke,validation,1
C:\Users\hamza\Downloads\FYP\AlzVsStr\AlzVsStr\validation\Stroke\aug_Stroke 2 (220).jpg,aug_Stroke 2 (220).jpg,Brain Disease,Stroke,validation,1
C:\Users\hamza\Downloads\FYP\AlzVsStr\AlzVsStr\validation\Stroke\aug_Stroke 2 (221).jpg,aug_Stroke 2 (221).jpg,Brain Disease,Stroke,validation,1
C:\Users\hamza\Downloads\FYP\AlzVsStr\AlzVsStr\validation\Stroke\aug_Stroke 2 (222).jpg,aug_Stroke 2 (222).jpg,Brain Disease,Stroke,validation,1
C:\Users\hamza\Downloads\FYP\AlzVsStr\AlzVsStr\validation\Stroke\aug_Stroke 2 (223).jpg,aug_Stroke 2 (223).jpg,Brain Disease,Stroke,validation,1
C:\Users\hamza\Downloads\FYP\AlzVsStr\AlzVsStr\validation\Stroke\aug_Stroke 2 (224).jpg,aug_Stroke 2 (224).jpg,Brain Disease,Stroke,validation,1
C:\Users\hamza\Downloads\FYP\AlzVsStr\AlzVsStr\validation\Stroke\aug_Stroke 2 (225).jpg,aug_Stroke 2 (225).jpg,Brain Disease,Stroke,validation,1
C:\Users\hamza\Downloads\FYP\AlzVsStr\AlzVsStr\validation\Stroke\aug_Stroke 2 (226).jpg,aug_Stroke 2 (226).jpg,Brain Disease,Stroke,validation,1
C:\Users\hamza\Downloads\FYP\AlzVsStr\AlzVsStr\validation\Stroke\aug_Stroke 2 (227).jpg,aug_Stroke 2 (227).jpg,Brain Disease,Stroke,validation,1
C:\Users\hamza\Downloads\FYP\AlzVsStr\AlzVsStr\validation\Stroke\aug_Stroke 2 (228).jpg,aug_Stroke 2 (228).jpg,Brain Disease,Stroke,validation,1
C:\Users\hamza\Downloads\FYP\AlzVsStr\AlzVsStr\validation\Stroke\aug_Stroke 2 (229).jpg,aug_Stroke 2 (229).jpg,Brain Disease,Stroke,validation,1
C:\Users\hamza\Downloads\FYP\AlzVsStr\AlzVsStr\validation\Stroke\aug_Stroke 2 (23).jpg,aug_Stroke 2 (23).jpg,Brain Disease,Stroke,validation,1
C:\Users\hamza\Downloads\FYP\AlzVsStr\AlzVsStr\validation\Stroke\aug_Stroke 2 (230).jpg,aug_Stroke 2 (230).jpg,Brain Disease,Stroke,validation,1
C:\Users\hamza\Downloads\FYP\AlzVsStr\AlzVsStr\validation\Stroke\aug_Stroke 2 (231).jpg,aug_Stroke 2 (231).jpg,Brain Disease,Stroke,validation,1
C:\Users\hamza\Downloads\FYP\AlzVsStr\AlzVsStr\validation\Stroke\aug_Stroke 2 (232).jpg,aug_Stroke 2 (232).jpg,Brain Disease,Stroke,validation,1
C:\Users\hamza\Downloads\FYP\AlzVsStr\AlzVsStr\validation\Stroke\aug_Stroke 2 (233).jpg,aug_Stroke 2 (233).jpg,Brain Disease,Stroke,validation,1
C:\Users\hamza\Downloads\FYP\AlzVsStr\AlzVsStr\validation\Stroke\aug_Stroke 2 (234).jpg,aug_Stroke 2 (234).jpg,Brain Disease,Stroke,validation,1
C:\Users\hamza\Downloads\FYP\AlzVsStr\AlzVsStr\validation\Stroke\aug_Stroke 2 (235).jpg,aug_Stroke 2 (235).jpg,Brain Disease,Stroke,validation,1
C:\Users\hamza\Downloads\FYP\AlzVsStr\AlzVsStr\validation\Stroke\aug_Stroke 2 (236).jpg,aug_Stroke 2 (236).jpg,Brain Disease,Stroke,validation,1
C:\Users\hamza\Downloads\FYP\AlzVsStr\AlzVsStr\validation\Stroke\aug_Stroke 2 (237).jpg,aug_Stroke 2 (237).jpg,Brain Disease,Stroke,validation,1
C:\Users\hamza\Downloads\FYP\AlzVsStr\AlzVsStr\validation\Stroke\aug_Stroke 2 (238).jpg,aug_Stroke 2 (238).jpg,Brain Disease,Stroke,validation,1
C:\Users\hamza\Downloads\FYP\AlzVsStr\AlzVsStr\validation\Stroke\aug_Stroke 2 (239).jpg,aug_Stroke 2 (239).jpg,Brain Disease,Stroke,validation,1
C:\Users\hamza\Downloads\FYP\AlzVsStr\AlzVsStr\validation\Stroke\aug_Stroke 2 (24).jpg,aug_Stroke 2 (24).jpg,Brain Disease,Stroke,validation,1
C:\Users\hamza\Downloads\FYP\AlzVsStr\AlzVsStr\validation\Stroke\aug_Stroke 2 (240).jpg,aug_Stroke 2 (240).jpg,Brain Disease,Stroke,validation,1
C:\Users\hamza\Downloads\FYP\AlzVsStr\AlzVsStr\validation\Stroke\aug_Stroke 2 (241).jpg,aug_Stroke 2 (241).jpg,Brain Disease,Stroke,validation,1
C:\Users\hamza\Downloads\FYP\AlzVsStr\AlzVsStr\validation\Stroke\aug_Stroke 2 (242).jpg,aug_Stroke 2 (242).jpg,Brain Disease,Stroke,validation,1
C:\Users\hamza\Downloads\FYP\AlzVsStr\AlzVsStr\validation\Stroke\aug_Stroke 2 (243).jpg,aug_Stroke 2 (243).jpg,Brain Disease,Stroke,validation,1
C:\Users\hamza\Downloads\FYP\AlzVsStr\AlzVsStr\validation\Stroke\aug_Stroke 2 (244).jpg,aug_Stroke 2 (244).jpg,Brain Disease,Stroke,validation,1
C:\Users\hamza\Downloads\FYP\AlzVsStr\AlzVsStr\validation\Stroke\aug_Stroke 2 (245).jpg,aug_Stroke 2 (245).jpg,Brain Disease,Stroke,validation,1
C:\Users\hamza\Downloads\FYP\AlzVsStr\AlzVsStr\validation\Stroke\aug_Stroke 2 (246).jpg,aug_Stroke 2 (246).jpg,Brain Disease,Stroke,validation,1
C:\Users\hamza\Downloads\FYP\AlzVsStr\AlzVsStr\validation\Stroke\aug_Stroke 2 (247).jpg,aug_Stroke 2 (247).jpg,Brain Disease,Stroke,validation,1
C:\Users\hamza\Downloads\FYP\AlzVsStr\AlzVsStr\validation\Stroke\aug_Stroke 2 (248).jpg,aug_Stroke 2 (248).jpg,Brain Disease,Stroke,validation,1
C:\Users\hamza\Downloads\FYP\AlzVsStr\AlzVsStr\validation\Stroke\aug_Stroke 2 (249).jpg,aug_Stroke 2 (249).jpg,Brain Disease,Stroke,validation,1
C:\Users\hamza\Downloads\FYP\AlzVsStr\AlzVsStr\validation\Stroke\aug_Stroke 2 (25).jpg,aug_Stroke 2 (25).jpg,Brain Disease,Stroke,validation,1
C:\Users\hamza\Downloads\FYP\AlzVsStr\AlzVsStr\validation\Stroke\aug_Stroke 2 (250).jpg,aug_Stroke 2 (250).jpg,Brain Disease,Stroke,validation,1
C:\Users\hamza\Downloads\FYP\AlzVsStr\AlzVsStr\validation\Stroke\aug_Stroke 2 (251).jpg,aug_Stroke 2 (251).jpg,Brain Disease,Stroke,validation,1
C:\Users\hamza\Downloads\FYP\AlzVsStr\AlzVsStr\validation\Stroke\aug_Stroke 2 (252).jpg,aug_Stroke 2 (252).jpg,Brain Disease,Stroke,validation,1
C:\Users\hamza\Downloads\FYP\AlzVsStr\AlzVsStr\validation\Stroke\aug_Stroke 2 (253).jpg,aug_Stroke 2 (253).jpg,Brain Disease,Stroke,validation,1
C:\Users\hamza\Downloads\FYP\AlzVsStr\AlzVsStr\validation\Stroke\aug_Stroke 2 (254).jpg,aug_Stroke 2 (254).jpg,Brain Disease,Stroke,validation,1
C:\Users\hamza\Downloads\FYP\AlzVsStr\AlzVsStr\validation\Stroke\aug_Stroke 2 (255).jpg,aug_Stroke 2 (255).jpg,Brain Disease,Stroke,validation,1
C:\Users\hamza\Downloads\FYP\AlzVsStr\AlzVsStr\validation\Stroke\aug_Stroke 2 (256).jpg,aug_Stroke 2 (256).jpg,Brain Disease,Stroke,validation,1
C:\Users\hamza\Downloads\FYP\AlzVsStr\AlzVsStr\validation\Stroke\aug_Stroke 2 (257).jpg,aug_Stroke 2 (257).jpg,Brain Disease,Stroke,validation,1
C:\Users\hamza\Downloads\FYP\AlzVsStr\AlzVsStr\validation\Stroke\aug_Stroke 2 (258).jpg,aug_Stroke 2 (258).jpg,Brain Disease,Stroke,validation,1
C:\Users\hamza\Downloads\FYP\AlzVsStr\AlzVsStr\validation\Stroke\aug_Stroke 2 (259).jpg,aug_Stroke 2 (259).jpg,Brain Disease,Stroke,validation,1
C:\Users\hamza\Downloads\FYP\AlzVsStr\AlzVsStr\validation\Stroke\aug_Stroke 2 (26).jpg,aug_Stroke 2 (26).jpg,Brain Disease,Stroke,validation,1
C:\Users\hamza\Downloads\FYP\AlzVsStr\AlzVsStr\validation\Stroke\aug_Stroke 2 (260).jpg,aug_Stroke 2 (260).jpg,Brain Disease,Stroke,validation,1
C:\Users\hamza\Downloads\FYP\AlzVsStr\AlzVsStr\validation\Stroke\aug_Stroke 2 (261).jpg,aug_Stroke 2 (261).jpg,Brain Disease,Stroke,validation,1
C:\Users\hamza\Downloads\FYP\AlzVsStr\AlzVsStr\validation\Stroke\aug_Stroke 2 (262).jpg,aug_Stroke 2 (262).jpg,Brain Disease,Stroke,validation,1
C:\Users\hamza\Downloads\FYP\AlzVsStr\AlzVsStr\validation\Stroke\aug_Stroke 2 (263).jpg,aug_Stroke 2 (263).jpg,Brain Disease,Stroke,validation,1
C:\Users\hamza\Downloads\FYP\AlzVsStr\AlzVsStr\validation\Stroke\aug_Stroke 2 (264).jpg,aug_Stroke 2 (264).jpg,Brain Disease,Stroke,validation,1
C:\Users\hamza\Downloads\FYP\AlzVsStr\AlzVsStr\validation\Stroke\aug_Stroke 2 (265).jpg,aug_Stroke 2 (265).jpg,Brain Disease,Stroke,validation,1
C:\Users\hamza\Downloads\FYP\AlzVsStr\AlzVsStr\validation\Stroke\aug_Stroke 2 (266).jpg,aug_Stroke 2 (266).jpg,Brain Disease,Stroke,validation,1
C:\Users\hamza\Downloads\FYP\AlzVsStr\AlzVsStr\validation\Stroke\aug_Stroke 2 (267).jpg,aug_Stroke 2 (267).jpg,Brain Disease,Stroke,validation,1
C:\Users\hamza\Downloads\FYP\AlzVsStr\AlzVsStr\validation\Stroke\aug_Stroke 2 (268).jpg,aug_Stroke 2 (268).jpg,Brain Disease,Stroke,validation,1
C:\Users\hamza\Downloads\FYP\AlzVsStr\AlzVsStr\validation\Stroke\aug_Stroke 2 (269).jpg,aug_Stroke 2 (269).jpg,Brain Disease,Stroke,validation,1
C:\Users\hamza\Downloads\FYP\AlzVsStr\AlzVsStr\validation\Stroke\aug_Stroke 2 (27).jpg,aug_Stroke 2 (27).jpg,Brain Disease,Stroke,validation,1
C:\Users\hamza\Downloads\FYP\AlzVsStr\AlzVsStr\validation\Stroke\aug_Stroke 2 (270).jpg,aug_Stroke 2 (270).jpg,Brain Disease,Stroke,validation,1
C:\Users\hamza\Downloads\FYP\AlzVsStr\AlzVsStr\validation\Stroke\aug_Stroke 2 (271).jpg,aug_Stroke 2 (271).jpg,Brain Disease,Stroke,validation,1
C:\Users\hamza\Downloads\FYP\AlzVsStr\AlzVsStr\validation\Stroke\aug_Stroke 2 (272).jpg,aug_Stroke 2 (272).jpg,Brain Disease,Stroke,validation,1
C:\Users\hamza\Downloads\FYP\AlzVsStr\AlzVsStr\validation\Stroke\aug_Stroke 2 (273).jpg,aug_Stroke 2 (273).jpg,Brain Disease,Stroke,validation,1
C:\Users\hamza\Downloads\FYP\AlzVsStr\AlzVsStr\validation\Stroke\aug_Stroke 2 (274).jpg,aug_Stroke 2 (274).jpg,Brain Disease,Stroke,validation,1
C:\Users\hamza\Downloads\FYP\AlzVsStr\AlzVsStr\validation\Stroke\aug_Stroke 2 (275).jpg,aug_Stroke 2 (275).jpg,Brain Disease,Stroke,validation,1
C:\Users\hamza\Downloads\FYP\AlzVsStr\AlzVsStr\validation\Stroke\aug_Stroke 2 (276).jpg,aug_Stroke 2 (276).jpg,Brain Disease,Stroke,validation,1
C:\Users\hamza\Downloads\FYP\AlzVsStr\AlzVsStr\validation\Stroke\aug_Stroke 2 (277).jpg,aug_Stroke 2 (277).jpg,Brain Disease,Stroke,validation,1
C:\Users\hamza\Downloads\FYP\AlzVsStr\AlzVsStr\validation\Stroke\aug_Stroke 2 (278).jpg,aug_Stroke 2 (278).jpg,Brain Disease,Stroke,validation,1
C:\Users\hamza\Downloads\FYP\AlzVsStr\AlzVsStr\validation\Stroke\aug_Stroke 2 (279).jpg,aug_Stroke 2 (279).jpg,Brain Disease,Stroke,validation,1
C:\Users\hamza\Downloads\FYP\AlzVsStr\AlzVsStr\validation\Stroke\aug_Stroke 2 (28).jpg,aug_Stroke 2 (28).jpg,Brain Disease,Stroke,validation,1
C:\Users\hamza\Downloads\FYP\AlzVsStr\AlzVsStr\validation\Stroke\aug_Stroke 2 (280).jpg,aug_Stroke 2 (280).jpg,Brain Disease,Stroke,validation,1
C:\Users\hamza\Downloads\FYP\AlzVsStr\AlzVsStr\validation\Stroke\aug_Stroke 2 (281).jpg,aug_Stroke 2 (281).jpg,Brain Disease,Stroke,validation,1
C:\Users\hamza\Downloads\FYP\AlzVsStr\AlzVsStr\validation\Stroke\aug_Stroke 2 (282).jpg,aug_Stroke 2 (282).jpg,Brain Disease,Stroke,validation,1
C:\Users\hamza\Downloads\FYP\AlzVsStr\AlzVsStr\validation\Stroke\aug_Stroke 2 (283).jpg,aug_Stroke 2 (283).jpg,Brain Disease,Stroke,validation,1
C:\Users\hamza\Downloads\FYP\AlzVsStr\AlzVsStr\validation\Stroke\aug_Stroke 2 (284).jpg,aug_Stroke 2 (284).jpg,Brain Disease,Stroke,validation,1
C:\Users\hamza\Downloads\FYP\AlzVsStr\AlzVsStr\validation\Stroke\aug_Stroke 2 (285).jpg,aug_Stroke 2 (285).jpg,Brain Disease,Stroke,validation,1
C:\Users\hamza\Downloads\FYP\AlzVsStr\AlzVsStr\validation\Stroke\aug_Stroke 2 (286).jpg,aug_Stroke 2 (286).jpg,Brain Disease,Stroke,validation,1
C:\Users\hamza\Downloads\FYP\AlzVsStr\AlzVsStr\validation\Stroke\aug_Stroke 2 (287).jpg,aug_Stroke 2 (287).jpg,Brain Disease,Stroke,validation,1
C:\Users\hamza\Downloads\FYP\AlzVsStr\AlzVsStr\validation\Stroke\aug_Stroke 2 (288).jpg,aug_Stroke 2 (288).jpg,Brain Disease,Stroke,validation,1
C:\Users\hamza\Downloads\FYP\AlzVsStr\AlzVsStr\validation\Stroke\aug_Stroke 2 (289).jpg,aug_Stroke 2 (289).jpg,Brain Disease,Stroke,validation,1
C:\Users\hamza\Downloads\FYP\AlzVsStr\AlzVsStr\validation\Stroke\aug_Stroke 2 (29).jpg,aug_Stroke 2 (29).jpg,Brain Disease,Stroke,validation,1
C:\Users\hamza\Downloads\FYP\AlzVsStr\AlzVsStr\validation\Stroke\aug_Stroke 2 (290).jpg,aug_Stroke 2 (290).jpg,Brain Disease,Stroke,validation,1
C:\Users\hamza\Downloads\FYP\AlzVsStr\AlzVsStr\validation\Stroke\aug_Stroke 2 (291).jpg,aug_Stroke 2 (291).jpg,Brain Disease,Stroke,validation,1
C:\Users\hamza\Downloads\FYP\AlzVsStr\AlzVsStr\validation\Stroke\aug_Stroke 2 (292).jpg,aug_Stroke 2 (292).jpg,Brain Disease,Stroke,validation,1
C:\Users\hamza\Downloads\FYP\AlzVsStr\AlzVsStr\validation\Stroke\aug_Stroke 2 (293).jpg,aug_Stroke 2 (293).jpg,Brain Disease,Stroke,validation,1
C:\Users\hamza\Downloads\FYP\AlzVsStr\AlzVsStr\validation\Stroke\aug_Stroke 2 (294).jpg,aug_Stroke 2 (294).jpg,Brain Disease,Stroke,validation,1
C:\Users\hamza\Downloads\FYP\AlzVsStr\AlzVsStr\validation\Stroke\aug_Stroke 2 (295).jpg,aug_Stroke 2 (295).jpg,Brain Disease,Stroke,validation,1
C:\Users\hamza\Downloads\FYP\AlzVsStr\AlzVsStr\validation\Stroke\aug_Stroke 2 (296).jpg,aug_Stroke 2 (296).jpg,Brain Disease,Stroke,validation,1
C:\Users\hamza\Downloads\FYP\AlzVsStr\AlzVsStr\validation\Stroke\aug_Stroke 2 (297).jpg,aug_Stroke 2 (297).jpg,Brain Disease,Stroke,validation,1
C:\Users\hamza\Downloads\FYP\AlzVsStr\AlzVsStr\validation\Stroke\aug_Stroke 2 (298).jpg,aug_Stroke 2 (298).jpg,Brain Disease,Stroke,validation,1
C:\Users\hamza\Downloads\FYP\AlzVsStr\AlzVsStr\validation\Stroke\aug_Stroke 2 (299).jpg,aug_Stroke 2 (299).jpg,Brain Disease,Stroke,validation,1
C:\Users\hamza\Downloads\FYP\AlzVsStr\AlzVsStr\validation\Stroke\aug_Stroke 2 (3).jpg,aug_Stroke 2 (3).jpg,Brain Disease,Stroke,validation,1
C:\Users\hamza\Downloads\FYP\AlzVsStr\AlzVsStr\validation\Stroke\aug_Stroke 2 (30).jpg,aug_Stroke 2 (30).jpg,Brain Disease,Stroke,validation,1
C:\Users\hamza\Downloads\FYP\AlzVsStr\AlzVsStr\validation\Stroke\aug_Stroke 2 (300).jpg,aug_Stroke 2 (300).jpg,Brain Disease,Stroke,validation,1
C:\Users\hamza\Downloads\FYP\AlzVsStr\AlzVsStr\validation\Stroke\aug_Stroke 2 (301).jpg,aug_Stroke 2 (301).jpg,Brain Disease,Stroke,validation,1
C:\Users\hamza\Downloads\FYP\AlzVsStr\AlzVsStr\validation\Stroke\aug_Stroke 2 (302).jpg,aug_Stroke 2 (302).jpg,Brain Disease,Stroke,validation,1
C:\Users\hamza\Downloads\FYP\AlzVsStr\AlzVsStr\validation\Stroke\aug_Stroke 2 (303).jpg,aug_Stroke 2 (303).jpg,Brain Disease,Stroke,validation,1
C:\Users\hamza\Downloads\FYP\AlzVsStr\AlzVsStr\validation\Stroke\aug_Stroke 2 (304).jpg,aug_Stroke 2 (304).jpg,Brain Disease,Stroke,validation,1
C:\Users\hamza\Downloads\FYP\AlzVsStr\AlzVsStr\validation\Stroke\aug_Stroke 2 (305).jpg,aug_Stroke 2 (305).jpg,Brain Disease,Stroke,validation,1
C:\Users\hamza\Downloads\FYP\AlzVsStr\AlzVsStr\validation\Stroke\aug_Stroke 2 (306).jpg,aug_Stroke 2 (306).jpg,Brain Disease,Stroke,validation,1
C:\Users\hamza\Downloads\FYP\AlzVsStr\AlzVsStr\validation\Stroke\aug_Stroke 2 (307).jpg,aug_Stroke 2 (307).jpg,Brain Disease,Stroke,validation,1
C:\Users\hamza\Downloads\FYP\AlzVsStr\AlzVsStr\validation\Stroke\aug_Stroke 2 (308).jpg,aug_Stroke 2 (308).jpg,Brain Disease,Stroke,validation,1
C:\Users\hamza\Downloads\FYP\AlzVsStr\AlzVsStr\validation\Stroke\aug_Stroke 2 (309).jpg,aug_Stroke 2 (309).jpg,Brain Disease,Stroke,validation,1
C:\Users\hamza\Downloads\FYP\AlzVsStr\AlzVsStr\validation\Stroke\aug_Stroke 2 (31).jpg,aug_Stroke 2 (31).jpg,Brain Disease,Stroke,validation,1
C:\Users\hamza\Downloads\FYP\AlzVsStr\AlzVsStr\validation\Stroke\aug_Stroke 2 (310).jpg,aug_Stroke 2 (310).jpg,Brain Disease,Stroke,validation,1
C:\Users\hamza\Downloads\FYP\AlzVsStr\AlzVsStr\validation\Stroke\aug_Stroke 2 (311).jpg,aug_Stroke 2 (311).jpg,Brain Disease,Stroke,validation,1
C:\Users\hamza\Downloads\FYP\AlzVsStr\AlzVsStr\validation\Stroke\aug_Stroke 2 (312).jpg,aug_Stroke 2 (312).jpg,Brain Disease,Stroke,validation,1
C:\Users\hamza\Downloads\FYP\AlzVsStr\AlzVsStr\validation\Stroke\aug_Stroke 2 (313).jpg,aug_Stroke 2 (313).jpg,Brain Disease,Stroke,validation,1
C:\Users\hamza\Downloads\FYP\AlzVsStr\AlzVsStr\validation\Stroke\aug_Stroke 2 (314).jpg,aug_Stroke 2 (314).jpg,Brain Disease,Stroke,validation,1
C:\Users\hamza\Downloads\FYP\AlzVsStr\AlzVsStr\validation\Stroke\aug_Stroke 2 (315).jpg,aug_Stroke 2 (315).jpg,Brain Disease,Stroke,validation,1
C:\Users\hamza\Downloads\FYP\AlzVsStr\AlzVsStr\validation\Stroke\aug_Stroke 2 (316).jpg,aug_Stroke 2 (316).jpg,Brain Disease,Stroke,validation,1
C:\Users\hamza\Downloads\FYP\AlzVsStr\AlzVsStr\validation\Stroke\aug_Stroke 2 (317).jpg,aug_Stroke 2 (317).jpg,Brain Disease,Stroke,validation,1
C:\Users\hamza\Downloads\FYP\AlzVsStr\AlzVsStr\validation\Stroke\aug_Stroke 2 (331).jpg,aug_Stroke 2 (331).jpg,Brain Disease,Stroke,validation,1
C:\Users\hamza\Downloads\FYP\AlzVsStr\AlzVsStr\validation\Stroke\aug_Stroke 2 (332).jpg,aug_Stroke 2 (332).jpg,Brain Disease,Stroke,validation,1
C:\Users\hamza\Downloads\FYP\AlzVsStr\AlzVsStr\validation\Stroke\aug_Stroke 2 (333).jpg,aug_Stroke 2 (333).jpg,Brain Disease,Stroke,validation,1
C:\Users\hamza\Downloads\FYP\AlzVsStr\AlzVsStr\validation\Stroke\aug_Stroke 2 (334).jpg,aug_Stroke 2 (334).jpg,Brain Disease,Stroke,validation,1
C:\Users\hamza\Downloads\FYP\AlzVsStr\AlzVsStr\validation\Stroke\aug_Stroke 2 (335).jpg,aug_Stroke 2 (335).jpg,Brain Disease,Stroke,validation,1
C:\Users\hamza\Downloads\FYP\AlzVsStr\AlzVsStr\validation\Stroke\aug_Stroke 2 (336).jpg,aug_Stroke 2 (336).jpg,Brain Disease,Stroke,validation,1
C:\Users\hamza\Downloads\FYP\AlzVsStr\AlzVsStr\validation\Stroke\aug_Stroke 2 (337).jpg,aug_Stroke 2 (337).jpg,Brain Disease,Stroke,validation,1
C:\Users\hamza\Downloads\FYP\AlzVsStr\AlzVsStr\validation\Stroke\aug_Stroke 2 (338).jpg,aug_Stroke 2 (338).jpg,Brain Disease,Stroke,validation,1
C:\Users\hamza\Downloads\FYP\AlzVsStr\AlzVsStr\validation\Stroke\aug_Stroke 2 (339).jpg,aug_Stroke 2 (339).jpg,Brain Disease,Stroke,validation,1
C:\Users\hamza\Downloads\FYP\AlzVsStr\AlzVsStr\validation\Stroke\aug_Stroke 2 (340).jpg,aug_Stroke 2 (340).jpg,Brain Disease,Stroke,validation,1
C:\Users\hamza\Downloads\FYP\AlzVsStr\AlzVsStr\validation\Stroke\aug_Stroke 2 (341).jpg,aug_Stroke 2 (341).jpg,Brain Disease,Stroke,validation,1
C:\Users\hamza\Downloads\FYP\AlzVsStr\AlzVsStr\validation\Stroke\aug_Stroke 2 (342).jpg,aug_Stroke 2 (342).jpg,Brain Disease,Stroke,validation,1
C:\Users\hamza\Downloads\FYP\AlzVsStr\AlzVsStr\validation\Stroke\aug_Stroke 2 (343).jpg,aug_Stroke 2 (343).jpg,Brain Disease,Stroke,validation,1
C:\Users\hamza\Downloads\FYP\AlzVsStr\AlzVsStr\validation\Stroke\aug_Stroke 2 (344).jpg,aug_Stroke 2 (344).jpg,Brain Disease,Stroke,validation,1
C:\Users\hamza\Downloads\FYP\AlzVsStr\AlzVsStr\validation\Stroke\aug_Stroke 2 (345).jpg,aug_Stroke 2 (345).jpg,Brain Disease,Stroke,validation,1
C:\Users\hamza\Downloads\FYP\AlzVsStr\AlzVsStr\validation\Stroke\aug_Stroke 2 (346).jpg,aug_Stroke 2 (346).jpg,Brain Disease,Stroke,validation,1
C:\Users\hamza\Downloads\FYP\AlzVsStr\AlzVsStr\validation\Stroke\aug_Stroke 2 (347).jpg,aug_Stroke 2 (347).jpg,Brain Disease,Stroke,validation,1
C:\Users\hamza\Downloads\FYP\AlzVsStr\AlzVsStr\validation\Stroke\aug_Stroke 2 (348).jpg,aug_Stroke 2 (348).jpg,Brain Disease,Stroke,validation,1
C:\Users\hamza\Downloads\FYP\AlzVsStr\AlzVsStr\validation\Stroke\aug_Stroke 2 (349).jpg,aug_Stroke 2 (349).jpg,Brain Disease,Stroke,validation,1
C:\Users\hamza\Downloads\FYP\AlzVsStr\AlzVsStr\validation\Stroke\aug_Stroke 2 (350).jpg,aug_Stroke 2 (350).jpg,Brain Disease,Stroke,validation,1
C:\Users\hamza\Downloads\FYP\AlzVsStr\AlzVsStr\validation\Stroke\aug_Stroke 2 (351).jpg,aug_Stroke 2 (351).jpg,Brain Disease,Stroke,validation,1
C:\Users\hamza\Downloads\FYP\AlzVsStr\AlzVsStr\validation\Stroke\aug_Stroke 2 (352).jpg,aug_Stroke 2 (352).jpg,Brain Disease,Stroke,validation,1
C:\Users\hamza\Downloads\FYP\AlzVsStr\AlzVsStr\validation\Stroke\aug_Stroke 2 (353).jpg,aug_Stroke 2 (353).jpg,Brain Disease,Stroke,validation,1
C:\Users\hamza\Downloads\FYP\AlzVsStr\AlzVsStr\validation\Stroke\aug_Stroke 2 (354).jpg,aug_Stroke 2 (354).jpg,Brain Disease,Stroke,validation,1
C:\Users\hamza\Downloads\FYP\AlzVsStr\AlzVsStr\validation\Stroke\aug_Stroke 2 (355).jpg,aug_Stroke 2 (355).jpg,Brain Disease,Stroke,validation,1
C:\Users\hamza\Downloads\FYP\AlzVsStr\AlzVsStr\validation\Stroke\aug_Stroke 2 (356).jpg,aug_Stroke 2 (356).jpg,Brain Disease,Stroke,validation,1
C:\Users\hamza\Downloads\FYP\AlzVsStr\AlzVsStr\validation\Stroke\aug_Stroke 2 (357).jpg,aug_Stroke 2 (357).jpg,Brain Disease,Stroke,validation,1
C:\Users\hamza\Downloads\FYP\AlzVsStr\AlzVsStr\validation\Stroke\Stroke 2 (1).jpg,Stroke 2 (1).jpg,Brain Disease,Stroke,validation,1
C:\Users\hamza\Downloads\FYP\AlzVsStr\AlzVsStr\validation\Stroke\Stroke 2 (10).jpg,Stroke 2 (10).jpg,Brain Disease,Stroke,validation,1
C:\Users\hamza\Downloads\FYP\AlzVsStr\AlzVsStr\validation\Stroke\Stroke 2 (100).jpg,Stroke 2 (100).jpg,Brain Disease,Stroke,validation,1
C:\Users\hamza\Downloads\FYP\AlzVsStr\AlzVsStr\validation\Stroke\Stroke 2 (101).jpg,Stroke 2 (101).jpg,Brain Disease,Stroke,validation,1
C:\Users\hamza\Downloads\FYP\AlzVsStr\AlzVsStr\validation\Stroke\Stroke 2 (102).jpg,Stroke 2 (102).jpg,Brain Disease,Stroke,validation,1
C:\Users\hamza\Downloads\FYP\AlzVsStr\AlzVsStr\validation\Stroke\Stroke 2 (103).jpg,Stroke 2 (103).jpg,Brain Disease,Stroke,validation,1
C:\Users\hamza\Downloads\FYP\AlzVsStr\AlzVsStr\validation\Stroke\Stroke 2 (104).jpg,Stroke 2 (104).jpg,Brain Disease,Stroke,validation,1
C:\Users\hamza\Downloads\FYP\AlzVsStr\AlzVsStr\validation\Stroke\Stroke 2 (105).jpg,Stroke 2 (105).jpg,Brain Disease,Stroke,validation,1
C:\Users\hamza\Downloads\FYP\AlzVsStr\AlzVsStr\validation\Stroke\Stroke 2 (106).jpg,Stroke 2 (106).jpg,Brain Disease,Stroke,validation,1
C:\Users\hamza\Downloads\FYP\AlzVsStr\AlzVsStr\validation\Stroke\Stroke 2 (107).jpg,Stroke 2 (107).jpg,Brain Disease,Stroke,validation,1
C:\Users\hamza\Downloads\FYP\AlzVsStr\AlzVsStr\validation\Stroke\Stroke 2 (108).jpg,Stroke 2 (108).jpg,Brain Disease,Stroke,validation,1
C:\Users\hamza\Downloads\FYP\AlzVsStr\AlzVsStr\validation\Stroke\Stroke 2 (109).jpg,Stroke 2 (109).jpg,Brain Disease,Stroke,validation,1
C:\Users\hamza\Downloads\FYP\AlzVsStr\AlzVsStr\validation\Stroke\Stroke 2 (11).jpg,Stroke 2 (11).jpg,Brain Disease,Stroke,validation,1
C:\Users\hamza\Downloads\FYP\AlzVsStr\AlzVsStr\validation\Stroke\Stroke 2 (110).jpg,Stroke 2 (110).jpg,Brain Disease,Stroke,validation,1
C:\Users\hamza\Downloads\FYP\AlzVsStr\AlzVsStr\validation\Stroke\Stroke 2 (111).jpg,Stroke 2 (111).jpg,Brain Disease,Stroke,validation,1
C:\Users\hamza\Downloads\FYP\AlzVsStr\AlzVsStr\validation\Stroke\Stroke 2 (112).jpg,Stroke 2 (112).jpg,Brain Disease,Stroke,validation,1
C:\Users\hamza\Downloads\FYP\AlzVsStr\AlzVsStr\validation\Stroke\Stroke 2 (113).jpg,Stroke 2 (113).jpg,Brain Disease,Stroke,validation,1
C:\Users\hamza\Downloads\FYP\AlzVsStr\AlzVsStr\validation\Stroke\Stroke 2 (114).jpg,Stroke 2 (114).jpg,Brain Disease,Stroke,validation,1
C:\Users\hamza\Downloads\FYP\AlzVsStr\AlzVsStr\validation\Stroke\Stroke 2 (115).jpg,Stroke 2 (115).jpg,Brain Disease,Stroke,validation,1
C:\Users\hamza\Downloads\FYP\AlzVsStr\AlzVsStr\validation\Stroke\Stroke 2 (116).jpg,Stroke 2 (116).jpg,Brain Disease,Stroke,validation,1
C:\Users\hamza\Downloads\FYP\AlzVsStr\AlzVsStr\validation\Stroke\Stroke 2 (117).jpg,Stroke 2 (117).jpg,Brain Disease,Stroke,validation,1
C:\Users\hamza\Downloads\FYP\AlzVsStr\AlzVsStr\validation\Stroke\Stroke 2 (118).jpg,Stroke 2 (118).jpg,Brain Disease,Stroke,validation,1
C:\Users\hamza\Downloads\FYP\AlzVsStr\AlzVsStr\validation\Stroke\Stroke 2 (119).jpg,Stroke 2 (119).jpg,Brain Disease,Stroke,validation,1
C:\Users\hamza\Downloads\FYP\AlzVsStr\AlzVsStr\validation\Stroke\Stroke 2 (12).jpg,Stroke 2 (12).jpg,Brain Disease,Stroke,validation,1
C:\Users\hamza\Downloads\FYP\AlzVsStr\AlzVsStr\validation\Stroke\Stroke 2 (120).jpg,Stroke 2 (120).jpg,Brain Disease,Stroke,validation,1
C:\Users\hamza\Downloads\FYP\AlzVsStr\AlzVsStr\validation\Stroke\Stroke 2 (121).jpg,Stroke 2 (121).jpg,Brain Disease,Stroke,validation,1
C:\Users\hamza\Downloads\FYP\AlzVsStr\AlzVsStr\validation\Stroke\Stroke 2 (122).jpg,Stroke 2 (122).jpg,Brain Disease,Stroke,validation,1
C:\Users\hamza\Downloads\FYP\AlzVsStr\AlzVsStr\validation\Stroke\Stroke 2 (123).jpg,Stroke 2 (123).jpg,Brain Disease,Stroke,validation,1
C:\Users\hamza\Downloads\FYP\AlzVsStr\AlzVsStr\validation\Stroke\Stroke 2 (124).jpg,Stroke 2 (124).jpg,Brain Disease,Stroke,validation,1
C:\Users\hamza\Downloads\FYP\AlzVsStr\AlzVsStr\validation\Stroke\Stroke 2 (125).jpg,Stroke 2 (125).jpg,Brain Disease,Stroke,validation,1
C:\Users\hamza\Downloads\FYP\AlzVsStr\AlzVsStr\validation\Stroke\Stroke 2 (126).jpg,Stroke 2 (126).jpg,Brain Disease,Stroke,validation,1
C:\Users\hamza\Downloads\FYP\AlzVsStr\AlzVsStr\validation\Stroke\Stroke 2 (127).jpg,Stroke 2 (127).jpg,Brain Disease,Stroke,validation,1
C:\Users\hamza\Downloads\FYP\AlzVsStr\AlzVsStr\validation\Stroke\Stroke 2 (128).jpg,Stroke 2 (128).jpg,Brain Disease,Stroke,validation,1
C:\Users\hamza\Downloads\FYP\AlzVsStr\AlzVsStr\validation\Stroke\Stroke 2 (129).jpg,Stroke 2 (129).jpg,Brain Disease,Stroke,validation,1
C:\Users\hamza\Downloads\FYP\AlzVsStr\AlzVsStr\validation\Stroke\Stroke 2 (13).jpg,Stroke 2 (13).jpg,Brain Disease,Stroke,validation,1
C:\Users\hamza\Downloads\FYP\AlzVsStr\AlzVsStr\validation\Stroke\Stroke 2 (130).jpg,Stroke 2 (130).jpg,Brain Disease,Stroke,validation,1
C:\Users\hamza\Downloads\FYP\AlzVsStr\AlzVsStr\validation\Stroke\Stroke 2 (131).jpg,Stroke 2 (131).jpg,Brain Disease,Stroke,validation,1
C:\Users\hamza\Downloads\FYP\AlzVsStr\AlzVsStr\validation\Stroke\Stroke 2 (132).jpg,Stroke 2 (132).jpg,Brain Disease,Stroke,validation,1
C:\Users\hamza\Downloads\FYP\AlzVsStr\AlzVsStr\validation\Stroke\Stroke 2 (133).jpg,Stroke 2 (133).jpg,Brain Disease,Stroke,validation,1
C:\Users\hamza\Downloads\FYP\AlzVsStr\AlzVsStr\validation\Stroke\Stroke 2 (134).jpg,Stroke 2 (134).jpg,Brain Disease,Stroke,validation,1
C:\Users\hamza\Downloads\FYP\AlzVsStr\AlzVsStr\validation\Stroke\Stroke 2 (135).jpg,Stroke 2 (135).jpg,Brain Disease,Stroke,validation,1
C:\Users\hamza\Downloads\FYP\AlzVsStr\AlzVsStr\validation\Stroke\Stroke 2 (136).jpg,Stroke 2 (136).jpg,Brain Disease,Stroke,validation,1
C:\Users\hamza\Downloads\FYP\AlzVsStr\AlzVsStr\validation\Stroke\Stroke 2 (137).jpg,Stroke 2 (137).jpg,Brain Disease,Stroke,validation,1
C:\Users\hamza\Downloads\FYP\AlzVsStr\AlzVsStr\validation\Stroke\Stroke 2 (138).jpg,Stroke 2 (138).jpg,Brain Disease,Stroke,validation,1
C:\Users\hamza\Downloads\FYP\AlzVsStr\AlzVsStr\validation\Stroke\Stroke 2 (139).jpg,Stroke 2 (139).jpg,Brain Disease,Stroke,validation,1
C:\Users\hamza\Downloads\FYP\AlzVsStr\AlzVsStr\validation\Stroke\Stroke 2 (14).jpg,Stroke 2 (14).jpg,Brain Disease,Stroke,validation,1
C:\Users\hamza\Downloads\FYP\AlzVsStr\AlzVsStr\validation\Stroke\Stroke 2 (140).jpg,Stroke 2 (140).jpg,Brain Disease,Stroke,validation,1
C:\Users\hamza\Downloads\FYP\AlzVsStr\AlzVsStr\validation\Stroke\Stroke 2 (141).jpg,Stroke 2 (141).jpg,Brain Disease,Stroke,validation,1
C:\Users\hamza\Downloads\FYP\AlzVsStr\AlzVsStr\validation\Stroke\Stroke 2 (142).jpg,Stroke 2 (142).jpg,Brain Disease,Stroke,validation,1
C:\Users\hamza\Downloads\FYP\AlzVsStr\AlzVsStr\validation\Stroke\Stroke 2 (143).jpg,Stroke 2 (143).jpg,Brain Disease,Stroke,validation,1
C:\Users\hamza\Downloads\FYP\AlzVsStr\AlzVsStr\validation\Stroke\Stroke 2 (144).jpg,Stroke 2 (144).jpg,Brain Disease,Stroke,validation,1
C:\Users\hamza\Downloads\FYP\AlzVsStr\AlzVsStr\validation\Stroke\Stroke 2 (145).jpg,Stroke 2 (145).jpg,Brain Disease,Stroke,validation,1
C:\Users\hamza\Downloads\FYP\AlzVsStr\AlzVsStr\validation\Stroke\Stroke 2 (146).jpg,Stroke 2 (146).jpg,Brain Disease,Stroke,validation,1
C:\Users\hamza\Downloads\FYP\AlzVsStr\AlzVsStr\validation\Stroke\Stroke 2 (147).jpg,Stroke 2 (147).jpg,Brain Disease,Stroke,validation,1
C:\Users\hamza\Downloads\FYP\AlzVsStr\AlzVsStr\validation\Stroke\Stroke 2 (148).jpg,Stroke 2 (148).jpg,Brain Disease,Stroke,validation,1
C:\Users\hamza\Downloads\FYP\AlzVsStr\AlzVsStr\validation\Stroke\Stroke 2 (149).jpg,Stroke 2 (149).jpg,Brain Disease,Stroke,validation,1
C:\Users\hamza\Downloads\FYP\AlzVsStr\AlzVsStr\validation\Stroke\Stroke 2 (15).jpg,Stroke 2 (15).jpg,Brain Disease,Stroke,validation,1
C:\Users\hamza\Downloads\FYP\AlzVsStr\AlzVsStr\validation\Stroke\Stroke 2 (150).jpg,Stroke 2 (150).jpg,Brain Disease,Stroke,validation,1
C:\Users\hamza\Downloads\FYP\AlzVsStr\AlzVsStr\validation\Stroke\Stroke 2 (151).jpg,Stroke 2 (151).jpg,Brain Disease,Stroke,validation,1
C:\Users\hamza\Downloads\FYP\AlzVsStr\AlzVsStr\validation\Stroke\Stroke 2 (152).jpg,Stroke 2 (152).jpg,Brain Disease,Stroke,validation,1
C:\Users\hamza\Downloads\FYP\AlzVsStr\AlzVsStr\validation\Stroke\Stroke 2 (153).jpg,Stroke 2 (153).jpg,Brain Disease,Stroke,validation,1
C:\Users\hamza\Downloads\FYP\AlzVsStr\AlzVsStr\validation\Stroke\Stroke 2 (154).jpg,Stroke 2 (154).jpg,Brain Disease,Stroke,validation,1
C:\Users\hamza\Downloads\FYP\AlzVsStr\AlzVsStr\validation\Stroke\Stroke 2 (155).jpg,Stroke 2 (155).jpg,Brain Disease,Stroke,validation,1
C:\Users\hamza\Downloads\FYP\AlzVsStr\AlzVsStr\validation\Stroke\Stroke 2 (156).jpg,Stroke 2 (156).jpg,Brain Disease,Stroke,validation,1
C:\Users\hamza\Downloads\FYP\AlzVsStr\AlzVsStr\validation\Stroke\Stroke 2 (157).jpg,Stroke 2 (157).jpg,Brain Disease,Stroke,validation,1
C:\Users\hamza\Downloads\FYP\AlzVsStr\AlzVsStr\validation\Stroke\Stroke 2 (158).jpg,Stroke 2 (158).jpg,Brain Disease,Stroke,validation,1
C:\Users\hamza\Downloads\FYP\AlzVsStr\AlzVsStr\validation\Stroke\Stroke 2 (159).jpg,Stroke 2 (159).jpg,Brain Disease,Stroke,validation,1
C:\Users\hamza\Downloads\FYP\AlzVsStr\AlzVsStr\validation\Stroke\Stroke 2 (16).jpg,Stroke 2 (16).jpg,Brain Disease,Stroke,validation,1
C:\Users\hamza\Downloads\FYP\AlzVsStr\AlzVsStr\validation\Stroke\Stroke 2 (160).jpg,Stroke 2 (160).jpg,Brain Disease,Stroke,validation,1
C:\Users\hamza\Downloads\FYP\AlzVsStr\AlzVsStr\validation\Stroke\Stroke 2 (161).jpg,Stroke 2 (161).jpg,Brain Disease,Stroke,validation,1
C:\Users\hamza\Downloads\FYP\AlzVsStr\AlzVsStr\validation\Stroke\Stroke 2 (162).jpg,Stroke 2 (162).jpg,Brain Disease,Stroke,validation,1
C:\Users\hamza\Downloads\FYP\AlzVsStr\AlzVsStr\validation\Stroke\Stroke 2 (163).jpg,Stroke 2 (163).jpg,Brain Disease,Stroke,validation,1
C:\Users\hamza\Downloads\FYP\AlzVsStr\AlzVsStr\validation\Stroke\Stroke 2 (164).jpg,Stroke 2 (164).jpg,Brain Disease,Stroke,validation,1
C:\Users\hamza\Downloads\FYP\AlzVsStr\AlzVsStr\validation\Stroke\Stroke 2 (165).jpg,Stroke 2 (165).jpg,Brain Disease,Stroke,validation,1
C:\Users\hamza\Downloads\FYP\AlzVsStr\AlzVsStr\validation\Stroke\Stroke 2 (166).jpg,Stroke 2 (166).jpg,Brain Disease,Stroke,validation,1
C:\Users\hamza\Downloads\FYP\AlzVsStr\AlzVsStr\validation\Stroke\Stroke 2 (167).jpg,Stroke 2 (167).jpg,Brain Disease,Stroke,validation,1
C:\Users\hamza\Downloads\FYP\AlzVsStr\AlzVsStr\validation\Stroke\Stroke 2 (168).jpg,Stroke 2 (168).jpg,Brain Disease,Stroke,validation,1
C:\Users\hamza\Downloads\FYP\AlzVsStr\AlzVsStr\validation\Stroke\Stroke 2 (169).jpg,Stroke 2 (169).jpg,Brain Disease,Stroke,validation,1
C:\Users\hamza\Downloads\FYP\AlzVsStr\AlzVsStr\validation\Stroke\Stroke 2 (17).jpg,Stroke 2 (17).jpg,Brain Disease,Stroke,validation,1
C:\Users\hamza\Downloads\FYP\AlzVsStr\AlzVsStr\validation\Stroke\Stroke 2 (170).jpg,Stroke 2 (170).jpg,Brain Disease,Stroke,validation,1
C:\Users\hamza\Downloads\FYP\AlzVsStr\AlzVsStr\validation\Stroke\Stroke 2 (171).jpg,Stroke 2 (171).jpg,Brain Disease,Stroke,validation,1
C:\Users\hamza\Downloads\FYP\AlzVsStr\AlzVsStr\validation\Stroke\Stroke 2 (172).jpg,Stroke 2 (172).jpg,Brain Disease,Stroke,validation,1
C:\Users\hamza\Downloads\FYP\AlzVsStr\AlzVsStr\validation\Stroke\Stroke 2 (173).jpg,Stroke 2 (173).jpg,Brain Disease,Stroke,validation,1
C:\Users\hamza\Downloads\FYP\AlzVsStr\AlzVsStr\validation\Stroke\Stroke 2 (174).jpg,Stroke 2 (174).jpg,Brain Disease,Stroke,validation,1
C:\Users\hamza\Downloads\FYP\AlzVsStr\AlzVsStr\validation\Stroke\Stroke 2 (175).jpg,Stroke 2 (175).jpg,Brain Disease,Stroke,validation,1
C:\Users\hamza\Downloads\FYP\AlzVsStr\AlzVsStr\validation\Stroke\Stroke 2 (176).jpg,Stroke 2 (176).jpg,Brain Disease,Stroke,validation,1
C:\Users\hamza\Downloads\FYP\AlzVsStr\AlzVsStr\validation\Stroke\Stroke 2 (177).jpg,Stroke 2 (177).jpg,Brain Disease,Stroke,validation,1
C:\Users\hamza\Downloads\FYP\AlzVsStr\AlzVsStr\validation\Stroke\Stroke 2 (178).jpg,Stroke 2 (178).jpg,Brain Disease,Stroke,validation,1
C:\Users\hamza\Downloads\FYP\AlzVsStr\AlzVsStr\validation\Stroke\Stroke 2 (179).jpg,Stroke 2 (179).jpg,Brain Disease,Stroke,validation,1
C:\Users\hamza\Downloads\FYP\AlzVsStr\AlzVsStr\validation\Stroke\Stroke 2 (18).jpg,Stroke 2 (18).jpg,Brain Disease,Stroke,validation,1
C:\Users\hamza\Downloads\FYP\AlzVsStr\AlzVsStr\validation\Stroke\Stroke 2 (180).jpg,Stroke 2 (180).jpg,Brain Disease,Stroke,validation,1
C:\Users\hamza\Downloads\FYP\AlzVsStr\AlzVsStr\validation\Stroke\Stroke 2 (181).jpg,Stroke 2 (181).jpg,Brain Disease,Stroke,validation,1
C:\Users\hamza\Downloads\FYP\AlzVsStr\AlzVsStr\validation\Stroke\Stroke 2 (182).jpg,Stroke 2 (182).jpg,Brain Disease,Stroke,validation,1
C:\Users\hamza\Downloads\FYP\AlzVsStr\AlzVsStr\validation\Stroke\Stroke 2 (183).jpg,Stroke 2 (183).jpg,Brain Disease,Stroke,validation,1
C:\Users\hamza\Downloads\FYP\AlzVsStr\AlzVsStr\validation\Stroke\Stroke 2 (184).jpg,Stroke 2 (184).jpg,Brain Disease,Stroke,validation,1
C:\Users\hamza\Downloads\FYP\AlzVsStr\AlzVsStr\validation\Stroke\Stroke 2 (185).jpg,Stroke 2 (185).jpg,Brain Disease,Stroke,validation,1
C:\Users\hamza\Downloads\FYP\AlzVsStr\AlzVsStr\validation\Stroke\Stroke 2 (186).jpg,Stroke 2 (186).jpg,Brain Disease,Stroke,validation,1
C:\Users\hamza\Downloads\FYP\AlzVsStr\AlzVsStr\validation\Stroke\Stroke 2 (187).jpg,Stroke 2 (187).jpg,Brain Disease,Stroke,validation,1
C:\Users\hamza\Downloads\FYP\AlzVsStr\AlzVsStr\validation\Stroke\Stroke 2 (188).jpg,Stroke 2 (188).jpg,Brain Disease,Stroke,validation,1
C:\Users\hamza\Downloads\FYP\AlzVsStr\AlzVsStr\validation\Stroke\Stroke 2 (189).jpg,Stroke 2 (189).jpg,Brain Disease,Stroke,validation,1
C:\Users\hamza\Downloads\FYP\AlzVsStr\AlzVsStr\validation\Stroke\Stroke 2 (19).jpg,Stroke 2 (19).jpg,Brain Disease,Stroke,validation,1
C:\Users\hamza\Downloads\FYP\AlzVsStr\AlzVsStr\validation\Stroke\Stroke 2 (190).jpg,Stroke 2 (190).jpg,Brain Disease,Stroke,validation,1
C:\Users\hamza\Downloads\FYP\AlzVsStr\AlzVsStr\validation\Stroke\Stroke 2 (191).jpg,Stroke 2 (191).jpg,Brain Disease,Stroke,validation,1
C:\Users\hamza\Downloads\FYP\AlzVsStr\AlzVsStr\validation\Stroke\Stroke 2 (192).jpg,Stroke 2 (192).jpg,Brain Disease,Stroke,validation,1
C:\Users\hamza\Downloads\FYP\AlzVsStr\AlzVsStr\validation\Stroke\Stroke 2 (193).jpg,Stroke 2 (193).jpg,Brain Disease,Stroke,validation,1
C:\Users\hamza\Downloads\FYP\AlzVsStr\AlzVsStr\validation\Stroke\Stroke 2 (194).jpg,Stroke 2 (194).jpg,Brain Disease,Stroke,validation,1
C:\Users\hamza\Downloads\FYP\AlzVsStr\AlzVsStr\validation\Stroke\Stroke 2 (195).jpg,Stroke 2 (195).jpg,Brain Disease,Stroke,validation,1
C:\Users\hamza\Downloads\FYP\AlzVsStr\AlzVsStr\validation\Stroke\Stroke 2 (196).jpg,Stroke 2 (196).jpg,Brain Disease,Stroke,validation,1
C:\Users\hamza\Downloads\FYP\AlzVsStr\AlzVsStr\validation\Stroke\Stroke 2 (197).jpg,Stroke 2 (197).jpg,Brain Disease,Stroke,validation,1
C:\Users\hamza\Downloads\FYP\AlzVsStr\AlzVsStr\validation\Stroke\Stroke 2 (198).jpg,Stroke 2 (198).jpg,Brain Disease,Stroke,validation,1
C:\Users\hamza\Downloads\FYP\AlzVsStr\AlzVsStr\validation\Stroke\Stroke 2 (199).jpg,Stroke 2 (199).jpg,Brain Disease,Stroke,validation,1
C:\Users\hamza\Downloads\FYP\AlzVsStr\AlzVsStr\validation\Stroke\Stroke 2 (2).jpg,Stroke 2 (2).jpg,Brain Disease,Stroke,validation,1
C:\Users\hamza\Downloads\FYP\AlzVsStr\AlzVsStr\validation\Stroke\Stroke 2 (20).jpg,Stroke 2 (20).jpg,Brain Disease,Stroke,validation,1
C:\Users\hamza\Downloads\FYP\AlzVsStr\AlzVsStr\validation\Stroke\Stroke 2 (200).jpg,Stroke 2 (200).jpg,Brain Disease,Stroke,validation,1
C:\Users\hamza\Downloads\FYP\AlzVsStr\AlzVsStr\validation\Stroke\Stroke 2 (201).jpg,Stroke 2 (201).jpg,Brain Disease,Stroke,validation,1
C:\Users\hamza\Downloads\FYP\AlzVsStr\AlzVsStr\validation\Stroke\Stroke 2 (202).jpg,Stroke 2 (202).jpg,Brain Disease,Stroke,validation,1
C:\Users\hamza\Downloads\FYP\AlzVsStr\AlzVsStr\validation\Stroke\Stroke 2 (203).jpg,Stroke 2 (203).jpg,Brain Disease,Stroke,validation,1
C:\Users\hamza\Downloads\FYP\AlzVsStr\AlzVsStr\validation\Stroke\Stroke 2 (204).jpg,Stroke 2 (204).jpg,Brain Disease,Stroke,validation,1
C:\Users\hamza\Downloads\FYP\AlzVsStr\AlzVsStr\validation\Stroke\Stroke 2 (205).jpg,Stroke 2 (205).jpg,Brain Disease,Stroke,validation,1
C:\Users\hamza\Downloads\FYP\AlzVsStr\AlzVsStr\validation\Stroke\Stroke 2 (206).jpg,Stroke 2 (206).jpg,Brain Disease,Stroke,validation,1
C:\Users\hamza\Downloads\FYP\AlzVsStr\AlzVsStr\validation\Stroke\Stroke 2 (207).jpg,Stroke 2 (207).jpg,Brain Disease,Stroke,validation,1
C:\Users\hamza\Downloads\FYP\AlzVsStr\AlzVsStr\validation\Stroke\Stroke 2 (208).jpg,Stroke 2 (208).jpg,Brain Disease,Stroke,validation,1
C:\Users\hamza\Downloads\FYP\AlzVsStr\AlzVsStr\validation\Stroke\Stroke 2 (209).jpg,Stroke 2 (209).jpg,Brain Disease,Stroke,validation,1
C:\Users\hamza\Downloads\FYP\AlzVsStr\AlzVsStr\validation\Stroke\Stroke 2 (232).jpg,Stroke 2 (232).jpg,Brain Disease,Stroke,validation,1
C:\Users\hamza\Downloads\FYP\AlzVsStr\AlzVsStr\validation\Stroke\Stroke 2 (233).jpg,Stroke 2 (233).jpg,Brain Disease,Stroke,validation,1
C:\Users\hamza\Downloads\FYP\AlzVsStr\AlzVsStr\validation\Stroke\Stroke 2 (234).jpg,Stroke 2 (234).jpg,Brain Disease,Stroke,validation,1
C:\Users\hamza\Downloads\FYP\AlzVsStr\AlzVsStr\validation\Stroke\Stroke 2 (235).jpg,Stroke 2 (235).jpg,Brain Disease,Stroke,validation,1
C:\Users\hamza\Downloads\FYP\AlzVsStr\AlzVsStr\validation\Stroke\Stroke 2 (236).jpg,Stroke 2 (236).jpg,Brain Disease,Stroke,validation,1
C:\Users\hamza\Downloads\FYP\AlzVsStr\AlzVsStr\validation\Stroke\Stroke 2 (237).jpg,Stroke 2 (237).jpg,Brain Disease,Stroke,validation,1
C:\Users\hamza\Downloads\FYP\AlzVsStr\AlzVsStr\validation\Stroke\Stroke 2 (238).jpg,Stroke 2 (238).jpg,Brain Disease,Stroke,validation,1
C:\Users\hamza\Downloads\FYP\AlzVsStr\AlzVsStr\validation\Alzheimer\Alzheimer (1).jpg,Alzheimer (1).jpg,Brain Disease,Alzheimer,validation,0
C:\Users\hamza\Downloads\FYP\AlzVsStr\AlzVsStr\validation\Alzheimer\Alzheimer (10).jpg,Alzheimer (10).jpg,Brain Disease,Alzheimer,validation,0
C:\Users\hamza\Downloads\FYP\AlzVsStr\AlzVsStr\validation\Alzheimer\Alzheimer (100).jpg,Alzheimer (100).jpg,Brain Disease,Alzheimer,validation,0
C:\Users\hamza\Downloads\FYP\AlzVsStr\AlzVsStr\validation\Alzheimer\Alzheimer (101).jpg,Alzheimer (101).jpg,Brain Disease,Alzheimer,validation,0
C:\Users\hamza\Downloads\FYP\AlzVsStr\AlzVsStr\validation\Alzheimer\Alzheimer (102).jpg,Alzheimer (102).jpg,Brain Disease,Alzheimer,validation,0
C:\Users\hamza\Downloads\FYP\AlzVsStr\AlzVsStr\validation\Alzheimer\Alzheimer (103).jpg,Alzheimer (103).jpg,Brain Disease,Alzheimer,validation,0
C:\Users\hamza\Downloads\FYP\AlzVsStr\AlzVsStr\validation\Alzheimer\Alzheimer (104).jpg,Alzheimer (104).jpg,Brain Disease,Alzheimer,validation,0
C:\Users\hamza\Downloads\FYP\AlzVsStr\AlzVsStr\validation\Alzheimer\Alzheimer (105).jpg,Alzheimer (105).jpg,Brain Disease,Alzheimer,validation,0
C:\Users\hamza\Downloads\FYP\AlzVsStr\AlzVsStr\validation\Alzheimer\Alzheimer (106).jpg,Alzheimer (106).jpg,Brain Disease,Alzheimer,validation,0
C:\Users\hamza\Downloads\FYP\AlzVsStr\AlzVsStr\validation\Alzheimer\Alzheimer (107).jpg,Alzheimer (107).jpg,Brain Disease,Alzheimer,validation,0
C:\Users\hamza\Downloads\FYP\AlzVsStr\AlzVsStr\validation\Alzheimer\Alzheimer (108).jpg,Alzheimer (108).jpg,Brain Disease,Alzheimer,validation,0
C:\Users\hamza\Downloads\FYP\AlzVsStr\AlzVsStr\validation\Alzheimer\Alzheimer (109).jpg,Alzheimer (109).jpg,Brain Disease,Alzheimer,validation,0
C:\Users\hamza\Downloads\FYP\AlzVsStr\AlzVsStr\validation\Alzheimer\Alzheimer (11).jpg,Alzheimer (11).jpg,Brain Disease,Alzheimer,validation,0
C:\Users\hamza\Downloads\FYP\AlzVsStr\AlzVsStr\validation\Alzheimer\Alzheimer (110).jpg,Alzheimer (110).jpg,Brain Disease,Alzheimer,validation,0
C:\Users\hamza\Downloads\FYP\AlzVsStr\AlzVsStr\validation\Alzheimer\Alzheimer (111).jpg,Alzheimer (111).jpg,Brain Disease,Alzheimer,validation,0
C:\Users\hamza\Downloads\FYP\AlzVsStr\AlzVsStr\validation\Alzheimer\Alzheimer (112).jpg,Alzheimer (112).jpg,Brain Disease,Alzheimer,validation,0
C:\Users\hamza\Downloads\FYP\AlzVsStr\AlzVsStr\validation\Alzheimer\Alzheimer (113).jpg,Alzheimer (113).jpg,Brain Disease,Alzheimer,validation,0
C:\Users\hamza\Downloads\FYP\AlzVsStr\AlzVsStr\validation\Alzheimer\Alzheimer (114).jpg,Alzheimer (114).jpg,Brain Disease,Alzheimer,validation,0
C:\Users\hamza\Downloads\FYP\AlzVsStr\AlzVsStr\validation\Alzheimer\Alzheimer (115).jpg,Alzheimer (115).jpg,Brain Disease,Alzheimer,validation,0
C:\Users\hamza\Downloads\FYP\AlzVsStr\AlzVsStr\validation\Alzheimer\Alzheimer (116).jpg,Alzheimer (116).jpg,Brain Disease,Alzheimer,validation,0
C:\Users\hamza\Downloads\FYP\AlzVsStr\AlzVsStr\validation\Alzheimer\Alzheimer (117).jpg,Alzheimer (117).jpg,Brain Disease,Alzheimer,validation,0
C:\Users\hamza\Downloads\FYP\AlzVsStr\AlzVsStr\validation\Alzheimer\Alzheimer (118).jpg,Alzheimer (118).jpg,Brain Disease,Alzheimer,validation,0
C:\Users\hamza\Downloads\FYP\AlzVsStr\AlzVsStr\validation\Alzheimer\Alzheimer (119).jpg,Alzheimer (119).jpg,Brain Disease,Alzheimer,validation,0
C:\Users\hamza\Downloads\FYP\AlzVsStr\AlzVsStr\validation\Alzheimer\Alzheimer (12).jpg,Alzheimer (12).jpg,Brain Disease,Alzheimer,validation,0
C:\Users\hamza\Downloads\FYP\AlzVsStr\AlzVsStr\validation\Alzheimer\Alzheimer (120).jpg,Alzheimer (120).jpg,Brain Disease,Alzheimer,validation,0
C:\Users\hamza\Downloads\FYP\AlzVsStr\AlzVsStr\validation\Alzheimer\Alzheimer (121).jpg,Alzheimer (121).jpg,Brain Disease,Alzheimer,validation,0
C:\Users\hamza\Downloads\FYP\AlzVsStr\AlzVsStr\validation\Alzheimer\Alzheimer (122).jpg,Alzheimer (122).jpg,Brain Disease,Alzheimer,validation,0
C:\Users\hamza\Downloads\FYP\AlzVsStr\AlzVsStr\validation\Alzheimer\Alzheimer (123).jpg,Alzheimer (123).jpg,Brain Disease,Alzheimer,validation,0
C:\Users\hamza\Downloads\FYP\AlzVsStr\AlzVsStr\validation\Alzheimer\Alzheimer (124).jpg,Alzheimer (124).jpg,Brain Disease,Alzheimer,validation,0
C:\Users\hamza\Downloads\FYP\AlzVsStr\AlzVsStr\validation\Alzheimer\Alzheimer (125).jpg,Alzheimer (125).jpg,Brain Disease,Alzheimer,validation,0
C:\Users\hamza\Downloads\FYP\AlzVsStr\AlzVsStr\validation\Alzheimer\Alzheimer (126).jpg,Alzheimer (126).jpg,Brain Disease,Alzheimer,validation,0
C:\Users\hamza\Downloads\FYP\AlzVsStr\AlzVsStr\validation\Alzheimer\Alzheimer (127).jpg,Alzheimer (127).jpg,Brain Disease,Alzheimer,validation,0
C:\Users\hamza\Downloads\FYP\AlzVsStr\AlzVsStr\validation\Alzheimer\Alzheimer (128).jpg,Alzheimer (128).jpg,Brain Disease,Alzheimer,validation,0
C:\Users\hamza\Downloads\FYP\AlzVsStr\AlzVsStr\validation\Alzheimer\Alzheimer (129).jpg,Alzheimer (129).jpg,Brain Disease,Alzheimer,validation,0
C:\Users\hamza\Downloads\FYP\AlzVsStr\AlzVsStr\validation\Alzheimer\Alzheimer (13).jpg,Alzheimer (13).jpg,Brain Disease,Alzheimer,validation,0
C:\Users\hamza\Downloads\FYP\AlzVsStr\AlzVsStr\validation\Alzheimer\Alzheimer (130).jpg,Alzheimer (130).jpg,Brain Disease,Alzheimer,validation,0
C:\Users\hamza\Downloads\FYP\AlzVsStr\AlzVsStr\validation\Alzheimer\Alzheimer (131).jpg,Alzheimer (131).jpg,Brain Disease,Alzheimer,validation,0
C:\Users\hamza\Downloads\FYP\AlzVsStr\AlzVsStr\validation\Alzheimer\Alzheimer (132).jpg,Alzheimer (132).jpg,Brain Disease,Alzheimer,validation,0
C:\Users\hamza\Downloads\FYP\AlzVsStr\AlzVsStr\validation\Alzheimer\Alzheimer (133).jpg,Alzheimer (133).jpg,Brain Disease,Alzheimer,validation,0
C:\Users\hamza\Downloads\FYP\AlzVsStr\AlzVsStr\validation\Alzheimer\Alzheimer (134).jpg,Alzheimer (134).jpg,Brain Disease,Alzheimer,validation,0
C:\Users\hamza\Downloads\FYP\AlzVsStr\AlzVsStr\validation\Alzheimer\Alzheimer (135).jpg,Alzheimer (135).jpg,Brain Disease,Alzheimer,validation,0
C:\Users\hamza\Downloads\FYP\AlzVsStr\AlzVsStr\validation\Alzheimer\Alzheimer (136).jpg,Alzheimer (136).jpg,Brain Disease,Alzheimer,validation,0
C:\Users\hamza\Downloads\FYP\AlzVsStr\AlzVsStr\validation\Alzheimer\Alzheimer (137).jpg,Alzheimer (137).jpg,Brain Disease,Alzheimer,validation,0
C:\Users\hamza\Downloads\FYP\AlzVsStr\AlzVsStr\validation\Alzheimer\Alzheimer (138).jpg,Alzheimer (138).jpg,Brain Disease,Alzheimer,validation,0
C:\Users\hamza\Downloads\FYP\AlzVsStr\AlzVsStr\validation\Alzheimer\Alzheimer (139).jpg,Alzheimer (139).jpg,Brain Disease,Alzheimer,validation,0
C:\Users\hamza\Downloads\FYP\AlzVsStr\AlzVsStr\validation\Alzheimer\Alzheimer (14).jpg,Alzheimer (14).jpg,Brain Disease,Alzheimer,validation,0
C:\Users\hamza\Downloads\FYP\AlzVsStr\AlzVsStr\validation\Alzheimer\Alzheimer (140).jpg,Alzheimer (140).jpg,Brain Disease,Alzheimer,validation,0
C:\Users\hamza\Downloads\FYP\AlzVsStr\AlzVsStr\validation\Alzheimer\Alzheimer (141).jpg,Alzheimer (141).jpg,Brain Disease,Alzheimer,validation,0
C:\Users\hamza\Downloads\FYP\AlzVsStr\AlzVsStr\validation\Alzheimer\Alzheimer (142).jpg,Alzheimer (142).jpg,Brain Disease,Alzheimer,validation,0
C:\Users\hamza\Downloads\FYP\AlzVsStr\AlzVsStr\validation\Alzheimer\Alzheimer (143).jpg,Alzheimer (143).jpg,Brain Disease,Alzheimer,validation,0
C:\Users\hamza\Downloads\FYP\AlzVsStr\AlzVsStr\validation\Alzheimer\Alzheimer (144).jpg,Alzheimer (144).jpg,Brain Disease,Alzheimer,validation,0
C:\Users\hamza\Downloads\FYP\AlzVsStr\AlzVsStr\validation\Alzheimer\Alzheimer (145).jpg,Alzheimer (145).jpg,Brain Disease,Alzheimer,validation,0
C:\Users\hamza\Downloads\FYP\AlzVsStr\AlzVsStr\validation\Alzheimer\Alzheimer (146).jpg,Alzheimer (146).jpg,Brain Disease,Alzheimer,validation,0
C:\Users\hamza\Downloads\FYP\AlzVsStr\AlzVsStr\validation\Alzheimer\Alzheimer (147).jpg,Alzheimer (147).jpg,Brain Disease,Alzheimer,validation,0
C:\Users\hamza\Downloads\FYP\AlzVsStr\AlzVsStr\validation\Alzheimer\Alzheimer (148).jpg,Alzheimer (148).jpg,Brain Disease,Alzheimer,validation,0
C:\Users\hamza\Downloads\FYP\AlzVsStr\AlzVsStr\validation\Alzheimer\Alzheimer (149).jpg,Alzheimer (149).jpg,Brain Disease,Alzheimer,validation,0
C:\Users\hamza\Downloads\FYP\AlzVsStr\AlzVsStr\validation\Alzheimer\Alzheimer (15).jpg,Alzheimer (15).jpg,Brain Disease,Alzheimer,validation,0
C:\Users\hamza\Downloads\FYP\AlzVsStr\AlzVsStr\validation\Alzheimer\Alzheimer (150).jpg,Alzheimer (150).jpg,Brain Disease,Alzheimer,validation,0
C:\Users\hamza\Downloads\FYP\AlzVsStr\AlzVsStr\validation\Alzheimer\Alzheimer (151).jpg,Alzheimer (151).jpg,Brain Disease,Alzheimer,validation,0
C:\Users\hamza\Downloads\FYP\AlzVsStr\AlzVsStr\validation\Alzheimer\Alzheimer (152).jpg,Alzheimer (152).jpg,Brain Disease,Alzheimer,validation,0
C:\Users\hamza\Downloads\FYP\AlzVsStr\AlzVsStr\validation\Alzheimer\Alzheimer (153).jpg,Alzheimer (153).jpg,Brain Disease,Alzheimer,validation,0
C:\Users\hamza\Downloads\FYP\AlzVsStr\AlzVsStr\validation\Alzheimer\Alzheimer (154).jpg,Alzheimer (154).jpg,Brain Disease,Alzheimer,validation,0
C:\Users\hamza\Downloads\FYP\AlzVsStr\AlzVsStr\validation\Alzheimer\Alzheimer (155).jpg,Alzheimer (155).jpg,Brain Disease,Alzheimer,validation,0
C:\Users\hamza\Downloads\FYP\AlzVsStr\AlzVsStr\validation\Alzheimer\Alzheimer (156).jpg,Alzheimer (156).jpg,Brain Disease,Alzheimer,validation,0
C:\Users\hamza\Downloads\FYP\AlzVsStr\AlzVsStr\validation\Alzheimer\Alzheimer (157).jpg,Alzheimer (157).jpg,Brain Disease,Alzheimer,validation,0
C:\Users\hamza\Downloads\FYP\AlzVsStr\AlzVsStr\validation\Alzheimer\Alzheimer (158).jpg,Alzheimer (158).jpg,Brain Disease,Alzheimer,validation,0
C:\Users\hamza\Downloads\FYP\AlzVsStr\AlzVsStr\validation\Alzheimer\Alzheimer (159).jpg,Alzheimer (159).jpg,Brain Disease,Alzheimer,validation,0
C:\Users\hamza\Downloads\FYP\AlzVsStr\AlzVsStr\validation\Alzheimer\Alzheimer (16).jpg,Alzheimer (16).jpg,Brain Disease,Alzheimer,validation,0
C:\Users\hamza\Downloads\FYP\AlzVsStr\AlzVsStr\validation\Alzheimer\Alzheimer (160).jpg,Alzheimer (160).jpg,Brain Disease,Alzheimer,validation,0
C:\Users\hamza\Downloads\FYP\AlzVsStr\AlzVsStr\validation\Alzheimer\Alzheimer (161).jpg,Alzheimer (161).jpg,Brain Disease,Alzheimer,validation,0
C:\Users\hamza\Downloads\FYP\AlzVsStr\AlzVsStr\validation\Alzheimer\Alzheimer (162).jpg,Alzheimer (162).jpg,Brain Disease,Alzheimer,validation,0
C:\Users\hamza\Downloads\FYP\AlzVsStr\AlzVsStr\validation\Alzheimer\Alzheimer (163).jpg,Alzheimer (163).jpg,Brain Disease,Alzheimer,validation,0
C:\Users\hamza\Downloads\FYP\AlzVsStr\AlzVsStr\validation\Alzheimer\Alzheimer (164).jpg,Alzheimer (164).jpg,Brain Disease,Alzheimer,validation,0
C:\Users\hamza\Downloads\FYP\AlzVsStr\AlzVsStr\validation\Alzheimer\Alzheimer (165).jpg,Alzheimer (165).jpg,Brain Disease,Alzheimer,validation,0
C:\Users\hamza\Downloads\FYP\AlzVsStr\AlzVsStr\validation\Alzheimer\Alzheimer (166).jpg,Alzheimer (166).jpg,Brain Disease,Alzheimer,validation,0
C:\Users\hamza\Downloads\FYP\AlzVsStr\AlzVsStr\validation\Alzheimer\Alzheimer (167).jpg,Alzheimer (167).jpg,Brain Disease,Alzheimer,validation,0
C:\Users\hamza\Downloads\FYP\AlzVsStr\AlzVsStr\validation\Alzheimer\Alzheimer (168).jpg,Alzheimer (168).jpg,Brain Disease,Alzheimer,validation,0
C:\Users\hamza\Downloads\FYP\AlzVsStr\AlzVsStr\validation\Alzheimer\Alzheimer (169).jpg,Alzheimer (169).jpg,Brain Disease,Alzheimer,validation,0
C:\Users\hamza\Downloads\FYP\AlzVsStr\AlzVsStr\validation\Alzheimer\Alzheimer (17).jpg,Alzheimer (17).jpg,Brain Disease,Alzheimer,validation,0
C:\Users\hamza\Downloads\FYP\AlzVsStr\AlzVsStr\validation\Alzheimer\Alzheimer (170).jpg,Alzheimer (170).jpg,Brain Disease,Alzheimer,validation,0
C:\Users\hamza\Downloads\FYP\AlzVsStr\AlzVsStr\validation\Alzheimer\Alzheimer (171).jpg,Alzheimer (171).jpg,Brain Disease,Alzheimer,validation,0
C:\Users\hamza\Downloads\FYP\AlzVsStr\AlzVsStr\validation\Alzheimer\Alzheimer (172).jpg,Alzheimer (172).jpg,Brain Disease,Alzheimer,validation,0
C:\Users\hamza\Downloads\FYP\AlzVsStr\AlzVsStr\validation\Alzheimer\Alzheimer (173).jpg,Alzheimer (173).jpg,Brain Disease,Alzheimer,validation,0
C:\Users\hamza\Downloads\FYP\AlzVsStr\AlzVsStr\validation\Alzheimer\Alzheimer (174).jpg,Alzheimer (174).jpg,Brain Disease,Alzheimer,validation,0
C:\Users\hamza\Downloads\FYP\AlzVsStr\AlzVsStr\validation\Alzheimer\Alzheimer (175).jpg,Alzheimer (175).jpg,Brain Disease,Alzheimer,validation,0
C:\Users\hamza\Downloads\FYP\AlzVsStr\AlzVsStr\validation\Alzheimer\Alzheimer (176).jpg,Alzheimer (176).jpg,Brain Disease,Alzheimer,validation,0
C:\Users\hamza\Downloads\FYP\AlzVsStr\AlzVsStr\validation\Alzheimer\Alzheimer (177).jpg,Alzheimer (177).jpg,Brain Disease,Alzheimer,validation,0
C:\Users\hamza\Downloads\FYP\AlzVsStr\AlzVsStr\validation\Alzheimer\Alzheimer (178).jpg,Alzheimer (178).jpg,Brain Disease,Alzheimer,validation,0
C:\Users\hamza\Downloads\FYP\AlzVsStr\AlzVsStr\validation\Alzheimer\Alzheimer (179).jpg,Alzheimer (179).jpg,Brain Disease,Alzheimer,validation,0
C:\Users\hamza\Downloads\FYP\AlzVsStr\AlzVsStr\validation\Alzheimer\Alzheimer (18).jpg,Alzheimer (18).jpg,Brain Disease,Alzheimer,validation,0
C:\Users\hamza\Downloads\FYP\AlzVsStr\AlzVsStr\validation\Alzheimer\Alzheimer (180).jpg,Alzheimer (180).jpg,Brain Disease,Alzheimer,validation,0
C:\Users\hamza\Downloads\FYP\AlzVsStr\AlzVsStr\validation\Alzheimer\Alzheimer (181).jpg,Alzheimer (181).jpg,Brain Disease,Alzheimer,validation,0
C:\Users\hamza\Downloads\FYP\AlzVsStr\AlzVsStr\validation\Alzheimer\Alzheimer (182).jpg,Alzheimer (182).jpg,Brain Disease,Alzheimer,validation,0
C:\Users\hamza\Downloads\FYP\AlzVsStr\AlzVsStr\validation\Alzheimer\Alzheimer (183).jpg,Alzheimer (183).jpg,Brain Disease,Alzheimer,validation,0
C:\Users\hamza\Downloads\FYP\AlzVsStr\AlzVsStr\validation\Alzheimer\Alzheimer (184).jpg,Alzheimer (184).jpg,Brain Disease,Alzheimer,validation,0
C:\Users\hamza\Downloads\FYP\AlzVsStr\AlzVsStr\validation\Alzheimer\Alzheimer (185).jpg,Alzheimer (185).jpg,Brain Disease,Alzheimer,validation,0
C:\Users\hamza\Downloads\FYP\AlzVsStr\AlzVsStr\validation\Alzheimer\Alzheimer (186).jpg,Alzheimer (186).jpg,Brain Disease,Alzheimer,validation,0
C:\Users\hamza\Downloads\FYP\AlzVsStr\AlzVsStr\validation\Alzheimer\Alzheimer (187).jpg,Alzheimer (187).jpg,Brain Disease,Alzheimer,validation,0
C:\Users\hamza\Downloads\FYP\AlzVsStr\AlzVsStr\validation\Alzheimer\Alzheimer (188).jpg,Alzheimer (188).jpg,Brain Disease,Alzheimer,validation,0
C:\Users\hamza\Downloads\FYP\AlzVsStr\AlzVsStr\validation\Alzheimer\Alzheimer (189).jpg,Alzheimer (189).jpg,Brain Disease,Alzheimer,validation,0
C:\Users\hamza\Downloads\FYP\AlzVsStr\AlzVsStr\validation\Alzheimer\Alzheimer (19).jpg,Alzheimer (19).jpg,Brain Disease,Alzheimer,validation,0
C:\Users\hamza\Downloads\FYP\AlzVsStr\AlzVsStr\validation\Alzheimer\Alzheimer (190).jpg,Alzheimer (190).jpg,Brain Disease,Alzheimer,validation,0
C:\Users\hamza\Downloads\FYP\AlzVsStr\AlzVsStr\validation\Alzheimer\Alzheimer (191).jpg,Alzheimer (191).jpg,Brain Disease,Alzheimer,validation,0
C:\Users\hamza\Downloads\FYP\AlzVsStr\AlzVsStr\validation\Alzheimer\Alzheimer (192).jpg,Alzheimer (192).jpg,Brain Disease,Alzheimer,validation,0
C:\Users\hamza\Downloads\FYP\AlzVsStr\AlzVsStr\validation\Alzheimer\Alzheimer (193).jpg,Alzheimer (193).jpg,Brain Disease,Alzheimer,validation,0
C:\Users\hamza\Downloads\FYP\AlzVsStr\AlzVsStr\validation\Alzheimer\Alzheimer (194).jpg,Alzheimer (194).jpg,Brain Disease,Alzheimer,validation,0
C:\Users\hamza\Downloads\FYP\AlzVsStr\AlzVsStr\validation\Alzheimer\Alzheimer (195).jpg,Alzheimer (195).jpg,Brain Disease,Alzheimer,validation,0
C:\Users\hamza\Downloads\FYP\AlzVsStr\AlzVsStr\validation\Alzheimer\Alzheimer (196).jpg,Alzheimer (196).jpg,Brain Disease,Alzheimer,validation,0
C:\Users\hamza\Downloads\FYP\AlzVsStr\AlzVsStr\validation\Alzheimer\Alzheimer (197).jpg,Alzheimer (197).jpg,Brain Disease,Alzheimer,validation,0
C:\Users\hamza\Downloads\FYP\AlzVsStr\AlzVsStr\validation\Alzheimer\Alzheimer (198).jpg,Alzheimer (198).jpg,Brain Disease,Alzheimer,validation,0
C:\Users\hamza\Downloads\FYP\AlzVsStr\AlzVsStr\validation\Alzheimer\Alzheimer (199).jpg,Alzheimer (199).jpg,Brain Disease,Alzheimer,validation,0
C:\Users\hamza\Downloads\FYP\AlzVsStr\AlzVsStr\validation\Alzheimer\Alzheimer (2).jpg,Alzheimer (2).jpg,Brain Disease,Alzheimer,validation,0
C:\Users\hamza\Downloads\FYP\AlzVsStr\AlzVsStr\validation\Alzheimer\Alzheimer (20).jpg,Alzheimer (20).jpg,Brain Disease,Alzheimer,validation,0
C:\Users\hamza\Downloads\FYP\AlzVsStr\AlzVsStr\validation\Alzheimer\Alzheimer (200).jpg,Alzheimer (200).jpg,Brain Disease,Alzheimer,validation,0
C:\Users\hamza\Downloads\FYP\AlzVsStr\AlzVsStr\validation\Alzheimer\Alzheimer (201).jpg,Alzheimer (201).jpg,Brain Disease,Alzheimer,validation,0
C:\Users\hamza\Downloads\FYP\AlzVsStr\AlzVsStr\validation\Alzheimer\Alzheimer (202).jpg,Alzheimer (202).jpg,Brain Disease,Alzheimer,validation,0
C:\Users\hamza\Downloads\FYP\AlzVsStr\AlzVsStr\validation\Alzheimer\Alzheimer (203).jpg,Alzheimer (203).jpg,Brain Disease,Alzheimer,validation,0
C:\Users\hamza\Downloads\FYP\AlzVsStr\AlzVsStr\validation\Alzheimer\Alzheimer (204).jpg,Alzheimer (204).jpg,Brain Disease,Alzheimer,validation,0
C:\Users\hamza\Downloads\FYP\AlzVsStr\AlzVsStr\validation\Alzheimer\Alzheimer (205).jpg,Alzheimer (205).jpg,Brain Disease,Alzheimer,validation,0
C:\Users\hamza\Downloads\FYP\AlzVsStr\AlzVsStr\validation\Alzheimer\Alzheimer (206).jpg,Alzheimer (206).jpg,Brain Disease,Alzheimer,validation,0
C:\Users\hamza\Downloads\FYP\AlzVsStr\AlzVsStr\validation\Alzheimer\Alzheimer (207).jpg,Alzheimer (207).jpg,Brain Disease,Alzheimer,validation,0
C:\Users\hamza\Downloads\FYP\AlzVsStr\AlzVsStr\validation\Alzheimer\Alzheimer (208).jpg,Alzheimer (208).jpg,Brain Disease,Alzheimer,validation,0
C:\Users\hamza\Downloads\FYP\AlzVsStr\AlzVsStr\validation\Alzheimer\Alzheimer (209).jpg,Alzheimer (209).jpg,Brain Disease,Alzheimer,validation,0
C:\Users\hamza\Downloads\FYP\AlzVsStr\AlzVsStr\validation\Alzheimer\Alzheimer (21).jpg,Alzheimer (21).jpg,Brain Disease,Alzheimer,validation,0
C:\Users\hamza\Downloads\FYP\AlzVsStr\AlzVsStr\validation\Alzheimer\Alzheimer (210).jpg,Alzheimer (210).jpg,Brain Disease,Alzheimer,validation,0
C:\Users\hamza\Downloads\FYP\AlzVsStr\AlzVsStr\validation\Alzheimer\Alzheimer (211).jpg,Alzheimer (211).jpg,Brain Disease,Alzheimer,validation,0
C:\Users\hamza\Downloads\FYP\AlzVsStr\AlzVsStr\validation\Alzheimer\Alzheimer (212).jpg,Alzheimer (212).jpg,Brain Disease,Alzheimer,validation,0
C:\Users\hamza\Downloads\FYP\AlzVsStr\AlzVsStr\validation\Alzheimer\Alzheimer (213).jpg,Alzheimer (213).jpg,Brain Disease,Alzheimer,validation,0
C:\Users\hamza\Downloads\FYP\AlzVsStr\AlzVsStr\validation\Alzheimer\Alzheimer (214).jpg,Alzheimer (214).jpg,Brain Disease,Alzheimer,validation,0
C:\Users\hamza\Downloads\FYP\AlzVsStr\AlzVsStr\validation\Alzheimer\Alzheimer (215).jpg,Alzheimer (215).jpg,Brain Disease,Alzheimer,validation,0
C:\Users\hamza\Downloads\FYP\AlzVsStr\AlzVsStr\validation\Alzheimer\Alzheimer (216).jpg,Alzheimer (216).jpg,Brain Disease,Alzheimer,validation,0
C:\Users\hamza\Downloads\FYP\AlzVsStr\AlzVsStr\validation\Alzheimer\Alzheimer (217).jpg,Alzheimer (217).jpg,Brain Disease,Alzheimer,validation,0
C:\Users\hamza\Downloads\FYP\AlzVsStr\AlzVsStr\validation\Alzheimer\Alzheimer (218).jpg,Alzheimer (218).jpg,Brain Disease,Alzheimer,validation,0
C:\Users\hamza\Downloads\FYP\AlzVsStr\AlzVsStr\validation\Alzheimer\Alzheimer (219).jpg,Alzheimer (219).jpg,Brain Disease,Alzheimer,validation,0
C:\Users\hamza\Downloads\FYP\AlzVsStr\AlzVsStr\validation\Alzheimer\Alzheimer (22).jpg,Alzheimer (22).jpg,Brain Disease,Alzheimer,validation,0
C:\Users\hamza\Downloads\FYP\AlzVsStr\AlzVsStr\validation\Alzheimer\Alzheimer (220).jpg,Alzheimer (220).jpg,Brain Disease,Alzheimer,validation,0
C:\Users\hamza\Downloads\FYP\AlzVsStr\AlzVsStr\validation\Alzheimer\Alzheimer (221).jpg,Alzheimer (221).jpg,Brain Disease,Alzheimer,validation,0
C:\Users\hamza\Downloads\FYP\AlzVsStr\AlzVsStr\validation\Alzheimer\Alzheimer (222).jpg,Alzheimer (222).jpg,Brain Disease,Alzheimer,validation,0
C:\Users\hamza\Downloads\FYP\AlzVsStr\AlzVsStr\validation\Alzheimer\Alzheimer (223).jpg,Alzheimer (223).jpg,Brain Disease,Alzheimer,validation,0
C:\Users\hamza\Downloads\FYP\AlzVsStr\AlzVsStr\validation\Alzheimer\Alzheimer (224).jpg,Alzheimer (224).jpg,Brain Disease,Alzheimer,validation,0
C:\Users\hamza\Downloads\FYP\AlzVsStr\AlzVsStr\validation\Alzheimer\Alzheimer (225).jpg,Alzheimer (225).jpg,Brain Disease,Alzheimer,validation,0
C:\Users\hamza\Downloads\FYP\AlzVsStr\AlzVsStr\validation\Alzheimer\Alzheimer (226).jpg,Alzheimer (226).jpg,Brain Disease,Alzheimer,validation,0
C:\Users\hamza\Downloads\FYP\AlzVsStr\AlzVsStr\validation\Alzheimer\Alzheimer (227).jpg,Alzheimer (227).jpg,Brain Disease,Alzheimer,validation,0
C:\Users\hamza\Downloads\FYP\AlzVsStr\AlzVsStr\validation\Alzheimer\Alzheimer (228).jpg,Alzheimer (228).jpg,Brain Disease,Alzheimer,validation,0
C:\Users\hamza\Downloads\FYP\AlzVsStr\AlzVsStr\validation\Alzheimer\Alzheimer (229).jpg,Alzheimer (229).jpg,Brain Disease,Alzheimer,validation,0
C:\Users\hamza\Downloads\FYP\AlzVsStr\AlzVsStr\validation\Alzheimer\Alzheimer (23).jpg,Alzheimer (23).jpg,Brain Disease,Alzheimer,validation,0
C:\Users\hamza\Downloads\FYP\AlzVsStr\AlzVsStr\validation\Alzheimer\Alzheimer (230).jpg,Alzheimer (230).jpg,Brain Disease,Alzheimer,validation,0
C:\Users\hamza\Downloads\FYP\AlzVsStr\AlzVsStr\validation\Alzheimer\Alzheimer (231).jpg,Alzheimer (231).jpg,Brain Disease,Alzheimer,validation,0
C:\Users\hamza\Downloads\FYP\AlzVsStr\AlzVsStr\validation\Alzheimer\Alzheimer (232).jpg,Alzheimer (232).jpg,Brain Disease,Alzheimer,validation,0
C:\Users\hamza\Downloads\FYP\AlzVsStr\AlzVsStr\validation\Alzheimer\Alzheimer (233).jpg,Alzheimer (233).jpg,Brain Disease,Alzheimer,validation,0
C:\Users\hamza\Downloads\FYP\AlzVsStr\AlzVsStr\validation\Alzheimer\Alzheimer (234).jpg,Alzheimer (234).jpg,Brain Disease,Alzheimer,validation,0
C:\Users\hamza\Downloads\FYP\AlzVsStr\AlzVsStr\validation\Alzheimer\Alzheimer (235).jpg,Alzheimer (235).jpg,Brain Disease,Alzheimer,validation,0
C:\Users\hamza\Downloads\FYP\AlzVsStr\AlzVsStr\validation\Alzheimer\Alzheimer (236).jpg,Alzheimer (236).jpg,Brain Disease,Alzheimer,validation,0
C:\Users\hamza\Downloads\FYP\AlzVsStr\AlzVsStr\validation\Alzheimer\Alzheimer (237).jpg,Alzheimer (237).jpg,Brain Disease,Alzheimer,validation,0
C:\Users\hamza\Downloads\FYP\AlzVsStr\AlzVsStr\validation\Alzheimer\Alzheimer (238).jpg,Alzheimer (238).jpg,Brain Disease,Alzheimer,validation,0
C:\Users\hamza\Downloads\FYP\AlzVsStr\AlzVsStr\validation\Alzheimer\Alzheimer (239).jpg,Alzheimer (239).jpg,Brain Disease,Alzheimer,validation,0
C:\Users\hamza\Downloads\FYP\AlzVsStr\AlzVsStr\validation\Alzheimer\Alzheimer (24).jpg,Alzheimer (24).jpg,Brain Disease,Alzheimer,validation,0
C:\Users\hamza\Downloads\FYP\AlzVsStr\AlzVsStr\validation\Alzheimer\Alzheimer (240).jpg,Alzheimer (240).jpg,Brain Disease,Alzheimer,validation,0
C:\Users\hamza\Downloads\FYP\AlzVsStr\AlzVsStr\validation\Alzheimer\Alzheimer (241).jpg,Alzheimer (241).jpg,Brain Disease,Alzheimer,validation,0
C:\Users\hamza\Downloads\FYP\AlzVsStr\AlzVsStr\validation\Alzheimer\Alzheimer (242).jpg,Alzheimer (242).jpg,Brain Disease,Alzheimer,validation,0
C:\Users\hamza\Downloads\FYP\AlzVsStr\AlzVsStr\validation\Alzheimer\Alzheimer (243).jpg,Alzheimer (243).jpg,Brain Disease,Alzheimer,validation,0
C:\Users\hamza\Downloads\FYP\AlzVsStr\AlzVsStr\validation\Alzheimer\Alzheimer (244).jpg,Alzheimer (244).jpg,Brain Disease,Alzheimer,validation,0
C:\Users\hamza\Downloads\FYP\AlzVsStr\AlzVsStr\validation\Alzheimer\Alzheimer (245).jpg,Alzheimer (245).jpg,Brain Disease,Alzheimer,validation,0
C:\Users\hamza\Downloads\FYP\AlzVsStr\AlzVsStr\validation\Alzheimer\Alzheimer (246).jpg,Alzheimer (246).jpg,Brain Disease,Alzheimer,validation,0
C:\Users\hamza\Downloads\FYP\AlzVsStr\AlzVsStr\validation\Alzheimer\Alzheimer (247).jpg,Alzheimer (247).jpg,Brain Disease,Alzheimer,validation,0
C:\Users\hamza\Downloads\FYP\AlzVsStr\AlzVsStr\validation\Alzheimer\Alzheimer (248).jpg,Alzheimer (248).jpg,Brain Disease,Alzheimer,validation,0
C:\Users\hamza\Downloads\FYP\AlzVsStr\AlzVsStr\validation\Alzheimer\Alzheimer (249).jpg,Alzheimer (249).jpg,Brain Disease,Alzheimer,validation,0
C:\Users\hamza\Downloads\FYP\AlzVsStr\AlzVsStr\validation\Alzheimer\Alzheimer (25).jpg,Alzheimer (25).jpg,Brain Disease,Alzheimer,validation,0
C:\Users\hamza\Downloads\FYP\AlzVsStr\AlzVsStr\validation\Alzheimer\Alzheimer (250).jpg,Alzheimer (250).jpg,Brain Disease,Alzheimer,validation,0
C:\Users\hamza\Downloads\FYP\AlzVsStr\AlzVsStr\validation\Alzheimer\Alzheimer (251).jpg,Alzheimer (251).jpg,Brain Disease,Alzheimer,validation,0
C:\Users\hamza\Downloads\FYP\AlzVsStr\AlzVsStr\validation\Alzheimer\Alzheimer (252).jpg,Alzheimer (252).jpg,Brain Disease,Alzheimer,validation,0
C:\Users\hamza\Downloads\FYP\AlzVsStr\AlzVsStr\validation\Alzheimer\Alzheimer (253).jpg,Alzheimer (253).jpg,Brain Disease,Alzheimer,validation,0
C:\Users\hamza\Downloads\FYP\AlzVsStr\AlzVsStr\validation\Alzheimer\Alzheimer (254).jpg,Alzheimer (254).jpg,Brain Disease,Alzheimer,validation,0
C:\Users\hamza\Downloads\FYP\AlzVsStr\AlzVsStr\validation\Alzheimer\Alzheimer (255).jpg,Alzheimer (255).jpg,Brain Disease,Alzheimer,validation,0
C:\Users\hamza\Downloads\FYP\AlzVsStr\AlzVsStr\validation\Alzheimer\Alzheimer (256).jpg,Alzheimer (256).jpg,Brain Disease,Alzheimer,validation,0
C:\Users\hamza\Downloads\FYP\AlzVsStr\AlzVsStr\validation\Alzheimer\Alzheimer (257).jpg,Alzheimer (257).jpg,Brain Disease,Alzheimer,validation,0
C:\Users\hamza\Downloads\FYP\AlzVsStr\AlzVsStr\validation\Alzheimer\Alzheimer (258).jpg,Alzheimer (258).jpg,Brain Disease,Alzheimer,validation,0
C:\Users\hamza\Downloads\FYP\AlzVsStr\AlzVsStr\validation\Alzheimer\Alzheimer (259).jpg,Alzheimer (259).jpg,Brain Disease,Alzheimer,validation,0
C:\Users\hamza\Downloads\FYP\AlzVsStr\AlzVsStr\validation\Alzheimer\Alzheimer (26).jpg,Alzheimer (26).jpg,Brain Disease,Alzheimer,validation,0
C:\Users\hamza\Downloads\FYP\AlzVsStr\AlzVsStr\validation\Alzheimer\Alzheimer (260).jpg,Alzheimer (260).jpg,Brain Disease,Alzheimer,validation,0
C:\Users\hamza\Downloads\FYP\AlzVsStr\AlzVsStr\validation\Alzheimer\Alzheimer (261).jpg,Alzheimer (261).jpg,Brain Disease,Alzheimer,validation,0
C:\Users\hamza\Downloads\FYP\AlzVsStr\AlzVsStr\validation\Alzheimer\Alzheimer (262).jpg,Alzheimer (262).jpg,Brain Disease,Alzheimer,validation,0
C:\Users\hamza\Downloads\FYP\AlzVsStr\AlzVsStr\validation\Alzheimer\Alzheimer (263).jpg,Alzheimer (263).jpg,Brain Disease,Alzheimer,validation,0
C:\Users\hamza\Downloads\FYP\AlzVsStr\AlzVsStr\validation\Alzheimer\Alzheimer (264).jpg,Alzheimer (264).jpg,Brain Disease,Alzheimer,validation,0
C:\Users\hamza\Downloads\FYP\AlzVsStr\AlzVsStr\validation\Alzheimer\Alzheimer (265).jpg,Alzheimer (265).jpg,Brain Disease,Alzheimer,validation,0
C:\Users\hamza\Downloads\FYP\AlzVsStr\AlzVsStr\validation\Alzheimer\Alzheimer (266).jpg,Alzheimer (266).jpg,Brain Disease,Alzheimer,validation,0
C:\Users\hamza\Downloads\FYP\AlzVsStr\AlzVsStr\validation\Alzheimer\Alzheimer (267).jpg,Alzheimer (267).jpg,Brain Disease,Alzheimer,validation,0
C:\Users\hamza\Downloads\FYP\AlzVsStr\AlzVsStr\validation\Alzheimer\Alzheimer (268).jpg,Alzheimer (268).jpg,Brain Disease,Alzheimer,validation,0
C:\Users\hamza\Downloads\FYP\AlzVsStr\AlzVsStr\validation\Alzheimer\Alzheimer (269).jpg,Alzheimer (269).jpg,Brain Disease,Alzheimer,validation,0
C:\Users\hamza\Downloads\FYP\AlzVsStr\AlzVsStr\validation\Alzheimer\Alzheimer (27).jpg,Alzheimer (27).jpg,Brain Disease,Alzheimer,validation,0
C:\Users\hamza\Downloads\FYP\AlzVsStr\AlzVsStr\validation\Alzheimer\Alzheimer (270).jpg,Alzheimer (270).jpg,Brain Disease,Alzheimer,validation,0
C:\Users\hamza\Downloads\FYP\AlzVsStr\AlzVsStr\validation\Alzheimer\Alzheimer (271).jpg,Alzheimer (271).jpg,Brain Disease,Alzheimer,validation,0
C:\Users\hamza\Downloads\FYP\AlzVsStr\AlzVsStr\validation\Alzheimer\Alzheimer (272).jpg,Alzheimer (272).jpg,Brain Disease,Alzheimer,validation,0
C:\Users\hamza\Downloads\FYP\AlzVsStr\AlzVsStr\validation\Alzheimer\Alzheimer (273).jpg,Alzheimer (273).jpg,Brain Disease,Alzheimer,validation,0
C:\Users\hamza\Downloads\FYP\AlzVsStr\AlzVsStr\validation\Alzheimer\Alzheimer (274).jpg,Alzheimer (274).jpg,Brain Disease,Alzheimer,validation,0
C:\Users\hamza\Downloads\FYP\AlzVsStr\AlzVsStr\validation\Alzheimer\Alzheimer (275).jpg,Alzheimer (275).jpg,Brain Disease,Alzheimer,validation,0
C:\Users\hamza\Downloads\FYP\AlzVsStr\AlzVsStr\validation\Alzheimer\Alzheimer (276).jpg,Alzheimer (276).jpg,Brain Disease,Alzheimer,validation,0
C:\Users\hamza\Downloads\FYP\AlzVsStr\AlzVsStr\validation\Alzheimer\Alzheimer (277).jpg,Alzheimer (277).jpg,Brain Disease,Alzheimer,validation,0
C:\Users\hamza\Downloads\FYP\AlzVsStr\AlzVsStr\validation\Alzheimer\Alzheimer (278).jpg,Alzheimer (278).jpg,Brain Disease,Alzheimer,validation,0
C:\Users\hamza\Downloads\FYP\AlzVsStr\AlzVsStr\validation\Alzheimer\Alzheimer (279).jpg,Alzheimer (279).jpg,Brain Disease,Alzheimer,validation,0
C:\Users\hamza\Downloads\FYP\AlzVsStr\AlzVsStr\validation\Alzheimer\Alzheimer (28).jpg,Alzheimer (28).jpg,Brain Disease,Alzheimer,validation,0
C:\Users\hamza\Downloads\FYP\AlzVsStr\AlzVsStr\validation\Alzheimer\Alzheimer (280).jpg,Alzheimer (280).jpg,Brain Disease,Alzheimer,validation,0
C:\Users\hamza\Downloads\FYP\AlzVsStr\AlzVsStr\validation\Alzheimer\Alzheimer (281).jpg,Alzheimer (281).jpg,Brain Disease,Alzheimer,validation,0
C:\Users\hamza\Downloads\FYP\AlzVsStr\AlzVsStr\validation\Alzheimer\Alzheimer (282).jpg,Alzheimer (282).jpg,Brain Disease,Alzheimer,validation,0
C:\Users\hamza\Downloads\FYP\AlzVsStr\AlzVsStr\validation\Alzheimer\Alzheimer (283).jpg,Alzheimer (283).jpg,Brain Disease,Alzheimer,validation,0
C:\Users\hamza\Downloads\FYP\AlzVsStr\AlzVsStr\validation\Alzheimer\Alzheimer (284).jpg,Alzheimer (284).jpg,Brain Disease,Alzheimer,validation,0
C:\Users\hamza\Downloads\FYP\AlzVsStr\AlzVsStr\validation\Alzheimer\Alzheimer (285).jpg,Alzheimer (285).jpg,Brain Disease,Alzheimer,validation,0
C:\Users\hamza\Downloads\FYP\AlzVsStr\AlzVsStr\validation\Alzheimer\Alzheimer (286).jpg,Alzheimer (286).jpg,Brain Disease,Alzheimer,validation,0
C:\Users\hamza\Downloads\FYP\AlzVsStr\AlzVsStr\validation\Alzheimer\Alzheimer (287).jpg,Alzheimer (287).jpg,Brain Disease,Alzheimer,validation,0
C:\Users\hamza\Downloads\FYP\AlzVsStr\AlzVsStr\validation\Alzheimer\Alzheimer (288).jpg,Alzheimer (288).jpg,Brain Disease,Alzheimer,validation,0
C:\Users\hamza\Downloads\FYP\AlzVsStr\AlzVsStr\validation\Alzheimer\Alzheimer (289).jpg,Alzheimer (289).jpg,Brain Disease,Alzheimer,validation,0
C:\Users\hamza\Downloads\FYP\AlzVsStr\AlzVsStr\validation\Alzheimer\Alzheimer (29).jpg,Alzheimer (29).jpg,Brain Disease,Alzheimer,validation,0
C:\Users\hamza\Downloads\FYP\AlzVsStr\AlzVsStr\validation\Alzheimer\Alzheimer (290).jpg,Alzheimer (290).jpg,Brain Disease,Alzheimer,validation,0
C:\Users\hamza\Downloads\FYP\AlzVsStr\AlzVsStr\validation\Alzheimer\Alzheimer (291).jpg,Alzheimer (291).jpg,Brain Disease,Alzheimer,validation,0
C:\Users\hamza\Downloads\FYP\AlzVsStr\AlzVsStr\validation\Alzheimer\Alzheimer (292).jpg,Alzheimer (292).jpg,Brain Disease,Alzheimer,validation,0
C:\Users\hamza\Downloads\FYP\AlzVsStr\AlzVsStr\validation\Alzheimer\Alzheimer (293).jpg,Alzheimer (293).jpg,Brain Disease,Alzheimer,validation,0
C:\Users\hamza\Downloads\FYP\AlzVsStr\AlzVsStr\validation\Alzheimer\Alzheimer (294).jpg,Alzheimer (294).jpg,Brain Disease,Alzheimer,validation,0
C:\Users\hamza\Downloads\FYP\AlzVsStr\AlzVsStr\validation\Alzheimer\Alzheimer (295).jpg,Alzheimer (295).jpg,Brain Disease,Alzheimer,validation,0
C:\Users\hamza\Downloads\FYP\AlzVsStr\AlzVsStr\validation\Alzheimer\Alzheimer (296).jpg,Alzheimer (296).jpg,Brain Disease,Alzheimer,validation,0
C:\Users\hamza\Downloads\FYP\AlzVsStr\AlzVsStr\validation\Alzheimer\Alzheimer (297).jpg,Alzheimer (297).jpg,Brain Disease,Alzheimer,validation,0
C:\Users\hamza\Downloads\FYP\AlzVsStr\AlzVsStr\validation\Alzheimer\Alzheimer (298).jpg,Alzheimer (298).jpg,Brain Disease,Alzheimer,validation,0
C:\Users\hamza\Downloads\FYP\AlzVsStr\AlzVsStr\validation\Alzheimer\Alzheimer (299).jpg,Alzheimer (299).jpg,Brain Disease,Alzheimer,validation,0
C:\Users\hamza\Downloads\FYP\AlzVsStr\AlzVsStr\validation\Alzheimer\Alzheimer (3).jpg,Alzheimer (3).jpg,Brain Disease,Alzheimer,validation,0
C:\Users\hamza\Downloads\FYP\AlzVsStr\AlzVsStr\validation\Alzheimer\Alzheimer (30).jpg,Alzheimer (30).jpg,Brain Disease,Alzheimer,validation,0
C:\Users\hamza\Downloads\FYP\AlzVsStr\AlzVsStr\validation\Alzheimer\Alzheimer (300).jpg,Alzheimer (300).jpg,Brain Disease,Alzheimer,validation,0
C:\Users\hamza\Downloads\FYP\AlzVsStr\AlzVsStr\validation\Alzheimer\Alzheimer (301).jpg,Alzheimer (301).jpg,Brain Disease,Alzheimer,validation,0
C:\Users\hamza\Downloads\FYP\AlzVsStr\AlzVsStr\validation\Alzheimer\Alzheimer (302).jpg,Alzheimer (302).jpg,Brain Disease,Alzheimer,validation,0
C:\Users\hamza\Downloads\FYP\AlzVsStr\AlzVsStr\validation\Alzheimer\Alzheimer (303).jpg,Alzheimer (303).jpg,Brain Disease,Alzheimer,validation,0
C:\Users\hamza\Downloads\FYP\AlzVsStr\AlzVsStr\validation\Alzheimer\Alzheimer (304).jpg,Alzheimer (304).jpg,Brain Disease,Alzheimer,validation,0
C:\Users\hamza\Downloads\FYP\AlzVsStr\AlzVsStr\validation\Alzheimer\Alzheimer (305).jpg,Alzheimer (305).jpg,Brain Disease,Alzheimer,validation,0
C:\Users\hamza\Downloads\FYP\AlzVsStr\AlzVsStr\validation\Alzheimer\Alzheimer (306).jpg,Alzheimer (306).jpg,Brain Disease,Alzheimer,validation,0
C:\Users\hamza\Downloads\FYP\AlzVsStr\AlzVsStr\validation\Alzheimer\Alzheimer (307).jpg,Alzheimer (307).jpg,Brain Disease,Alzheimer,validation,0
C:\Users\hamza\Downloads\FYP\AlzVsStr\AlzVsStr\validation\Alzheimer\Alzheimer (308).jpg,Alzheimer (308).jpg,Brain Disease,Alzheimer,validation,0
C:\Users\hamza\Downloads\FYP\AlzVsStr\AlzVsStr\validation\Alzheimer\Alzheimer (309).jpg,Alzheimer (309).jpg,Brain Disease,Alzheimer,validation,0
C:\Users\hamza\Downloads\FYP\AlzVsStr\AlzVsStr\validation\Alzheimer\Alzheimer (31).jpg,Alzheimer (31).jpg,Brain Disease,Alzheimer,validation,0
C:\Users\hamza\Downloads\FYP\AlzVsStr\AlzVsStr\validation\Alzheimer\Alzheimer (310).jpg,Alzheimer (310).jpg,Brain Disease,Alzheimer,validation,0
C:\Users\hamza\Downloads\FYP\AlzVsStr\AlzVsStr\validation\Alzheimer\Alzheimer (311).jpg,Alzheimer (311).jpg,Brain Disease,Alzheimer,validation,0
C:\Users\hamza\Downloads\FYP\AlzVsStr\AlzVsStr\validation\Alzheimer\Alzheimer (312).jpg,Alzheimer (312).jpg,Brain Disease,Alzheimer,validation,0
C:\Users\hamza\Downloads\FYP\AlzVsStr\AlzVsStr\validation\Alzheimer\Alzheimer (313).jpg,Alzheimer (313).jpg,Brain Disease,Alzheimer,validation,0
C:\Users\hamza\Downloads\FYP\AlzVsStr\AlzVsStr\validation\Alzheimer\Alzheimer (314).jpg,Alzheimer (314).jpg,Brain Disease,Alzheimer,validation,0
C:\Users\hamza\Downloads\FYP\AlzVsStr\AlzVsStr\validation\Alzheimer\Alzheimer (315).jpg,Alzheimer (315).jpg,Brain Disease,Alzheimer,validation,0
C:\Users\hamza\Downloads\FYP\AlzVsStr\AlzVsStr\validation\Alzheimer\Alzheimer (316).jpg,Alzheimer (316).jpg,Brain Disease,Alzheimer,validation,0
C:\Users\hamza\Downloads\FYP\AlzVsStr\AlzVsStr\validation\Alzheimer\Alzheimer (317).jpg,Alzheimer (317).jpg,Brain Disease,Alzheimer,validation,0
C:\Users\hamza\Downloads\FYP\AlzVsStr\AlzVsStr\validation\Alzheimer\Alzheimer (318).jpg,Alzheimer (318).jpg,Brain Disease,Alzheimer,validation,0
C:\Users\hamza\Downloads\FYP\AlzVsStr\AlzVsStr\validation\Alzheimer\Alzheimer (319).jpg,Alzheimer (319).jpg,Brain Disease,Alzheimer,validation,0
C:\Users\hamza\Downloads\FYP\AlzVsStr\AlzVsStr\validation\Alzheimer\Alzheimer (32).jpg,Alzheimer (32).jpg,Brain Disease,Alzheimer,validation,0
C:\Users\hamza\Downloads\FYP\AlzVsStr\AlzVsStr\validation\Alzheimer\Alzheimer (320).jpg,Alzheimer (320).jpg,Brain Disease,Alzheimer,validation,0
C:\Users\hamza\Downloads\FYP\AlzVsStr\AlzVsStr\validation\Alzheimer\Alzheimer (321).jpg,Alzheimer (321).jpg,Brain Disease,Alzheimer,validation,0
C:\Users\hamza\Downloads\FYP\AlzVsStr\AlzVsStr\validation\Alzheimer\Alzheimer (322).jpg,Alzheimer (322).jpg,Brain Disease,Alzheimer,validation,0
C:\Users\hamza\Downloads\FYP\AlzVsStr\AlzVsStr\validation\Alzheimer\Alzheimer (323).jpg,Alzheimer (323).jpg,Brain Disease,Alzheimer,validation,0
C:\Users\hamza\Downloads\FYP\AlzVsStr\AlzVsStr\validation\Alzheimer\Alzheimer (324).jpg,Alzheimer (324).jpg,Brain Disease,Alzheimer,validation,0
C:\Users\hamza\Downloads\FYP\AlzVsStr\AlzVsStr\validation\Alzheimer\Alzheimer (325).jpg,Alzheimer (325).jpg,Brain Disease,Alzheimer,validation,0
C:\Users\hamza\Downloads\FYP\AlzVsStr\AlzVsStr\validation\Alzheimer\Alzheimer (326).jpg,Alzheimer (326).jpg,Brain Disease,Alzheimer,validation,0
C:\Users\hamza\Downloads\FYP\AlzVsStr\AlzVsStr\validation\Alzheimer\Alzheimer (327).jpg,Alzheimer (327).jpg,Brain Disease,Alzheimer,validation,0
C:\Users\hamza\Downloads\FYP\AlzVsStr\AlzVsStr\validation\Alzheimer\Alzheimer (328).jpg,Alzheimer (328).jpg,Brain Disease,Alzheimer,validation,0
C:\Users\hamza\Downloads\FYP\AlzVsStr\AlzVsStr\validation\Alzheimer\Alzheimer (329).jpg,Alzheimer (329).jpg,Brain Disease,Alzheimer,validation,0
C:\Users\hamza\Downloads\FYP\AlzVsStr\AlzVsStr\validation\Alzheimer\Alzheimer (33).jpg,Alzheimer (33).jpg,Brain Disease,Alzheimer,validation,0
C:\Users\hamza\Downloads\FYP\AlzVsStr\AlzVsStr\validation\Alzheimer\Alzheimer (330).jpg,Alzheimer (330).jpg,Brain Disease,Alzheimer,validation,0
C:\Users\hamza\Downloads\FYP\AlzVsStr\AlzVsStr\validation\Alzheimer\Alzheimer (331).jpg,Alzheimer (331).jpg,Brain Disease,Alzheimer,validation,0
C:\Users\hamza\Downloads\FYP\AlzVsStr\AlzVsStr\validation\Alzheimer\Alzheimer (332).jpg,Alzheimer (332).jpg,Brain Disease,Alzheimer,validation,0
C:\Users\hamza\Downloads\FYP\AlzVsStr\AlzVsStr\validation\Alzheimer\Alzheimer (333).jpg,Alzheimer (333).jpg,Brain Disease,Alzheimer,validation,0
C:\Users\hamza\Downloads\FYP\AlzVsStr\AlzVsStr\validation\Alzheimer\Alzheimer (334).jpg,Alzheimer (334).jpg,Brain Disease,Alzheimer,validation,0
C:\Users\hamza\Downloads\FYP\AlzVsStr\AlzVsStr\validation\Alzheimer\Alzheimer (335).jpg,Alzheimer (335).jpg,Brain Disease,Alzheimer,validation,0
C:\Users\hamza\Downloads\FYP\AlzVsStr\AlzVsStr\validation\Alzheimer\Alzheimer (336).jpg,Alzheimer (336).jpg,Brain Disease,Alzheimer,validation,0
C:\Users\hamza\Downloads\FYP\AlzVsStr\AlzVsStr\validation\Alzheimer\Alzheimer (337).jpg,Alzheimer (337).jpg,Brain Disease,Alzheimer,validation,0
C:\Users\hamza\Downloads\FYP\AlzVsStr\AlzVsStr\validation\Alzheimer\Alzheimer (338).jpg,Alzheimer (338).jpg,Brain Disease,Alzheimer,validation,0
C:\Users\hamza\Downloads\FYP\AlzVsStr\AlzVsStr\validation\Alzheimer\Alzheimer (339).jpg,Alzheimer (339).jpg,Brain Disease,Alzheimer,validation,0
C:\Users\hamza\Downloads\FYP\AlzVsStr\AlzVsStr\validation\Alzheimer\Alzheimer (34).jpg,Alzheimer (34).jpg,Brain Disease,Alzheimer,validation,0
C:\Users\hamza\Downloads\FYP\AlzVsStr\AlzVsStr\validation\Alzheimer\Alzheimer (340).jpg,Alzheimer (340).jpg,Brain Disease,Alzheimer,validation,0
C:\Users\hamza\Downloads\FYP\AlzVsStr\AlzVsStr\validation\Alzheimer\Alzheimer (341).jpg,Alzheimer (341).jpg,Brain Disease,Alzheimer,validation,0
C:\Users\hamza\Downloads\FYP\AlzVsStr\AlzVsStr\validation\Alzheimer\Alzheimer (342).jpg,Alzheimer (342).jpg,Brain Disease,Alzheimer,validation,0
C:\Users\hamza\Downloads\FYP\AlzVsStr\AlzVsStr\validation\Alzheimer\Alzheimer (343).jpg,Alzheimer (343).jpg,Brain Disease,Alzheimer,validation,0
C:\Users\hamza\Downloads\FYP\AlzVsStr\AlzVsStr\validation\Alzheimer\Alzheimer (344).jpg,Alzheimer (344).jpg,Brain Disease,Alzheimer,validation,0
C:\Users\hamza\Downloads\FYP\AlzVsStr\AlzVsStr\validation\Alzheimer\Alzheimer (345).jpg,Alzheimer (345).jpg,Brain Disease,Alzheimer,validation,0
C:\Users\hamza\Downloads\FYP\AlzVsStr\AlzVsStr\validation\Alzheimer\Alzheimer (346).jpg,Alzheimer (346).jpg,Brain Disease,Alzheimer,validation,0
C:\Users\hamza\Downloads\FYP\AlzVsStr\AlzVsStr\validation\Alzheimer\Alzheimer (347).jpg,Alzheimer (347).jpg,Brain Disease,Alzheimer,validation,0
C:\Users\hamza\Downloads\FYP\AlzVsStr\AlzVsStr\validation\Alzheimer\Alzheimer (348).jpg,Alzheimer (348).jpg,Brain Disease,Alzheimer,validation,0
C:\Users\hamza\Downloads\FYP\AlzVsStr\AlzVsStr\validation\Alzheimer\Alzheimer (349).jpg,Alzheimer (349).jpg,Brain Disease,Alzheimer,validation,0
C:\Users\hamza\Downloads\FYP\AlzVsStr\AlzVsStr\validation\Alzheimer\Alzheimer (35).jpg,Alzheimer (35).jpg,Brain Disease,Alzheimer,validation,0
C:\Users\hamza\Downloads\FYP\AlzVsStr\AlzVsStr\validation\Alzheimer\Alzheimer (350).jpg,Alzheimer (350).jpg,Brain Disease,Alzheimer,validation,0
C:\Users\hamza\Downloads\FYP\AlzVsStr\AlzVsStr\validation\Alzheimer\Alzheimer (351).jpg,Alzheimer (351).jpg,Brain Disease,Alzheimer,validation,0
C:\Users\hamza\Downloads\FYP\AlzVsStr\AlzVsStr\validation\Alzheimer\Alzheimer (352).jpg,Alzheimer (352).jpg,Brain Disease,Alzheimer,validation,0
C:\Users\hamza\Downloads\FYP\AlzVsStr\AlzVsStr\validation\Alzheimer\Alzheimer (353).jpg,Alzheimer (353).jpg,Brain Disease,Alzheimer,validation,0
C:\Users\hamza\Downloads\FYP\AlzVsStr\AlzVsStr\validation\Alzheimer\Alzheimer (354).jpg,Alzheimer (354).jpg,Brain Disease,Alzheimer,validation,0
C:\Users\hamza\Downloads\FYP\AlzVsStr\AlzVsStr\validation\Alzheimer\Alzheimer (355).jpg,Alzheimer (355).jpg,Brain Disease,Alzheimer,validation,0
C:\Users\hamza\Downloads\FYP\AlzVsStr\AlzVsStr\validation\Alzheimer\Alzheimer (356).jpg,Alzheimer (356).jpg,Brain Disease,Alzheimer,validation,0
C:\Users\hamza\Downloads\FYP\AlzVsStr\AlzVsStr\validation\Alzheimer\Alzheimer (357).jpg,Alzheimer (357).jpg,Brain Disease,Alzheimer,validation,0
C:\Users\hamza\Downloads\FYP\AlzVsStr\AlzVsStr\validation\Alzheimer\Alzheimer (358).jpg,Alzheimer (358).jpg,Brain Disease,Alzheimer,validation,0
C:\Users\hamza\Downloads\FYP\AlzVsStr\AlzVsStr\validation\Alzheimer\Alzheimer (359).jpg,Alzheimer (359).jpg,Brain Disease,Alzheimer,validation,0
C:\Users\hamza\Downloads\FYP\AlzVsStr\AlzVsStr\validation\Alzheimer\Alzheimer (36).jpg,Alzheimer (36).jpg,Brain Disease,Alzheimer,validation,0
C:\Users\hamza\Downloads\FYP\AlzVsStr\AlzVsStr\validation\Alzheimer\Alzheimer (360).jpg,Alzheimer (360).jpg,Brain Disease,Alzheimer,validation,0
C:\Users\hamza\Downloads\FYP\AlzVsStr\AlzVsStr\validation\Alzheimer\Alzheimer (361).jpg,Alzheimer (361).jpg,Brain Disease,Alzheimer,validation,0
C:\Users\hamza\Downloads\FYP\AlzVsStr\AlzVsStr\validation\Alzheimer\Alzheimer (362).jpg,Alzheimer (362).jpg,Brain Disease,Alzheimer,validation,0
C:\Users\hamza\Downloads\FYP\AlzVsStr\AlzVsStr\validation\Alzheimer\Alzheimer (363).jpg,Alzheimer (363).jpg,Brain Disease,Alzheimer,validation,0
C:\Users\hamza\Downloads\FYP\AlzVsStr\AlzVsStr\validation\Alzheimer\Alzheimer (364).jpg,Alzheimer (364).jpg,Brain Disease,Alzheimer,validation,0
C:\Users\hamza\Downloads\FYP\AlzVsStr\AlzVsStr\validation\Alzheimer\Alzheimer (365).jpg,Alzheimer (365).jpg,Brain Disease,Alzheimer,validation,0
C:\Users\hamza\Downloads\FYP\AlzVsStr\AlzVsStr\validation\Alzheimer\Alzheimer (366).jpg,Alzheimer (366).jpg,Brain Disease,Alzheimer,validation,0
C:\Users\hamza\Downloads\FYP\AlzVsStr\AlzVsStr\validation\Alzheimer\Alzheimer (367).jpg,Alzheimer (367).jpg,Brain Disease,Alzheimer,validation,0
C:\Users\hamza\Downloads\FYP\AlzVsStr\AlzVsStr\validation\Alzheimer\Alzheimer (368).jpg,Alzheimer (368).jpg,Brain Disease,Alzheimer,validation,0
C:\Users\hamza\Downloads\FYP\AlzVsStr\AlzVsStr\validation\Alzheimer\Alzheimer (369).jpg,Alzheimer (369).jpg,Brain Disease,Alzheimer,validation,0
C:\Users\hamza\Downloads\FYP\AlzVsStr\AlzVsStr\validation\Alzheimer\Alzheimer (37).jpg,Alzheimer (37).jpg,Brain Disease,Alzheimer,validation,0
C:\Users\hamza\Downloads\FYP\AlzVsStr\AlzVsStr\validation\Alzheimer\Alzheimer (370).jpg,Alzheimer (370).jpg,Brain Disease,Alzheimer,validation,0
C:\Users\hamza\Downloads\FYP\AlzVsStr\AlzVsStr\validation\Alzheimer\Alzheimer (371).jpg,Alzheimer (371).jpg,Brain Disease,Alzheimer,validation,0
C:\Users\hamza\Downloads\FYP\AlzVsStr\AlzVsStr\validation\Alzheimer\Alzheimer (372).jpg,Alzheimer (372).jpg,Brain Disease,Alzheimer,validation,0
C:\Users\hamza\Downloads\FYP\AlzVsStr\AlzVsStr\validation\Alzheimer\Alzheimer (373).jpg,Alzheimer (373).jpg,Brain Disease,Alzheimer,validation,0
C:\Users\hamza\Downloads\FYP\AlzVsStr\AlzVsStr\validation\Alzheimer\Alzheimer (374).jpg,Alzheimer (374).jpg,Brain Disease,Alzheimer,validation,0
C:\Users\hamza\Downloads\FYP\AlzVsStr\AlzVsStr\validation\Alzheimer\Alzheimer (375).jpg,Alzheimer (375).jpg,Brain Disease,Alzheimer,validation,0
C:\Users\hamza\Downloads\FYP\AlzVsStr\AlzVsStr\validation\Alzheimer\Alzheimer (376).jpg,Alzheimer (376).jpg,Brain Disease,Alzheimer,validation,0
C:\Users\hamza\Downloads\FYP\AlzVsStr\AlzVsStr\validation\Alzheimer\Alzheimer (377).jpg,Alzheimer (377).jpg,Brain Disease,Alzheimer,validation,0
C:\Users\hamza\Downloads\FYP\AlzVsStr\AlzVsStr\validation\Alzheimer\Alzheimer (378).jpg,Alzheimer (378).jpg,Brain Disease,Alzheimer,validation,0
C:\Users\hamza\Downloads\FYP\AlzVsStr\AlzVsStr\validation\Alzheimer\Alzheimer (379).jpg,Alzheimer (379).jpg,Brain Disease,Alzheimer,validation,0
C:\Users\hamza\Downloads\FYP\AlzVsStr\AlzVsStr\validation\Alzheimer\Alzheimer (38).jpg,Alzheimer (38).jpg,Brain Disease,Alzheimer,validation,0
C:\Users\hamza\Downloads\FYP\AlzVsStr\AlzVsStr\validation\Alzheimer\Alzheimer (380).jpg,Alzheimer (380).jpg,Brain Disease,Alzheimer,validation,0
C:\Users\hamza\Downloads\FYP\AlzVsStr\AlzVsStr\validation\Alzheimer\Alzheimer (381).jpg,Alzheimer (381).jpg,Brain Disease,Alzheimer,validation,0
C:\Users\hamza\Downloads\FYP\AlzVsStr\AlzVsStr\validation\Alzheimer\Alzheimer (382).jpg,Alzheimer (382).jpg,Brain Disease,Alzheimer,validation,0
C:\Users\hamza\Downloads\FYP\AlzVsStr\AlzVsStr\validation\Alzheimer\Alzheimer (383).jpg,Alzheimer (383).jpg,Brain Disease,Alzheimer,validation,0
C:\Users\hamza\Downloads\FYP\AlzVsStr\AlzVsStr\validation\Alzheimer\Alzheimer (384).jpg,Alzheimer (384).jpg,Brain Disease,Alzheimer,validation,0
C:\Users\hamza\Downloads\FYP\AlzVsStr\AlzVsStr\validation\Alzheimer\Alzheimer (385).jpg,Alzheimer (385).jpg,Brain Disease,Alzheimer,validation,0
C:\Users\hamza\Downloads\FYP\AlzVsStr\AlzVsStr\validation\Alzheimer\Alzheimer (386).jpg,Alzheimer (386).jpg,Brain Disease,Alzheimer,validation,0
C:\Users\hamza\Downloads\FYP\AlzVsStr\AlzVsStr\validation\Alzheimer\Alzheimer (387).jpg,Alzheimer (387).jpg,Brain Disease,Alzheimer,validation,0
C:\Users\hamza\Downloads\FYP\AlzVsStr\AlzVsStr\validation\Alzheimer\Alzheimer (388).jpg,Alzheimer (388).jpg,Brain Disease,Alzheimer,validation,0
C:\Users\hamza\Downloads\FYP\AlzVsStr\AlzVsStr\validation\Alzheimer\Alzheimer (389).jpg,Alzheimer (389).jpg,Brain Disease,Alzheimer,validation,0
C:\Users\hamza\Downloads\FYP\AlzVsStr\AlzVsStr\validation\Alzheimer\Alzheimer (39).jpg,Alzheimer (39).jpg,Brain Disease,Alzheimer,validation,0
C:\Users\hamza\Downloads\FYP\AlzVsStr\AlzVsStr\validation\Alzheimer\Alzheimer (390).jpg,Alzheimer (390).jpg,Brain Disease,Alzheimer,validation,0
C:\Users\hamza\Downloads\FYP\AlzVsStr\AlzVsStr\validation\Alzheimer\Alzheimer (391).jpg,Alzheimer (391).jpg,Brain Disease,Alzheimer,validation,0
C:\Users\hamza\Downloads\FYP\AlzVsStr\AlzVsStr\validation\Alzheimer\Alzheimer (392).jpg,Alzheimer (392).jpg,Brain Disease,Alzheimer,validation,0
C:\Users\hamza\Downloads\FYP\AlzVsStr\AlzVsStr\validation\Alzheimer\Alzheimer (393).jpg,Alzheimer (393).jpg,Brain Disease,Alzheimer,validation,0
C:\Users\hamza\Downloads\FYP\AlzVsStr\AlzVsStr\validation\Alzheimer\Alzheimer (394).jpg,Alzheimer (394).jpg,Brain Disease,Alzheimer,validation,0
C:\Users\hamza\Downloads\FYP\AlzVsStr\AlzVsStr\validation\Alzheimer\Alzheimer (395).jpg,Alzheimer (395).jpg,Brain Disease,Alzheimer,validation,0
C:\Users\hamza\Downloads\FYP\AlzVsStr\AlzVsStr\validation\Alzheimer\Alzheimer (396).jpg,Alzheimer (396).jpg,Brain Disease,Alzheimer,validation,0
C:\Users\hamza\Downloads\FYP\AlzVsStr\AlzVsStr\validation\Alzheimer\Alzheimer (397).jpg,Alzheimer (397).jpg,Brain Disease,Alzheimer,validation,0
C:\Users\hamza\Downloads\FYP\AlzVsStr\AlzVsStr\validation\Alzheimer\Alzheimer (398).jpg,Alzheimer (398).jpg,Brain Disease,Alzheimer,validation,0
C:\Users\hamza\Downloads\FYP\AlzVsStr\AlzVsStr\validation\Alzheimer\Alzheimer (399).jpg,Alzheimer (399).jpg,Brain Disease,Alzheimer,validation,0
C:\Users\hamza\Downloads\FYP\AlzVsStr\AlzVsStr\validation\Alzheimer\Alzheimer (4).jpg,Alzheimer (4).jpg,Brain Disease,Alzheimer,validation,0
C:\Users\hamza\Downloads\FYP\AlzVsStr\AlzVsStr\validation\Alzheimer\Alzheimer (40).jpg,Alzheimer (40).jpg,Brain Disease,Alzheimer,validation,0
C:\Users\hamza\Downloads\FYP\AlzVsStr\AlzVsStr\validation\Alzheimer\Alzheimer (400).jpg,Alzheimer (400).jpg,Brain Disease,Alzheimer,validation,0
C:\Users\hamza\Downloads\FYP\AlzVsStr\AlzVsStr\validation\Alzheimer\Alzheimer (401).jpg,Alzheimer (401).jpg,Brain Disease,Alzheimer,validation,0
C:\Users\hamza\Downloads\FYP\AlzVsStr\AlzVsStr\validation\Alzheimer\Alzheimer (402).jpg,Alzheimer (402).jpg,Brain Disease,Alzheimer,validation,0
C:\Users\hamza\Downloads\FYP\AlzVsStr\AlzVsStr\validation\Alzheimer\Alzheimer (403).jpg,Alzheimer (403).jpg,Brain Disease,Alzheimer,validation,0
C:\Users\hamza\Downloads\FYP\AlzVsStr\AlzVsStr\validation\Alzheimer\Alzheimer (404).jpg,Alzheimer (404).jpg,Brain Disease,Alzheimer,validation,0
C:\Users\hamza\Downloads\FYP\AlzVsStr\AlzVsStr\validation\Alzheimer\Alzheimer (405).jpg,Alzheimer (405).jpg,Brain Disease,Alzheimer,validation,0
C:\Users\hamza\Downloads\FYP\AlzVsStr\AlzVsStr\validation\Alzheimer\Alzheimer (406).jpg,Alzheimer (406).jpg,Brain Disease,Alzheimer,validation,0
C:\Users\hamza\Downloads\FYP\AlzVsStr\AlzVsStr\validation\Alzheimer\Alzheimer (407).jpg,Alzheimer (407).jpg,Brain Disease,Alzheimer,validation,0
C:\Users\hamza\Downloads\FYP\AlzVsStr\AlzVsStr\validation\Alzheimer\Alzheimer (408).jpg,Alzheimer (408).jpg,Brain Disease,Alzheimer,validation,0
C:\Users\hamza\Downloads\FYP\AlzVsStr\AlzVsStr\validation\Alzheimer\Alzheimer (409).jpg,Alzheimer (409).jpg,Brain Disease,Alzheimer,validation,0
C:\Users\hamza\Downloads\FYP\AlzVsStr\AlzVsStr\validation\Alzheimer\Alzheimer (41).jpg,Alzheimer (41).jpg,Brain Disease,Alzheimer,validation,0
C:\Users\hamza\Downloads\FYP\AlzVsStr\AlzVsStr\validation\Alzheimer\Alzheimer (410).jpg,Alzheimer (410).jpg,Brain Disease,Alzheimer,validation,0
C:\Users\hamza\Downloads\FYP\AlzVsStr\AlzVsStr\validation\Alzheimer\Alzheimer (411).jpg,Alzheimer (411).jpg,Brain Disease,Alzheimer,validation,0
C:\Users\hamza\Downloads\FYP\AlzVsStr\AlzVsStr\validation\Alzheimer\Alzheimer (412).jpg,Alzheimer (412).jpg,Brain Disease,Alzheimer,validation,0
C:\Users\hamza\Downloads\FYP\AlzVsStr\AlzVsStr\validation\Alzheimer\Alzheimer (413).jpg,Alzheimer (413).jpg,Brain Disease,Alzheimer,validation,0
C:\Users\hamza\Downloads\FYP\AlzVsStr\AlzVsStr\validation\Alzheimer\Alzheimer (414).jpg,Alzheimer (414).jpg,Brain Disease,Alzheimer,validation,0
C:\Users\hamza\Downloads\FYP\AlzVsStr\AlzVsStr\validation\Alzheimer\Alzheimer (415).jpg,Alzheimer (415).jpg,Brain Disease,Alzheimer,validation,0
C:\Users\hamza\Downloads\FYP\AlzVsStr\AlzVsStr\validation\Alzheimer\Alzheimer (416).jpg,Alzheimer (416).jpg,Brain Disease,Alzheimer,validation,0
C:\Users\hamza\Downloads\FYP\AlzVsStr\AlzVsStr\validation\Alzheimer\Alzheimer (417).jpg,Alzheimer (417).jpg,Brain Disease,Alzheimer,validation,0
C:\Users\hamza\Downloads\FYP\AlzVsStr\AlzVsStr\validation\Alzheimer\Alzheimer (418).jpg,Alzheimer (418).jpg,Brain Disease,Alzheimer,validation,0
C:\Users\hamza\Downloads\FYP\AlzVsStr\AlzVsStr\validation\Alzheimer\Alzheimer (419).jpg,Alzheimer (419).jpg,Brain Disease,Alzheimer,validation,0
C:\Users\hamza\Downloads\FYP\AlzVsStr\AlzVsStr\validation\Alzheimer\Alzheimer (42).jpg,Alzheimer (42).jpg,Brain Disease,Alzheimer,validation,0
C:\Users\hamza\Downloads\FYP\AlzVsStr\AlzVsStr\validation\Alzheimer\Alzheimer (420).jpg,Alzheimer (420).jpg,Brain Disease,Alzheimer,validation,0
C:\Users\hamza\Downloads\FYP\AlzVsStr\AlzVsStr\validation\Alzheimer\Alzheimer (421).jpg,Alzheimer (421).jpg,Brain Disease,Alzheimer,validation,0
C:\Users\hamza\Downloads\FYP\AlzVsStr\AlzVsStr\validation\Alzheimer\Alzheimer (422).jpg,Alzheimer (422).jpg,Brain Disease,Alzheimer,validation,0
C:\Users\hamza\Downloads\FYP\AlzVsStr\AlzVsStr\validation\Alzheimer\Alzheimer (423).jpg,Alzheimer (423).jpg,Brain Disease,Alzheimer,validation,0
C:\Users\hamza\Downloads\FYP\AlzVsStr\AlzVsStr\validation\Alzheimer\Alzheimer (424).jpg,Alzheimer (424).jpg,Brain Disease,Alzheimer,validation,0
C:\Users\hamza\Downloads\FYP\AlzVsStr\AlzVsStr\validation\Alzheimer\Alzheimer (425).jpg,Alzheimer (425).jpg,Brain Disease,Alzheimer,validation,0
C:\Users\hamza\Downloads\FYP\AlzVsStr\AlzVsStr\validation\Alzheimer\Alzheimer (426).jpg,Alzheimer (426).jpg,Brain Disease,Alzheimer,validation,0
C:\Users\hamza\Downloads\FYP\AlzVsStr\AlzVsStr\validation\Alzheimer\Alzheimer (427).jpg,Alzheimer (427).jpg,Brain Disease,Alzheimer,validation,0
C:\Users\hamza\Downloads\FYP\AlzVsStr\AlzVsStr\validation\Alzheimer\Alzheimer (428).jpg,Alzheimer (428).jpg,Brain Disease,Alzheimer,validation,0
C:\Users\hamza\Downloads\FYP\AlzVsStr\AlzVsStr\validation\Alzheimer\Alzheimer (429).jpg,Alzheimer (429).jpg,Brain Disease,Alzheimer,validation,0
C:\Users\hamza\Downloads\FYP\AlzVsStr\AlzVsStr\validation\Alzheimer\Alzheimer (43).jpg,Alzheimer (43).jpg,Brain Disease,Alzheimer,validation,0
C:\Users\hamza\Downloads\FYP\AlzVsStr\AlzVsStr\validation\Alzheimer\Alzheimer (430).jpg,Alzheimer (430).jpg,Brain Disease,Alzheimer,validation,0
C:\Users\hamza\Downloads\FYP\AlzVsStr\AlzVsStr\validation\Alzheimer\Alzheimer (431).jpg,Alzheimer (431).jpg,Brain Disease,Alzheimer,validation,0
C:\Users\hamza\Downloads\FYP\AlzVsStr\AlzVsStr\validation\Alzheimer\Alzheimer (432).jpg,Alzheimer (432).jpg,Brain Disease,Alzheimer,validation,0
C:\Users\hamza\Downloads\FYP\AlzVsStr\AlzVsStr\validation\Alzheimer\Alzheimer (433).jpg,Alzheimer (433).jpg,Brain Disease,Alzheimer,validation,0
C:\Users\hamza\Downloads\FYP\AlzVsStr\AlzVsStr\validation\Alzheimer\Alzheimer (436).jpg,Alzheimer (436).jpg,Brain Disease,Alzheimer,validation,0
C:\Users\hamza\Downloads\FYP\AlzVsStr\AlzVsStr\validation\Alzheimer\Alzheimer (437).jpg,Alzheimer (437).jpg,Brain Disease,Alzheimer,validation,0
C:\Users\hamza\Downloads\FYP\AlzVsStr\AlzVsStr\validation\Alzheimer\Alzheimer (438).jpg,Alzheimer (438).jpg,Brain Disease,Alzheimer,validation,0
C:\Users\hamza\Downloads\FYP\AlzVsStr\AlzVsStr\validation\Alzheimer\Alzheimer (439).jpg,Alzheimer (439).jpg,Brain Disease,Alzheimer,validation,0
C:\Users\hamza\Downloads\FYP\AlzVsStr\AlzVsStr\validation\Alzheimer\Alzheimer (440).jpg,Alzheimer (440).jpg,Brain Disease,Alzheimer,validation,0
C:\Users\hamza\Downloads\FYP\AlzVsStr\AlzVsStr\validation\Alzheimer\Alzheimer (441).jpg,Alzheimer (441).jpg,Brain Disease,Alzheimer,validation,0
C:\Users\hamza\Downloads\FYP\AlzVsStr\AlzVsStr\validation\Alzheimer\Alzheimer (442).jpg,Alzheimer (442).jpg,Brain Disease,Alzheimer,validation,0
C:\Users\hamza\Downloads\FYP\AlzVsStr\AlzVsStr\validation\Alzheimer\Alzheimer (443).jpg,Alzheimer (443).jpg,Brain Disease,Alzheimer,validation,0
C:\Users\hamza\Downloads\FYP\AlzVsStr\AlzVsStr\validation\Alzheimer\Alzheimer (444).jpg,Alzheimer (444).jpg,Brain Disease,Alzheimer,validation,0
C:\Users\hamza\Downloads\FYP\AlzVsStr\AlzVsStr\validation\Alzheimer\Alzheimer (445).jpg,Alzheimer (445).jpg,Brain Disease,Alzheimer,validation,0
C:\Users\hamza\Downloads\FYP\AlzVsStr\AlzVsStr\validation\Alzheimer\Alzheimer (446).jpg,Alzheimer (446).jpg,Brain Disease,Alzheimer,validation,0
C:\Users\hamza\Downloads\FYP\AlzVsStr\AlzVsStr\validation\Alzheimer\Alzheimer (447).jpg,Alzheimer (447).jpg,Brain Disease,Alzheimer,validation,0
C:\Users\hamza\Downloads\FYP\AlzVsStr\AlzVsStr\validation\Alzheimer\Alzheimer (448).jpg,Alzheimer (448).jpg,Brain Disease,Alzheimer,validation,0
C:\Users\hamza\Downloads\FYP\AlzVsStr\AlzVsStr\validation\Alzheimer\Alzheimer (449).jpg,Alzheimer (449).jpg,Brain Disease,Alzheimer,validation,0
C:\Users\hamza\Downloads\FYP\AlzVsStr\AlzVsStr\validation\Alzheimer\Alzheimer (450).jpg,Alzheimer (450).jpg,Brain Disease,Alzheimer,validation,0
C:\Users\hamza\Downloads\FYP\AlzVsStr\AlzVsStr\validation\Alzheimer\Alzheimer (451).jpg,Alzheimer (451).jpg,Brain Disease,Alzheimer,validation,0
C:\Users\hamza\Downloads\FYP\AlzVsStr\AlzVsStr\validation\Alzheimer\Alzheimer (452).jpg,Alzheimer (452).jpg,Brain Disease,Alzheimer,validation,0
C:\Users\hamza\Downloads\FYP\AlzVsStr\AlzVsStr\validation\Alzheimer\Alzheimer (453).jpg,Alzheimer (453).jpg,Brain Disease,Alzheimer,validation,0
C:\Users\hamza\Downloads\FYP\AlzVsStr\AlzVsStr\validation\Alzheimer\Alzheimer (454).jpg,Alzheimer (454).jpg,Brain Disease,Alzheimer,validation,0
C:\Users\hamza\Downloads\FYP\AlzVsStr\AlzVsStr\validation\Alzheimer\Alzheimer (455).jpg,Alzheimer (455).jpg,Brain Disease,Alzheimer,validation,0
C:\Users\hamza\Downloads\FYP\AlzVsStr\AlzVsStr\validation\Alzheimer\Alzheimer (456).jpg,Alzheimer (456).jpg,Brain Disease,Alzheimer,validation,0
C:\Users\hamza\Downloads\FYP\AlzVsStr\AlzVsStr\validation\Alzheimer\Alzheimer (457).jpg,Alzheimer (457).jpg,Brain Disease,Alzheimer,validation,0
C:\Users\hamza\Downloads\FYP\AlzVsStr\AlzVsStr\validation\Alzheimer\Alzheimer (458).jpg,Alzheimer (458).jpg,Brain Disease,Alzheimer,validation,0
C:\Users\hamza\Downloads\FYP\AlzVsStr\AlzVsStr\validation\Alzheimer\Alzheimer (459).jpg,Alzheimer (459).jpg,Brain Disease,Alzheimer,validation,0
C:\Users\hamza\Downloads\FYP\AlzVsStr\AlzVsStr\validation\Alzheimer\Alzheimer (460).jpg,Alzheimer (460).jpg,Brain Disease,Alzheimer,validation,0
C:\Users\hamza\Downloads\FYP\AlzVsStr\AlzVsStr\validation\Alzheimer\Alzheimer (461).jpg,Alzheimer (461).jpg,Brain Disease,Alzheimer,validation,0
C:\Users\hamza\Downloads\FYP\AlzVsStr\AlzVsStr\validation\Alzheimer\Alzheimer (462).jpg,Alzheimer (462).jpg,Brain Disease,Alzheimer,validation,0
C:\Users\hamza\Downloads\FYP\AlzVsStr\AlzVsStr\validation\Alzheimer\Alzheimer (463).jpg,Alzheimer (463).jpg,Brain Disease,Alzheimer,validation,0
